"CreateDate","Symbol","Price","Side","CallPut","Strike","SpotRe","TargetPrice","ExpirationDate","vecBullBearFlag","OI Change","PreviousOI","CurrentOI","NetOITotVol","FinalNetVol","NetOITotPrem","FinalNetPrem","key_dfInLoc","key_df0Loc","OtmPctBull"
"2026-08-04","QQQ",21.39,,"CALL",880,723.85,901.39,"2027-06-17","BULL",34575,1455,36030,4451,40481,7495484,68170004,TRUE,FALSE,TRUE
"2026-08-04","VST",52.57,,"PUT",195,143.23,195,"2027-01-15","BULL",-10800,12698,1898,0,1898,0,9977786,FALSE,FALSE,FALSE
"2026-08-04","SPY",2.96,,"PUT",620,771.33,620,"2026-11-20","BULL",-149888,300776,150888,930,151818,244590,39928134,FALSE,FALSE,FALSE
"2026-08-04","QQQ",21.45,,"CALL",830,723.85,851.45,"2027-03-19","BULL",19247,1336,20583,80,20663,128160,33102126,FALSE,FALSE,TRUE
"2026-08-04","GOOGL",7.89,,"CALL",410,377.65,417.89,"2026-10-16","BULL",52262,2426,54688,1473,56161,272505,10389785,FALSE,FALSE,TRUE
"2026-08-04","PLTR",28,,"CALL",165,162.66,193,"2027-03-19","BULL",11384,942,12326,45,12371,153315,42147997,FALSE,FALSE,TRUE
"2026-08-04","SHEL",28,,"CALL",62.5,89.84,90.5,"2027-01-15","BULL",10087,0,10087,-6745,3342,-18683650,9257340,FALSE,FALSE,FALSE
"2026-08-04","EEM",4.15,,"CALL",68,,72.15,"2026-12-18","BULL",62746,17098,79844,-296,79548,-115144,30944172,FALSE,FALSE,FALSE
"2026-08-04","SPY",3.1,,"CALL",785,771.33,788.1,"2026-08-21","BULL",75443,4062,79505,-33358,46147,-133432,184588,FALSE,FALSE,FALSE
"2026-08-04","QQQ",28.27,,"CALL",805,723.85,833.27,"2027-03-19","BULL",7354,10240,17594,23,17617,51175,39197825,FALSE,FALSE,TRUE
"2026-08-04","GOOGL",18.58,,"CALL",375,377.65,393.58,"2026-10-16","BULL",10791,55385,66176,-54004,12172,-34022520,7668360,FALSE,FALSE,FALSE
"2026-08-04","MSFT",18.5,,"CALL",510,492.81,528.5,"2026-10-16","BULL",8130,52671,60801,-34645,26156,-35857575,27071460,FALSE,FALSE,TRUE
"2026-08-04","QQQ",20.12,,"CALL",890,723.85,910.12,"2027-06-17","BULL",7375,2425,9800,120,9920,183000,15128000,FALSE,FALSE,TRUE
"2026-08-04","NVDA",9.05,,"CALL",212.5,211.94,221.55,"2026-08-05","BULL",15436,10940,26376,,,,,FALSE,FALSE,FALSE
"2026-08-04","MSFT",29.9,,"CALL",530,492.81,559.9,"2027-01-15","BULL",4588,2477,7065,37,7102,76146,14615916,FALSE,FALSE,TRUE
"2026-08-04","QQQ",17.87,,"CALL",900,723.85,917.87,"2027-06-17","BULL",6828,20946,27774,1617,29391,2199120,39971760,TRUE,FALSE,TRUE
"2026-08-04","LRCX",51.2,,"PUT",340,317.74,340,"2026-09-18","BULL",-2250,3819,1569,89,1658,295747,5509534,FALSE,FALSE,FALSE
"2026-08-04","SMH",30.59,,"CALL",600,575.71,630.59,"2026-09-18","BULL",3634,15994,19628,-1494,18134,-1740510,21126110,FALSE,FALSE,TRUE
"2026-08-04","MSFT",12.05,,"CALL",510,492.81,522.05,"2026-09-18","BULL",9123,6637,15760,1766,17526,838850,8324850,TRUE,FALSE,TRUE
"2026-08-04","QQQ",9.05,,"CALL",730,723.85,739.05,"2026-08-21","BULL",9441,30688,40129,-5063,35066,-344284,2384488,FALSE,FALSE,FALSE
"2026-08-04","NVDA",6.3,,"CALL",215,211.94,221.3,"2026-08-05","BULL",13540,15069,28609,,,,,FALSE,FALSE,FALSE
"2026-08-04","CRWV",8.19,,"CALL",95,91.9,103.19,"2026-08-21","BULL",7714,2412,10126,9121,19247,3493343,7371601,TRUE,FALSE,TRUE
"2026-08-04","SMH",17.56,,"CALL",635,575.71,652.56,"2026-09-18","BULL",3566,999,4565,123,4688,55965,2133040,FALSE,FALSE,TRUE
"2026-08-04","SPY",9.82,,"CALL",770,771.33,779.82,"2026-08-21","BULL",5635,23333,28968,-2491,26477,-590367,6275049,FALSE,FALSE,FALSE
"2026-08-04","FCX",3.18,,"CALL",75,67.3,78.18,"2026-09-18","BULL",14143,7272,21415,9502,30917,902690,2937115,TRUE,FALSE,TRUE
"2026-08-04","NFLX",4.25,,"CALL",80,73.57,84.25,"2026-11-20","BULL",9478,4823,14301,-581,13720,-343952,8122240,FALSE,FALSE,TRUE
"2026-08-04","SPY",6.86,,"CALL",765,771.33,771.86,"2026-08-05","BULL",5691,3661,9352,,,,,FALSE,FALSE,FALSE
"2026-08-04","AAOI",17,,"CALL",120,131.63,137,"2026-08-07","BULL",2020,2952,4972,,,,,FALSE,FALSE,FALSE
"2026-08-04","IBIT",3.44,,"CALL",90,36.39,93.44,"2028-12-15","BULL",9654,13490,23144,9076,32220,3358120,11921400,TRUE,FALSE,TRUE
"2026-08-04","AAPL",4.65,,"CALL",330,309.38,334.65,"2026-09-18","BULL",6970,17311,24281,86,24367,22618,6408521,FALSE,FALSE,TRUE
"2026-08-04","SPY",4.5,,"CALL",767,771.33,771.5,"2026-08-05","BULL",6950,1580,8530,,,,,FALSE,FALSE,FALSE
"2026-08-04","NVDA",1.85,,"CALL",220,211.94,221.85,"2026-08-05","BULL",16689,11260,27949,,,,,FALSE,FALSE,FALSE
"2026-08-04","ENPH",3.8,,"CALL",60,41.77,63.8,"2026-12-18","BULL",8015,1267,9282,778,10060,129926,1680020,FALSE,FALSE,TRUE
"2026-08-04","XLK",5.85,,"CALL",220,186.9,225.85,"2027-01-15","BULL",5144,753,5897,-43,5854,-16813,2288914,FALSE,FALSE,TRUE
"2026-08-04","JNJ",4.42,,"CALL",270,,274.42,"2026-09-18","BULL",6608,8792,15400,244,15644,180560,11576560,FALSE,FALSE,FALSE
"2026-08-04","SPY",3.46,,"PUT",720,771.33,720,"2026-09-18","BULL",-8018,39899,31881,4524,36405,1103856,8882820,TRUE,FALSE,FALSE
"2026-08-04","SPCX",2.94,,"CALL",135,,137.94,"2026-08-21","BULL",8513,9077,17590,270,17860,276750,18306500,FALSE,FALSE,FALSE
"2026-08-04","MMM",3.43,,"CALL",190,181.45,193.43,"2026-09-18","BULL",6682,1672,8354,-86,8268,-14792,1422096,FALSE,FALSE,TRUE
"2026-08-04","DRAM",2.35,,"CALL",60,,62.35,"2026-08-21","BULL",9317,110518,119835,-22434,97401,-807624,3506436,FALSE,FALSE,FALSE
"2026-08-04","TLN",24.7,,"CALL",430,340,454.7,"2026-12-18","BULL",864,3777,4641,155,4796,333250,10311400,FALSE,FALSE,TRUE
"2026-08-04","SPY",1.11,,"CALL",795,771.33,796.11,"2026-08-21","BULL",19037,2570,21607,-11191,10416,-22382,20832,FALSE,FALSE,FALSE
"2026-08-04","AMZN",3.65,,"CALL",305,277.42,308.65,"2026-09-18","BULL",5759,7254,13013,-5564,7449,-261508,350103,FALSE,FALSE,TRUE
"2026-08-04","IONQ",2.78,,"PUT",35,41.72,35,"2026-09-18","BULL",-7462,15468,8006,2056,10062,115136,563472,FALSE,FALSE,FALSE
"2026-08-04","QQQ",2.99,,"CALL",750,723.85,752.99,"2026-08-21","BULL",6929,23977,30906,1039,31945,2078,63890,FALSE,FALSE,FALSE
"2026-08-04","GOOG",7,,"CALL",370,375.35,377,"2026-08-21","BULL",2928,9944,12872,-1483,11389,-7415,56945,FALSE,FALSE,FALSE
"2026-08-04","DRAM",6.62,,"CALL",70,,76.62,"2026-12-18","BULL",2997,5975,8972,3516,12488,1712292,6081656,TRUE,FALSE,FALSE
"2026-08-04","SLV",2.5,,"CALL",150,53.84,152.5,"2028-01-21","BULL",7494,3891,11385,5634,17019,1397232,4220712,TRUE,FALSE,TRUE
"2026-08-04","GPN",4.68,,"CALL",90,,94.68,"2026-09-18","BULL",3991,2361,6352,-3,6349,-1590,3364970,FALSE,FALSE,FALSE
"2026-08-04","TSEM",7.2,,"CALL",300,239.53,307.2,"2026-09-18","BULL",2425,1853,4278,27,4305,13041,2079315,FALSE,FALSE,TRUE
"2026-08-04","ANET",5.6,,"CALL",200,190.51,205.6,"2026-08-07","BULL",2994,2926,5920,,,,,FALSE,FALSE,FALSE
"2026-08-04","IWM",0.51,,"PUT",282,301.71,282,"2026-08-21","BULL",-32665,89802,57137,-4099,53038,-20495,265190,FALSE,FALSE,FALSE
"2026-08-04","SPCX",4.49,,"CALL",160,,164.49,"2026-10-16","BULL",3681,9144,12825,4608,17433,4248576,16073226,TRUE,FALSE,FALSE
"2026-08-04","PG",1.57,,"CALL",160,148.01,161.57,"2026-10-16","BULL",10067,2606,12673,375,13048,19500,678496,FALSE,FALSE,TRUE
"2026-08-04","MCD",7.8,,"CALL",270,268.34,277.8,"2026-08-21","BULL",1947,2981,4928,958,5886,153280,941760,FALSE,FALSE,FALSE
"2026-08-04","SPCX",1.46,,"CALL",150,,151.46,"2026-08-21","BULL",9917,20658,30575,17683,48258,2988427,8155602,TRUE,FALSE,FALSE
"2026-08-04","CVNA",5.8,,"CALL",70,68.03,75.8,"2026-09-18","BULL",2340,1926,4266,1881,6147,573705,1874835,TRUE,FALSE,TRUE
"2026-08-04","ZETA",2.09,,"CALL",25,24.26,27.09,"2026-08-07","BULL",6103,4040,10143,,,,,FALSE,FALSE,FALSE
"2026-08-04","AMZN",1.66,,"CALL",320,277.42,321.66,"2026-09-18","BULL",7552,9145,16697,1846,18543,31382,315231,FALSE,FALSE,TRUE
"2026-08-04","BE",6.71,,"CALL",300,228.11,306.71,"2026-08-21","BULL",1864,8546,10410,-1274,9136,-2548,18272,FALSE,FALSE,TRUE
"2026-08-04","AMZN",1.25,,"CALL",300,277.42,301.25,"2026-08-21","BULL",9137,28209,37346,871,38217,1742,76434,FALSE,FALSE,TRUE
"2026-08-04","RKT",0.8,,"CALL",16,14.11,16.8,"2026-10-16","BULL",13525,4024,17549,3219,20768,173826,1121472,FALSE,FALSE,TRUE
"2026-08-04","RKT",1,,"CALL",17,14.11,18,"2026-11-20","BULL",10803,635,11438,4754,16192,332780,1133440,FALSE,FALSE,TRUE
"2026-08-04","SPCX",1.75,,"CALL",210,,211.75,"2026-10-16","BULL",6103,1798,7901,1992,9893,412344,2047851,FALSE,FALSE,FALSE
"2026-08-04","HUT",0.6,,"CALL",150,101.16,150.6,"2026-08-21","BULL",17660,960,18620,-25,18595,-75,55785,FALSE,FALSE,TRUE
"2026-08-04","CLX",2.19,,"CALL",105,,107.19,"2026-08-21","BULL",4710,7695,12405,-4843,7562,-1254337,1958558,FALSE,FALSE,FALSE
"2026-08-04","CAT",6.75,,"CALL",1100,876.54,1106.75,"2026-09-18","BULL",1496,1617,3113,44,3157,4620,331485,FALSE,FALSE,TRUE
"2026-08-04","QQQ",1.07,,"CALL",735,723.85,736.07,"2026-08-07","BULL",9236,7425,16661,,,,,FALSE,FALSE,FALSE
"2026-08-04","LITE",13.7,,"CALL",900,849.47,913.7,"2026-08-07","BULL",705,458,1163,,,,,FALSE,FALSE,FALSE
"2026-08-04","SPCX",2.31,,"CALL",140,,142.31,"2026-08-21","BULL",3814,10849,14663,-853,13810,-517771,8382670,FALSE,FALSE,FALSE
"2026-08-04","ECHO",8.75,,"CALL",90,91.6,98.75,"2026-10-16","BULL",992,10181,11173,76,11249,76000,11249000,FALSE,FALSE,FALSE
"2026-08-04","QBTS",1.46,,"PUT",17,21.83,17,"2026-10-16","BULL",-5700,12441,6741,-2,6739,-224,754768,FALSE,FALSE,FALSE
"2026-08-04","PLTR",0.49,,"CALL",170,162.66,170.49,"2026-08-07","BULL",16399,3950,20349,,,,,FALSE,FALSE,FALSE
"2026-08-04","MRK",0.72,,"CALL",145,,145.72,"2026-09-18","BULL",11143,1426,12569,4616,17185,392360,1460725,FALSE,FALSE,FALSE
"2026-08-04","SPCX",1.73,,"CALL",135,,136.73,"2026-08-14","BULL",4393,3258,7651,,,,,FALSE,FALSE,FALSE
"2026-08-04","CMCSA",1.6,,"CALL",30,,31.6,"2027-06-17","BULL",4696,34318,39014,1,39015,169,6593535,FALSE,FALSE,FALSE
"2026-08-04","PCG",0.3,,"CALL",25,17.45,25.3,"2027-01-15","BULL",25015,6028,31043,29,31072,667,714656,FALSE,FALSE,TRUE
"2026-08-04","QBTS",1.31,,"CALL",27,21.83,28.31,"2026-09-18","BULL",5519,1426,6945,-53,6892,-2120,275680,FALSE,FALSE,TRUE
"2026-08-04","SLV",0.84,,"CALL",60,53.84,60.84,"2026-08-21","BULL",8557,80020,88577,-33560,55017,-771880,1265391,FALSE,FALSE,TRUE
"2026-08-04","BETA",1.44,,"CALL",22.5,,23.94,"2026-08-21","BULL",4931,4521,9452,-3988,5464,-1391812,1906936,FALSE,FALSE,FALSE
"2026-08-04","DOCS",2.12,,"CALL",22.5,21.89,24.62,"2026-08-21","BULL",3234,7762,10996,-1580,9416,-404480,2410496,FALSE,FALSE,TRUE
"2026-08-04","SPCX",2.38,,"CALL",120,,122.38,"2026-08-07","BULL",2876,11196,14072,,,,,FALSE,FALSE,FALSE
"2026-08-04","INTC",0.75,,"CALL",110,100.86,110.75,"2026-08-07","BULL",9017,4880,13897,,,,,FALSE,FALSE,FALSE
"2026-08-04","SPY",0.52,,"PUT",722,771.33,722,"2026-08-21","BULL",-12962,25138,12176,-1676,10500,-11732,73500,FALSE,FALSE,FALSE
"2026-08-04","BWA",1.71,,"CALL",70,63.04,71.71,"2026-08-21","BULL",3868,378,4246,-898,3348,-121230,451980,FALSE,FALSE,TRUE
"2026-08-04","KO",0.35,,"CALL",95,86.56,95.35,"2026-09-18","BULL",18815,1912,20727,3586,24313,75306,510573,FALSE,FALSE,TRUE
"2026-08-04","DIS",1.33,,"CALL",100,,101.33,"2026-08-07","BULL",4848,2058,6906,,,,,FALSE,FALSE,FALSE
"2026-08-04","PURR",0.92,,"CALL",7,,7.92,"2026-09-18","BULL",6846,8388,15234,6725,21959,524550,1712802,TRUE,FALSE,FALSE
"2026-08-04","ETN",3.4,,"CALL",540,444.77,543.4,"2026-09-18","BULL",1778,494,2272,2,2274,120,136440,FALSE,FALSE,TRUE
"2026-08-04","SIRI",0.51,,"CALL",33,30.75,33.51,"2026-09-18","BULL",11770,53645,65415,2089,67504,29246,945056,FALSE,FALSE,TRUE
"2026-08-04","SQQQ",2.65,,"CALL",40,37.26,42.65,"2026-09-18","BULL",2265,3457,5722,3630,9352,726000,1870400,TRUE,FALSE,TRUE
"2026-08-04","XLU",0.52,,"CALL",45,,45.52,"2026-09-18","BULL",11280,25696,36976,15494,52470,681736,2308680,TRUE,FALSE,FALSE
"2026-08-04","ARM",1.26,,"CALL",400,280.56,401.26,"2026-08-21","BULL",4564,4981,9545,-1762,7783,-1762,7783,FALSE,FALSE,TRUE
"2026-08-04","SPCX",1.36,,"CALL",125,,126.36,"2026-08-07","BULL",4181,5919,10100,,,,,FALSE,FALSE,FALSE
"2026-08-04","VSH",1.42,,"CALL",40,38.85,41.42,"2026-08-21","BULL",3984,4978,8962,-2443,6519,-9772,26076,FALSE,FALSE,TRUE
"2026-08-04","CMG",0.14,,"CALL",39,,39.14,"2026-08-21","BULL",40330,1408,41738,-12737,29001,-12737,29001,FALSE,FALSE,FALSE
"2026-08-04","CIFR",0.17,,"CALL",30,20.38,30.17,"2026-08-21","BULL",32180,18393,50573,-605,49968,-605,49968,FALSE,FALSE,TRUE
"2026-08-04","QQQ",1.04,,"PUT",550,723.85,550,"2026-09-30","BULL",-5109,6556,1447,77,1524,6237,123444,FALSE,FALSE,FALSE
"2026-08-04","XOM",0.62,,"CALL",175,153.96,175.62,"2026-09-18","BULL",8235,7178,15413,1032,16445,208464,3321890,FALSE,FALSE,TRUE
"2026-08-04","VLO",1.8,,"CALL",380,,381.8,"2026-09-18","BULL",2717,328,3045,460,3505,317400,2418450,FALSE,FALSE,FALSE
"2026-08-04","ITB",2.7,,"CALL",105,99.49,107.7,"2026-09-18","BULL",1782,2006,3788,14,3802,1750,475250,FALSE,FALSE,TRUE
"2026-08-04","GOOGL",0.95,,"CALL",450,377.65,450.95,"2026-09-18","BULL",4848,7488,12336,-114,12222,-1710,183330,FALSE,FALSE,TRUE
"2026-08-04","LKQ",1.15,,"CALL",27.5,,28.65,"2026-11-20","BULL",4000,1592,5592,1,5593,143,799799,FALSE,FALSE,FALSE
"2026-08-04","XLI",0.19,,"PUT",145,,145,"2026-09-18","BULL",-23868,24652,784,-1,783,-8,6264,FALSE,FALSE,FALSE
"2026-08-04","UCTT",6.28,,"PUT",80,84.54,80,"2026-08-21","BULL",-703,1540,837,52,889,14560,248920,FALSE,FALSE,FALSE
"2026-08-04","NFLX",0.36,,"CALL",75,73.57,75.36,"2026-08-07","BULL",12241,15070,27311,,,,,FALSE,FALSE,FALSE
"2026-08-04","VST",1.25,,"CALL",165,143.23,166.25,"2026-08-21","BULL",3377,12968,16345,-861,15484,-2583,46452,FALSE,FALSE,TRUE
"2026-08-04","CRML",1.02,,"CALL",10,6.78,11.02,"2027-01-15","BULL",3894,6725,10619,406,11025,26390,716625,FALSE,FALSE,TRUE
"2026-08-04","KSTR",2.65,,"CALL",24,,26.65,"2026-09-18","BULL",1476,1825,3301,-551,2750,-127281,635250,FALSE,FALSE,FALSE
"2026-08-04","QQQ",0.52,,"CALL",740,723.85,740.52,"2026-08-07","BULL",7329,2671,10000,,,,,FALSE,FALSE,FALSE
"2026-08-04","TE",1.2,,"CALL",8,5.43,9.2,"2027-01-15","BULL",2986,1823,4809,-591,4218,-43734,312132,FALSE,FALSE,TRUE
"2026-08-04","SAIC",4.8,,"PUT",115,,115,"2026-09-18","BULL",-723,2014,1291,20,1311,4800,314640,FALSE,FALSE,FALSE
"2026-08-04","AEM",3.8,,"CALL",220,150.61,223.8,"2026-11-20","BULL",833,9339,10172,-870,9302,-704700,7534620,FALSE,FALSE,TRUE
"2026-08-04","ORCL",0.66,,"CALL",180,145.74,180.66,"2026-08-21","BULL",4794,10619,15413,955,16368,1910,32736,FALSE,FALSE,TRUE
"2026-08-04","RUN",0.26,,"CALL",15,11.03,15.26,"2026-09-18","BULL",12103,22895,34998,-4666,30332,-13998,90996,FALSE,FALSE,TRUE
"2026-08-04","TOST",0.5,,"CALL",35,33.81,35.5,"2026-08-07","BULL",6018,4441,10459,,,,,FALSE,FALSE,FALSE
"2026-08-04","IBIT",0.23,,"CALL",39,36.39,39.23,"2026-08-21","BULL",12867,16055,28922,-5372,23550,-16116,70650,FALSE,FALSE,TRUE
"2026-08-04","URA",0.38,,"PUT",35,42.49,35,"2026-09-18","BULL",-7783,16473,8690,-1279,7411,-12790,74110,FALSE,FALSE,FALSE
"2026-08-04","QQQ",0.48,,"CALL",725,723.85,725.48,"2026-08-05","BULL",5960,747,6707,,,,,FALSE,FALSE,FALSE
"2026-08-04","GOOGL",0.75,,"CALL",380,377.65,380.75,"2026-08-07","BULL",3781,5601,9382,,,,,FALSE,FALSE,FALSE
"2026-08-04","BSX",0.67,,"CALL",55,49.09,55.67,"2026-09-18","BULL",4178,21982,26160,4931,31091,478307,3015827,FALSE,FALSE,TRUE
"2026-08-04","BIDU",1.2,,"CALL",130,112.58,131.2,"2026-08-21","BULL",2296,3868,6164,-1762,4402,-1762,4402,FALSE,FALSE,TRUE
"2026-08-04","APLD",0.92,,"CALL",31,31.27,31.92,"2026-08-07","BULL",2849,1600,4449,,,,,FALSE,FALSE,FALSE
"2026-08-04","FLY",0.53,,"CALL",40,23.33,40.53,"2026-09-18","BULL",4945,2507,7452,2429,9881,60725,247025,FALSE,FALSE,TRUE
"2026-08-04","SPCX",1.22,,"CALL",155,,156.22,"2026-08-21","BULL",2139,8852,10991,12088,23079,1003304,1915557,TRUE,FALSE,FALSE
"2026-08-04","SPCX",0.79,,"CALL",130,,130.79,"2026-08-07","BULL",2873,13220,16093,,,,,FALSE,FALSE,FALSE
"2026-08-04","MRLN",0.48,,"CALL",10,,10.48,"2027-01-15","BULL",4688,18337,23025,11893,34918,178395,523770,FALSE,FALSE,FALSE
"2026-08-04","SPCX",0.37,,"CALL",200,,200.37,"2026-08-21","BULL",5803,21326,27129,4528,31657,9056,63314,FALSE,FALSE,FALSE
"2026-08-04","SPCX",0.49,,"CALL",160,,160.49,"2026-08-14","BULL",4380,6195,10575,,,,,FALSE,FALSE,FALSE
"2026-08-04","SPY",0.37,,"PUT",713,771.33,713,"2026-08-21","BULL",-5550,13986,8436,75,8511,450,51066,FALSE,FALSE,FALSE
"2026-08-04","SPCX",0.14,,"CALL",150,,150.14,"2026-08-07","BULL",14489,18470,32959,,,,,FALSE,FALSE,FALSE
"2026-08-04","SPCX",0.47,,"CALL",135,,135.47,"2026-08-07","BULL",4177,10812,14989,,,,,FALSE,FALSE,FALSE
"2026-08-04","SPCX",0.3,,"CALL",140,,140.3,"2026-08-07","BULL",6296,8479,14775,,,,,FALSE,FALSE,FALSE
"2026-08-04","AAPL",0.29,,"CALL",312.5,309.38,312.79,"2026-08-05","BULL",6178,3596,9774,,,,,FALSE,FALSE,FALSE
"2026-08-04","KSTR",2.31,,"CALL",25,,27.31,"2026-09-18","BULL",762,1103,1865,580,2445,98600,415650,FALSE,FALSE,FALSE
"2026-08-04","SPCX",0.48,,"CALL",190,,190.48,"2026-08-21","BULL",3647,7812,11459,165,11624,495,34872,FALSE,FALSE,FALSE
"2026-08-04","KORU",1.65,,"CALL",22,,23.65,"2026-08-14","BULL",1050,5238,6288,,,,,FALSE,FALSE,FALSE
"2026-08-04","ALAB",0.75,,"CALL",400,361.67,400.75,"2026-08-07","BULL",2257,744,3001,,,,,FALSE,FALSE,FALSE
"2026-08-04","UEC",0.24,,"CALL",12,10.5,12.24,"2026-08-21","BULL",6784,2726,9510,62,9572,186,28716,FALSE,FALSE,TRUE
"2026-08-04","EUV",1.35,,"CALL",40,,41.35,"2026-12-18","BULL",1058,9608,10666,-235,10431,-23500,1043100,FALSE,FALSE,FALSE
"2026-08-04","SPCX",0.2,,"CALL",145,,145.2,"2026-08-07","BULL",6828,5546,12374,,,,,FALSE,FALSE,FALSE
"2026-08-04","QQQ",0.1,,"CALL",755,723.85,755.1,"2026-08-07","BULL",11770,543,12313,,,,,FALSE,FALSE,FALSE
"2026-08-04","IRDM",0.6,,"CALL",55,49.61,55.6,"2026-08-21","BULL",1961,3450,5411,-41,5370,-82,10740,FALSE,FALSE,TRUE
"2026-08-04","BNO",0.35,,"CALL",85,45.32,85.35,"2026-10-16","BULL",3104,7993,11097,303,11400,12423,467400,FALSE,FALSE,TRUE
"2026-08-04","EWZ",0.01,,"CALL",48,36.09,48.01,"2026-09-18","BULL",104063,0,104063,0,104063,0,104063,FALSE,FALSE,TRUE
"2026-08-04","QQQ",0.04,,"PUT",660,723.85,660,"2026-08-07","BULL",-25565,64677,39112,,,,,FALSE,FALSE,FALSE
"2026-08-04","QQQ",0.16,,"CALL",750,723.85,750.16,"2026-08-07","BULL",6312,2835,9147,,,,,FALSE,FALSE,FALSE
"2026-08-04","EUV",0.25,,"CALL",40,,40.25,"2026-09-18","BULL",3754,2086,5840,-35,5805,-525,87075,FALSE,FALSE,FALSE
"2026-08-04","RKLB",0.25,,"CALL",85,74.48,85.25,"2026-08-07","BULL",3721,1503,5224,,,,,FALSE,FALSE,FALSE
"2026-08-04","HONA",3.72,,"CALL",230,,233.72,"2026-08-21","BULL",249,1200,1449,274,1723,1370,8615,FALSE,FALSE,FALSE
"2026-08-04","SPY",0.16,,"PUT",750,771.33,750,"2026-08-07","BULL",-5745,58089,52344,,,,,FALSE,FALSE,FALSE
"2026-08-04","GRRR",0.8,,"CALL",30,,30.8,"2027-03-19","BULL",1106,3694,4800,1979,6779,197900,677900,FALSE,FALSE,FALSE
"2026-08-04","IWV",0.84,,"CALL",510,,510.84,"2026-11-20","BULL",890,2988,3878,0,3878,0,325752,FALSE,FALSE,FALSE
"2026-08-04","AMZN",0.13,,"CALL",280,277.42,280.13,"2026-08-05","BULL",5734,2855,8589,,,,,FALSE,FALSE,FALSE
"2026-08-04","NOK",0.07,,"CALL",12,9.92,12.07,"2026-08-21","BULL",10307,59297,69604,-9088,60516,-18176,121032,FALSE,FALSE,TRUE
"2026-08-04","AAPL",0.09,,"CALL",315,309.38,315.09,"2026-08-05","BULL",6136,4872,11008,,,,,FALSE,FALSE,FALSE
"2026-08-04","SPCX",0.09,,"CALL",160,,160.09,"2026-08-07","BULL",5520,8302,13822,,,,,FALSE,FALSE,FALSE
"2026-08-04","IREN",0.06,,"CALL",50,40.85,50.06,"2026-08-07","BULL",7795,6485,14280,,,,,FALSE,FALSE,FALSE
"2026-08-04","QQQ",0.02,,"PUT",645,723.85,645,"2026-08-07","BULL",-19543,46264,26721,,,,,FALSE,FALSE,FALSE
"2026-08-04","AMD",0.09,,"CALL",600,518.58,600.09,"2026-08-07","BULL",4265,3865,8130,,,,,FALSE,FALSE,FALSE
"2026-08-04","APLD",0.1,,"CALL",35,31.27,35.1,"2026-08-07","BULL",3688,3218,6906,,,,,FALSE,FALSE,FALSE
"2026-08-04","USO",0.04,,"CALL",130,115.78,130.04,"2026-08-07","BULL",6478,4436,10914,,,,,FALSE,FALSE,FALSE
"2026-08-04","SQQQ",0.06,,"CALL",42,37.26,42.06,"2026-08-07","BULL",3596,3740,7336,,,,,FALSE,FALSE,FALSE
"2026-08-04","SPCX",0.06,,"CALL",180,,180.06,"2026-08-07","BULL",3500,3245,6745,,,,,FALSE,FALSE,FALSE
"2026-08-04","SPCX",0.08,,"CALL",170,,170.08,"2026-08-07","BULL",2580,12273,14853,,,,,FALSE,FALSE,FALSE
"2026-08-04","TSLL",0.05,,"CALL",8.5,8.07,8.55,"2026-08-07","BULL",4126,13691,17817,,,,,FALSE,FALSE,FALSE
"2026-08-04","ETHA",0.02,,"PUT",13.5,14.15,13.5,"2026-08-07","BULL",-7081,21380,14299,,,,,FALSE,FALSE,FALSE
"2026-08-04","SPCX",0.04,,"CALL",450,,450.04,"2026-08-21","BULL",3533,44952,48485,4588,53073,4588,53073,FALSE,FALSE,FALSE
"2026-08-04","SPCX",0.01,,"CALL",330,,330.01,"2026-08-07","BULL",11063,547933,558996,,,,,FALSE,FALSE,FALSE
"2026-08-04","SPCX",0.05,,"CALL",210,,210.05,"2026-08-07","BULL",2164,1418,3582,,,,,FALSE,FALSE,FALSE
"2026-08-04","SPCX",0.02,,"CALL",200,,200.02,"2026-08-07","BULL",4877,8159,13036,,,,,FALSE,FALSE,FALSE
"2026-08-04","OPEN",0.01,,"CALL",4.5,4.12,4.51,"2026-08-07","BULL",9399,27299,36698,,,,,FALSE,FALSE,FALSE
"2026-08-04","MSFT",0.01,,"CALL",510,492.81,510.01,"2026-08-05","BULL",8546,1534,10080,,,,,FALSE,FALSE,FALSE
"2026-08-04","MSFT",0.01,,"CALL",500,492.81,500.01,"2026-08-05","BULL",6930,2698,9628,,,,,FALSE,FALSE,FALSE
"2026-08-04","TSLA",0.01,,"CALL",340,327.35,340.01,"2026-08-05","BULL",5123,4205,9328,,,,,FALSE,FALSE,FALSE
"2026-08-04","AMD",0.01,,"CALL",600,518.58,600.01,"2026-08-05","BULL",3928,5565,9493,,,,,FALSE,FALSE,FALSE
"2026-08-04","AMD",0.01,,"CALL",565,518.58,565.01,"2026-08-05","BULL",3176,1081,4257,,,,,FALSE,FALSE,FALSE
"2026-08-04","QQQ",32.62,,"CALL",690,723.85,690,"2026-08-07","BEAR",-9371,36346,26975,,,,,FALSE,FALSE,FALSE
"2026-08-04","PLTR",30.35,,"CALL",130,162.66,130,"2026-08-07","BEAR",-8447,27567,19120,,,,,FALSE,FALSE,FALSE
"2026-08-04","CG",3.55,,"CALL",50,50.64,50,"2026-09-18","BEAR",-57413,101499,44086,-15827,28259,-2310742,4125814,FALSE,FALSE,FALSE
"2026-08-04","SPCX",9.65,,"PUT",120,,110.35,"2026-08-07","BEAR",19558,6164,25722,,,,,FALSE,FALSE,FALSE
"2026-08-04","SPY",6.96,,"CALL",775,771.33,775,"2026-08-21","BEAR",-26302,82982,56680,1716,58396,118404,4029324,FALSE,FALSE,FALSE
"2026-08-04","TSM",34.98,,"CALL",400,417.17,400,"2026-09-18","BEAR",-5078,16725,11647,-3818,7829,-8972300,18398150,FALSE,FALSE,FALSE
"2026-08-04","KWEB",2.8,,"CALL",28,28.89,28,"2026-12-18","BEAR",-61992,84422,22430,1640,24070,257480,3778990,FALSE,FALSE,FALSE
"2026-08-04","BE",61.18,,"CALL",210,228.11,210,"2026-10-16","BEAR",-2745,3585,840,58,898,173420,2685020,FALSE,FALSE,FALSE
"2026-08-04","PLTR",20.6,,"CALL",140,162.66,140,"2026-08-07","BEAR",-7490,18355,10865,,,,,FALSE,FALSE,FALSE
"2026-08-04","QQQ",24.77,,"CALL",720,723.85,720,"2026-09-18","BEAR",-5752,26963,21211,-1198,20013,-1952740,32621190,FALSE,FALSE,FALSE
"2026-08-04","QQQ",20.58,,"PUT",660,723.85,639.42,"2027-01-15","BEAR",6417,6084,12501,219,12720,411939,23926320,FALSE,FALSE,FALSE
"2026-08-04","TSM",22.73,,"PUT",410,417.17,387.27,"2026-09-18","BEAR",4817,7662,12479,-1741,10738,-2689845,16590210,FALSE,FALSE,FALSE
"2026-08-04","IWM",2.1,,"PUT",295,301.71,292.9,"2026-08-21","BEAR",50411,37963,88374,-1727,86647,-56991,2859351,FALSE,FALSE,FALSE
"2026-08-04","FHN",1.3,,"CALL",27,,27,"2026-11-20","BEAR",-70298,100578,30280,-46,30234,-4600,3023400,FALSE,FALSE,FALSE
"2026-08-04","QQQ",13.87,,"CALL",710,723.85,710,"2026-08-07","BEAR",-6296,19886,13590,,,,,FALSE,FALSE,FALSE
"2026-08-04","SPCX",13.85,,"PUT",125,,111.15,"2026-08-07","BEAR",5466,5771,11237,,,,,FALSE,FALSE,FALSE
"2026-08-04","TSM",16.4,,"CALL",440,417.17,440,"2026-09-18","BEAR",-4034,10344,6310,103,6413,70040,4360840,FALSE,FALSE,FALSE
"2026-08-04","MTUM",14.02,,"CALL",305,313.35,305,"2026-08-21","BEAR",-4688,13193,8505,-1209,7296,-967200,5836800,FALSE,FALSE,FALSE
"2026-08-04","SMH",18.1,,"PUT",525,575.71,506.9,"2026-09-18","BEAR",3618,2805,6423,2406,8829,2406000,8829000,TRUE,FALSE,FALSE
"2026-08-04","SPCX",16.64,,"PUT",100,,83.36,"2027-03-19","BEAR",3515,4085,7600,240,7840,184800,6036800,FALSE,FALSE,FALSE
"2026-08-04","ORCL",10.2,,"CALL",140,145.74,140,"2026-08-21","BEAR",-5448,23425,17977,-975,17002,-508950,8875044,FALSE,FALSE,FALSE
"2026-08-04","CRWV",11.65,,"PUT",90,91.9,78.35,"2026-09-18","BEAR",4766,5231,9997,-346,9651,-181650,5066775,FALSE,FALSE,FALSE
"2026-08-04","SMH",6.75,,"PUT",540,575.71,533.25,"2026-08-14","BEAR",8118,627,8745,,,,,FALSE,FALSE,FALSE
"2026-08-04","SPY",2.02,,"PUT",758,771.33,755.98,"2026-08-14","BEAR",25522,614,26136,,,,,FALSE,FALSE,FALSE
"2026-08-04","QQQ",8.92,,"PUT",660,723.85,651.08,"2026-10-16","BEAR",5723,6249,11972,769,12741,576750,9555750,TRUE,FALSE,FALSE
"2026-08-04","SMH",12.42,,"PUT",500,575.71,487.58,"2026-09-18","BEAR",4026,17878,21904,1070,22974,613110,13164102,TRUE,FALSE,FALSE
"2026-08-04","SPY",6.01,,"PUT",760,771.33,753.99,"2026-08-31","BEAR",8306,2066,10372,12669,23041,4497495,8179555,TRUE,FALSE,FALSE
"2026-08-04","PCG",0.23,,"CALL",23,17.45,23,"2026-09-18","BEAR",-212401,303160,90759,16992,107751,220896,1400763,FALSE,FALSE,FALSE
"2026-08-04","TQQQ",7.51,,"CALL",67,74.82,67,"2026-08-07","BEAR",-6025,15724,9699,,,,,FALSE,FALSE,FALSE
"2026-08-04","SPY",2.83,,"PUT",755,771.33,752.17,"2026-08-21","BEAR",14188,23669,37857,10295,48152,463275,2166840,FALSE,FALSE,FALSE
"2026-08-04","SOXL",10.8,,"CALL",130,139.9,130,"2026-08-07","BEAR",-3640,7743,4103,,,,,FALSE,FALSE,FALSE
"2026-08-04","SPY",4.81,,"PUT",734,771.33,729.19,"2026-09-18","BEAR",8017,1311,9328,-1766,7562,-630462,2699634,FALSE,FALSE,FALSE
"2026-08-04","SPCX",3.75,,"PUT",110,,106.25,"2026-08-07","BEAR",10069,16090,26159,,,,,FALSE,FALSE,FALSE
"2026-08-04","SPY",0.37,,"PUT",390,771.33,389.63,"2026-11-20","BEAR",100001,310,100311,927,101238,25029,2733426,FALSE,FALSE,FALSE
"2026-08-04","SPCX",14.85,,"PUT",120,,105.15,"2026-08-28","BEAR",2301,7336,9637,-587,9050,-24654,380100,FALSE,FALSE,FALSE
"2026-08-04","DIA",11.15,,"CALL",545,540.43,545,"2026-09-18","BEAR",-3063,10908,7845,-2270,5575,-681000,1672500,FALSE,FALSE,FALSE
"2026-08-04","QQQ",6.77,,"PUT",675,723.85,668.23,"2026-09-18","BEAR",5021,17163,22184,-3106,19078,-1515728,9310064,FALSE,FALSE,FALSE
"2026-08-04","XLK",9.6,,"PUT",190,186.9,180.4,"2026-09-18","BEAR",3505,477,3982,850,4832,663000,3768960,TRUE,FALSE,FALSE
"2026-08-04","AME",16.82,,"CALL",240,254.05,240,"2026-08-21","BEAR",-1932,6630,4698,-1523,3175,-2467260,5143500,FALSE,FALSE,FALSE
"2026-08-04","EWZ",0.65,,"CALL",45,36.09,45,"2026-12-18","BEAR",-49884,184580,134696,-44830,89866,-986260,1977052,FALSE,FALSE,FALSE
"2026-08-04","SPCX",7.85,,"PUT",110,,102.15,"2026-08-21","BEAR",4126,19621,23747,-517,23230,-1551,69690,FALSE,FALSE,FALSE
"2026-08-04","ON",4.1,,"PUT",70,,65.9,"2026-09-18","BEAR",7332,1160,8492,-5434,3058,-945516,532092,FALSE,FALSE,FALSE
"2026-08-04","QQQ",4.12,,"PUT",720,723.85,715.88,"2026-08-07","BEAR",6716,126,6842,,,,,FALSE,FALSE,FALSE
"2026-08-04","SPY",4.25,,"PUT",729,771.33,724.75,"2026-09-18","BEAR",6277,1804,8081,1402,9483,445836,3015594,FALSE,FALSE,FALSE
"2026-08-04","JCI",7.9,,"CALL",150,153.62,150,"2026-08-21","BEAR",-3220,7418,4198,-273,3925,-40950,588750,FALSE,FALSE,FALSE
"2026-08-04","CTAS",33,,"CALL",175,,175,"2026-12-18","BEAR",-753,2687,1934,1,1935,3265,6317775,FALSE,FALSE,FALSE
"2026-08-04","SPY",1.05,,"PUT",737,771.33,735.95,"2026-08-21","BEAR",23407,3520,26927,-4984,21943,-49840,219430,FALSE,FALSE,FALSE
"2026-08-04","RKLB",5.83,,"CALL",70,74.48,70,"2026-08-07","BEAR",-4011,10471,6460,,,,,FALSE,FALSE,FALSE
"2026-08-04","HPQ",2.15,,"PUT",28,28.82,25.85,"2026-09-18","BEAR",10268,18840,29108,-17647,11461,-2082346,1352398,FALSE,FALSE,FALSE
"2026-08-04","SPCX",6.31,,"PUT",115,,108.69,"2026-08-07","BEAR",3406,17001,20407,,,,,FALSE,FALSE,FALSE
"2026-08-04","SPY",3.26,,"PUT",757,771.33,753.74,"2026-08-21","BEAR",6521,6616,13137,-942,12195,-56520,731700,FALSE,FALSE,FALSE
"2026-08-04","HOOD",4.1,,"PUT",70,93.51,65.9,"2026-11-20","BEAR",5129,2767,7896,65,7961,16835,2061899,FALSE,FALSE,FALSE
"2026-08-04","SPCX",0.96,,"PUT",100,,99.04,"2026-08-07","BEAR",18241,31917,50158,,,,,FALSE,FALSE,FALSE
"2026-08-04","VST",1.82,,"PUT",115,143.23,113.18,"2026-09-18","BEAR",9566,2200,11766,37,11803,1110,354090,FALSE,FALSE,FALSE
"2026-08-04","WSM",10.9,,"PUT",240,248.88,229.1,"2026-09-18","BEAR",1560,242,1802,10,1812,11140,2018568,FALSE,FALSE,FALSE
"2026-08-04","TENX",7.1,,"PUT",15,,7.9,"2026-08-21","BEAR",2250,2761,5011,4,5015,5180,6494425,FALSE,FALSE,FALSE
"2026-08-04","RGTI",2.35,,"PUT",16,17.45,13.65,"2026-10-16","BEAR",6606,9546,16152,-18,16134,-2250,2016750,FALSE,FALSE,FALSE
"2026-08-04","SOXX",6.08,,"CALL",605,542.21,605,"2026-08-21","BEAR",-2453,4012,1559,-682,877,-5456,7016,FALSE,FALSE,FALSE
"2026-08-04","FLEX",3.87,,"CALL",140,126.71,140,"2026-08-21","BEAR",-3721,5589,1868,-109,1759,-1744,28144,FALSE,FALSE,FALSE
"2026-08-04","FPS",5.84,,"CALL",37.5,,37.5,"2026-09-18","BEAR",-2440,2877,437,-265,172,-84800,55040,FALSE,FALSE,FALSE
"2026-08-04","HIG",2.65,,"CALL",160,142.05,160,"2026-12-18","BEAR",-5306,10783,5477,-119,5358,-13090,589380,FALSE,FALSE,FALSE
"2026-08-04","TWLO",9.5,,"CALL",200,194.05,200,"2026-08-07","BEAR",-1473,2792,1319,,,,,FALSE,FALSE,FALSE
"2026-08-04","PGEN",2.2,,"CALL",5,6.53,5,"2026-10-16","BEAR",-6341,10684,4343,-1095,3248,-202575,600880,FALSE,FALSE,FALSE
"2026-08-04","SPY",1.87,,"CALL",1100,771.33,1100,"2027-12-17","BEAR",-7183,30499,23316,-6419,16897,-1071973,2821799,FALSE,FALSE,FALSE
"2026-08-04","SPCX",4.3,,"PUT",85,,80.7,"2026-10-16","BEAR",2936,23563,26499,1237,27736,77931,1747368,FALSE,FALSE,FALSE
"2026-08-04","SPY",2.05,,"CALL",1090,771.33,1090,"2027-12-17","BEAR",-6126,19489,13363,-2438,10925,-526608,2359800,FALSE,FALSE,FALSE
"2026-08-04","SKHY",4.8,,"PUT",150,,145.2,"2026-08-07","BEAR",2509,1166,3675,,,,,FALSE,FALSE,FALSE
"2026-08-04","SPCX",2,,"PUT",105,,103,"2026-08-07","BEAR",5984,14828,20812,,,,,FALSE,FALSE,FALSE
"2026-08-04","SPCX",4.68,,"PUT",112,,107.32,"2026-08-07","BEAR",2372,2429,4801,,,,,FALSE,FALSE,FALSE
"2026-08-04","QUBT",1.54,,"PUT",9,9.23,7.46,"2026-10-16","BEAR",7148,2003,9151,152,9303,19304,1181481,FALSE,FALSE,FALSE
"2026-08-04","QQQ",1.33,,"CALL",780,723.85,780,"2026-08-31","BEAR",-7699,10710,3011,14229,17240,99603,120680,FALSE,FALSE,FALSE
"2026-08-04","SKHY",1.82,,"PUT",123,,121.18,"2026-08-14","BEAR",5540,1304,6844,,,,,FALSE,FALSE,FALSE
"2026-08-04","TSM",1.65,,"CALL",475,417.17,475,"2026-08-21","BEAR",-6018,12289,6271,505,6776,505,6776,FALSE,FALSE,FALSE
"2026-08-04","RKLB",2.3,,"PUT",40,74.48,37.7,"2026-12-18","BEAR",4128,1402,5530,6779,12309,691458,1255518,TRUE,FALSE,FALSE
"2026-08-04","SPCX",3.98,,"CALL",165,,165,"2026-10-16","BEAR",-2377,11750,9373,-3353,6020,-2682400,4816000,FALSE,FALSE,FALSE
"2026-08-04","MAGS",3.56,,"CALL",66,68.96,66,"2026-08-21","BEAR",-2288,3288,1000,-368,632,-33120,56880,FALSE,FALSE,FALSE
"2026-08-04","IGV",0.77,,"PUT",95,102,94.23,"2026-08-21","BEAR",10512,5561,16073,-1794,14279,-7176,57116,FALSE,FALSE,FALSE
"2026-08-04","JBLU",0.5,,"PUT",2,6.41,1.5,"2028-12-15","BEAR",16000,45247,61247,0,61247,0,3062350,FALSE,FALSE,FALSE
"2026-08-04","PURR",1.05,,"PUT",7,,5.95,"2026-09-18","BEAR",7001,7704,14705,54,14759,3186,870781,FALSE,FALSE,FALSE
"2026-08-04","PCG",0.16,,"CALL",24,17.45,24,"2026-09-18","BEAR",-45021,182049,137028,28417,165445,312587,1819895,FALSE,FALSE,FALSE
"2026-08-04","SPY",1.04,,"PUT",750,771.33,748.96,"2026-08-14","BEAR",6837,6382,13219,,,,,FALSE,FALSE,FALSE
"2026-08-04","GPK",1.19,,"CALL",12.5,,12.5,"2027-01-15","BEAR",-5798,15989,10191,-150,10041,-12000,803280,FALSE,FALSE,FALSE
"2026-08-04","WMB",0.39,,"PUT",64,71.51,63.61,"2026-09-11","BEAR",16870,18009,34879,-3,34876,-45,523140,FALSE,FALSE,FALSE
"2026-08-04","SPY",0.9,,"PUT",734,771.33,733.1,"2026-08-21","BEAR",7280,2650,9930,-2522,7408,-22698,66672,FALSE,FALSE,FALSE
"2026-08-04","SHAZ",12.51,,"CALL",50,,50,"2026-09-18","BEAR",-501,2732,2231,-146,2085,-278860,3982350,FALSE,FALSE,FALSE
"2026-08-04","SPY",0.61,,"PUT",760,771.33,759.39,"2026-08-07","BEAR",10274,1467,11741,,,,,FALSE,FALSE,FALSE
"2026-08-04","SPY",0.83,,"PUT",728,771.33,727.17,"2026-08-21","BEAR",7150,1688,8838,-4559,4279,-36472,34232,FALSE,FALSE,FALSE
"2026-08-04","OKLO",1.91,,"PUT",35,43.33,33.09,"2026-09-18","BEAR",2885,2825,5710,2857,8567,282843,848133,FALSE,FALSE,FALSE
"2026-08-04","IBIT",0.48,,"PUT",35.5,36.39,35.02,"2026-08-21","BEAR",11207,2374,13581,14401,27982,100807,195874,FALSE,FALSE,FALSE
"2026-08-04","FPS",2.7,,"CALL",40,,40,"2026-08-21","BEAR",-1991,5414,3423,471,3894,18840,155760,FALSE,FALSE,FALSE
"2026-08-04","SPCX",0.43,,"PUT",95,,94.57,"2026-08-07","BEAR",11775,22025,33800,,,,,FALSE,FALSE,FALSE
"2026-08-04","CRCL",1.13,,"PUT",45,,43.87,"2026-09-18","BEAR",4193,1497,5690,-197,5493,-2364,65916,FALSE,FALSE,FALSE
"2026-08-04","SPY",0.71,,"PUT",727,771.33,726.29,"2026-08-21","BEAR",6350,8710,15060,1484,16544,8904,99264,FALSE,FALSE,FALSE
"2026-08-04","SPCX",1.83,,"PUT",80,,78.17,"2026-09-18","BEAR",2322,2525,4847,1398,6245,16776,74940,FALSE,FALSE,FALSE
"2026-08-04","SPY",0.7,,"PUT",726,771.33,725.3,"2026-08-21","BEAR",6032,2021,8053,-3015,5038,-21105,35266,FALSE,FALSE,FALSE
"2026-08-04","SPY",0.72,,"PUT",729,771.33,728.28,"2026-08-21","BEAR",5732,3954,9686,-4179,5507,-29253,38549,FALSE,FALSE,FALSE
"2026-08-04","SPCX",0.2,,"PUT",90,,89.8,"2026-08-07","BEAR",19962,23276,43238,,,,,FALSE,FALSE,FALSE
"2026-08-04","NAIL",2.2,,"CALL",45,43.08,45,"2026-08-14","BEAR",-1787,3031,1244,,,,,FALSE,FALSE,FALSE
"2026-08-04","QQQ",0.53,,"CALL",800,723.85,800,"2026-08-31","BEAR",-7251,14673,7422,1520,8942,6080,35768,FALSE,FALSE,FALSE
"2026-08-04","GME",0.3,,"CALL",40,19.21,40,"2027-01-15","BEAR",-11865,26178,14313,-528,13785,-15840,413550,FALSE,FALSE,FALSE
"2026-08-04","GLXY",0.8,,"PUT",17.5,22.14,16.7,"2026-08-21","BEAR",3963,5306,9269,1189,10458,2378,20916,FALSE,FALSE,FALSE
"2026-08-04","QQQ",0.49,,"PUT",700,723.85,699.51,"2026-08-07","BEAR",6366,18286,24652,,,,,FALSE,FALSE,FALSE
"2026-08-04","ECHO",3.5,,"CALL",125,91.6,125,"2026-12-18","BEAR",-876,25034,24158,-231,23927,-69300,7178100,FALSE,FALSE,FALSE
"2026-08-04","APTV",1.3,,"CALL",70,47.72,70,"2027-01-15","BEAR",-2350,3648,1298,2,1300,250,162500,FALSE,FALSE,FALSE
"2026-08-04","SHAZ",4.45,,"CALL",65,,65,"2026-08-21","BEAR",-660,11738,11078,-2460,8618,-1463700,5127710,FALSE,FALSE,FALSE
"2026-08-04","GME",0.23,,"CALL",50,19.21,50,"2027-01-15","BEAR",-11638,62414,50776,868,51644,21700,1291100,FALSE,FALSE,FALSE
"2026-08-04","COHR",2.35,,"PUT",300,323.73,297.65,"2026-08-07","BEAR",1025,267,1292,,,,,FALSE,FALSE,FALSE
"2026-08-04","QQQ",0.19,,"PUT",690,723.85,689.81,"2026-08-07","BEAR",12085,19969,32054,,,,,FALSE,FALSE,FALSE
"2026-08-04","CSCO",0.6,,"PUT",95,121.74,94.4,"2026-09-18","BEAR",3693,2331,6024,-81,5943,-1053,77259,FALSE,FALSE,FALSE
"2026-08-04","SPCX",0.8,,"PUT",70,,69.2,"2026-09-18","BEAR",2600,3205,5805,43449,49254,347592,394032,FALSE,FALSE,FALSE
"2026-08-04","SNDK",0.28,,"PUT",800,1427.62,799.72,"2026-08-07","BEAR",7217,1208,8425,,,,,FALSE,FALSE,FALSE
"2026-08-04","TBBB",3.6,,"CALL",40,,40,"2026-09-18","BEAR",-549,885,336,123,459,100368,374544,FALSE,FALSE,FALSE
"2026-08-04","AVEX",4.9,,"CALL",15,,15,"2026-08-21","BEAR",-364,930,566,-42,524,-21798,271956,FALSE,FALSE,FALSE
"2026-08-04","NLY",0.17,,"PUT",22,22.75,21.83,"2026-08-21","BEAR",9959,3558,13517,165,13682,330,27364,FALSE,FALSE,FALSE
"2026-08-04","GLXY",0.25,,"PUT",2.5,22.14,2.25,"2028-01-21","BEAR",5975,1631,7606,-4,7602,-76,144438,FALSE,FALSE,FALSE
"2026-08-04","MU",0.59,,"PUT",300,892.67,299.41,"2026-09-18","BEAR",2324,4437,6761,-63,6698,-819,87074,FALSE,FALSE,FALSE
"2026-08-04","NRG",0.8,,"CALL",140,117.04,140,"2026-08-21","BEAR",-1637,7468,5831,-5,5826,-190,221388,FALSE,FALSE,FALSE
"2026-08-04","TQQQ",0.28,,"PUT",62,74.82,61.72,"2026-08-14","BEAR",4671,3199,7870,,,,,FALSE,FALSE,FALSE
"2026-08-04","HAPN",2.35,,"CALL",19,,19,"2026-08-21","BEAR",-459,1089,630,639,1269,19170,38070,FALSE,FALSE,FALSE
"2026-08-04","ZM",0.14,,"CALL",105,,105,"2026-08-07","BEAR",-7511,15064,7553,,,,,FALSE,FALSE,FALSE
"2026-08-04","CLOV",0.16,,"PUT",4,,3.84,"2026-08-14","BEAR",6381,4673,11054,,,,,FALSE,FALSE,FALSE
"2026-08-04","SOXL",0.16,,"PUT",80,139.9,79.84,"2026-08-07","BEAR",6101,14454,20555,,,,,FALSE,FALSE,FALSE
"2026-08-04","FIG",0.19,,"PUT",22,,21.81,"2026-08-07","BEAR",4953,1371,6324,,,,,FALSE,FALSE,FALSE
"2026-08-04","SPY",0.07,,"PUT",765,771.33,764.93,"2026-08-05","BEAR",11408,1197,12605,,,,,FALSE,FALSE,FALSE
"2026-08-04","QNT",0.7,,"CALL",80,,80,"2026-08-21","BEAR",-1095,2938,1843,111,1954,1110,19540,FALSE,FALSE,FALSE
"2026-08-04","ARKK",0.15,,"PUT",67,76.76,66.85,"2026-08-21","BEAR",4982,7059,12041,-6906,5135,-13812,10270,FALSE,FALSE,FALSE
"2026-08-04","SPCX",0.1,,"PUT",85,,84.9,"2026-08-07","BEAR",7406,5088,12494,,,,,FALSE,FALSE,FALSE
"2026-08-04","AXTX",2.2,,"CALL",10,,10,"2026-08-21","BEAR",-316,563,247,-6,241,-1572,63142,FALSE,FALSE,FALSE
"2026-08-04","LITE",0.93,,"PUT",680,849.47,679.07,"2026-08-07","BEAR",723,710,1433,,,,,FALSE,FALSE,FALSE
"2026-08-04","ETHA",0.07,,"PUT",13,14.15,12.93,"2026-08-14","BEAR",7894,14136,22030,,,,,FALSE,FALSE,FALSE
"2026-08-04","SPY",0.03,,"PUT",760,771.33,759.97,"2026-08-05","BEAR",17473,1827,19300,,,,,FALSE,FALSE,FALSE
"2026-08-04","NBIS",0.12,,"PUT",10,225.74,9.88,"2027-01-15","BEAR",3730,28460,32190,115,32305,460,129220,FALSE,FALSE,FALSE
"2026-08-04","WHD",0.75,,"CALL",70,,70,"2026-08-21","BEAR",-526,1771,1245,40,1285,12000,385500,FALSE,FALSE,FALSE
"2026-08-04","BKNG",0.08,,"PUT",185,,184.92,"2026-08-07","BEAR",4009,2502,6511,,,,,FALSE,FALSE,FALSE
"2026-08-04","SKHX",0.24,,"CALL",31,,31,"2026-08-21","BEAR",-1292,2300,1008,0,1008,0,24192,FALSE,FALSE,FALSE
"2026-08-04","SKUU",0.85,,"PUT",10,,9.15,"2026-09-18","BEAR",303,151,454,279,733,22320,58640,FALSE,FALSE,FALSE
"2026-08-04","SPCX",0.05,,"PUT",80,,79.95,"2026-08-07","BEAR",4153,10945,15098,,,,,FALSE,FALSE,FALSE
"2026-08-04","SPCX",0.07,,"PUT",70,,69.93,"2026-08-14","BEAR",2557,1158,3715,,,,,FALSE,FALSE,FALSE
"2026-08-04","QQQ",0.03,,"PUT",650,723.85,649.97,"2026-08-07","BEAR",5248,25420,30668,,,,,FALSE,FALSE,FALSE
"2026-08-04","NVDA",0.01,,"PUT",207.5,211.94,207.49,"2026-08-05","BEAR",14391,2456,16847,,,,,FALSE,FALSE,FALSE
"2026-08-04","SCHF",0.5,,"CALL",28,,28,"2026-08-21","BEAR",-203,1189,986,1,987,30,29610,FALSE,FALSE,FALSE
"2026-08-04","SPY",0.02,,"PUT",530,771.33,529.98,"2026-08-21","BEAR",4949,2428,7377,-1951,5426,-1951,5426,FALSE,FALSE,FALSE
"2026-08-04","SPY",0.01,,"PUT",720,771.33,719.99,"2026-08-05","BEAR",7861,1742,9603,,,,,FALSE,FALSE,FALSE
"2026-08-04","TSLA",0.01,,"PUT",190,327.35,189.99,"2026-08-07","BEAR",7586,5547,13133,,,,,FALSE,FALSE,FALSE
"2026-08-04","MU",0.02,,"PUT",800,892.67,799.98,"2026-08-05","BEAR",2222,1174,3396,,,,,FALSE,FALSE,FALSE
"2026-08-04","IBB",0.01,,"PUT",60,,59.99,"2027-01-15","BEAR",3796,0,3796,0,3796,0,3796,FALSE,FALSE,FALSE
"2026-08-04","DMC",0.55,,"CALL",30,,30,"2026-08-21","BEAR",-66,601,535,-164,371,-13284,30051,FALSE,FALSE,FALSE
"2026-08-04","SHC",0.14,,"CALL",20,,20,"2026-08-21","BEAR",-244,1677,1433,-36,1397,-108,4191,FALSE,FALSE,FALSE
"2026-08-04","MYE",0.3,,"CALL",40,,40,"2026-08-21","BEAR",-82,858,776,-15,761,-15,761,FALSE,FALSE,FALSE
"2026-08-05","NVDA",42.42,,"CALL",180,219.22,222.42,"2026-10-16","BULL",13975,91722,105697,526,106223,2253910,455165555,TRUE,FALSE,FALSE
"2026-08-05","GLD",8.36,,"CALL",400,389.64,408.36,"2026-09-18","BULL",29826,38167,67993,-19268,48725,-21772840,55059250,FALSE,FALSE,FALSE
"2026-08-05","TSM",27,,"CALL",400,414,427,"2026-08-21","BULL",6997,18052,25049,-5332,19717,-7544780,27899555,FALSE,FALSE,FALSE
"2026-08-05","META",58.81,,"CALL",585,588.77,643.81,"2026-11-20","BULL",2948,168,3116,3303,6419,11180655,21728315,TRUE,FALSE,FALSE
"2026-08-05","KRE",1.88,,"CALL",80,,81.88,"2026-10-16","BULL",83169,14391,97560,4736,102296,677248,14628328,TRUE,FALSE,FALSE
"2026-08-05","SPCX",10.45,,"CALL",115,,125.45,"2026-09-18","BULL",13044,3034,16078,720,16798,2268000,52913700,TRUE,FALSE,FALSE
"2026-08-05","TTMI",26.8,,"CALL",135,131.25,161.8,"2026-09-18","BULL",4016,400,4416,-27,4389,-20250,3291750,FALSE,FALSE,TRUE
"2026-08-05","QQQ",10.79,,"CALL",875,717.3,885.79,"2027-03-19","BULL",9967,2539,12506,-48,12458,-40320,10464720,FALSE,FALSE,TRUE
"2026-08-05","NBIS",37.04,,"CALL",190,218.99,227.04,"2026-08-21","BULL",2770,700,3470,2512,5982,14300816,34055526,TRUE,FALSE,FALSE
"2026-08-05","SPCX",42.95,,"PUT",150,,150,"2026-09-18","BULL",-2100,46233,44133,-1071,43062,-1499400,60286800,FALSE,FALSE,FALSE
"2026-08-05","SOXX",20.2,,"CALL",590,530.7,610.2,"2026-09-18","BULL",3997,4036,8033,-3276,4757,-2227680,3234760,FALSE,FALSE,TRUE
"2026-08-05","CLMT",26.7,,"CALL",17,40.26,43.7,"2027-12-17","BULL",3022,0,3022,1,3023,3330,10066590,FALSE,FALSE,FALSE
"2026-08-05","QQQ",7.52,,"CALL",850,717.3,857.52,"2027-01-15","BULL",9892,5928,15820,-848,14972,-451136,7965104,FALSE,FALSE,TRUE
"2026-08-05","SOXX",16.9,,"CALL",550,530.7,566.9,"2026-08-21","BULL",4382,9610,13992,-320,13672,-60480,2584008,FALSE,FALSE,TRUE
"2026-08-05","SPCX",15.63,,"PUT",125,,125,"2026-08-07","BULL",-4556,11237,6681,,,,,FALSE,FALSE,FALSE
"2026-08-05","GLD",13.7,,"CALL",425,389.64,438.7,"2027-01-15","BULL",5040,6513,11553,1558,13111,2562910,21567595,TRUE,FALSE,TRUE
"2026-08-05","MRVL",8.9,,"CALL",280,211.02,288.9,"2026-09-18","BULL",6967,5697,12664,-186,12478,-77190,5178370,FALSE,FALSE,TRUE
"2026-08-05","DIA",25.34,,"CALL",540,542.81,565.34,"2027-01-15","BULL",2438,240,2678,-35,2643,-70000,5286000,FALSE,FALSE,FALSE
"2026-08-05","QQQ",9,,"CALL",730,717.3,739,"2026-08-31","BULL",6699,2224,8923,2372,11295,1060284,5048865,TRUE,FALSE,FALSE
"2026-08-05","NVDA",2.5,,"CALL",225,219.22,227.5,"2026-08-14","BULL",22429,11229,33658,,,,,FALSE,FALSE,FALSE
"2026-08-05","CPNG",3.07,,"CALL",17,16,20.07,"2027-06-17","BULL",18145,650,18795,-4,18791,-1184,5562136,FALSE,FALSE,TRUE
"2026-08-05","SPY",7.5,,"PUT",750,769.79,750,"2026-09-18","BULL",-6402,28641,22239,8953,31192,5192740,18091360,TRUE,FALSE,FALSE
"2026-08-05","SPCX",16.2,,"PUT",120,,120,"2026-08-28","BULL",-2848,9637,6789,2261,9050,94962,380100,FALSE,FALSE,FALSE
"2026-08-05","TLT",1.85,,"CALL",90,,91.85,"2028-01-21","BULL",24597,83372,107969,18188,126157,2800952,19428178,TRUE,FALSE,FALSE
"2026-08-05","COHR",46.19,,"CALL",350,328.22,396.19,"2026-09-18","BULL",908,1139,2047,-116,1931,-182468,3037463,FALSE,FALSE,TRUE
"2026-08-05","AMD",2.98,,"PUT",370,482.05,370,"2026-09-04","BULL",-13546,16186,2640,-31,2609,-2542,213938,FALSE,FALSE,FALSE
"2026-08-05","SPY",7.62,,"CALL",840,769.79,847.62,"2027-01-15","BULL",4985,4984,9969,-3774,6195,-2362524,3878070,FALSE,FALSE,TRUE
"2026-08-05","MSFT",6.85,,"CALL",535,487.46,541.85,"2026-09-18","BULL",5447,616,6063,-1129,4934,-160318,700628,FALSE,FALSE,TRUE
"2026-08-05","SPCX",14.47,,"PUT",123,,123,"2026-08-07","BULL",-2566,4129,1563,,,,,FALSE,FALSE,FALSE
"2026-08-05","SPCX",11.02,,"PUT",120,,120,"2026-08-07","BULL",-3367,25722,22355,,,,,FALSE,FALSE,FALSE
"2026-08-05","NVDA",1.65,,"CALL",220,219.22,221.65,"2026-08-07","BULL",21593,33476,55069,,,,,FALSE,FALSE,FALSE
"2026-08-05","AMAT",15.2,,"CALL",700,534.24,715.2,"2026-09-18","BULL",2257,1762,4019,2564,6583,435880,1119110,FALSE,FALSE,TRUE
"2026-08-05","LRCX",8.25,,"CALL",400,307.42,408.25,"2026-09-18","BULL",3994,1184,5178,114,5292,51300,2381400,FALSE,FALSE,TRUE
"2026-08-05","QQQ",3.45,,"PUT",685,717.3,685,"2026-08-21","BULL",-9274,17331,8057,-138,7919,-3864,221732,FALSE,FALSE,FALSE
"2026-08-05","NVDA",0.54,,"PUT",170,219.22,170,"2026-09-04","BULL",-57095,71496,14401,-38,14363,-836,315986,FALSE,FALSE,FALSE
"2026-08-05","SPCX",2.98,,"CALL",110,,112.98,"2026-08-07","BULL",10057,3245,13302,,,,,FALSE,FALSE,FALSE
"2026-08-05","GOOGL",8.1,,"CALL",400,362.43,408.1,"2026-10-16","BULL",3633,3333,6966,10141,17107,2646801,4464927,TRUE,FALSE,TRUE
"2026-08-05","GOOG",7.45,,"CALL",400,360.13,407.45,"2026-10-16","BULL",3832,4584,8416,647,9063,145575,2039175,FALSE,FALSE,TRUE
"2026-08-05","GDX",1.56,,"PUT",67,83.68,67,"2026-11-20","BULL",-17278,45889,28611,-254,28357,-24130,2693915,FALSE,FALSE,FALSE
"2026-08-05","CIFR",3.67,,"CALL",20,18.71,23.67,"2026-10-16","BULL",7135,1703,8838,7879,16717,1339430,2841890,TRUE,FALSE,TRUE
"2026-08-05","SPCX",5.55,,"PUT",105,,105,"2026-08-21","BULL",-4679,16389,11710,1157,12867,2314,25734,FALSE,FALSE,FALSE
"2026-08-05","FCX",1.75,,"CALL",80,69.39,81.75,"2026-09-18","BULL",14457,13379,27836,-1321,26515,-63408,1272720,FALSE,FALSE,TRUE
"2026-08-05","DFTX",5.4,,"CALL",45,,50.4,"2026-08-21","BULL",4457,864,5321,-239,5082,-26290,559020,FALSE,FALSE,FALSE
"2026-08-05","DRAM",1.27,,"CALL",60,,61.27,"2026-08-21","BULL",18486,119835,138321,-40920,97401,-1473120,3506436,FALSE,FALSE,FALSE
"2026-08-05","SOXX",5.97,,"CALL",600,530.7,605.97,"2026-08-21","BULL",3804,2926,6730,-103,6627,-515,33135,FALSE,FALSE,TRUE
"2026-08-05","UBER",2.1,,"CALL",70,68.18,72.1,"2026-08-21","BULL",10709,5208,15917,-5773,10144,-3896775,6847200,FALSE,FALSE,TRUE
"2026-08-05","SLV",1.67,,"CALL",75,56.07,76.67,"2026-12-18","BULL",12354,2969,15323,837,16160,155682,3005760,FALSE,FALSE,TRUE
"2026-08-05","ASTS",4.79,,"PUT",55,68.38,55,"2026-10-16","BULL",-4153,15791,11638,73,11711,22265,3571855,FALSE,FALSE,FALSE
"2026-08-05","AAPL",2.75,,"CALL",310,311,312.75,"2026-08-07","BULL",7040,17051,24091,,,,,FALSE,FALSE,FALSE
"2026-08-05","QQQ",1.48,,"CALL",770,717.3,771.48,"2026-08-31","BULL",12475,2174,14649,4105,18754,49260,225048,FALSE,FALSE,TRUE
"2026-08-05","CPNG",1.05,,"CALL",25,16,26.05,"2027-06-17","BULL",17532,793,18325,156,18481,12636,1496961,FALSE,FALSE,TRUE
"2026-08-05","NVDA",0.9,,"CALL",232.5,219.22,233.4,"2026-08-14","BULL",19630,1600,21230,,,,,FALSE,FALSE,FALSE
"2026-08-05","CCJ",2.2,,"CALL",110,94.27,112.2,"2026-09-18","BULL",7987,2867,10854,7791,18645,654444,1566180,TRUE,FALSE,TRUE
"2026-08-05","CRWV",4.85,,"PUT",72.5,89.89,72.5,"2026-09-18","BULL",-3612,6672,3060,85,3145,8585,317645,FALSE,FALSE,FALSE
"2026-08-05","ZETA",2.41,,"CALL",24,27.07,26.41,"2026-08-21","BULL",7155,1509,8664,33,8697,16038,4226742,FALSE,FALSE,FALSE
"2026-08-05","WMT",1.01,,"PUT",105,112.34,105,"2026-08-21","BULL",-15930,47595,31665,-4177,27488,-62655,412320,FALSE,FALSE,FALSE
"2026-08-05","AMD",5.25,,"CALL",700,482.05,705.25,"2026-09-18","BULL",3008,3908,6916,27,6943,1755,451295,FALSE,FALSE,TRUE
"2026-08-05","LLY",14.34,,"CALL",1320,1169.86,1334.34,"2026-09-18","BULL",1011,662,1673,71,1744,81792,2009088,FALSE,FALSE,TRUE
"2026-08-05","DRAM",0.6,,"CALL",65,,65.6,"2026-08-21","BULL",23860,28862,52722,-6728,45994,-47096,321958,FALSE,FALSE,FALSE
"2026-08-05","CMCSA",0.79,,"CALL",30,,30.79,"2027-01-15","BULL",17930,85282,103212,-11,103201,-924,8668884,FALSE,FALSE,FALSE
"2026-08-05","SPCX",5.9,,"CALL",110,,115.9,"2026-08-14","BULL",2355,2278,4633,,,,,FALSE,FALSE,FALSE
"2026-08-05","XPEV",1.9,,"CALL",20,11.75,21.9,"2028-01-21","BULL",7130,2923,10053,188,10241,32712,1781934,FALSE,FALSE,TRUE
"2026-08-05","NVDA",0.4,,"CALL",225,219.22,225.4,"2026-08-07","BULL",31812,13271,45083,,,,,FALSE,FALSE,FALSE
"2026-08-05","RKLB",0.83,,"CALL",80,74.82,80.83,"2026-08-07","BULL",14939,4858,19797,,,,,FALSE,FALSE,FALSE
"2026-08-05","ASTS",0.8,,"CALL",75,68.38,75.8,"2026-08-07","BULL",14893,4776,19669,,,,,FALSE,FALSE,FALSE
"2026-08-05","GFI",3,,"CALL",35,37.29,38,"2026-08-21","BULL",3735,5117,8852,-55,8797,-33000,5278200,FALSE,FALSE,FALSE
"2026-08-05","AEHR",10.75,,"PUT",100,98.78,100,"2026-08-14","BULL",-1022,2309,1287,,,,,FALSE,FALSE,FALSE
"2026-08-05","DIA",3.18,,"CALL",560,542.81,563.18,"2026-09-18","BULL",3389,4285,7674,-1984,5690,-123008,352780,FALSE,FALSE,FALSE
"2026-08-05","RIOT",0.84,,"CALL",25,21.5,25.84,"2026-08-21","BULL",12528,23274,35802,-10448,25354,-20896,50708,FALSE,FALSE,TRUE
"2026-08-05","ASTS",3.5,,"CALL",69,68.38,72.5,"2026-08-07","BULL",2915,1509,4424,,,,,FALSE,FALSE,FALSE
"2026-08-05","NVDA",0.66,,"CALL",235,219.22,235.66,"2026-08-14","BULL",14905,5181,20086,,,,,FALSE,FALSE,FALSE
"2026-08-05","SPCX",1.57,,"CALL",200,,201.57,"2026-10-16","BULL",5940,2836,8776,1854,10630,509850,2923250,TRUE,FALSE,FALSE
"2026-08-05","IBM",4.5,,"CALL",275,235.92,279.5,"2026-10-16","BULL",2014,453,2467,38,2505,9424,621240,FALSE,FALSE,TRUE
"2026-08-05","SPY",1.29,,"PUT",670,769.79,670,"2026-09-18","BULL",-6810,80102,73292,-610,72682,-54900,6541380,FALSE,FALSE,FALSE
"2026-08-05","TE",1.28,,"CALL",6,5.47,7.28,"2026-09-18","BULL",6636,2672,9308,3707,13015,77847,273315,FALSE,FALSE,TRUE
"2026-08-05","PLTR",1.12,,"CALL",167.5,158.43,168.62,"2026-08-14","BULL",7534,742,8276,,,,,FALSE,FALSE,FALSE
"2026-08-05","HUT",2.88,,"CALL",145,92.76,147.88,"2026-09-18","BULL",2781,1335,4116,-1527,2589,-103836,176052,FALSE,FALSE,TRUE
"2026-08-05","META",3.2,,"CALL",730,588.77,733.2,"2026-09-18","BULL",2480,1936,4416,112,4528,4704,190176,FALSE,FALSE,TRUE
"2026-08-05","BBAR",1.95,,"CALL",20,,21.95,"2027-01-15","BULL",4005,0,4005,6,4011,684,457254,FALSE,FALSE,FALSE
"2026-08-05","TTWO",1.55,,"CALL",290,234.91,291.55,"2026-08-21","BULL",4790,14563,19353,-468,18885,-7020,283275,FALSE,FALSE,TRUE
"2026-08-05","OXY",0.94,,"CALL",57,,57.94,"2026-08-14","BULL",7472,611,8083,,,,,FALSE,FALSE,FALSE
"2026-08-05","SPCX",3.3,,"CALL",125,,128.3,"2026-08-21","BULL",2122,7771,9893,2335,12228,4546245,23807916,TRUE,FALSE,FALSE
"2026-08-05","SPCX",1.3,,"CALL",115,,116.3,"2026-08-07","BULL",5231,10180,15411,,,,,FALSE,FALSE,FALSE
"2026-08-05","MO",1.36,,"CALL",77.5,,78.86,"2027-01-15","BULL",4852,7130,11982,2430,14412,138510,821484,FALSE,FALSE,FALSE
"2026-08-05","AKAM",3.2,,"CALL",135,,138.2,"2026-08-07","BULL",2054,166,2220,,,,,FALSE,FALSE,FALSE
"2026-08-05","SPCX",2.68,,"CALL",120,,122.68,"2026-08-14","BULL",2423,2790,5213,,,,,FALSE,FALSE,FALSE
"2026-08-05","WULF",0.12,,"CALL",26,18.07,26.12,"2026-08-21","BULL",53948,24644,78592,-1460,77132,-1460,77132,FALSE,FALSE,TRUE
"2026-08-05","QQQ",0.97,,"CALL",950,717.3,950.97,"2026-12-18","BULL",6575,15149,21724,225,21949,9900,965756,FALSE,FALSE,TRUE
"2026-08-05","DASH",3.2,,"CALL",250,207.27,253.2,"2026-09-18","BULL",1954,1173,3127,-90,3037,-20070,677251,FALSE,FALSE,TRUE
"2026-08-05","META",2.45,,"CALL",600,588.77,602.45,"2026-08-07","BULL",2543,4817,7360,,,,,FALSE,FALSE,FALSE
"2026-08-05","TSLA",1.34,,"CALL",325,321.55,326.34,"2026-08-07","BULL",4640,10042,14682,,,,,FALSE,FALSE,FALSE
"2026-08-05","LLY",4.79,,"CALL",1200,1169.86,1204.79,"2026-08-07","BULL",1267,558,1825,,,,,FALSE,FALSE,FALSE
"2026-08-05","EWG",1.2,,"CALL",44,43.64,45.2,"2026-10-16","BULL",4899,466,5365,409,5774,47853,675558,FALSE,FALSE,FALSE
"2026-08-05","ASTS",1.9,,"CALL",120,68.38,121.9,"2026-09-18","BULL",2993,2938,5931,-2544,3387,-63600,84675,FALSE,FALSE,TRUE
"2026-08-05","CMG",0.63,,"CALL",35,,35.63,"2026-08-21","BULL",8964,5445,14409,6766,21175,108256,338800,FALSE,FALSE,FALSE
"2026-08-05","DKNG",0.75,,"CALL",25,21.76,25.75,"2026-09-18","BULL",7463,5761,13224,-1524,11700,-227076,1743300,FALSE,FALSE,TRUE
"2026-08-05","FRVO",2.74,,"CALL",25,,27.74,"2026-09-18","BULL",2000,1308,3308,249,3557,12201,174293,FALSE,FALSE,FALSE
"2026-08-05","STRC",1.95,,"CALL",95,,96.95,"2026-09-18","BULL",2468,3624,6092,1360,7452,238000,1304100,FALSE,FALSE,FALSE
"2026-08-05","GOOG",0.7,,"CALL",365,360.13,365.7,"2026-08-07","BULL",6498,2048,8546,,,,,FALSE,FALSE,FALSE
"2026-08-05","PCG",0.1,,"CALL",25,17.2,25.1,"2026-09-18","BULL",43598,101367,144965,-34,144931,-238,1014517,FALSE,FALSE,TRUE
"2026-08-05","RYAM",0.41,,"CALL",10,9.67,10.41,"2026-09-18","BULL",10245,3198,13443,-381,13062,-5715,195930,FALSE,FALSE,TRUE
"2026-08-05","VST",0.9,,"CALL",165,140.58,165.9,"2026-08-21","BULL",4397,16345,20742,-5258,15484,-15774,46452,FALSE,FALSE,TRUE
"2026-08-05","ETSY",0.96,,"CALL",90,,90.96,"2026-08-21","BULL",3725,2409,6134,-59,6075,-767,78975,FALSE,FALSE,FALSE
"2026-08-05","KEEL",0.19,,"CALL",4.5,,4.69,"2026-08-21","BULL",18715,10095,28810,-125,28685,-125,28685,FALSE,FALSE,FALSE
"2026-08-05","DHT",0.45,,"CALL",19,17.87,19.45,"2026-08-21","BULL",7502,6988,14490,-857,13633,-38565,613485,FALSE,FALSE,TRUE
"2026-08-05","MSTR",0.32,,"CALL",102,98.37,102.32,"2026-08-07","BULL",9774,14197,23971,,,,,FALSE,FALSE,FALSE
"2026-08-05","HUT",1.54,,"CALL",120,92.76,121.54,"2026-08-21","BULL",2022,4874,6896,-3396,3500,-6792,7000,FALSE,FALSE,TRUE
"2026-08-05","RKT",0.3,,"CALL",18,13.86,18.3,"2026-10-16","BULL",10002,3558,13560,313,13873,5634,249714,FALSE,FALSE,TRUE
"2026-08-05","SPY",0.33,,"PUT",710,769.79,710,"2026-08-21","BULL",-8444,55716,47272,-651,46621,-3255,233105,FALSE,FALSE,FALSE
"2026-08-05","MSTR",0.22,,"CALL",103,98.37,103.22,"2026-08-07","BULL",12283,3737,16020,,,,,FALSE,FALSE,FALSE
"2026-08-05","ETN",0.6,,"PUT",310,447.28,310,"2026-09-18","BULL",-4496,8897,4401,-11,4390,-715,285350,FALSE,FALSE,FALSE
"2026-08-05","GERN",0.42,,"CALL",1.5,,1.92,"2027-01-15","BULL",6007,8602,14609,1570,16179,62800,647160,FALSE,FALSE,FALSE
"2026-08-05","SPCX",0.56,,"CALL",120,,120.56,"2026-08-07","BULL",4127,14072,18199,,,,,FALSE,FALSE,FALSE
"2026-08-05","CMG",0.25,,"CALL",40,,40.25,"2026-09-18","BULL",8950,13316,22266,2043,24309,22473,267399,FALSE,FALSE,FALSE
"2026-08-05","MU",0.4,,"CALL",1000,893.19,1000.4,"2026-08-07","BULL",5571,8636,14207,,,,,FALSE,FALSE,FALSE
"2026-08-05","META",0.92,,"CALL",610,588.77,610.92,"2026-08-07","BULL",2188,2721,4909,,,,,FALSE,FALSE,FALSE
"2026-08-05","VIAV",0.75,,"CALL",50,38.9,50.75,"2026-08-21","BULL",2680,1084,3764,-1159,2605,-5795,13025,FALSE,FALSE,TRUE
"2026-08-05","GLD",0.3,,"CALL",400,389.64,400.3,"2026-08-07","BULL",6033,3727,9760,,,,,FALSE,FALSE,FALSE
"2026-08-05","DRAM",0.35,,"CALL",55,,55.35,"2026-08-07","BULL",5039,12877,17916,,,,,FALSE,FALSE,FALSE
"2026-08-05","CLX",0.24,,"PUT",95,,95,"2026-08-21","BULL",-6752,10210,3458,129,3587,129,3587,FALSE,FALSE,FALSE
"2026-08-05","SPY",0.31,,"PUT",708,769.79,708,"2026-08-21","BULL",-5073,28250,23177,-33,23144,-132,92576,FALSE,FALSE,FALSE
"2026-08-05","JACK",1.52,,"CALL",20,18.42,21.52,"2026-09-18","BULL",1022,6185,7207,-699,6508,-41940,390480,FALSE,FALSE,TRUE
"2026-08-05","FLNC",0.2,,"CALL",20,14.23,20.2,"2026-08-21","BULL",7611,6316,13927,-3524,10403,-10572,31209,FALSE,FALSE,TRUE
"2026-08-05","SPY",0.19,,"CALL",950,769.79,950.19,"2026-12-18","BULL",7892,981,8873,2542,11415,27962,125565,FALSE,FALSE,TRUE
"2026-08-05","SNDK",1.3,,"CALL",1500,1350.5,1501.3,"2026-08-07","BULL",1100,2063,3163,,,,,FALSE,FALSE,FALSE
"2026-08-05","SPCX",0.25,,"CALL",125,,125.25,"2026-08-07","BULL",5719,10100,15819,,,,,FALSE,FALSE,FALSE
"2026-08-05","SPCX",0.2,,"CALL",127,,127.2,"2026-08-07","BULL",7046,1426,8472,,,,,FALSE,FALSE,FALSE
"2026-08-05","IBIT",0.12,,"CALL",37,36.74,37.12,"2026-08-07","BULL",10611,42378,52989,,,,,FALSE,FALSE,FALSE
"2026-08-05","GOOGL",0.32,,"CALL",370,362.43,370.32,"2026-08-07","BULL",3764,2116,5880,,,,,FALSE,FALSE,FALSE
"2026-08-05","VST",0.27,,"CALL",180,140.58,180.27,"2026-08-21","BULL",3946,14704,18650,-8203,10447,-49218,62682,FALSE,FALSE,TRUE
"2026-08-05","NVDA",0.08,,"CALL",230,219.22,230.08,"2026-08-07","BULL",13166,16819,29985,,,,,FALSE,FALSE,FALSE
"2026-08-05","NEOV",0.45,,"CALL",5,,5.45,"2026-11-20","BULL",2019,1083,3102,116,3218,6960,193080,FALSE,FALSE,FALSE
"2026-08-05","VTRS",0.15,,"PUT",16,,16,"2026-08-21","BULL",-5820,12297,6477,157,6634,1256,53072,FALSE,FALSE,FALSE
"2026-08-05","WDC",0.73,,"CALL",700,519.17,700.73,"2026-08-21","BULL",1171,721,1892,340,2232,1700,11160,FALSE,FALSE,TRUE
"2026-08-05","MAT",0.16,,"CALL",18,14.46,18.16,"2026-10-16","BULL",5339,633,5972,19,5991,190,59910,FALSE,FALSE,TRUE
"2026-08-05","PURR",0.2,,"CALL",8,,8.2,"2026-08-21","BULL",3816,10354,14170,-74,14096,-370,70480,FALSE,FALSE,FALSE
"2026-08-05","MSTR",0.17,,"CALL",104,98.37,104.17,"2026-08-07","BULL",4092,2919,7011,,,,,FALSE,FALSE,FALSE
"2026-08-05","EA",0.05,,"PUT",170,,170,"2026-08-21","BULL",-13822,13823,1,0,1,0,5,FALSE,FALSE,FALSE
"2026-08-05","GOOG",0.24,,"CALL",370,360.13,370.24,"2026-08-07","BULL",2749,3096,5845,,,,,FALSE,FALSE,FALSE
"2026-08-05","MU",0.23,,"PUT",440,893.19,440,"2026-08-21","BULL",-2281,3634,1353,1008,2361,1008,2361,FALSE,FALSE,FALSE
"2026-08-05","PURR",0.28,,"CALL",9,,9.28,"2026-09-18","BULL",1778,3084,4862,114,4976,2622,114448,FALSE,FALSE,FALSE
"2026-08-05","SNDK",0.35,,"CALL",1600,1350.5,1600.35,"2026-08-07","BULL",1398,1247,2645,,,,,FALSE,FALSE,FALSE
"2026-08-05","HONA",0.5,,"CALL",230,,230.5,"2026-09-18","BULL",853,694,1547,-59,1488,-885,22320,FALSE,FALSE,FALSE
"2026-08-05","SPCX",0.12,,"CALL",130,,130.12,"2026-08-07","BULL",2888,16093,18981,,,,,FALSE,FALSE,FALSE
"2026-08-05","SPCX",0.11,,"PUT",95,,95,"2026-08-07","BULL",-2355,33800,31445,,,,,FALSE,FALSE,FALSE
"2026-08-05","PRGO",0.05,,"PUT",10,,10,"2026-08-21","BULL",-5056,6848,1792,-16,1776,-160,17760,FALSE,FALSE,FALSE
"2026-08-05","FLNC",0.1,,"CALL",21,14.23,21.1,"2026-08-21","BULL",2357,3447,5804,-258,5546,-1806,38822,FALSE,FALSE,TRUE
"2026-08-05","SPCX",0.04,,"CALL",320,,320.04,"2026-08-14","BULL",5530,11183,16713,,,,,FALSE,FALSE,FALSE
"2026-08-05","QQQ",0.04,,"CALL",725,717.3,725.04,"2026-08-06","BULL",5512,1922,7434,,,,,FALSE,FALSE,FALSE
"2026-08-05","SPCX",0.05,,"PUT",90,,90,"2026-08-07","BULL",-3542,43238,39696,,,,,FALSE,FALSE,FALSE
"2026-08-05","SNDK",0.05,,"CALL",2000,1350.5,2000.05,"2026-08-07","BULL",3375,2744,6119,,,,,FALSE,FALSE,FALSE
"2026-08-05","SPY",0.03,,"CALL",774,769.79,774.03,"2026-08-06","BULL",5179,1595,6774,,,,,FALSE,FALSE,FALSE
"2026-08-05","SPY",0.01,,"CALL",780,769.79,780.01,"2026-08-06","BULL",14508,3756,18264,,,,,FALSE,FALSE,FALSE
"2026-08-05","SNDK",0.08,,"CALL",1800,1350.5,1800.08,"2026-08-07","BULL",1606,1902,3508,,,,,FALSE,FALSE,FALSE
"2026-08-05","CVX",0.04,,"CALL",202.5,,202.54,"2026-08-07","BULL",3209,2760,5969,,,,,FALSE,FALSE,FALSE
"2026-08-05","ARM",0.05,,"CALL",350,274.58,350.05,"2026-08-07","BULL",2268,1562,3830,,,,,FALSE,FALSE,FALSE
"2026-08-05","QQQ",0.01,,"CALL",730,717.3,730.01,"2026-08-06","BULL",10067,778,10845,,,,,FALSE,FALSE,FALSE
"2026-08-05","OPEN",0.01,,"CALL",4,3.76,4.01,"2026-08-07","BULL",9656,15662,25318,,,,,FALSE,FALSE,FALSE
"2026-08-05","DRAM",0.02,,"CALL",61,,61.02,"2026-08-07","BULL",4629,4006,8635,,,,,FALSE,FALSE,FALSE
"2026-08-05","RIOT",0.01,,"CALL",27,21.5,27.01,"2026-08-07","BULL",8590,3798,12388,,,,,FALSE,FALSE,FALSE
"2026-08-05","ALEC",0.16,,"CALL",2.5,,2.66,"2026-10-16","BULL",508,1336,1844,81,1925,2025,48125,FALSE,FALSE,FALSE
"2026-08-05","SPCX",0.01,,"CALL",330,,330.01,"2026-08-07","BULL",6899,558996,565895,,,,,FALSE,FALSE,FALSE
"2026-08-05","QQQ",0.01,,"CALL",740,717.3,740.01,"2026-08-06","BULL",6743,950,7693,,,,,FALSE,FALSE,FALSE
"2026-08-05","SPCH",0.12,,"CALL",6.5,,6.62,"2026-08-07","BULL",431,706,1137,,,,,FALSE,FALSE,FALSE
"2026-08-05","SPCX",0.01,,"CALL",325,,325.01,"2026-08-07","BULL",4698,3423,8121,,,,,FALSE,FALSE,FALSE
"2026-08-05","APP",0.02,,"CALL",500,417.8,500.02,"2026-08-07","BULL",2045,1193,3238,,,,,FALSE,FALSE,FALSE
"2026-08-05","WDC",0.01,,"CALL",900,519.17,900.01,"2026-08-07","BULL",2895,1553,4448,,,,,FALSE,FALSE,FALSE
"2026-08-05","HONA",0.07,,"CALL",230,,230.07,"2026-08-21","BULL",282,1449,1731,-8,1723,-40,8615,FALSE,FALSE,FALSE
"2026-08-05","ECG",1.35,,"CALL",160,,161.35,"2026-08-21","BULL",4,236,240,-4,236,-96,5664,FALSE,FALSE,FALSE
"2026-08-05","MSFT",37.75,,"CALL",460,487.46,460,"2026-08-21","BEAR",-51440,80856,29416,-2358,27058,-5109786,58634686,FALSE,FALSE,FALSE
"2026-08-05","GOOGL",15.33,,"CALL",375,362.43,375,"2026-10-16","BEAR",-53775,66176,12401,-229,12172,-144270,7668360,FALSE,FALSE,FALSE
"2026-08-05","GDX",4.1,,"PUT",75,83.68,70.9,"2026-12-18","BEAR",42339,10712,53051,304,53355,80256,14085720,FALSE,FALSE,FALSE
"2026-08-05","MSFT",21.38,,"CALL",510,487.46,510,"2026-10-16","BEAR",-8042,60801,52759,-26603,26156,-27534105,27071460,FALSE,FALSE,FALSE
"2026-08-05","SPCX",15.3,,"PUT",115,,99.7,"2026-09-18","BEAR",10600,10873,21473,3909,25382,625440,4061120,TRUE,FALSE,FALSE
"2026-08-05","GDX",3.65,,"PUT",75,83.68,71.35,"2026-11-20","BEAR",44410,4243,48653,103,48756,20600,9751200,FALSE,FALSE,FALSE
"2026-08-05","SPCX",12.4,,"PUT",110,,97.6,"2026-09-18","BEAR",13032,14075,27107,-10884,16223,-1186356,1768307,FALSE,FALSE,FALSE
"2026-08-05","XLI",2.67,,"PUT",170,,167.33,"2026-11-20","BEAR",60102,20141,80243,-33174,47069,-7497324,10637594,FALSE,FALSE,FALSE
"2026-08-05","SPY",10.1,,"PUT",760,769.79,749.9,"2026-09-18","BEAR",15131,11572,26703,6573,33276,5330703,26986836,TRUE,FALSE,FALSE
"2026-08-05","TSM",35.7,,"CALL",400,414,400,"2026-09-18","BEAR",-3936,11647,7711,118,7829,277300,18398150,FALSE,FALSE,FALSE
"2026-08-05","META",47.64,,"PUT",585,588.77,537.36,"2026-11-20","BEAR",2899,755,3654,3439,7093,21459360,44260320,TRUE,FALSE,FALSE
"2026-08-05","GDX",7.3,,"CALL",79,83.68,79,"2026-09-18","BEAR",-18817,30476,11659,-6466,5193,-7565220,6075810,FALSE,FALSE,FALSE
"2026-08-05","QQQ",24.66,,"CALL",690,717.3,690,"2026-08-07","BEAR",-5323,26975,21652,,,,,FALSE,FALSE,FALSE
"2026-08-05","SMH",27,,"CALL",600,569.7,600,"2026-09-18","BEAR",-3451,19628,16177,1957,18134,2279905,21126110,TRUE,FALSE,FALSE
"2026-08-05","SPY",7.12,,"PUT",670,769.79,662.88,"2026-12-18","BEAR",11986,13876,25862,1932,27794,1294440,18621980,TRUE,FALSE,FALSE
"2026-08-05","SOXX",7.87,,"PUT",490,530.7,482.13,"2026-08-21","BEAR",10229,2106,12335,-339,11996,-38985,1379540,FALSE,FALSE,FALSE
"2026-08-05","GLD",11.82,,"PUT",350,389.64,338.18,"2027-06-17","BEAR",6700,4685,11385,-1,11384,-987,11236008,FALSE,FALSE,FALSE
"2026-08-05","IWM",3.33,,"PUT",295,299.77,291.67,"2026-08-28","BEAR",23422,3343,26765,-4357,22408,-527197,2711368,FALSE,FALSE,FALSE
"2026-08-05","SNOW",16.95,,"PUT",160,316.84,143.05,"2028-01-21","BEAR",4391,723,5114,2,5116,2718,6952644,FALSE,FALSE,FALSE
"2026-08-05","SPCX",19.4,,"PUT",110,,90.6,"2026-12-18","BEAR",2990,15156,18146,6848,24994,4519680,16496040,TRUE,FALSE,FALSE
"2026-08-05","QQQ",11.48,,"PUT",715,717.3,703.52,"2026-08-21","BEAR",4948,7394,12342,-2073,10269,-735915,3645495,FALSE,FALSE,FALSE
"2026-08-05","KRE",2.22,,"PUT",75,,72.78,"2026-10-16","BEAR",24946,14670,39616,2380,41996,495040,8735168,FALSE,FALSE,FALSE
"2026-08-05","XLF",1.14,,"PUT",58,58,56.86,"2026-09-18","BEAR",48363,525,48888,42977,91865,3910907,8359715,TRUE,FALSE,FALSE
"2026-08-05","SOXL",18.95,,"CALL",130,132.07,130,"2026-08-21","BEAR",-2835,4335,1500,-26,1474,-10816,613184,FALSE,FALSE,FALSE
"2026-08-05","SPCX",3.24,,"PUT",110,,106.76,"2026-08-07","BEAR",15723,26159,41882,,,,,FALSE,FALSE,FALSE
"2026-08-05","SPY",4.41,,"PUT",730,769.79,725.59,"2026-09-18","BEAR",10770,24472,35242,4472,39714,1417624,12589338,TRUE,FALSE,FALSE
"2026-08-05","QQQ",9.45,,"PUT",700,717.3,690.55,"2026-08-31","BEAR",4962,4145,9107,7184,16291,2909520,6597855,TRUE,FALSE,FALSE
"2026-08-05","SPY",4.73,,"PUT",732,769.79,727.27,"2026-09-18","BEAR",9394,1219,10613,2161,12774,749867,4432578,TRUE,FALSE,FALSE
"2026-08-05","QQQ",8.69,,"PUT",715,717.3,706.31,"2026-08-14","BEAR",5033,1507,6540,,,,,FALSE,FALSE,FALSE
"2026-08-05","DRAM",8.53,,"PUT",50,,41.47,"2026-12-18","BEAR",5082,12889,17971,-919,17052,-535777,9941316,FALSE,FALSE,FALSE
"2026-08-05","IREN",7.24,,"PUT",35,38.89,27.76,"2026-12-18","BEAR",5579,14967,20546,614,21160,307000,10580000,FALSE,FALSE,FALSE
"2026-08-05","SHOP",2.2,,"PUT",110,144.24,107.8,"2026-10-16","BEAR",16551,1199,17750,15,17765,930,1101430,FALSE,FALSE,FALSE
"2026-08-05","KRE",1.05,,"CALL",78,,78,"2026-08-21","BEAR",-33392,62689,29297,-488,28809,-10248,604989,FALSE,FALSE,FALSE
"2026-08-05","SPCX",9.77,,"PUT",105,,95.23,"2026-09-18","BEAR",3502,8801,12303,-1846,10457,-140296,794732,FALSE,FALSE,FALSE
"2026-08-05","NOW",7.5,,"CALL",120,117.22,120,"2026-09-18","BEAR",-4457,15980,11523,-547,10976,-412438,8275904,FALSE,FALSE,FALSE
"2026-08-05","SPY",3.31,,"PUT",763,769.79,759.69,"2026-08-14","BEAR",9845,672,10517,,,,,FALSE,FALSE,FALSE
"2026-08-05","SPY",6.53,,"PUT",745,769.79,738.47,"2026-09-18","BEAR",4980,9274,14254,1976,16230,968240,7952700,TRUE,FALSE,FALSE
"2026-08-05","CG",2.15,,"CALL",50,49.84,50,"2026-09-18","BEAR",-14980,44086,29106,-847,28259,-123662,4125814,FALSE,FALSE,FALSE
"2026-08-05","SLV",4,,"PUT",50,56.07,46,"2027-03-19","BEAR",8002,5360,13362,222,13584,72150,4414800,FALSE,FALSE,FALSE
"2026-08-05","SPY",4.65,,"PUT",700,769.79,695.35,"2026-10-16","BEAR",6603,11461,18064,6626,24690,2537758,9456270,TRUE,FALSE,FALSE
"2026-08-05","SPCX",7.49,,"PUT",100,,92.51,"2026-09-18","BEAR",4069,19623,23692,1242,24934,67068,1346436,FALSE,FALSE,FALSE
"2026-08-05","SYK",30.5,,"CALL",330,,330,"2026-12-18","BEAR",-899,3574,2675,-983,1692,-2775992,4778208,FALSE,FALSE,FALSE
"2026-08-05","SHAK",10.07,,"PUT",65,74.33,54.93,"2027-06-17","BEAR",2694,0,2694,2,2696,1720,2318560,FALSE,FALSE,FALSE
"2026-08-05","SPCX",6.7,,"PUT",85,,78.3,"2026-11-20","BEAR",3796,1461,5257,3938,9195,574948,1342470,TRUE,FALSE,FALSE
"2026-08-05","SPCX",6.11,,"PUT",110,,103.89,"2026-08-14","BEAR",4123,6122,10245,,,,,FALSE,FALSE,FALSE
"2026-08-05","TSLA",3.8,,"PUT",320,321.55,316.2,"2026-08-07","BEAR",6590,3034,9624,,,,,FALSE,FALSE,FALSE
"2026-08-05","SPCX",3.75,,"PUT",105,,101.25,"2026-08-14","BEAR",6674,4588,11262,,,,,FALSE,FALSE,FALSE
"2026-08-05","QQQ",3.69,,"PUT",718,717.3,714.31,"2026-08-06","BEAR",6402,554,6956,,,,,FALSE,FALSE,FALSE
"2026-08-05","HNGE",8.5,,"PUT",85,80.79,76.5,"2026-09-18","BEAR",2776,4233,7009,13,7022,4810,2598140,FALSE,FALSE,FALSE
"2026-08-05","SPY",4.1,,"PUT",750,769.79,745.9,"2026-08-31","BEAR",5748,11352,17100,-2680,14420,-498480,2682120,FALSE,FALSE,FALSE
"2026-08-05","SPCX",0.75,,"PUT",70,,69.25,"2026-09-18","BEAR",30395,5805,36200,13054,49254,104432,394032,FALSE,FALSE,FALSE
"2026-08-05","SPCX",1.21,,"PUT",105,,103.79,"2026-08-07","BEAR",18815,20812,39627,,,,,FALSE,FALSE,FALSE
"2026-08-05","PG",2.36,,"PUT",140,146.8,137.64,"2026-10-16","BEAR",9299,1538,10837,294,11131,75264,2849536,FALSE,FALSE,FALSE
"2026-08-05","BKNG",8.7,,"CALL",200,,200,"2026-08-07","BEAR",-2360,5695,3335,,,,,FALSE,FALSE,FALSE
"2026-08-05","CCJ",4.79,,"CALL",100,94.27,100,"2026-09-18","BEAR",-4205,13470,9265,-972,8293,-271188,2313747,FALSE,FALSE,FALSE
"2026-08-05","BSX",2.85,,"CALL",60,47.74,60,"2027-01-15","BEAR",-7026,22703,15677,1054,16731,284580,4517370,FALSE,FALSE,FALSE
"2026-08-05","AZN",10.92,,"CALL",150,161.5,150,"2026-08-21","BEAR",-1694,2596,902,-713,189,-716565,189945,FALSE,FALSE,FALSE
"2026-08-05","AMD",2.88,,"PUT",340,482.05,337.12,"2026-09-18","BEAR",6333,5058,11391,-102,11289,-11118,1230501,FALSE,FALSE,FALSE
"2026-08-05","BE",7.04,,"CALL",300,234.33,300,"2026-08-21","BEAR",-2546,10410,7864,1272,9136,2544,18272,FALSE,FALSE,FALSE
"2026-08-05","GOOGL",4.75,,"PUT",330,362.43,325.25,"2026-09-18","BEAR",3676,5783,9459,674,10133,350480,5269160,FALSE,FALSE,FALSE
"2026-08-05","MSTR",3.3,,"CALL",94,98.37,94,"2026-08-07","BEAR",-5132,14577,9445,,,,,FALSE,FALSE,FALSE
"2026-08-05","LRCX",5.71,,"CALL",355,307.42,355,"2026-08-21","BEAR",-2849,3498,649,1946,2595,163464,217980,FALSE,FALSE,FALSE
"2026-08-05","EWY",3.48,,"PUT",150,169.14,146.52,"2026-08-21","BEAR",4471,12762,17233,20426,37659,204260,376590,FALSE,FALSE,FALSE
"2026-08-05","AMD",3.35,,"PUT",350,482.05,346.65,"2026-09-18","BEAR",4388,3926,8314,13,8327,1755,1124145,FALSE,FALSE,FALSE
"2026-08-05","SEI",2.6,,"PUT",55,,52.4,"2026-08-21","BEAR",5406,569,5975,-3734,2241,-201636,121014,FALSE,FALSE,FALSE
"2026-08-05","SPY",1.01,,"PUT",750,769.79,748.99,"2026-08-14","BEAR",13638,13219,26857,,,,,FALSE,FALSE,FALSE
"2026-08-05","SPY",1.29,,"PUT",720,769.79,718.71,"2026-08-31","BEAR",10459,20476,30935,-526,30409,-24196,1398814,FALSE,FALSE,FALSE
"2026-08-05","EWY",0.35,,"PUT",120,169.14,119.65,"2026-08-21","BEAR",38335,5734,44069,10543,54612,21086,109224,FALSE,FALSE,FALSE
"2026-08-05","AAPL",1.96,,"PUT",310,311,308.04,"2026-08-07","BEAR",6773,2048,8821,,,,,FALSE,FALSE,FALSE
"2026-08-05","COHR",15.5,,"PUT",270,328.22,254.5,"2026-09-18","BEAR",847,848,1695,-369,1326,-400734,1440036,FALSE,FALSE,FALSE
"2026-08-05","LCID",1.27,,"PUT",3,6.7,1.73,"2027-12-17","BEAR",9563,7668,17231,-64,17167,-7424,1991372,FALSE,FALSE,FALSE
"2026-08-05","SPY",1.93,,"CALL",1095,769.79,1095,"2027-12-17","BEAR",-6141,22052,15911,-1237,14674,-185550,2201100,FALSE,FALSE,FALSE
"2026-08-05","NOW",3.62,,"CALL",120,117.22,120,"2026-08-21","BEAR",-3236,16956,13720,-1380,12340,-407100,3640300,FALSE,FALSE,FALSE
"2026-08-05","SPCX",0.35,,"PUT",100,,99.65,"2026-08-07","BEAR",31961,50158,82119,,,,,FALSE,FALSE,FALSE
"2026-08-05","SPY",1.95,,"PUT",770,769.79,768.05,"2026-08-06","BEAR",5452,3964,9416,,,,,FALSE,FALSE,FALSE
"2026-08-05","SPY",1.82,,"PUT",767,769.79,765.18,"2026-08-07","BEAR",5682,4967,10649,,,,,FALSE,FALSE,FALSE
"2026-08-05","GLXY",1.34,,"CALL",19,19.065,19,"2026-08-14","BEAR",-7360,7394,34,,,,,FALSE,FALSE,FALSE
"2026-08-05","SPY",1.63,,"CALL",1100,769.79,1100,"2027-12-17","BEAR",-5863,23316,17453,-556,16897,-92852,2821799,FALSE,FALSE,FALSE
"2026-08-05","SPCX",3.84,,"PUT",111,,107.16,"2026-08-07","BEAR",2232,2528,4760,,,,,FALSE,FALSE,FALSE
"2026-08-05","AMD",2.32,,"PUT",340,482.05,337.68,"2026-09-11","BEAR",3512,807,4319,2,4321,104,224692,FALSE,FALSE,FALSE
"2026-08-05","SPY",0.94,,"PUT",650,769.79,649.06,"2026-09-18","BEAR",7978,68065,76043,17443,93486,1116352,5983104,TRUE,FALSE,FALSE
"2026-08-05","XPEV",0.8,,"CALL",13,11.75,13,"2026-10-16","BEAR",-9355,40492,31137,6727,37864,443982,2499024,FALSE,FALSE,FALSE
"2026-08-05","LLY",6,,"PUT",1000,1169.86,994,"2026-09-18","BEAR",1168,1548,2716,-516,2200,-72240,308000,FALSE,FALSE,FALSE
"2026-08-05","RDDT",4,,"PUT",120,155.26,116,"2026-10-16","BEAR",1709,971,2680,-123,2557,-19557,406563,FALSE,FALSE,FALSE
"2026-08-05","AG",1.17,,"CALL",17,17.61,17,"2026-08-21","BEAR",-5574,16515,10941,-2183,8758,-386391,1550166,FALSE,FALSE,FALSE
"2026-08-05","TENX",4.9,,"PUT",12.5,,7.6,"2026-08-21","BEAR",1324,1665,2989,-2637,352,-2795220,373120,FALSE,FALSE,FALSE
"2026-08-05","FLR",1.55,,"CALL",55,50.42,55,"2026-08-21","BEAR",-4010,10410,6400,-2168,4232,-162600,317400,FALSE,FALSE,FALSE
"2026-08-05","SPCX",2.07,,"PUT",100,,97.93,"2026-08-14","BEAR",2992,11528,14520,,,,,FALSE,FALSE,FALSE
"2026-08-05","TMDX",2,,"CALL",100,76.49,100,"2026-10-16","BEAR",-2869,5723,2854,155,3009,75950,1474410,FALSE,FALSE,FALSE
"2026-08-05","CHAT",7,,"CALL",86,,86,"2026-08-21","BEAR",-818,965,147,0,147,0,48951,FALSE,FALSE,FALSE
"2026-08-05","C",1.25,,"CALL",140,137.64,140,"2026-08-21","BEAR",-4539,16922,12383,922,13305,55320,798300,FALSE,FALSE,FALSE
"2026-08-05","MSTR",1.02,,"CALL",98.5,98.37,98.5,"2026-08-07","BEAR",-5533,12530,6997,,,,,FALSE,FALSE,FALSE
"2026-08-05","SPCX",1.85,,"PUT",107,,105.15,"2026-08-07","BEAR",2944,2208,5152,,,,,FALSE,FALSE,FALSE
"2026-08-05","SPY",0.43,,"PUT",760,769.79,759.57,"2026-08-07","BEAR",12536,11741,24277,,,,,FALSE,FALSE,FALSE
"2026-08-05","SPY",0.49,,"CALL",795,769.79,795,"2026-08-21","BEAR",-10868,21607,10739,-323,10416,-646,20832,FALSE,FALSE,FALSE
"2026-08-05","STUB",0.66,,"CALL",8.5,9.12,8.5,"2026-08-07","BEAR",-8000,15386,7386,,,,,FALSE,FALSE,FALSE
"2026-08-05","AZN",3.63,,"CALL",160,161.5,160,"2026-08-21","BEAR",-1432,4210,2778,0,2778,0,466704,FALSE,FALSE,FALSE
"2026-08-05","ALK",2.43,,"CALL",55,52.05,55,"2026-09-18","BEAR",-2136,5874,3738,84,3822,1008,45864,FALSE,FALSE,FALSE
"2026-08-05","SOXL",1.91,,"PUT",100,132.07,98.09,"2026-08-14","BEAR",2596,1830,4426,,,,,FALSE,FALSE,FALSE
"2026-08-05","OKLO",1.93,,"PUT",35,42.99,33.07,"2026-09-18","BEAR",2506,5710,8216,351,8567,34749,848133,FALSE,FALSE,FALSE
"2026-08-05","SMH",1.37,,"PUT",555,569.7,553.63,"2026-08-07","BEAR",3499,293,3792,,,,,FALSE,FALSE,FALSE
"2026-08-05","SHAK",1.43,,"CALL",70,74.33,70,"2026-08-07","BEAR",-3342,4943,1601,,,,,FALSE,FALSE,FALSE
"2026-08-05","QQQ",0.63,,"PUT",700,717.3,699.37,"2026-08-07","BEAR",7106,24652,31758,,,,,FALSE,FALSE,FALSE
"2026-08-05","UBER",0.28,,"PUT",60,68.18,59.72,"2026-09-18","BEAR",15895,9706,25601,-196,25405,-1176,152430,FALSE,FALSE,FALSE
"2026-08-05","KEEL",0.43,,"PUT",4,,3.57,"2026-08-21","BEAR",9919,2350,12269,179,12448,9308,647296,FALSE,FALSE,FALSE
"2026-08-05","GIS",0.9,,"PUT",35,,34.1,"2026-09-18","BEAR",4333,3088,7421,5480,12901,142480,335426,FALSE,FALSE,FALSE
"2026-08-05","AMGN",4.15,,"CALL",440,407.83,440,"2026-09-18","BEAR",-895,9349,8454,-12,8442,-7560,5318460,FALSE,FALSE,FALSE
"2026-08-05","RIO",1.28,,"PUT",90,101.51,88.72,"2026-09-18","BEAR",2803,1568,4371,137,4508,12330,405720,FALSE,FALSE,FALSE
"2026-08-05","HAWK",4.2,,"CALL",25,,25,"2026-11-20","BEAR",-846,3176,2330,5,2335,1375,642125,FALSE,FALSE,FALSE
"2026-08-05","VTRS",0.5,,"PUT",17,,16.5,"2026-08-21","BEAR",6219,6102,12321,-7392,4929,-569184,379533,FALSE,FALSE,FALSE
"2026-08-05","EQX",0.28,,"PUT",10,10.32,9.72,"2026-08-21","BEAR",10040,2569,12609,-3185,9424,-9555,28272,FALSE,FALSE,FALSE
"2026-08-05","GOOGL",0.6,,"PUT",320,362.43,319.4,"2026-08-21","BEAR",4557,14821,19378,-7022,12356,-77242,135916,FALSE,FALSE,FALSE
"2026-08-05","SPCX",0.6,,"CALL",160,,160,"2026-08-21","BEAR",-4411,38755,34344,16307,50651,635973,1975389,TRUE,FALSE,FALSE
"2026-08-05","LLY",2.28,,"CALL",1340,1169.86,1340,"2026-08-21","BEAR",-997,2528,1531,128,1659,896,11613,FALSE,FALSE,FALSE
"2026-08-05","CIFR",0.42,,"CALL",25,18.71,25,"2026-08-21","BEAR",-5111,19738,14627,3299,17926,3299,17926,FALSE,FALSE,FALSE
"2026-08-05","NVDL",1.23,,"CALL",34,34.95,34,"2026-08-07","BEAR",-1738,5465,3727,,,,,FALSE,FALSE,FALSE
"2026-08-05","TE",0.7,,"CALL",8,5.47,8,"2026-09-18","BEAR",-3020,13671,10651,2315,12966,16205,90762,FALSE,FALSE,FALSE
"2026-08-05","SPY",0.16,,"PUT",410,769.79,409.84,"2026-10-16","BEAR",12969,356,13325,181,13506,2172,162072,FALSE,FALSE,FALSE
"2026-08-05","PRGO",0.4,,"PUT",10,,9.6,"2026-11-20","BEAR",5046,673,5719,48,5767,1632,196078,FALSE,FALSE,FALSE
"2026-08-05","XYZ",0.3,,"PUT",70,84.2,69.7,"2026-08-21","BEAR",6368,2093,8461,-4914,3547,-4914,3547,FALSE,FALSE,FALSE
"2026-08-05","SPCX",0.5,,"PUT",90,,89.5,"2026-08-14","BEAR",3507,19032,22539,,,,,FALSE,FALSE,FALSE
"2026-08-05","BE",0.83,,"PUT",100,234.33,99.17,"2026-09-18","BEAR",2079,1498,3577,-20,3557,-240,42684,FALSE,FALSE,FALSE
"2026-08-05","GOOG",0.42,,"PUT",315,360.13,314.58,"2026-08-21","BEAR",2874,5576,8450,-361,8089,-2888,64712,FALSE,FALSE,FALSE
"2026-08-05","KD",0.18,,"PUT",12,,11.82,"2026-08-21","BEAR",6684,10937,17621,911,18532,11843,240916,FALSE,FALSE,FALSE
"2026-08-05","SPY",0.18,,"PUT",765,769.79,764.82,"2026-08-06","BEAR",6608,2793,9401,,,,,FALSE,FALSE,FALSE
"2026-08-05","TOST",0.4,,"CALL",35,34.8,35,"2026-08-07","BEAR",-2893,10459,7566,,,,,FALSE,FALSE,FALSE
"2026-08-05","HAWK",1.25,,"CALL",40,,40,"2026-11-20","BEAR",-908,3033,2125,0,2125,0,265625,FALSE,FALSE,FALSE
"2026-08-05","XE",0.9,,"CALL",35,,35,"2026-10-16","BEAR",-1188,9221,8033,-1458,6575,-29160,131500,FALSE,FALSE,FALSE
"2026-08-05","NRG",0.47,,"CALL",125,120.73,125,"2026-08-07","BEAR",-2269,7545,5276,,,,,FALSE,FALSE,FALSE
"2026-08-05","SKHY",0.5,,"PUT",130,,129.5,"2026-08-07","BEAR",2115,3721,5836,,,,,FALSE,FALSE,FALSE
"2026-08-05","TENX",1.25,,"PUT",5,,3.75,"2026-08-21","BEAR",806,3319,4125,-647,3478,-218686,1175564,FALSE,FALSE,FALSE
"2026-08-05","FRVO",0.75,,"CALL",30,,30,"2026-08-21","BEAR",-1211,2238,1027,26,1053,130,5265,FALSE,FALSE,FALSE
"2026-08-05","QQQ",0.18,,"PUT",708,717.3,707.82,"2026-08-06","BEAR",4920,532,5452,,,,,FALSE,FALSE,FALSE
"2026-08-05","TENB",0.57,,"PUT",31,36,30.43,"2026-08-21","BEAR",1456,2828,4284,-2778,1506,-13890,7530,FALSE,FALSE,FALSE
"2026-08-05","SMH",0.08,,"PUT",400,569.7,399.92,"2026-08-14","BEAR",9471,2523,11994,,,,,FALSE,FALSE,FALSE
"2026-08-05","SPCX",0.27,,"PUT",99,,98.73,"2026-08-07","BEAR",2761,1995,4756,,,,,FALSE,FALSE,FALSE
"2026-08-05","ZETA",0.1,,"CALL",27,27.07,27,"2026-08-07","BEAR",-7402,13155,5753,,,,,FALSE,FALSE,FALSE
"2026-08-05","SPY",0.02,,"PUT",721,769.79,720.98,"2026-08-07","BEAR",33506,25941,59447,,,,,FALSE,FALSE,FALSE
"2026-08-05","MU",0.13,,"PUT",550,893.19,549.87,"2026-08-14","BEAR",5133,764,5897,,,,,FALSE,FALSE,FALSE
"2026-08-05","FIG",0.12,,"PUT",22,,21.88,"2026-08-07","BEAR",5092,6324,11416,,,,,FALSE,FALSE,FALSE
"2026-08-05","SPCX",0.14,,"CALL",225,,225,"2026-08-21","BEAR",-4083,10745,6662,174,6836,522,20508,FALSE,FALSE,FALSE
"2026-08-05","SNDK",0.5,,"PUT",1000,1350.5,999.5,"2026-08-07","BEAR",1138,3183,4321,,,,,FALSE,FALSE,FALSE
"2026-08-05","SPY",0.02,,"PUT",720,769.79,719.98,"2026-08-07","BEAR",25264,71089,96353,,,,,FALSE,FALSE,FALSE
"2026-08-05","CHYM",0.1,,"PUT",22.5,25.92,22.4,"2026-08-21","BEAR",4515,1283,5798,13,5811,52,23244,FALSE,FALSE,FALSE
"2026-08-05","SPCX",0.2,,"PUT",98,,97.8,"2026-08-07","BEAR",2232,3313,5545,,,,,FALSE,FALSE,FALSE
"2026-08-05","SPY",0.03,,"PUT",760,769.79,759.97,"2026-08-06","BEAR",11386,5069,16455,,,,,FALSE,FALSE,FALSE
"2026-08-05","XLK",0.02,,"PUT",130,185.91,129.98,"2026-08-07","BEAR",12049,24297,36346,,,,,FALSE,FALSE,FALSE
"2026-08-05","SPY",0.04,,"PUT",400,769.79,399.96,"2026-09-18","BEAR",4987,18599,23586,430,24016,860,48032,FALSE,FALSE,FALSE
"2026-08-05","ZTS",0.09,,"PUT",65,74.39,64.91,"2026-08-21","BEAR",1870,3174,5044,-1177,3867,-47080,154680,FALSE,FALSE,FALSE
"2026-08-05","SPY",0.03,,"PUT",759,769.79,758.97,"2026-08-06","BEAR",5010,2344,7354,,,,,FALSE,FALSE,FALSE
"2026-08-05","SPY",0.02,,"PUT",711,769.79,710.98,"2026-08-07","BEAR",7293,6359,13652,,,,,FALSE,FALSE,FALSE
"2026-08-05","SPCX",0.03,,"CALL",152.5,,152.5,"2026-08-07","BEAR",-4652,10799,6147,,,,,FALSE,FALSE,FALSE
"2026-08-05","QQQ",0.02,,"PUT",695,717.3,694.98,"2026-08-06","BEAR",5124,1575,6699,,,,,FALSE,FALSE,FALSE
"2026-08-05","SQQQ",0.04,,"CALL",42.5,38.29,42.5,"2026-08-07","BEAR",-2289,10426,8137,,,,,FALSE,FALSE,FALSE
"2026-08-05","FIG",0.02,,"PUT",20,,19.98,"2026-08-07","BEAR",2955,3647,6602,,,,,FALSE,FALSE,FALSE
"2026-08-05","INOD",0.05,,"PUT",30,69.37,29.95,"2026-08-21","BEAR",1064,17552,18616,2,18618,10,93090,FALSE,FALSE,FALSE
"2026-08-05","ESCA",0.6,,"CALL",22.5,,22.5,"2026-08-21","BEAR",-88,813,725,-145,580,-725,2900,FALSE,FALSE,FALSE
"2026-08-05","SPY",0.01,,"PUT",722,769.79,721.99,"2026-08-06","BEAR",5050,1738,6788,,,,,FALSE,FALSE,FALSE
"2026-08-05","SPCX",0.02,,"CALL",150,,150,"2026-08-07","BEAR",-2115,32959,30844,,,,,FALSE,FALSE,FALSE
"2026-08-05","MYE",0.35,,"CALL",40,,40,"2026-08-21","BEAR",-37,776,739,22,761,22,761,FALSE,FALSE,FALSE
"2026-08-06","GLD",8.81,,"CALL",410,389.67,418.81,"2026-09-18","BULL",57197,14868,72065,-32059,40006,-21960415,27404110,FALSE,FALSE,TRUE
"2026-08-06","MSFT",11.13,,"CALL",525,499.86,536.13,"2026-09-18","BULL",29545,1914,31459,29099,60558,6692770,13928340,TRUE,FALSE,TRUE
"2026-08-06","TSM",9.8,,"CALL",560,418.2,569.8,"2026-12-18","BULL",32225,4383,36608,670,37278,368500,20502900,FALSE,FALSE,TRUE
"2026-08-06","TSM",19.75,,"CALL",500,418.2,519.75,"2026-12-18","BULL",14583,8538,23121,2662,25783,3319514,32151401,TRUE,FALSE,TRUE
"2026-08-06","GLD",4.15,,"CALL",430,389.67,434.15,"2026-09-18","BULL",57130,7075,64205,-98,64107,-23324,15257466,FALSE,FALSE,TRUE
"2026-08-06","META",60.98,,"CALL",585,589.9,645.98,"2026-11-20","BULL",3221,3116,6337,82,6419,277570,21728315,FALSE,FALSE,FALSE
"2026-08-06","IGV",9.6,,"CALL",100,99.42,109.6,"2026-11-20","BULL",20014,1750,21764,-55,21709,-47575,18778285,FALSE,FALSE,TRUE
"2026-08-06","SPY",6.76,,"CALL",790,768.56,796.76,"2026-09-18","BULL",26298,14051,40349,6486,46835,1971744,14237840,TRUE,FALSE,FALSE
"2026-08-06","EWZ",3.25,,"CALL",35,35.81,38.25,"2026-12-18","BULL",51575,54540,106115,-1426,104689,-310868,22822202,FALSE,FALSE,FALSE
"2026-08-06","TEAM",16,,"CALL",140,110.17,156,"2026-09-18","BULL",9172,356,9528,-8115,1413,-23695800,4125960,FALSE,FALSE,TRUE
"2026-08-06","SPCX",12.75,,"CALL",120,,132.75,"2026-08-14","BULL",9082,5213,14295,,,,,FALSE,FALSE,FALSE
"2026-08-06","ADBE",32.37,,"CALL",260,260.24,292.37,"2026-11-20","BULL",2811,937,3748,6,3754,17340,10849060,FALSE,FALSE,FALSE
"2026-08-06","SPCX",9.76,,"CALL",120,,129.76,"2026-08-07","BULL",8525,18199,26724,,,,,FALSE,FALSE,FALSE
"2026-08-06","SPCX",14.9,,"CALL",115,,129.9,"2026-08-07","BULL",5458,15411,20869,,,,,FALSE,FALSE,FALSE
"2026-08-06","AAPL",10.45,,"PUT",325,312.41,325,"2026-08-07","BULL",-7455,8721,1266,,,,,FALSE,FALSE,FALSE
"2026-08-06","IGV",4,,"CALL",100,99.42,104,"2026-08-21","BULL",19431,19308,38739,692,39431,207600,11829300,FALSE,FALSE,FALSE
"2026-08-06","META",11.2,,"CALL",650,589.9,661.2,"2026-09-18","BULL",6702,6851,13553,-592,12961,-113072,2475551,FALSE,FALSE,TRUE
"2026-08-06","MSFT",2.5,,"CALL",570,499.86,572.5,"2026-09-18","BULL",29486,1897,31383,28543,59926,856290,1797780,TRUE,FALSE,TRUE
"2026-08-06","SPCX",20.66,,"CALL",110,,130.66,"2026-08-14","BULL",3515,4633,8148,,,,,FALSE,FALSE,FALSE
"2026-08-06","SKHY",48.4,,"CALL",200,,248.4,"2028-06-16","BULL",1500,959,2459,4893,7352,27302940,41024160,TRUE,FALSE,FALSE
"2026-08-06","SPCX",9.3,,"CALL",130,,139.3,"2026-08-21","BULL",7634,11292,18926,-3073,15853,-4394390,22669790,FALSE,FALSE,FALSE
"2026-08-06","SPCX",21.8,,"CALL",110,,131.8,"2026-08-21","BULL",3241,1779,5020,-831,4189,-2987445,15059455,FALSE,FALSE,FALSE
"2026-08-06","SAP",14.79,,"CALL",200,,214.79,"2026-09-18","BULL",4588,2172,6760,-80,6680,-136800,11422800,FALSE,FALSE,FALSE
"2026-08-06","SPY",6.58,,"CALL",780,768.56,786.58,"2026-08-31","BULL",9698,17053,26751,-9792,16959,-1880064,3256128,FALSE,FALSE,FALSE
"2026-08-06","MSFT",16.1,,"CALL",530,499.86,546.1,"2026-10-16","BULL",3950,1406,5356,-49,5307,-28322,3067446,FALSE,FALSE,TRUE
"2026-08-06","CELH",1.25,,"CALL",65,,66.25,"2027-09-17","BULL",49989,243,50232,32,50264,5760,9047520,FALSE,FALSE,FALSE
"2026-08-06","CVNA",8.5,,"CALL",80,68.34,88.5,"2026-12-18","BULL",6666,5230,11896,-2540,9356,-1206500,4444100,FALSE,FALSE,TRUE
"2026-08-06","DKNG",1.18,,"CALL",30,22.17,31.18,"2026-11-20","BULL",43835,38799,82634,26552,109186,3026928,12447204,TRUE,FALSE,TRUE
"2026-08-06","SPCX",14.52,,"CALL",120,,134.52,"2026-08-21","BULL",3422,17900,21322,-3623,17699,-8727807,42636891,FALSE,FALSE,FALSE
"2026-08-06","DOCS",6,,"CALL",22.5,20.66,28.5,"2026-08-21","BULL",8021,11089,19110,-9694,9416,-2481664,2410496,FALSE,FALSE,TRUE
"2026-08-06","CAT",50.45,,"PUT",920,856.96,920,"2026-08-07","BULL",-932,937,5,,,,,FALSE,FALSE,FALSE
"2026-08-06","MSTR",4.1,,"CALL",101,96.85,105.1,"2026-08-14","BULL",11058,813,11871,,,,,FALSE,FALSE,FALSE
"2026-08-06","AXON",63,,"CALL",600,522.46,663,"2026-12-18","BULL",719,987,1706,-815,891,-7824000,8553600,FALSE,FALSE,TRUE
"2026-08-06","MU",20,,"PUT",800,881.47,800,"2026-08-21","BULL",-2257,10633,8376,-1036,7340,-77700,550500,FALSE,FALSE,FALSE
"2026-08-06","AMZN",6.3,,"CALL",275,272.26,281.3,"2026-08-14","BULL",6648,6264,12912,,,,,FALSE,FALSE,FALSE
"2026-08-06","TSLA",7.8,,"CALL",320,319.53,327.8,"2026-08-07","BULL",5295,8413,13708,,,,,FALSE,FALSE,FALSE
"2026-08-06","SPCX",8.05,,"CALL",200,,208.05,"2026-12-18","BULL",5028,8223,13251,4437,17688,3549600,14150400,TRUE,FALSE,FALSE
"2026-08-06","TSLA",8.54,,"CALL",325,319.53,333.54,"2026-08-14","BULL",4554,3419,7973,,,,,FALSE,FALSE,FALSE
"2026-08-06","SPCX",17.2,,"CALL",125,,142.2,"2026-09-18","BULL",2216,4604,6820,-2647,4173,-6313095,9952605,FALSE,FALSE,FALSE
"2026-08-06","DRAM",7.55,,"CALL",55,,62.55,"2026-12-18","BULL",4785,4012,8797,3902,12699,3804450,12381525,TRUE,FALSE,FALSE
"2026-08-06","NVDA",2.62,,"CALL",220,218.99,222.62,"2026-08-07","BULL",13501,55069,68570,,,,,FALSE,FALSE,FALSE
"2026-08-06","PDD",3.6,,"CALL",95,,98.6,"2026-09-18","BULL",9790,7089,16879,1947,18826,288156,2786248,FALSE,FALSE,FALSE
"2026-08-06","RKLB",6.56,,"CALL",80,75.67,86.56,"2026-08-14","BULL",4807,2048,6855,,,,,FALSE,FALSE,FALSE
"2026-08-06","SPCX",9.45,,"CALL",125,,134.45,"2026-08-14","BULL",3216,2552,5768,,,,,FALSE,FALSE,FALSE
"2026-08-06","COHR",35.1,,"CALL",380,334.22,415.1,"2026-08-21","BULL",823,1531,2354,408,2762,9384,63526,FALSE,FALSE,TRUE
"2026-08-06","XLE",1.65,,"CALL",60,,61.65,"2026-10-16","BULL",17391,11759,29150,47,29197,22231,13810181,FALSE,FALSE,FALSE
"2026-08-06","AAOI",17.7,,"CALL",150,124.22,167.7,"2026-09-18","BULL",1577,1214,2791,-1247,1544,-1483930,1837360,FALSE,FALSE,TRUE
"2026-08-06","SPCX",6.83,,"CALL",130,,136.83,"2026-08-14","BULL",3819,7073,10892,,,,,FALSE,FALSE,FALSE
"2026-08-06","XME",6.2,,"CALL",120,,126.2,"2026-10-16","BULL",4001,339,4340,773,5113,378770,2505370,FALSE,FALSE,FALSE
"2026-08-06","META",11.1,,"CALL",1450,589.9,1461.1,"2027-12-17","BULL",2201,81,2282,-1665,617,-1290375,478175,FALSE,FALSE,TRUE
"2026-08-06","SPCX",7.5,,"CALL",135,,142.5,"2026-08-21","BULL",3201,17984,21185,-3325,17860,-3408125,18306500,FALSE,FALSE,FALSE
"2026-08-06","DRAM",2.45,,"CALL",80,,82.45,"2026-12-18","BULL",9359,4165,13524,1520,15044,463600,4588420,FALSE,FALSE,FALSE
"2026-08-06","SPCX",5.63,,"PUT",110,,110,"2026-09-18","BULL",-3822,27107,23285,-7062,16223,-769758,1768307,FALSE,FALSE,FALSE
"2026-08-06","SMCI",2.02,,"CALL",31,29.38,33.02,"2026-08-14","BULL",10325,2336,12661,,,,,FALSE,FALSE,FALSE
"2026-08-06","VST",1.33,,"CALL",155,141.38,156.33,"2026-08-21","BULL",14703,1244,15947,-7329,8618,-51303,60326,FALSE,FALSE,TRUE
"2026-08-06","WBD",0.6,,"CALL",28,26.4,28.6,"2026-10-16","BULL",32286,10702,42988,3048,46036,381000,5754500,FALSE,FALSE,TRUE
"2026-08-06","SPY",2.49,,"CALL",770,768.56,772.49,"2026-08-07","BULL",7048,10888,17936,,,,,FALSE,FALSE,FALSE
"2026-08-06","SMR",3.74,,"PUT",13,9.47,13,"2026-08-07","BULL",-4523,5257,734,,,,,FALSE,FALSE,FALSE
"2026-08-06","UTHR",1.73,,"CALL",580,532.94,581.73,"2026-08-21","BULL",9591,255,9846,-6296,3550,-787000,443750,FALSE,FALSE,TRUE
"2026-08-06","BHP",2.65,,"CALL",95,87.9,97.65,"2026-09-18","BULL",5901,1273,7174,-2741,4433,-279582,452166,FALSE,FALSE,TRUE
"2026-08-06","RUN",1.98,,"CALL",10,9.38,11.98,"2026-11-20","BULL",7432,880,8312,-3516,4796,-467628,637868,FALSE,FALSE,TRUE
"2026-08-06","BMNR",1.14,,"CALL",21,18.3,22.14,"2026-09-18","BULL",12373,1510,13883,299,14182,25116,1191288,FALSE,FALSE,TRUE
"2026-08-06","SPCX",4.72,,"CALL",170,,174.72,"2026-09-18","BULL",2960,9454,12414,6455,18869,2259250,6604150,TRUE,FALSE,FALSE
"2026-08-06","B",2.77,,"CALL",50,41.37,52.77,"2026-12-18","BULL",5033,8222,13255,3662,16917,651836,3011226,TRUE,FALSE,TRUE
"2026-08-06","ON",2.47,,"PUT",70,,70,"2026-09-18","BULL",-5421,9050,3629,-571,3058,-99354,532092,FALSE,FALSE,FALSE
"2026-08-06","DKNG",0.3,,"CALL",37.5,22.17,37.8,"2026-11-20","BULL",42935,30564,73499,26007,99506,650175,2487650,TRUE,FALSE,TRUE
"2026-08-06","VST",0.41,,"CALL",165,141.38,165.41,"2026-08-21","BULL",31130,20742,51872,-36388,15484,-109164,46452,FALSE,TRUE,TRUE
"2026-08-06","UAA",0.4,,"PUT",5,6.4,5,"2027-01-15","BULL",-30924,91204,60280,-180,60100,-11160,3726200,FALSE,FALSE,FALSE
"2026-08-06","RELY",5.21,,"CALL",30,25.93,35.21,"2028-01-21","BULL",2371,49,2420,1,2421,550,1331550,FALSE,FALSE,TRUE
"2026-08-06","SPCX",2.58,,"CALL",145,,147.58,"2026-08-14","BULL",4768,3852,8620,,,,,FALSE,FALSE,FALSE
"2026-08-06","MU",4.6,,"CALL",1000,881.47,1004.6,"2026-08-14","BULL",2641,2269,4910,,,,,FALSE,FALSE,FALSE
"2026-08-06","NVDA",0.77,,"CALL",222.5,218.99,223.27,"2026-08-07","BULL",15317,29084,44401,,,,,FALSE,FALSE,FALSE
"2026-08-06","MRNA",1.12,,"CALL",60,53.86,61.12,"2026-08-14","BULL",10320,423,10743,,,,,FALSE,FALSE,FALSE
"2026-08-06","DRAM",2.01,,"CALL",60,,62.01,"2026-09-18","BULL",5687,23906,29593,3888,33481,1108080,9542085,TRUE,FALSE,FALSE
"2026-08-06","MU",4.1,,"CALL",1100,881.47,1104.1,"2026-08-21","BULL",2772,7591,10363,-357,10006,-20349,570342,FALSE,FALSE,TRUE
"2026-08-06","UPST",2.8,,"CALL",30,29.71,32.8,"2026-09-18","BULL",3985,6594,10579,1054,11633,171802,1896179,FALSE,FALSE,TRUE
"2026-08-06","GEO",1.9,,"CALL",40,30.14,41.9,"2027-01-15","BULL",5659,3854,9513,62,9575,9610,1484125,FALSE,FALSE,TRUE
"2026-08-06","POET",0.61,,"CALL",9,8.53,9.61,"2026-08-14","BULL",15922,2289,18211,,,,,FALSE,FALSE,FALSE
"2026-08-06","XE",4,,"CALL",20,,24,"2026-09-18","BULL",2416,5966,8382,2519,10901,382888,1656952,FALSE,FALSE,FALSE
"2026-08-06","XYZ",0.97,,"CALL",90,79.02,90.97,"2026-09-18","BULL",9904,2209,12113,488,12601,31720,819065,FALSE,FALSE,TRUE
"2026-08-06","SPCX",2.43,,"CALL",160,,162.43,"2026-08-21","BULL",3565,34344,37909,12742,50651,496938,1975389,FALSE,FALSE,FALSE
"2026-08-06","QQQ",0.82,,"CALL",780,714.65,780.82,"2026-08-31","BULL",10537,2558,13095,4145,17240,29015,120680,FALSE,FALSE,TRUE
"2026-08-06","SPCX",1.92,,"CALL",150,,151.92,"2026-08-14","BULL",4420,4974,9394,,,,,FALSE,FALSE,FALSE
"2026-08-06","POET",0.78,,"CALL",9,8.53,9.78,"2026-08-21","BULL",10186,4935,15121,-5774,9347,-86610,140205,FALSE,FALSE,TRUE
"2026-08-06","PURR",1.25,,"CALL",6,,7.25,"2026-09-18","BULL",6214,1268,7482,330,7812,47190,1117116,FALSE,FALSE,FALSE
"2026-08-06","HTZ",0.45,,"CALL",2,2.02,2.45,"2026-08-21","BULL",16021,8095,24116,-2858,21258,-37154,276354,FALSE,FALSE,FALSE
"2026-08-06","UVXY",1.75,,"CALL",20,21.56,21.75,"2026-08-14","BULL",3926,543,4469,,,,,FALSE,FALSE,FALSE
"2026-08-06","XPEV",0.9,,"CALL",13,11.68,13.9,"2026-10-16","BULL",7528,31137,38665,-801,37864,-52866,2499024,FALSE,FALSE,TRUE
"2026-08-06","APA",0.99,,"CALL",42.5,36.53,43.49,"2026-10-16","BULL",4660,853,5513,-7,5506,-1729,1359982,FALSE,FALSE,TRUE
"2026-08-06","SPCX",2,,"PUT",110,,110,"2026-08-21","BULL",-2267,23777,21510,1720,23230,5160,69690,FALSE,FALSE,FALSE
"2026-08-06","GOOGL",0.48,,"PUT",320,357.75,320,"2026-08-21","BULL",-9426,19378,9952,2404,12356,26444,135916,FALSE,FALSE,FALSE
"2026-08-06","CCXI",1.3,,"CALL",17.5,,18.8,"2026-08-21","BULL",2992,4367,7359,3270,10629,196200,637740,FALSE,FALSE,FALSE
"2026-08-06","ICE",2.6,,"CALL",160,,162.6,"2026-09-18","BULL",1461,1815,3276,4535,7811,1550970,2671362,TRUE,FALSE,FALSE
"2026-08-06","CMG",0.18,,"CALL",36,,36.18,"2026-08-21","BULL",20672,5314,25986,645,26631,2580,106524,FALSE,FALSE,FALSE
"2026-08-06","CLOV",0.48,,"CALL",4.5,,4.98,"2026-08-21","BULL",7059,3561,10620,1588,12208,4764,36624,FALSE,FALSE,FALSE
"2026-08-06","XYZ",0.61,,"CALL",82,79.02,82.61,"2026-08-14","BULL",5503,516,6019,,,,,FALSE,FALSE,FALSE
"2026-08-06","PINS",0.58,,"PUT",24,23.33,24,"2026-08-07","BULL",-5172,7257,2085,,,,,FALSE,FALSE,FALSE
"2026-08-06","APLD",1.08,,"CALL",30,28.86,31.08,"2026-08-14","BULL",2759,1125,3884,,,,,FALSE,FALSE,FALSE
"2026-08-06","NVDA",0.11,,"CALL",225,218.99,225.11,"2026-08-07","BULL",26172,45083,71255,,,,,FALSE,FALSE,FALSE
"2026-08-06","TE",0.65,,"CALL",8,5.55,8.65,"2026-09-18","BULL",2840,10651,13491,-525,12966,-3675,90762,FALSE,FALSE,TRUE
"2026-08-06","IVES",3.4,,"CALL",38,37.96,41.4,"2026-11-20","BULL",515,1441,1956,-882,1074,-335160,408120,FALSE,FALSE,TRUE
"2026-08-06","TSLA",0.35,,"CALL",330,319.53,330.35,"2026-08-07","BULL",4972,21871,26843,,,,,FALSE,FALSE,FALSE
"2026-08-06","DKNG",0.18,,"CALL",24,22.17,24.18,"2026-08-07","BULL",9215,4837,14052,,,,,FALSE,FALSE,FALSE
"2026-08-06","WHR",0.19,,"PUT",30,,30,"2026-09-18","BULL",-8683,15927,7244,-17,7227,-340,144540,FALSE,FALSE,FALSE
"2026-08-06","MSFT",0.19,,"PUT",300,499.86,300,"2026-10-16","BULL",-8407,15539,7132,-273,6859,-2730,68590,FALSE,FALSE,FALSE
"2026-08-06","CCXI",0.84,,"CALL",20,,20.84,"2026-08-21","BULL",1810,3646,5456,3111,8567,62220,171340,FALSE,FALSE,FALSE
"2026-08-06","CMG",0.31,,"CALL",35,,35.31,"2026-08-21","BULL",4721,14409,19130,2045,21175,32720,338800,FALSE,FALSE,FALSE
"2026-08-06","QQQ",0.27,,"CALL",724,714.65,724.27,"2026-08-07","BULL",5205,4799,10004,,,,,FALSE,FALSE,FALSE
"2026-08-06","SQQQ",0.1,,"CALL",38,38.7,38.1,"2026-08-07","BULL",12879,4513,17392,,,,,FALSE,FALSE,FALSE
"2026-08-06","SPY",0.1,,"CALL",775,768.56,775.1,"2026-08-07","BULL",10322,19587,29909,,,,,FALSE,FALSE,FALSE
"2026-08-06","BA",0.2,,"PUT",190,232.19,190,"2026-09-04","BULL",-4181,4522,341,60,401,60,401,FALSE,FALSE,FALSE
"2026-08-06","TENB",0.27,,"PUT",31,36.17,31,"2026-08-21","BULL",-2803,4284,1481,25,1506,125,7530,FALSE,FALSE,FALSE
"2026-08-06","EZPW",0.75,,"CALL",32.5,,33.25,"2026-09-18","BULL",925,810,1735,511,2246,30660,134760,FALSE,FALSE,FALSE
"2026-08-06","KORU",0.7,,"CALL",20,,20.7,"2026-08-14","BULL",945,5929,6874,,,,,FALSE,FALSE,FALSE
"2026-08-06","PZZA",0.18,,"CALL",35,,35.18,"2026-09-18","BULL",3051,1730,4781,-92,4689,-920,46890,FALSE,FALSE,FALSE
"2026-08-06","OPEN",0.05,,"CALL",3.5,3.445,3.55,"2026-08-07","BULL",10060,2324,12384,,,,,FALSE,FALSE,FALSE
"2026-08-06","HTZ",0.03,,"CALL",2.5,2.02,2.53,"2026-08-07","BULL",15933,7875,23808,,,,,FALSE,FALSE,FALSE
"2026-08-06","IREN",0.03,,"CALL",45,37.93,45.03,"2026-08-07","BULL",13650,9650,23300,,,,,FALSE,FALSE,FALSE
"2026-08-06","SYM",0.25,,"PUT",40,39.6,40,"2026-08-07","BULL",-1538,1877,339,,,,,FALSE,FALSE,FALSE
"2026-08-06","SPCX",0.04,,"PUT",120,,120,"2026-08-07","BULL",-9578,22355,12777,,,,,FALSE,FALSE,FALSE
"2026-08-06","ELVA",0.95,,"CALL",10,,10.95,"2026-08-21","BULL",399,1503,1902,-69,1833,-345,9165,FALSE,FALSE,FALSE
"2026-08-06","SPCX",0.03,,"PUT",100,,100,"2026-08-07","BULL",-12325,82119,69794,,,,,FALSE,FALSE,FALSE
"2026-08-06","MU",0.15,,"PUT",450,881.47,450,"2026-08-21","BULL",-2415,7677,5262,130,5392,390,16176,FALSE,FALSE,FALSE
"2026-08-06","KORU",0.36,,"CALL",22,,22.36,"2026-08-14","BULL",1003,6303,7306,,,,,FALSE,FALSE,FALSE
"2026-08-06","BSX",0.1,,"PUT",45.5,49.3,45.5,"2026-08-14","BULL",-3577,4590,1013,,,,,FALSE,FALSE,FALSE
"2026-08-06","ASM",0.52,,"CALL",12.5,,13.02,"2027-01-15","BULL",545,704,1249,562,1811,28662,92361,FALSE,FALSE,FALSE
"2026-08-06","NVDA",0.02,,"CALL",227.5,218.99,227.52,"2026-08-07","BULL",13603,17083,30686,,,,,FALSE,FALSE,FALSE
"2026-08-06","DKNG",0.03,,"CALL",25,22.17,25.03,"2026-08-07","BULL",8333,3111,11444,,,,,FALSE,FALSE,FALSE
"2026-08-06","CRCL",0.06,,"CALL",70,,70.06,"2026-08-07","BULL",3993,8042,12035,,,,,FALSE,FALSE,FALSE
"2026-08-06","SPCX",0.01,,"PUT",110,,110,"2026-08-07","BULL",-16385,41882,25497,,,,,FALSE,FALSE,FALSE
"2026-08-06","RUN",0.02,,"CALL",11,9.38,11.02,"2026-08-07","BULL",6912,1963,8875,,,,,FALSE,FALSE,FALSE
"2026-08-06","AAPL",0.01,,"CALL",320,312.41,320.01,"2026-08-07","BULL",13748,22811,36559,,,,,FALSE,FALSE,FALSE
"2026-08-06","SNDK",0.05,,"CALL",1500,1258.58,1500.05,"2026-08-07","BULL",2434,3163,5597,,,,,FALSE,FALSE,FALSE
"2026-08-06","RKLB",0.01,,"CALL",90,75.67,90.01,"2026-08-07","BULL",10287,7425,17712,,,,,FALSE,FALSE,FALSE
"2026-08-06","SPCX",0.01,,"PUT",105,,105,"2026-08-07","BULL",-10138,39627,29489,,,,,FALSE,FALSE,FALSE
"2026-08-06","QQQ",0.01,,"CALL",730,714.65,730.01,"2026-08-07","BULL",9469,10997,20466,,,,,FALSE,FALSE,FALSE
"2026-08-06","XYZ",0.02,,"PUT",76,79.02,76,"2026-08-07","BULL",-3613,7442,3829,,,,,FALSE,FALSE,FALSE
"2026-08-06","SPCX",0.01,,"PUT",90,,90,"2026-08-07","BULL",-6548,39696,33148,,,,,FALSE,FALSE,FALSE
"2026-08-06","META",0.02,,"CALL",615,589.9,615.02,"2026-08-07","BULL",3200,1183,4383,,,,,FALSE,FALSE,FALSE
"2026-08-06","SPCX",0.01,,"PUT",115,,115,"2026-08-07","BULL",-6311,19051,12740,,,,,FALSE,FALSE,FALSE
"2026-08-06","TTD",0.01,,"CALL",20,17.67,20.01,"2026-08-07","BULL",6213,4852,11065,,,,,FALSE,FALSE,FALSE
"2026-08-06","XYZ",0.01,,"CALL",83,79.02,83.01,"2026-08-07","BULL",5620,5828,11448,,,,,FALSE,FALSE,FALSE
"2026-08-06","FIG",0.01,,"PUT",22,,22,"2026-08-07","BULL",-5095,11416,6321,,,,,FALSE,FALSE,FALSE
"2026-08-06","SPCX",0.01,,"PUT",95,,95,"2026-08-07","BULL",-4838,31445,26607,,,,,FALSE,FALSE,FALSE
"2026-08-06","GOOGL",0.01,,"CALL",370,357.75,370.01,"2026-08-07","BULL",3597,5880,9477,,,,,FALSE,FALSE,FALSE
"2026-08-06","SNXX",0.03,,"CALL",10.5,,10.53,"2026-08-07","BULL",1180,520,1700,,,,,FALSE,FALSE,FALSE
"2026-08-06","RRGB",0.24,,"CALL",10,,10.24,"2026-08-21","BULL",100,1504,1604,610,2214,27450,99630,FALSE,FALSE,FALSE
"2026-08-06","TTDU",0.05,,"CALL",3,,3.05,"2026-08-21","BULL",74,310,384,49,433,245,2165,FALSE,FALSE,FALSE
"2026-08-06","SNDK",249.4,,"PUT",1350,1258.58,1100.6,"2026-09-18","BEAR",1845,439,2284,51,2335,262140,12001900,FALSE,FALSE,FALSE
"2026-08-06","GLW",54.1,,"CALL",115,157.18,115,"2026-09-18","BEAR",-5008,15261,10253,-4053,6200,-18420885,28179000,FALSE,FALSE,FALSE
"2026-08-06","GLD",13.66,,"PUT",390,389.67,376.34,"2026-11-20","BEAR",14676,1168,15844,15271,31115,18508452,37711380,TRUE,FALSE,FALSE
"2026-08-06","EWZ",4.08,,"CALL",34,35.81,34,"2026-12-18","BEAR",-42976,59975,16999,387,17386,110682,4972396,FALSE,FALSE,FALSE
"2026-08-06","TTWO",7,,"CALL",270,232.47,270,"2026-09-18","BEAR",-21157,27182,6025,94,6119,33840,2202840,FALSE,FALSE,FALSE
"2026-08-06","META",43.6,,"PUT",585,589.9,541.4,"2026-11-20","BEAR",3227,3654,6881,212,7093,1322880,44260320,TRUE,FALSE,FALSE
"2026-08-06","DASH",69.45,,"CALL",145,213.26,145,"2026-09-18","BEAR",-2000,14080,12080,-3195,8885,-23595075,65615725,FALSE,FALSE,FALSE
"2026-08-06","QQQ",10.49,,"PUT",670,714.65,659.51,"2026-10-16","BEAR",12504,4492,16996,1473,18469,1325700,16622100,TRUE,FALSE,FALSE
"2026-08-06","TSM",23.5,,"CALL",400,418.2,400,"2026-08-21","BEAR",-5041,25049,20008,-291,19717,-411765,27899555,FALSE,FALSE,FALSE
"2026-08-06","SPCX",11.99,,"PUT",90,,78.01,"2027-06-17","BEAR",6517,4443,10960,-95,10865,-75525,8637675,FALSE,FALSE,FALSE
"2026-08-06","ORCL",7.16,,"CALL",145,143.47,145,"2026-08-21","BEAR",-8940,16491,7551,-819,6732,-200655,1649340,FALSE,FALSE,FALSE
"2026-08-06","QQQ",9.3,,"PUT",690,714.65,680.7,"2026-09-18","BEAR",5882,23602,29484,5811,35295,4201353,25518285,TRUE,FALSE,FALSE
"2026-08-06","NOW",11.1,,"PUT",110,117.35,98.9,"2027-01-15","BEAR",4787,3762,8549,-1547,7002,-1608880,7282080,FALSE,FALSE,FALSE
"2026-08-06","POWL",47.1,,"CALL",220,207.36,220,"2027-02-19","BEAR",-1127,2922,1795,-261,1534,-975618,5734092,FALSE,FALSE,FALSE
"2026-08-06","RVMD",14.2,,"CALL",200,197.81,200,"2026-09-18","BEAR",-3478,10562,7084,-917,6167,-2021068,13592068,FALSE,FALSE,FALSE
"2026-08-06","MSTR",7.45,,"CALL",94,96.85,94,"2026-08-07","BEAR",-6214,9445,3231,,,,,FALSE,FALSE,FALSE
"2026-08-06","TTWO",2.05,,"CALL",310,232.47,310,"2026-09-18","BEAR",-21647,28250,6603,881,7484,48455,411620,FALSE,FALSE,FALSE
"2026-08-06","IWM",2.21,,"PUT",284,298.25,281.79,"2026-09-18","BEAR",19362,16946,36308,-74,36234,-13246,6485886,FALSE,FALSE,FALSE
"2026-08-06","SKHY",20.7,,"PUT",120,,99.3,"2027-01-15","BEAR",1802,3079,4881,-306,4575,-370260,5535750,FALSE,FALSE,FALSE
"2026-08-06","MSTR",7.05,,"CALL",95,96.85,95,"2026-08-07","BEAR",-5284,11938,6654,,,,,FALSE,FALSE,FALSE
"2026-08-06","ALK",14.6,,"CALL",50,50.69,50,"2028-01-21","BEAR",-2413,8236,5823,-3205,2618,-3108850,2539460,FALSE,FALSE,FALSE
"2026-08-06","COHR",35,,"PUT",370,334.22,335,"2026-08-21","BEAR",974,195,1169,4,1173,23548,6905451,FALSE,FALSE,FALSE
"2026-08-06","WFC",5.18,,"CALL",82.5,87.59,82.5,"2026-08-21","BEAR",-5470,8012,2542,-7,2535,-3395,1229475,FALSE,FALSE,FALSE
"2026-08-06","TLT",0.77,,"PUT",77,,76.23,"2027-01-15","BEAR",36559,2160,38719,802,39521,75388,3714974,FALSE,FALSE,FALSE
"2026-08-06","SKHY",2.9,,"PUT",127,,124.1,"2026-08-14","BEAR",8449,1153,9602,,,,,FALSE,FALSE,FALSE
"2026-08-06","VRT",4.55,,"PUT",250,275.17,245.45,"2026-08-21","BEAR",4876,1360,6236,-2630,3606,-181470,248814,FALSE,FALSE,FALSE
"2026-08-06","XLE",1.22,,"PUT",55,,53.78,"2026-10-16","BEAR",16945,13340,30285,1089,31374,31581,909846,FALSE,FALSE,FALSE
"2026-08-06","EWZ",0.48,,"CALL",45,35.81,45,"2026-12-18","BEAR",-42799,133478,90679,-813,89866,-17886,1977052,FALSE,FALSE,FALSE
"2026-08-06","EYPT",3.89,,"PUT",10,,6.11,"2026-10-16","BEAR",5004,26678,31682,-15204,16478,-7145880,7744660,FALSE,FALSE,FALSE
"2026-08-06","CVNA",4.6,,"CALL",70,68.34,70,"2026-08-21","BEAR",-3814,10227,6413,647,7060,37526,409480,FALSE,FALSE,FALSE
"2026-08-06","AMT",2.85,,"CALL",210,,210,"2027-01-15","BEAR",-5802,9454,3652,-3,3649,-690,839270,FALSE,FALSE,FALSE
"2026-08-06","GOOGL",2.99,,"CALL",470,357.75,470,"2026-11-20","BEAR",-4997,8140,3143,-52,3091,-7332,435831,FALSE,FALSE,FALSE
"2026-08-06","CCJ",1.01,,"PUT",80,93.62,78.99,"2026-09-18","BEAR",14352,2272,16624,-81,16543,-4293,876779,FALSE,FALSE,FALSE
"2026-08-06","NBIS",0.94,,"PUT",120,189.88,119.06,"2026-08-21","BEAR",14934,2810,17744,7712,25456,7712,25456,FALSE,FALSE,FALSE
"2026-08-06","DRAM",0.45,,"CALL",60,,60,"2026-08-21","BEAR",-29696,138321,108625,-11224,97401,-404064,3506436,FALSE,FALSE,FALSE
"2026-08-06","EIX",2.8,,"PUT",67.5,,64.7,"2026-09-18","BEAR",4503,3337,7840,2,7842,220,862620,FALSE,FALSE,FALSE
"2026-08-06","SPCX",3,,"PUT",100,,97,"2026-09-18","BEAR",4053,23692,27745,-2811,24934,-151794,1346436,FALSE,FALSE,FALSE
"2026-08-06","ET",0.5,,"CALL",20,20.67,20,"2026-08-21","BEAR",-22498,23711,1213,303,1516,38784,194048,FALSE,FALSE,FALSE
"2026-08-06","WDC",1.36,,"PUT",250,451.52,248.64,"2026-09-18","BEAR",7080,529,7609,8,7617,160,152340,FALSE,FALSE,FALSE
"2026-08-06","HTZ",0.35,,"PUT",2,2.02,1.65,"2026-09-18","BEAR",25767,5897,31664,20826,52490,416520,1049800,FALSE,FALSE,FALSE
"2026-08-06","RIOT",0.58,,"CALL",25,21.21,25,"2026-08-21","BEAR",-13644,35802,22158,3196,25354,6392,50708,FALSE,FALSE,FALSE
"2026-08-06","SKHY",0.45,,"PUT",110,,109.55,"2026-08-14","BEAR",16287,1095,17382,,,,,FALSE,FALSE,FALSE
"2026-08-06","UL",3.5,,"CALL",60,63.66,60,"2026-08-21","BEAR",-2083,2101,18,7,25,1442,5150,FALSE,FALSE,FALSE
"2026-08-06","SPCX",2.01,,"PUT",75,,72.99,"2026-11-20","BEAR",3113,2580,5693,991,6684,84235,568140,FALSE,FALSE,FALSE
"2026-08-06","LCID",1.01,,"PUT",7,6.98,5.99,"2026-09-18","BEAR",6002,11038,17040,-3520,13520,-485760,1865760,FALSE,FALSE,FALSE
"2026-08-06","XYZ",0.55,,"CALL",85,79.02,85,"2026-08-21","BEAR",-9190,11218,2028,2265,4293,20385,38637,FALSE,FALSE,FALSE
"2026-08-06","KZIA",1.6,,"CALL",12.5,,12.5,"2026-08-21","BEAR",-3149,5210,2061,-7,2054,-1981,581282,FALSE,FALSE,FALSE
"2026-08-06","GIS",0.9,,"PUT",35,,34.1,"2026-09-18","BEAR",5377,7421,12798,103,12901,2678,335426,FALSE,FALSE,FALSE
"2026-08-06","TENX",5.9,,"PUT",10,,4.1,"2026-09-18","BEAR",796,1561,2357,-1744,613,-1445776,508177,FALSE,FALSE,FALSE
"2026-08-06","TLT",0.19,,"PUT",70,,69.81,"2027-01-15","BEAR",24108,71410,95518,-4973,90545,-104433,1901445,FALSE,FALSE,FALSE
"2026-08-06","SPCX",0.31,,"PUT",70,,69.69,"2026-09-18","BEAR",14294,36200,50494,-1240,49254,-9920,394032,FALSE,FALSE,FALSE
"2026-08-06","CELH",1.72,,"CALL",35,,35,"2026-12-18","BEAR",-2398,5122,2724,301,3025,79765,801625,FALSE,FALSE,FALSE
"2026-08-06","HPQ",0.82,,"PUT",24,28.18,23.18,"2026-10-16","BEAR",4909,19647,24556,34,24590,1734,1254090,FALSE,FALSE,FALSE
"2026-08-06","IREN",0.36,,"PUT",30,37.93,29.64,"2026-08-21","BEAR",9807,26957,36764,-2312,34452,-2312,34452,FALSE,FALSE,FALSE
"2026-08-06","EVTL",0.4,,"PUT",1.5,,1.1,"2026-08-21","BEAR",8600,11419,20019,-19939,80,-1395730,5600,FALSE,TRUE,FALSE
"2026-08-06","VRT",0.65,,"PUT",220,275.17,219.35,"2026-08-21","BEAR",4832,1118,5950,-1703,4247,-3406,8494,FALSE,FALSE,FALSE
"2026-08-06","RARE",1.03,,"PUT",15,25.82,13.97,"2026-10-16","BEAR",2999,10746,13745,2936,16681,205520,1167670,FALSE,FALSE,FALSE
"2026-08-06","SOXX",1.67,,"PUT",460,532.52,458.33,"2026-08-21","BEAR",1814,1072,2886,652,3538,9780,53070,FALSE,FALSE,FALSE
"2026-08-06","SMH",0.12,,"PUT",430,571.48,429.88,"2026-08-14","BEAR",25185,11116,36301,,,,,FALSE,FALSE,FALSE
"2026-08-06","KLAC",2.5,,"PUT",172,193.22,169.5,"2026-08-21","BEAR",1136,2180,3316,-1960,1356,-56840,39324,FALSE,TRUE,FALSE
"2026-08-06","TASK",0.67,,"CALL",7.5,,7.5,"2026-08-21","BEAR",-3861,5383,1522,-1,1521,-8,12168,FALSE,FALSE,FALSE
"2026-08-06","SHAZ",4.5,,"PUT",50,,45.5,"2026-08-21","BEAR",555,2453,3008,-274,2734,-2740,27340,FALSE,FALSE,FALSE
"2026-08-06","TENX",1.4,,"PUT",5,,3.6,"2026-08-21","BEAR",1639,4125,5764,-2286,3478,-772668,1175564,FALSE,FALSE,FALSE
"2026-08-06","HUT",0.66,,"CALL",120,90.65,120,"2026-08-21","BEAR",-3437,6896,3459,41,3500,82,7000,FALSE,FALSE,FALSE
"2026-08-06","CRCL",0.75,,"PUT",30,,29.25,"2026-12-18","BEAR",2840,1127,3967,16,3983,416,103558,FALSE,FALSE,FALSE
"2026-08-06","CMG",0.09,,"CALL",37,,37,"2026-08-21","BEAR",-21575,43214,21639,562,22201,562,22201,FALSE,FALSE,FALSE
"2026-08-06","MU",0.07,,"PUT",550,881.47,549.93,"2026-08-14","BEAR",25845,5897,31742,,,,,FALSE,FALSE,FALSE
"2026-08-06","GRPN",0.65,,"CALL",30,,30,"2026-08-21","BEAR",-2595,7941,5346,-418,4928,-1672,19712,FALSE,FALSE,FALSE
"2026-08-06","TSM",0.4,,"PUT",350,418.2,349.6,"2026-08-21","BEAR",4021,17581,21602,-2537,19065,-20296,152520,FALSE,FALSE,FALSE
"2026-08-06","SPCX",0.23,,"PUT",100,,99.77,"2026-08-14","BEAR",5257,14520,19777,,,,,FALSE,FALSE,FALSE
"2026-08-06","SPCX",0.42,,"PUT",105,,104.58,"2026-08-14","BEAR",2467,11262,13729,,,,,FALSE,FALSE,FALSE
"2026-08-06","SOXL",0.27,,"PUT",80,132.33,79.73,"2026-08-14","BEAR",3800,3488,7288,,,,,FALSE,FALSE,FALSE
"2026-08-06","SPY",0.13,,"PUT",769,768.56,768.87,"2026-08-07","BEAR",5814,3099,8913,,,,,FALSE,FALSE,FALSE
"2026-08-06","SPY",0.08,,"PUT",768,768.56,767.92,"2026-08-07","BEAR",8112,4831,12943,,,,,FALSE,FALSE,FALSE
"2026-08-06","SPCX",0.22,,"PUT",65,,64.78,"2026-09-18","BEAR",2627,2085,4712,72,4784,216,14352,FALSE,FALSE,FALSE
"2026-08-06","VST",0.07,,"CALL",180,141.38,180,"2026-08-21","BEAR",-8218,18650,10432,15,10447,90,62682,FALSE,FALSE,FALSE
"2026-08-06","SPY",0.1,,"PUT",758,768.56,757.9,"2026-08-10","BEAR",5732,1556,7288,,,,,FALSE,FALSE,FALSE
"2026-08-06","QQQ",0.07,,"PUT",710,714.65,709.93,"2026-08-07","BEAR",7021,6610,13631,,,,,FALSE,FALSE,FALSE
"2026-08-06","IRS",0.4,,"PUT",15,,14.6,"2026-08-21","BEAR",947,3631,4578,5,4583,325,297895,FALSE,FALSE,FALSE
"2026-08-06","CIFR",0.06,,"CALL",28,18.21,28,"2026-08-21","BEAR",-5351,26131,20780,1879,22659,3758,45318,FALSE,FALSE,FALSE
"2026-08-06","FLNC",0.08,,"CALL",20,13.21,20,"2026-08-21","BEAR",-3297,13927,10630,-227,10403,-681,31209,FALSE,FALSE,FALSE
"2026-08-06","HOOD",0.03,,"PUT",60,90.71,59.97,"2026-08-21","BEAR",8452,3461,11913,1000,12913,1000,12913,FALSE,FALSE,FALSE
"2026-08-06","BSX",0.08,,"PUT",46,49.3,45.92,"2026-08-14","BEAR",3106,3897,7003,,,,,FALSE,FALSE,FALSE
"2026-08-06","GOLF",0.79,,"PUT",70,,69.21,"2026-12-18","BEAR",301,0,301,20,321,2200,35310,FALSE,FALSE,FALSE
"2026-08-06","FRST",1.3,,"CALL",15,,15,"2026-08-21","BEAR",-179,365,186,0,186,0,34410,FALSE,FALSE,FALSE
"2026-08-06","TSLA",0.03,,"PUT",320,319.53,319.97,"2026-08-07","BEAR",5246,9624,14870,,,,,FALSE,FALSE,FALSE
"2026-08-06","ETHA",0.02,,"PUT",11.5,14.4,11.48,"2026-08-21","BEAR",7375,108224,115599,-14107,101492,-14107,101492,FALSE,FALSE,FALSE
"2026-08-06","INTC",0.01,,"PUT",60,99.81,59.99,"2026-08-14","BEAR",13051,2305,15356,,,,,FALSE,FALSE,FALSE
"2026-08-06","CMG",0.01,,"CALL",39,,39,"2026-08-21","BEAR",-12796,41829,29033,-32,29001,-32,29001,FALSE,FALSE,FALSE
"2026-08-06","IREN",0.01,,"CALL",48,37.93,48,"2026-08-07","BEAR",-11717,20467,8750,,,,,FALSE,FALSE,FALSE
"2026-08-06","TWLO",0.05,,"PUT",190,193.2,189.95,"2026-08-21","BEAR",2056,434,2490,-123,2367,-615,11835,FALSE,FALSE,FALSE
"2026-08-06","TSLA",0.01,,"PUT",317.5,319.53,317.49,"2026-08-07","BEAR",8376,1316,9692,,,,,FALSE,FALSE,FALSE
"2026-08-06","KR",0.01,,"CALL",60,,60,"2026-08-07","BEAR",-6510,7278,768,,,,,FALSE,FALSE,FALSE
"2026-08-06","NFLX",0.01,,"CALL",77,73.69,77,"2026-08-07","BEAR",-6350,17018,10668,,,,,FALSE,FALSE,FALSE
"2026-08-06","ESCA",0.5,,"CALL",22.5,,22.5,"2026-08-21","BEAR",-126,725,599,-19,580,-95,2900,FALSE,FALSE,FALSE
"2026-08-06","SPY",0.01,,"PUT",760,768.56,759.99,"2026-08-07","BEAR",6170,24277,30447,,,,,FALSE,FALSE,FALSE
"2026-08-06","TSLA",0.01,,"PUT",315,319.53,314.99,"2026-08-07","BEAR",4823,4440,9263,,,,,FALSE,FALSE,FALSE
"2026-08-06","AAOI",0.03,,"PUT",90,124.22,89.97,"2026-08-07","BEAR",1536,647,2183,,,,,FALSE,FALSE,FALSE
"2026-08-06","DRAM",0.01,,"CALL",55,,55,"2026-08-07","BEAR",-4509,17916,13407,,,,,FALSE,FALSE,FALSE
"2026-08-06","DRAM",0.01,,"PUT",47,,46.99,"2026-08-07","BEAR",3948,8918,12866,,,,,FALSE,FALSE,FALSE
"2026-08-06","DMC",0.7,,"CALL",30,,30,"2026-08-21","BEAR",-54,527,473,-102,371,-8262,30051,FALSE,FALSE,FALSE
"2026-08-06","CRM",0.01,,"PUT",180,186.77,179.99,"2026-08-07","BEAR",3331,1318,4649,,,,,FALSE,FALSE,FALSE
"2026-08-06","SPCX",0.01,,"CALL",330,,330,"2026-08-07","BEAR",-2476,565895,563419,,,,,FALSE,FALSE,FALSE
"2026-08-06","NLOP",0.01,,"CALL",12.5,,12.5,"2026-08-21","BEAR",-325,2743,2418,-86,2332,-430,11660,FALSE,FALSE,FALSE
"2026-08-06","MYE",0.2,,"CALL",40,,40,"2026-08-21","BEAR",-8,739,731,30,761,30,761,FALSE,FALSE,FALSE
"2026-08-07","MU",458.08,,"CALL",520,877.57,978.08,"2027-03-19","BULL",3351,3496,6847,-3354,3493,-128407890,133729505,FALSE,FALSE,FALSE
"2026-08-07","PLTR",25.94,,"CALL",175,172.01,200.94,"2026-12-18","BULL",49736,2405,52141,300,52441,634500,110912715,TRUE,FALSE,TRUE
"2026-08-07","META",20.75,,"CALL",750,592.1,770.75,"2027-01-15","BULL",13513,245456,258969,-2362,256607,-2626544,285346984,FALSE,FALSE,TRUE
"2026-08-07","SKHY",45.4,,"CALL",200,,245.4,"2028-06-16","BULL",3493,2459,5952,1400,7352,7812000,41024160,TRUE,FALSE,FALSE
"2026-08-07","TSM",18.97,,"CALL",500,420.04,518.97,"2026-12-18","BULL",5612,23121,28733,-2950,25783,-3678650,32151401,FALSE,FALSE,TRUE
"2026-08-07","PLTR",10.6,,"CALL",170,172.01,180.6,"2026-08-21","BULL",9607,7205,16812,-4393,12419,-2293146,6482718,FALSE,FALSE,FALSE
"2026-08-07","NN",3.55,,"CALL",18,16.31,21.55,"2026-12-18","BULL",22558,8747,31305,391,31696,213486,17306016,FALSE,FALSE,TRUE
"2026-08-07","SNDK",60.5,,"CALL",1250,1212.21,1310.5,"2026-08-14","BULL",1178,232,1410,,,,,FALSE,FALSE,FALSE
"2026-08-07","WOLF",9.47,,"CALL",40,32.87,49.47,"2027-06-17","BULL",7521,705,8226,23,8249,23483,8422229,FALSE,FALSE,TRUE
"2026-08-07","SPCX",14.6,,"CALL",130,,144.6,"2026-09-18","BULL",4834,10839,15673,692,16365,1330716,31469895,TRUE,FALSE,FALSE
"2026-08-07","SMH",10.5,,"CALL",575,582.7,585.5,"2026-08-14","BULL",4931,225,5156,,,,,FALSE,FALSE,FALSE
"2026-08-07","MSFT",6.15,,"CALL",545,499.99,551.15,"2026-09-18","BULL",7476,1205,8681,-3644,5037,-317028,438219,FALSE,FALSE,TRUE
"2026-08-07","DRAM",8.35,,"CALL",70,,78.35,"2027-06-17","BULL",5216,4295,9511,-2,9509,-2100,9984450,FALSE,FALSE,FALSE
"2026-08-07","SKHY",18.6,,"PUT",120,,120,"2027-01-15","BULL",-2198,4881,2683,1892,4575,2289320,5535750,TRUE,FALSE,FALSE
"2026-08-07","SPCX",3.31,,"CALL",145,,148.31,"2026-08-21","BULL",11761,5077,16838,1521,18359,517140,6242060,TRUE,FALSE,FALSE
"2026-08-07","DKNG",1.5,,"CALL",30,24.03,31.5,"2026-11-20","BULL",24615,82634,107249,1937,109186,220818,12447204,FALSE,FALSE,TRUE
"2026-08-07","DELL",14.3,,"CALL",500,453.77,514.3,"2026-08-21","BULL",2349,4397,6746,-1344,5402,-331968,1334294,FALSE,FALSE,TRUE
"2026-08-07","SPCX",7.05,,"CALL",150,,157.05,"2026-09-18","BULL",4725,20104,24829,10104,34933,8436840,29169055,TRUE,FALSE,FALSE
"2026-08-07","MSTR",6.15,,"CALL",100,100.01,106.15,"2026-09-04","BULL",5336,236,5572,410,5982,155800,2273160,FALSE,FALSE,FALSE
"2026-08-07","WDC",23.32,,"CALL",430,434.3,453.32,"2026-08-14","BULL",1366,26,1392,,,,,FALSE,FALSE,FALSE
"2026-08-07","SMCI",1.6,,"CALL",34,31.13,35.6,"2026-08-21","BULL",19541,45393,64934,-45036,19898,-16663320,7362260,FALSE,FALSE,TRUE
"2026-08-07","SPCX",2.34,,"CALL",140,,142.34,"2026-08-14","BULL",13232,5643,18875,,,,,FALSE,FALSE,FALSE
"2026-08-07","NN",3.23,,"CALL",20,16.31,23.23,"2026-12-18","BULL",8981,1090,10071,1436,11507,653380,5235685,TRUE,FALSE,TRUE
"2026-08-07","SMCI",2.48,,"CALL",31,31.13,33.48,"2026-08-14","BULL",11638,12661,24299,,,,,FALSE,FALSE,FALSE
"2026-08-07","TSLA",3.65,,"CALL",325,328.58,328.65,"2026-08-10","BULL",7878,1579,9457,,,,,FALSE,FALSE,FALSE
"2026-08-07","AMZN",3.7,,"CALL",280,274.48,283.7,"2026-08-14","BULL",7548,4045,11593,,,,,FALSE,FALSE,FALSE
"2026-08-07","TSLA",3.23,,"CALL",335,328.58,338.23,"2026-08-14","BULL",8499,2947,11446,,,,,FALSE,FALSE,FALSE
"2026-08-07","MSTR",1.49,,"CALL",102,100.01,103.49,"2026-08-14","BULL",18224,1297,19521,,,,,FALSE,FALSE,FALSE
"2026-08-07","SPCX",12.05,,"CALL",125,,137.05,"2026-08-21","BULL",2200,10314,12514,-286,12228,-556842,23807916,FALSE,FALSE,FALSE
"2026-08-07","SPCX",5.8,,"CALL",155,,160.8,"2026-09-18","BULL",4526,2783,7309,6151,13460,4096566,8964360,TRUE,FALSE,FALSE
"2026-08-07","SPCX",9.95,,"CALL",140,,149.95,"2026-09-18","BULL",2609,9646,12255,2874,15129,3808050,20045925,TRUE,FALSE,FALSE
"2026-08-07","SPCX",11,,"CALL",200,,211,"2027-02-19","BULL",2328,345,2673,5108,7781,6180680,9415010,TRUE,FALSE,FALSE
"2026-08-07","TSLA",4.1,,"CALL",332.5,328.58,336.6,"2026-08-14","BULL",6163,720,6883,,,,,FALSE,FALSE,FALSE
"2026-08-07","WULF",1.33,,"CALL",18,17.08,19.33,"2026-09-18","BULL",18773,3130,21903,-2369,19534,-182413,1504118,FALSE,FALSE,TRUE
"2026-08-07","SPCX",3.76,,"CALL",135,,138.76,"2026-08-14","BULL",6308,10114,16422,,,,,FALSE,FALSE,FALSE
"2026-08-07","MSTR",0.9,,"CALL",105,100.01,105.9,"2026-08-14","BULL",25968,2920,28888,,,,,FALSE,FALSE,FALSE
"2026-08-07","PCG",0.46,,"CALL",19,17.46,19.46,"2026-09-18","BULL",49846,97135,146981,5908,152889,437192,11313786,FALSE,FALSE,TRUE
"2026-08-07","MSTR",2.1,,"CALL",100,100.01,102.1,"2026-08-14","BULL",10838,6144,16982,,,,,FALSE,FALSE,FALSE
"2026-08-07","QQQ",3.96,,"CALL",735,723.03,738.96,"2026-08-21","BULL",5735,13923,19658,3912,23570,97800,589250,FALSE,FALSE,FALSE
"2026-08-07","CSGP",1.89,,"CALL",45,30.24,46.89,"2027-03-19","BULL",11626,22,11648,6,11654,1026,1992834,FALSE,FALSE,TRUE
"2026-08-07","RXT",1.27,,"CALL",7,4.9,8.27,"2027-01-15","BULL",17255,3035,20290,8,20298,320,811920,FALSE,FALSE,TRUE
"2026-08-07","AMD",6.35,,"CALL",495,483.36,501.35,"2026-08-14","BULL",3124,259,3383,,,,,FALSE,FALSE,FALSE
"2026-08-07","ELF",7.05,,"CALL",92,,99.05,"2026-08-28","BULL",2738,8,2746,-1470,1276,-661500,574200,FALSE,FALSE,FALSE
"2026-08-07","TLT",0.94,,"CALL",90,,90.94,"2027-05-21","BULL",20000,8654,28654,1,28655,73,2091815,FALSE,FALSE,FALSE
"2026-08-07","QCOM",6.15,,"CALL",170,167.86,176.15,"2026-09-04","BULL",2997,355,3352,693,4045,158004,922260,FALSE,FALSE,FALSE
"2026-08-07","DRAM",2.72,,"CALL",50,,52.72,"2026-08-21","BULL",6750,4145,10895,-3997,6898,-2318260,4000840,FALSE,FALSE,FALSE
"2026-08-07","SMCI",1.53,,"CALL",33.5,31.13,35.03,"2026-08-14","BULL",11878,10577,22455,,,,,FALSE,FALSE,FALSE
"2026-08-07","QQQ",3.47,,"CALL",750,723.03,753.47,"2026-08-31","BULL",4979,6657,11636,4513,16149,302371,1081983,FALSE,FALSE,FALSE
"2026-08-07","MSTR",1.07,,"CALL",104,100.01,105.07,"2026-08-14","BULL",16011,520,16531,,,,,FALSE,FALSE,FALSE
"2026-08-07","CPRT",1.8,,"CALL",35,29.66,36.8,"2027-03-19","BULL",9488,80,9568,59,9627,17287,2820711,FALSE,FALSE,TRUE
"2026-08-07","SMCI",1.33,,"CALL",34,31.13,35.33,"2026-08-14","BULL",12571,4339,16910,,,,,FALSE,FALSE,FALSE
"2026-08-07","CCJ",2.2,,"CALL",110,97.39,112.2,"2026-09-18","BULL",6964,11571,18535,110,18645,9240,1566180,FALSE,FALSE,TRUE
"2026-08-07","IWM",0.62,,"PUT",288,301.56,288,"2026-08-21","BULL",-24692,42546,17854,12307,30161,135377,331771,FALSE,FALSE,FALSE
"2026-08-07","MITK",4.35,,"CALL",17.5,18.49,21.85,"2027-01-15","BULL",3401,3828,7229,934,8163,379204,3314178,FALSE,FALSE,FALSE
"2026-08-07","MPLX",2.15,,"CALL",60,58.85,62.15,"2026-12-18","BULL",6760,1237,7997,25,8022,5300,1700664,FALSE,FALSE,TRUE
"2026-08-07","SPCX",5.98,,"CALL",130,,135.98,"2026-08-14","BULL",2420,10892,13312,,,,,FALSE,FALSE,FALSE
"2026-08-07","DRAM",2.95,,"CALL",55,,57.95,"2026-09-18","BULL",4868,16679,21547,275,21822,137500,10911000,FALSE,FALSE,FALSE
"2026-08-07","SPCX",2.76,,"CALL",205,,207.76,"2026-10-16","BULL",5030,2054,7084,-157,6927,-38622,1704042,FALSE,FALSE,FALSE
"2026-08-07","TSLA",2.56,,"CALL",337.5,328.58,340.06,"2026-08-14","BULL",5017,827,5844,,,,,FALSE,FALSE,FALSE
"2026-08-07","XLK",1.86,,"CALL",290,187.97,291.86,"2027-06-17","BULL",6893,156,7049,21,7070,3507,1180690,FALSE,FALSE,TRUE
"2026-08-07","GOOGL",2.58,,"CALL",360,354.3,362.58,"2026-08-14","BULL",4718,1697,6415,,,,,FALSE,FALSE,FALSE
"2026-08-07","MSTR",0.63,,"CALL",107,100.01,107.63,"2026-08-14","BULL",19235,555,19790,,,,,FALSE,FALSE,FALSE
"2026-08-07","GRAL",9.3,,"CALL",80,,89.3,"2026-10-16","BULL",1277,396,1673,266,1939,180880,1318520,FALSE,FALSE,FALSE
"2026-08-07","DKNG",0.44,,"CALL",37.5,24.03,37.94,"2026-11-20","BULL",25040,73499,98539,967,99506,24175,2487650,FALSE,FALSE,TRUE
"2026-08-07","HOOD",2.15,,"CALL",95,93.29,97.15,"2026-08-14","BULL",5057,1852,6909,,,,,FALSE,FALSE,FALSE
"2026-08-07","SPCX",3.8,,"PUT",110,,110,"2026-09-18","BULL",-2861,23285,20424,-4201,16223,-457909,1768307,FALSE,FALSE,FALSE
"2026-08-07","BTG",0.68,,"CALL",5,5.03,5.68,"2026-11-20","BULL",14768,1507,16275,113,16388,6780,983280,FALSE,FALSE,FALSE
"2026-08-07","HOOD",1.77,,"CALL",96,93.29,97.77,"2026-08-14","BULL",5405,1343,6748,,,,,FALSE,FALSE,FALSE
"2026-08-07","SPCX",0.91,,"CALL",150,,150.91,"2026-08-14","BULL",10386,9394,19780,,,,,FALSE,FALSE,FALSE
"2026-08-07","RKLB",2.21,,"CALL",90,82.83,92.21,"2026-08-14","BULL",4218,1625,5843,,,,,FALSE,FALSE,FALSE
"2026-08-07","MSTR",1.78,,"CALL",101,100.01,102.78,"2026-08-14","BULL",5182,11871,17053,,,,,FALSE,FALSE,FALSE
"2026-08-07","PCG",0.12,,"CALL",22,17.46,22.12,"2026-09-18","BULL",76510,19322,95832,55,95887,1045,1821853,FALSE,FALSE,TRUE
"2026-08-07","RIOT",0.59,,"CALL",21,20.52,21.59,"2026-08-14","BULL",14874,872,15746,,,,,FALSE,FALSE,FALSE
"2026-08-07","IBM",4.7,,"PUT",220,237.28,220,"2026-09-18","BULL",-1838,4308,2470,272,2742,103360,1041960,FALSE,FALSE,FALSE
"2026-08-07","SMCI",1.2,,"CALL",39,31.13,40.2,"2026-09-04","BULL",7113,5146,12259,296,12555,52688,2234790,FALSE,FALSE,TRUE
"2026-08-07","NFLX",1.36,,"CALL",75,74.14,76.36,"2026-08-14","BULL",6088,5524,11612,,,,,FALSE,FALSE,FALSE
"2026-08-07","KORU",8.4,,"CALL",36,,44.4,"2028-12-15","BULL",951,887,1838,0,1838,0,1599060,FALSE,FALSE,FALSE
"2026-08-07","XE",3.14,,"CALL",20,,23.14,"2026-09-18","BULL",2526,8382,10908,-7,10901,-1064,1656952,FALSE,FALSE,FALSE
"2026-08-07","MSFT",1.55,,"CALL",560,499.99,561.55,"2026-09-04","BULL",5048,191,5239,71,5310,852,63720,FALSE,FALSE,TRUE
"2026-08-07","GFI",3.6,,"PUT",40,40.82,40,"2026-10-16","BULL",-2166,7650,5484,-1878,3606,-621618,1193586,FALSE,FALSE,FALSE
"2026-08-07","COIN",1.05,,"CALL",162.5,153.6,163.55,"2026-08-14","BULL",7351,290,7641,,,,,FALSE,FALSE,FALSE
"2026-08-07","AEM",0.75,,"CALL",200,178.82,200.75,"2026-08-21","BULL",10086,205,10291,428,10719,12412,310851,FALSE,FALSE,TRUE
"2026-08-07","AG",0.24,,"PUT",10,18.4,10,"2027-01-15","BULL",-31009,117123,86114,-53319,32795,-799785,491925,FALSE,FALSE,FALSE
"2026-08-07","CWH",1.45,,"CALL",10,,11.45,"2028-01-21","BULL",4993,30717,35710,110,35820,14300,4656600,FALSE,FALSE,FALSE
"2026-08-07","HOOD",0.8,,"CALL",100,93.29,100.8,"2026-08-14","BULL",8982,3623,12605,,,,,FALSE,FALSE,FALSE
"2026-08-07","RARE",1.9,,"CALL",50,25.91,51.9,"2026-10-16","BULL",3532,2351,5883,612,6495,88740,941775,FALSE,FALSE,TRUE
"2026-08-07","GLD",1.15,,"CALL",465,398.47,466.15,"2026-09-18","BULL",5787,45479,51266,-865,50401,-41520,2419248,FALSE,FALSE,TRUE
"2026-08-07","TSLA",0.75,,"CALL",350,328.58,350.75,"2026-08-14","BULL",8465,7627,16092,,,,,FALSE,FALSE,FALSE
"2026-08-07","WULF",0.28,,"CALL",24,17.08,24.28,"2026-09-18","BULL",22348,22668,45016,-17895,27121,-268425,406815,FALSE,FALSE,TRUE
"2026-08-07","CVX",0.44,,"CALL",200,,200.44,"2026-08-14","BULL",14069,890,14959,,,,,FALSE,FALSE,FALSE
"2026-08-07","XOM",0.53,,"CALL",165,153.04,165.53,"2026-08-14","BULL",10993,842,11835,,,,,FALSE,FALSE,FALSE
"2026-08-07","LZM",0.56,,"CALL",5,,5.56,"2026-11-20","BULL",10393,21243,31636,5074,36710,279070,2019050,FALSE,FALSE,FALSE
"2026-08-07","RGTI",0.76,,"CALL",35,17.94,35.76,"2026-11-20","BULL",7421,506,7927,150,8077,7650,411927,FALSE,FALSE,TRUE
"2026-08-07","SILJ",0.62,,"CALL",30,29.14,30.62,"2026-08-14","BULL",8946,2150,11096,,,,,FALSE,FALSE,FALSE
"2026-08-07","MPLX",0.95,,"CALL",60,58.85,60.95,"2026-09-18","BULL",5552,21681,27233,255,27488,25500,2748800,FALSE,FALSE,FALSE
"2026-08-07","GRPN",1.83,,"PUT",24,,24,"2026-08-21","BULL",-2845,6199,3354,-89,3265,-33820,1240700,FALSE,FALSE,FALSE
"2026-08-07","MSTR",0.37,,"CALL",110,100.01,110.37,"2026-08-14","BULL",13953,2324,16277,,,,,FALSE,FALSE,FALSE
"2026-08-07","AMAT",4.92,,"CALL",600,539.14,604.92,"2026-08-14","BULL",1046,253,1299,,,,,FALSE,FALSE,FALSE
"2026-08-07","CRWV",0.75,,"CALL",195,90.67,195.75,"2026-10-16","BULL",6317,209,6526,890,7416,36490,304056,FALSE,FALSE,TRUE
"2026-08-07","AXP",2.4,,"CALL",342.5,,344.9,"2026-08-14","BULL",1875,15,1890,,,,,FALSE,FALSE,FALSE
"2026-08-07","TLT",0.12,,"CALL",83,,83.12,"2026-08-14","BULL",37297,16116,53413,,,,,FALSE,FALSE,FALSE
"2026-08-07","MSTR",0.75,,"CALL",106,100.01,106.75,"2026-08-14","BULL",5653,13147,18800,,,,,FALSE,FALSE,FALSE
"2026-08-07","IREN",0.45,,"CALL",90,41.23,90.45,"2026-10-16","BULL",9398,1962,11360,110,11470,5280,550560,FALSE,FALSE,TRUE
"2026-08-07","GOOG",1.35,,"CALL",410,353.47,411.35,"2026-09-18","BULL",3125,4332,7457,-677,6780,-26403,264420,FALSE,FALSE,TRUE
"2026-08-07","KTOS",3.01,,"CALL",61,60.77,64.01,"2026-08-14","BULL",1310,82,1392,,,,,FALSE,FALSE,FALSE
"2026-08-07","NUAI",0.65,,"CALL",7.5,5.28,8.15,"2026-09-18","BULL",6060,14238,20298,-8732,11566,-305620,404810,FALSE,FALSE,TRUE
"2026-08-07","NVTS",0.68,,"CALL",15,13.89,15.68,"2026-08-28","BULL",5726,475,6201,-679,5522,-17654,143572,FALSE,FALSE,TRUE
"2026-08-07","MARA",0.09,,"CALL",10.5,10.09,10.59,"2026-08-14","BULL",42510,732,43242,,,,,FALSE,FALSE,FALSE
"2026-08-07","SPCX",0.6,,"CALL",155,,155.6,"2026-08-14","BULL",6023,1963,7986,,,,,FALSE,FALSE,FALSE
"2026-08-07","GFI",1.25,,"CALL",45,40.82,46.25,"2026-09-18","BULL",2881,468,3349,1592,4941,167160,518805,FALSE,FALSE,TRUE
"2026-08-07","STUB",0.99,,"CALL",8.5,8.95,9.49,"2026-08-21","BULL",3621,5214,8835,-4445,4390,-44450,43900,FALSE,FALSE,FALSE
"2026-08-07","NOW",0.84,,"PUT",75,124.88,75,"2026-11-20","BULL",-4013,7253,3240,-30,3210,-2100,224700,FALSE,FALSE,FALSE
"2026-08-07","CMPS",0.65,,"CALL",15,13.54,15.65,"2026-09-18","BULL",5158,3405,8563,2431,10994,133705,604670,FALSE,FALSE,TRUE
"2026-08-07","SMTC",2.2,,"CALL",155,139.42,157.2,"2026-08-21","BULL",1520,185,1705,-535,1170,-29425,64350,FALSE,FALSE,TRUE
"2026-08-07","HTZ",0.18,,"CALL",2.5,2.27,2.68,"2026-08-21","BULL",18261,14012,32273,22682,54955,45364,109910,FALSE,FALSE,TRUE
"2026-08-07","SPCX",1.35,,"CALL",200,,201.35,"2026-09-18","BULL",2403,13993,16396,2401,18797,218491,1710527,FALSE,FALSE,FALSE
"2026-08-07","IBIT",0.19,,"CALL",37,36.8,37.19,"2026-08-14","BULL",17026,10566,27592,,,,,FALSE,FALSE,FALSE
"2026-08-07","SEI",1.5,,"PUT",55,,55,"2026-08-21","BULL",-2139,4410,2271,-30,2241,-1620,121014,FALSE,FALSE,FALSE
"2026-08-07","SKHY",1.6,,"CALL",160,,161.6,"2026-08-21","BULL",1973,3345,5318,526,5844,152540,1694760,FALSE,FALSE,FALSE
"2026-08-07","B",0.92,,"CALL",45,43.68,45.92,"2026-09-18","BULL",3402,6302,9704,2122,11826,193102,1076166,FALSE,FALSE,TRUE
"2026-08-07","UVXY",1.45,,"CALL",20,21.62,21.45,"2026-08-14","BULL",2150,4469,6619,,,,,FALSE,FALSE,FALSE
"2026-08-07","MSFT",0.53,,"CALL",550,499.99,550.53,"2026-08-21","BULL",5715,7736,13451,2531,15982,2531,15982,FALSE,FALSE,TRUE
"2026-08-07","GDX",0.42,,"CALL",95,89.89,95.42,"2026-08-14","BULL",7191,141,7332,,,,,FALSE,FALSE,FALSE
"2026-08-07","ICE",2.15,,"CALL",160,,162.15,"2026-09-18","BULL",1368,3276,4644,3167,7811,1083114,2671362,TRUE,FALSE,FALSE
"2026-08-07","NU",0.2,,"CALL",15,13.84,15.2,"2026-08-21","BULL",14547,43003,57550,-3569,53981,-24983,377867,FALSE,FALSE,TRUE
"2026-08-07","ETHA",0.29,,"CALL",16,14.47,16.29,"2026-09-18","BULL",9930,31490,41420,6946,48366,187542,1305882,FALSE,FALSE,TRUE
"2026-08-07","FLY",0.8,,"CALL",40,26.71,40.8,"2026-09-18","BULL",3554,6279,9833,48,9881,1200,247025,FALSE,FALSE,TRUE
"2026-08-07","GTM",0.28,,"CALL",4,,4.28,"2026-08-21","BULL",10000,15427,25427,49,25476,441,229284,FALSE,FALSE,FALSE
"2026-08-07","GSM",0.35,,"CALL",5,,5.35,"2026-09-18","BULL",7972,723,8695,166,8861,1660,88610,FALSE,FALSE,FALSE
"2026-08-07","URBN",3.3,,"CALL",85,76.92,88.3,"2026-09-18","BULL",842,148,990,108,1098,19440,197640,FALSE,FALSE,TRUE
"2026-08-07","ZTS",1.45,,"PUT",70,72.66,70,"2026-09-18","BULL",-1893,4126,2233,1594,3827,175340,420970,FALSE,FALSE,FALSE
"2026-08-07","DNOW",1.3,,"CALL",17.5,16.52,18.8,"2026-11-20","BULL",2067,499,2566,162,2728,12150,204600,FALSE,FALSE,TRUE
"2026-08-07","ECHO",3.2,,"CALL",125,90.04,128.2,"2026-12-18","BULL",839,24157,24996,-1069,23927,-320700,7178100,FALSE,FALSE,TRUE
"2026-08-07","MSTR",0.32,,"CALL",111,100.01,111.32,"2026-08-14","BULL",8340,1200,9540,,,,,FALSE,FALSE,FALSE
"2026-08-07","SPY",0.32,,"CALL",773,773.26,773.32,"2026-08-10","BULL",8193,1997,10190,,,,,FALSE,FALSE,FALSE
"2026-08-07","MRLN",0.35,,"CALL",10,,10.35,"2027-01-15","BULL",7377,23579,30956,3962,34918,59430,523770,FALSE,FALSE,FALSE
"2026-08-07","RGTI",0.62,,"CALL",18,17.94,18.62,"2026-08-14","BULL",4145,1010,5155,,,,,FALSE,FALSE,FALSE
"2026-08-07","TE",1.03,,"CALL",10,5.85,11.03,"2027-01-15","BULL",2381,11220,13601,-1931,11670,-100412,606840,FALSE,FALSE,TRUE
"2026-08-07","CELH",0.45,,"CALL",27.5,,27.95,"2026-08-14","BULL",5394,28,5422,,,,,FALSE,FALSE,FALSE
"2026-08-07","B",0.55,,"CALL",60,43.68,60.55,"2026-12-18","BULL",4339,1281,5620,904,6524,68704,495824,FALSE,FALSE,TRUE
"2026-08-07","EIX",0.9,,"CALL",70,,70.9,"2026-08-21","BULL",2559,1022,3581,805,4386,281750,1535100,FALSE,FALSE,FALSE
"2026-08-07","RIOT",0.23,,"CALL",23,20.52,23.23,"2026-08-14","BULL",9980,504,10484,,,,,FALSE,FALSE,FALSE
"2026-08-07","CELH",0.64,,"CALL",28,,28.64,"2026-08-21","BULL",3544,1444,4988,-605,4383,-108295,784557,FALSE,FALSE,FALSE
"2026-08-07","MARA",0.19,,"CALL",10,10.09,10.19,"2026-08-14","BULL",11718,392,12110,,,,,FALSE,FALSE,FALSE
"2026-08-07","AAPL",0.37,,"CALL",315,313.33,315.37,"2026-08-12","BULL",5897,2029,7926,,,,,FALSE,FALSE,FALSE
"2026-08-07","NRG",0.21,,"CALL",170,118.13,170.21,"2026-09-18","BULL",10235,429,10664,9,10673,225,266825,FALSE,FALSE,TRUE
"2026-08-07","SHEL",0.21,,"CALL",95,88.5,95.21,"2026-08-21","BULL",10103,524,10627,133,10760,1729,139880,FALSE,FALSE,TRUE
"2026-08-07","HTZ",0.12,,"CALL",2.5,2.27,2.62,"2026-08-14","BULL",16846,26145,42991,,,,,FALSE,FALSE,FALSE
"2026-08-07","CDE",0.45,,"CALL",19,17.39,19.45,"2026-08-21","BULL",4221,2844,7065,-2517,4548,-98163,177372,FALSE,FALSE,TRUE
"2026-08-07","OKLO",0.66,,"CALL",70,48.42,70.66,"2026-09-18","BULL",2588,2269,4857,2323,7180,39491,122060,FALSE,FALSE,TRUE
"2026-08-07","UUUU",0.38,,"CALL",18,14.14,18.38,"2026-09-18","BULL",4039,342,4381,588,4969,11760,99380,FALSE,FALSE,TRUE
"2026-08-07","ZD",1.5,,"CALL",55,,56.5,"2026-08-21","BULL",999,1203,2202,0,2202,0,248826,FALSE,FALSE,FALSE
"2026-08-07","KORU",0.63,,"CALL",18,,18.63,"2026-08-14","BULL",2352,5109,7461,,,,,FALSE,FALSE,FALSE
"2026-08-07","CGAU",1.18,,"CALL",22.5,,23.68,"2026-09-18","BULL",1251,48,1299,-40,1259,-3200,100720,FALSE,FALSE,FALSE
"2026-08-07","FRO",0.37,,"CALL",60,,60.37,"2026-11-20","BULL",3901,123,4024,-56,3968,-1960,138880,FALSE,FALSE,FALSE
"2026-08-07","FRMI",0.17,,"CALL",8,6.18,8.17,"2026-08-21","BULL",7801,15319,23120,-288,22832,-1152,91328,FALSE,FALSE,TRUE
"2026-08-07","SPCX",0.23,,"CALL",200,,200.23,"2026-08-21","BULL",5683,26870,32553,-896,31657,-1792,63314,FALSE,FALSE,FALSE
"2026-08-07","ZENA",0.46,,"CALL",2.5,1.65,2.96,"2028-01-21","BULL",2708,6882,9590,71,9661,5325,724575,FALSE,FALSE,TRUE
"2026-08-07","BLND",0.43,,"CALL",2,,2.43,"2026-11-20","BULL",2849,116,2965,378,3343,6426,56831,FALSE,FALSE,FALSE
"2026-08-07","HONA",3.25,,"CALL",170,,173.25,"2026-08-21","BULL",372,196,568,-313,255,-23788,19380,FALSE,FALSE,FALSE
"2026-08-07","HTZ",0.06,,"CALL",3,2.27,3.06,"2026-08-14","BULL",19748,13155,32903,,,,,FALSE,FALSE,FALSE
"2026-08-07","DSP",0.95,,"CALL",20,,20.95,"2027-01-15","BULL",1235,7,1242,12,1254,540,56430,FALSE,FALSE,FALSE
"2026-08-07","SMH",0.19,,"PUT",490,582.7,490,"2026-08-14","BULL",-6113,9023,2910,,,,,FALSE,FALSE,FALSE
"2026-08-07","SPCX",0.4,,"CALL",160,,160.4,"2026-08-14","BULL",2889,9741,12630,,,,,FALSE,FALSE,FALSE
"2026-08-07","IBIT",0.07,,"CALL",38,36.8,38.07,"2026-08-14","BULL",16330,18205,34535,,,,,FALSE,FALSE,FALSE
"2026-08-07","COHR",0.82,,"CALL",450,379.13,450.82,"2026-08-14","BULL",1367,86,1453,,,,,FALSE,FALSE,FALSE
"2026-08-07","MARA",0.03,,"CALL",11.5,10.09,11.53,"2026-08-14","BULL",34713,2783,37496,,,,,FALSE,FALSE,FALSE
"2026-08-07","LAC",0.12,,"CALL",4,3.23,4.12,"2026-09-18","BULL",8149,210,8359,521,8880,2084,35520,FALSE,FALSE,TRUE
"2026-08-07","AIRJ",1.9,,"CALL",6,5.92,7.9,"2027-02-19","BULL",500,480,980,-211,769,-30806,112274,FALSE,FALSE,TRUE
"2026-08-07","FRMI",0.1,,"CALL",7.5,6.18,7.6,"2026-08-14","BULL",9199,2144,11343,,,,,FALSE,FALSE,FALSE
"2026-08-07","TMC",0.08,,"CALL",8,4.57,8.08,"2026-09-18","BULL",11266,605,11871,342,12213,684,24426,FALSE,FALSE,TRUE
"2026-08-07","SPCX",0.01,,"CALL",320,,320.01,"2026-08-14","BULL",76283,17702,93985,,,,,FALSE,FALSE,FALSE
"2026-08-07","MARA",0.05,,"CALL",11,10.09,11.05,"2026-08-14","BULL",15011,1286,16297,,,,,FALSE,FALSE,FALSE
"2026-08-07","SSPC",1,,"CALL",14,,15,"2026-08-21","BULL",714,167,881,-78,803,-468,4818,FALSE,FALSE,FALSE
"2026-08-07","AEM",0.62,,"CALL",190,178.82,190.62,"2026-08-14","BULL",1026,48,1074,,,,,FALSE,FALSE,FALSE
"2026-08-07","META",0.25,,"CALL",600,592.1,600.25,"2026-08-10","BULL",2494,876,3370,,,,,FALSE,FALSE,FALSE
"2026-08-07","ABAT",0.1,,"CALL",4,2.61,4.1,"2026-09-18","BULL",5816,417,6233,-1892,4341,-11352,26046,FALSE,FALSE,TRUE
"2026-08-07","IBIT",0.04,,"CALL",40,36.8,40.04,"2026-08-21","BULL",14204,32824,47028,-1166,45862,-2332,91724,FALSE,FALSE,TRUE
"2026-08-07","BNY",1.1,,"PUT",115,,115,"2027-01-15","BULL",-500,1982,1482,0,1482,0,163020,FALSE,FALSE,FALSE
"2026-08-07","ABAT",0.12,,"CALL",3,2.61,3.12,"2026-08-21","BULL",3788,4483,8271,-497,7774,-2485,38870,FALSE,FALSE,TRUE
"2026-08-07","SPCU",0.85,,"CALL",12,,12.85,"2026-08-21","BULL",502,61,563,-181,382,-18100,38200,FALSE,FALSE,FALSE
"2026-08-07","WEST",0.2,,"PUT",8,,8,"2026-08-21","BULL",-2007,5172,3165,-65,3100,-325,15500,FALSE,FALSE,FALSE
"2026-08-07","CLAR",0.4,,"CALL",4,3.71,4.4,"2026-11-20","BULL",994,1586,2580,-5,2575,-200,103000,FALSE,FALSE,TRUE
"2026-08-07","APH",0.08,,"PUT",120,169.18,120,"2026-08-21","BULL",-4625,15373,10748,-1440,9308,-2880,18616,FALSE,FALSE,FALSE
"2026-08-07","IBIT",0.02,,"CALL",39,36.8,39.02,"2026-08-14","BULL",18017,9583,27600,,,,,FALSE,FALSE,FALSE
"2026-08-07","DOCS",0.1,,"CALL",32.5,27.4,32.6,"2026-08-21","BULL",3564,244,3808,467,4275,934,8550,FALSE,FALSE,TRUE
"2026-08-07","SPCX",0.14,,"CALL",175,,175.14,"2026-08-14","BULL",2445,6391,8836,,,,,FALSE,FALSE,FALSE
"2026-08-07","VELO",0.25,,"CALL",20,,20.25,"2026-08-21","BULL",1314,1140,2454,420,2874,1680,11496,FALSE,FALSE,FALSE
"2026-08-07","EMBC",0.2,,"CALL",5,,5.2,"2026-08-21","BULL",1579,1785,3364,-638,2726,-22330,95410,FALSE,FALSE,FALSE
"2026-08-07","SPY",0.04,,"CALL",775,773.26,775.04,"2026-08-10","BULL",7153,3792,10945,,,,,FALSE,FALSE,FALSE
"2026-08-07","IONX",1.35,,"CALL",41,,42.35,"2026-08-21","BULL",204,5,209,0,209,0,16720,FALSE,FALSE,FALSE
"2026-08-07","SSPC",0.51,,"CALL",16,,16.51,"2026-08-21","BULL",509,173,682,44,726,220,3630,FALSE,FALSE,FALSE
"2026-08-07","SPCX",0.12,,"CALL",180,,180.12,"2026-08-14","BULL",2109,2468,4577,,,,,FALSE,FALSE,FALSE
"2026-08-07","USO",0.03,,"CALL",165,117.98,165.03,"2026-08-14","BULL",8059,2869,10928,,,,,FALSE,FALSE,FALSE
"2026-08-07","PS",0.65,,"CALL",40,,40.65,"2026-08-21","BULL",282,709,991,423,1414,54990,183820,FALSE,FALSE,FALSE
"2026-08-07","MTUS",0.21,,"CALL",22.5,,22.71,"2026-08-21","BULL",812,1269,2081,14,2095,84,12570,FALSE,FALSE,FALSE
"2026-08-07","XE",0.1,,"PUT",15,,15,"2026-08-21","BULL",-1680,3810,2130,-88,2042,-352,8168,FALSE,FALSE,FALSE
"2026-08-07","SPY",0.02,,"CALL",779,773.26,779.02,"2026-08-10","BULL",7399,2136,9535,,,,,FALSE,FALSE,FALSE
"2026-08-07","CRDU",0.8,,"CALL",25,,25.8,"2026-08-21","BULL",176,380,556,23,579,368,9264,FALSE,FALSE,FALSE
"2026-08-07","CMCSA",0.02,,"PUT",20,,20,"2026-08-21","BULL",-5065,56503,51438,-6,51432,-6,51432,FALSE,FALSE,FALSE
"2026-08-07","AVEX",0.25,,"PUT",17.5,,17.5,"2026-08-21","BULL",-377,814,437,33,470,264,3760,FALSE,FALSE,FALSE
"2026-08-07","ECHO",0.1,,"CALL",110,90.04,110.1,"2026-08-21","BULL",918,4649,5567,-459,5108,-459,5108,FALSE,FALSE,TRUE
"2026-08-07","RAM",0.15,,"CALL",15,,15.15,"2026-08-21","BULL",561,2249,2810,662,3472,6620,34720,FALSE,FALSE,FALSE
"2026-08-07","GOOGL",0.01,,"CALL",365,354.3,365.01,"2026-08-10","BULL",6680,527,7207,,,,,FALSE,FALSE,FALSE
"2026-08-07","TENX",0.03,,"CALL",30,,30.03,"2026-08-21","BULL",2026,3731,5757,7,5764,7,5764,FALSE,FALSE,FALSE
"2026-08-07","SPY",0.01,,"CALL",780,773.26,780.01,"2026-08-10","BULL",5766,7378,13144,,,,,FALSE,FALSE,FALSE
"2026-08-07","TSLA",0.01,,"CALL",340,328.58,340.01,"2026-08-10","BULL",4593,2426,7019,,,,,FALSE,FALSE,FALSE
"2026-08-07","ASLE",0.28,,"CALL",7.5,,7.78,"2027-01-15","BULL",137,720,857,57,914,1596,25592,FALSE,FALSE,FALSE
"2026-08-07","NEXN",1.55,,"CALL",10,,11.55,"2026-09-18","BULL",10,186,196,31,227,4030,29510,FALSE,FALSE,FALSE
"2026-08-07","MYE",0.05,,"CALL",40,,40.05,"2026-08-21","BULL",29,731,760,1,761,1,761,FALSE,FALSE,FALSE
"2026-08-07","TTDU",0.01,,"CALL",3,,3.01,"2026-08-21","BULL",50,384,434,-1,433,-5,2165,FALSE,FALSE,FALSE
"2026-08-07","PLTR",26.78,,"CALL",155,172.01,155,"2026-09-18","BEAR",-50385,60221,9836,-1286,8550,-2694170,17912250,FALSE,FALSE,FALSE
"2026-08-07","NVDA",14.75,,"PUT",220,223.96,205.25,"2026-10-16","BEAR",30028,3566,33594,21376,54970,26784128,68877410,TRUE,FALSE,FALSE
"2026-08-07","SOXS",23.45,,"CALL",73,42.08,73,"2028-01-21","BEAR",-9794,9795,1,34,35,62560,64400,FALSE,FALSE,FALSE
"2026-08-07","TEAM",19.5,,"CALL",140,149.07,140,"2026-09-18","BEAR",-7714,9528,1814,-401,1413,-1170920,4125960,FALSE,FALSE,FALSE
"2026-08-07","DASH",67.21,,"CALL",145,216.26,145,"2026-09-18","BEAR",-1905,12080,10175,-1290,8885,-9526650,65615725,FALSE,FALSE,FALSE
"2026-08-07","WOLF",8.11,,"CALL",50,32.87,50,"2027-06-17","BEAR",-15000,25347,10347,2,10349,1640,8486180,FALSE,FALSE,FALSE
"2026-08-07","NOW",29.3,,"CALL",105,124.88,105,"2026-11-20","BEAR",-3981,7135,3154,-507,2647,-1181310,6167510,FALSE,FALSE,FALSE
"2026-08-07","GLD",2.1,,"PUT",335,398.47,332.9,"2026-11-20","BEAR",47891,3451,51342,2757,54099,507288,9954216,TRUE,FALSE,FALSE
"2026-08-07","IBM",27.4,,"CALL",210,237.28,210,"2026-08-21","BEAR",-3431,3541,110,127,237,279400,521400,FALSE,FALSE,FALSE
"2026-08-07","INSM",16.8,,"CALL",130,,130,"2026-11-20","BEAR",-5483,11388,5905,0,5905,0,7375345,FALSE,FALSE,FALSE
"2026-08-07","LITE",92.8,,"PUT",880,890.17,787.2,"2026-08-21","BEAR",916,111,1027,305,1332,954650,4169160,TRUE,FALSE,FALSE
"2026-08-07","EWY",16.11,,"PUT",150,166.09,133.89,"2027-01-15","BEAR",5168,5418,10586,-575,10011,-747500,13014300,FALSE,FALSE,FALSE
"2026-08-07","SPCX",9.07,,"PUT",125,,115.93,"2026-09-18","BEAR",8279,9119,17398,-4519,12879,-1482232,4224312,FALSE,FALSE,FALSE
"2026-08-07","NVDA",2.62,,"PUT",180,223.96,177.38,"2026-10-16","BEAR",28022,20916,48938,21887,70825,4027208,13031800,TRUE,FALSE,FALSE
"2026-08-07","IWM",2.81,,"PUT",286,301.56,283.19,"2026-09-18","BEAR",25988,3135,29123,1318,30441,264918,6118641,FALSE,FALSE,FALSE
"2026-08-07","GDX",5.86,,"CALL",85,89.89,85,"2026-08-21","BEAR",-11746,24223,12477,-102,12375,-50898,6175125,FALSE,FALSE,FALSE
"2026-08-07","ADBE",3.78,,"PUT",210,265.21,206.22,"2026-10-16","BEAR",18126,260,18386,2029,20415,588410,5920350,TRUE,FALSE,FALSE
"2026-08-07","SPCX",23.33,,"CALL",120,,120,"2026-10-16","BEAR",-2865,13466,10601,-469,10132,-1399496,30233888,FALSE,FALSE,FALSE
"2026-08-07","SPCX",13.1,,"CALL",120,,120,"2026-08-14","BEAR",-4800,14295,9495,,,,,FALSE,FALSE,FALSE
"2026-08-07","WOLF",2.35,,"PUT",25,32.87,22.65,"2026-09-18","BEAR",25758,9751,35509,-5601,29908,-840150,4486200,FALSE,FALSE,FALSE
"2026-08-07","SMH",7,,"PUT",450,582.7,443,"2026-10-16","BEAR",8358,3676,12034,-264,11770,-134640,6002700,FALSE,FALSE,FALSE
"2026-08-07","REPL",5.69,,"CALL",10,,10,"2027-01-15","BEAR",-10140,27525,17385,-386,16999,-250900,11049350,FALSE,FALSE,FALSE
"2026-08-07","SPY",3.21,,"PUT",765,773.26,761.79,"2026-08-21","BEAR",17227,4926,22153,32359,54512,5954056,10030208,TRUE,FALSE,FALSE
"2026-08-07","QQQ",4.39,,"PUT",625,723.03,620.61,"2026-10-16","BEAR",12504,3970,16474,-1372,15102,-563892,6206922,FALSE,FALSE,FALSE
"2026-08-07","SPY",4,,"PUT",735,773.26,731,"2026-09-18","BEAR",13418,15362,28780,3083,31863,1128378,11661858,TRUE,FALSE,FALSE
"2026-08-07","IBM",23.1,,"CALL",215,237.28,215,"2026-08-21","BEAR",-2054,2174,120,20,140,34680,242760,FALSE,FALSE,FALSE
"2026-08-07","SPCX",18.33,,"CALL",115,,115,"2026-08-14","BEAR",-2549,7000,4451,,,,,FALSE,FALSE,FALSE
"2026-08-07","TENX",8.63,,"PUT",10,,1.37,"2026-08-21","BEAR",5414,1941,7355,-975,6380,-828750,5423000,FALSE,FALSE,FALSE
"2026-08-07","SPCX",15.28,,"PUT",110,,94.72,"2027-03-19","BEAR",2455,2147,4602,74,4676,77774,4914476,FALSE,FALSE,FALSE
"2026-08-07","DRAM",10.25,,"PUT",55,,44.75,"2026-11-20","BEAR",3466,8086,11552,160,11712,119840,8772288,FALSE,FALSE,FALSE
"2026-08-07","GDX",2.89,,"CALL",90,89.89,90,"2026-08-21","BEAR",-11658,31962,20304,-2323,17981,-313605,2427435,FALSE,FALSE,FALSE
"2026-08-07","PL",7.9,,"PUT",27,23.93,19.1,"2027-01-15","BEAR",3831,1634,5465,-1254,4211,-940500,3158250,FALSE,FALSE,FALSE
"2026-08-07","ETHA",1.98,,"PUT",16,14.47,14.02,"2026-09-18","BEAR",15219,6488,21707,-131,21576,-22925,3775800,FALSE,FALSE,FALSE
"2026-08-07","IWM",0.91,,"PUT",291,301.56,290.09,"2026-08-21","BEAR",32230,2926,35156,-6117,29039,-91755,435585,FALSE,FALSE,FALSE
"2026-08-07","DOCS",3.3,,"CALL",22.5,27.4,22.5,"2026-08-21","BEAR",-8218,19110,10892,-1476,9416,-377856,2410496,FALSE,FALSE,FALSE
"2026-08-07","SPCX",7.1,,"CALL",165,,165,"2026-10-16","BEAR",-3768,9488,5720,300,6020,240000,4816000,FALSE,FALSE,FALSE
"2026-08-07","AAOI",15.2,,"CALL",150,135.63,150,"2026-09-18","BEAR",-1517,2791,1274,270,1544,321300,1837360,FALSE,FALSE,FALSE
"2026-08-07","SPCX",8.9,,"PUT",85,,76.1,"2027-06-17","BEAR",2382,2978,5360,54,5414,36180,3627380,FALSE,FALSE,FALSE
"2026-08-07","CIFR",1.92,,"PUT",18,17.18,16.08,"2026-08-14","BEAR",10885,6839,17724,,,,,FALSE,FALSE,FALSE
"2026-08-07","SMH",3.05,,"PUT",550,582.7,546.95,"2026-08-14","BEAR",6455,1667,8122,,,,,FALSE,FALSE,FALSE
"2026-08-07","HPQ",1.87,,"PUT",29,30.05,27.13,"2026-09-18","BEAR",10184,285,10469,330,10799,54120,1771036,FALSE,FALSE,FALSE
"2026-08-07","TEAM",3.8,,"PUT",130,149.07,126.2,"2026-09-18","BEAR",4893,80,4973,86,5059,9030,531195,FALSE,FALSE,FALSE
"2026-08-07","AEM",14.5,,"PUT",185,178.82,170.5,"2026-09-18","BEAR",1201,49,1250,64,1314,60160,1235160,FALSE,FALSE,FALSE
"2026-08-07","SPY",0.75,,"PUT",745,773.26,744.25,"2026-08-21","BEAR",21560,10686,32246,-3513,28733,-56208,459728,FALSE,FALSE,FALSE
"2026-08-07","VST",1.36,,"PUT",110,140.59,108.64,"2026-10-16","BEAR",10755,201,10956,25,10981,1900,834556,FALSE,FALSE,FALSE
"2026-08-07","TLT",0.72,,"PUT",81,,80.28,"2026-09-18","BEAR",19999,157257,177256,-24712,152544,-1828688,11288256,FALSE,FALSE,FALSE
"2026-08-07","VST",1.47,,"CALL",155,140.59,155,"2026-08-21","BEAR",-9130,15947,6817,1801,8618,12607,60326,FALSE,FALSE,FALSE
"2026-08-07","AG",1.14,,"PUT",10,18.4,8.86,"2028-01-21","BEAR",11748,2751,14499,65450,79949,6021400,7355308,TRUE,FALSE,FALSE
"2026-08-07","KLAC",26.48,,"PUT",180,198.11,153.52,"2027-01-15","BEAR",500,1172,1672,-78,1594,-151320,3092360,FALSE,FALSE,FALSE
"2026-08-07","SPCX",4.1,,"PUT",130,,125.9,"2026-08-14","BEAR",3186,2386,5572,,,,,FALSE,FALSE,FALSE
"2026-08-07","STX",3.67,,"PUT",500,812.76,496.33,"2026-09-18","BEAR",3275,3678,6953,-20,6933,-900,311985,FALSE,FALSE,FALSE
"2026-08-07","SPCX",2.39,,"CALL",210,,210,"2026-10-16","BEAR",-4886,7878,2992,6901,9893,1428507,2047851,TRUE,FALSE,FALSE
"2026-08-07","TER",19.36,,"PUT",300,379.31,280.64,"2026-10-16","BEAR",601,320,921,24,945,21816,859005,FALSE,FALSE,FALSE
"2026-08-07","SPCX",0.98,,"PUT",120,,119.02,"2026-08-14","BEAR",11862,4944,16806,,,,,FALSE,FALSE,FALSE
"2026-08-07","QQQ",2.36,,"PUT",710,723.03,707.64,"2026-08-14","BEAR",4897,5661,10558,,,,,FALSE,FALSE,FALSE
"2026-08-07","EIX",1.8,,"PUT",65,,63.2,"2026-09-18","BEAR",5963,672,6635,1095,7730,66795,471530,FALSE,FALSE,FALSE
"2026-08-07","VST",0.3,,"CALL",165,140.59,165,"2026-08-21","BEAR",-34062,51872,17810,-2326,15484,-6978,46452,FALSE,FALSE,FALSE
"2026-08-07","SPY",0.51,,"PUT",620,773.26,619.49,"2026-09-18","BEAR",19305,128720,148025,10041,158066,411681,6480706,FALSE,FALSE,FALSE
"2026-08-07","AGM",50.52,,"CALL",185,,185,"2026-08-21","BEAR",-190,202,12,0,12,0,60624,FALSE,FALSE,FALSE
"2026-08-07","NU",0.63,,"PUT",14,13.84,13.37,"2026-08-21","BEAR",14658,8967,23625,7918,31543,47508,189258,FALSE,FALSE,FALSE
"2026-08-07","HUT",3.75,,"PUT",87,88.59,83.25,"2026-08-14","BEAR",2316,266,2582,,,,,FALSE,FALSE,FALSE
"2026-08-07","AEP",4.2,,"PUT",125,125.73,120.8,"2026-09-18","BEAR",2034,593,2627,82,2709,14760,487620,FALSE,FALSE,FALSE
"2026-08-07","MO",1.65,,"PUT",65,,63.35,"2026-09-18","BEAR",4326,10624,14950,1559,16509,352334,3731034,FALSE,FALSE,FALSE
"2026-08-07","SPCX",2.09,,"PUT",125,,122.91,"2026-08-14","BEAR",3392,2969,6361,,,,,FALSE,FALSE,FALSE
"2026-08-07","TENX",8.7,,"PUT",10,,1.3,"2026-09-18","BEAR",698,2357,3055,-2442,613,-2024418,508177,FALSE,FALSE,FALSE
"2026-08-07","CIFR",0.28,,"PUT",15,17.18,14.72,"2026-08-14","BEAR",19952,646,20598,,,,,FALSE,FALSE,FALSE
"2026-08-07","VOO",2.9,,"PUT",670,,667.1,"2026-09-18","BEAR",1862,70,1932,8,1940,2320,562600,FALSE,FALSE,FALSE
"2026-08-07","SKHY",2.59,,"PUT",130,,127.41,"2026-08-14","BEAR",2034,3848,5882,,,,,FALSE,FALSE,FALSE
"2026-08-07","TENX",6.14,,"PUT",7.5,,1.36,"2026-08-21","BEAR",834,1786,2620,-595,2025,-350455,1192725,FALSE,FALSE,FALSE
"2026-08-07","GRRR",1.45,,"PUT",7.5,,6.05,"2027-03-19","BEAR",3280,4436,7716,3929,11645,471480,1397400,FALSE,FALSE,FALSE
"2026-08-07","TTD",0.56,,"PUT",10,13.8,9.44,"2026-11-20","BEAR",8361,134,8495,-1119,7376,-50355,331920,FALSE,FALSE,FALSE
"2026-08-07","SPCX",1.54,,"PUT",123,,121.46,"2026-08-14","BEAR",2967,1037,4004,,,,,FALSE,FALSE,FALSE
"2026-08-07","FLR",1.35,,"CALL",55,57,55,"2026-08-21","BEAR",-3384,7396,4012,220,4232,16500,317400,FALSE,FALSE,FALSE
"2026-08-07","LINC",3.6,,"PUT",35,40.99,31.4,"2026-08-21","BEAR",1207,3111,4318,-1500,2818,-744000,1397728,FALSE,FALSE,FALSE
"2026-08-07","SOXX",2.64,,"PUT",505,543.27,502.36,"2026-08-14","BEAR",1587,148,1735,,,,,FALSE,FALSE,FALSE
"2026-08-07","AMLX",1.94,,"PUT",10,,8.06,"2026-09-18","BEAR",2110,43,2153,34,2187,170,10935,FALSE,FALSE,FALSE
"2026-08-07","HPQ",1.07,,"PUT",27,30.05,25.93,"2026-09-18","BEAR",3776,686,4462,2198,6660,182434,552780,FALSE,FALSE,FALSE
"2026-08-07","AEM",2.5,,"PUT",170,178.82,167.5,"2026-08-21","BEAR",1530,344,1874,39,1913,351,17217,FALSE,FALSE,FALSE
"2026-08-07","INTU",5.35,,"PUT",270,325.25,264.65,"2026-09-18","BEAR",650,442,1092,21,1113,4410,233730,FALSE,FALSE,FALSE
"2026-08-07","BBY",1.2,,"PUT",80,,78.8,"2026-08-21","BEAR",2827,3415,6242,-600,5642,-4200,39494,FALSE,FALSE,FALSE
"2026-08-07","NU",0.2,,"PUT",13,13.84,12.8,"2026-08-21","BEAR",15177,11122,26299,15065,41364,15065,41364,FALSE,FALSE,FALSE
"2026-08-07","RARE",1.03,,"PUT",15,25.91,13.97,"2026-10-16","BEAR",2934,13745,16679,2,16681,140,1167670,FALSE,FALSE,FALSE
"2026-08-07","NKE",0.28,,"PUT",41,,40.72,"2026-08-14","BEAR",10197,1567,11764,,,,,FALSE,FALSE,FALSE
"2026-08-07","CSGP",0.75,,"PUT",25,30.24,24.25,"2026-10-16","BEAR",3550,627,4177,-1998,2179,-69930,76265,FALSE,FALSE,FALSE
"2026-08-07","IBIT",0.24,,"PUT",32.5,36.8,32.26,"2026-09-04","BEAR",10002,2938,12940,357,13297,3927,146267,FALSE,FALSE,FALSE
"2026-08-07","SMH",0.08,,"PUT",390,582.7,389.92,"2026-08-21","BEAR",29474,993,30467,9,30476,18,60952,FALSE,FALSE,FALSE
"2026-08-07","GIS",0.62,,"PUT",35,,34.38,"2026-09-18","BEAR",3517,12798,16315,-3414,12901,-88764,335426,FALSE,FALSE,FALSE
"2026-08-07","XLK",0.04,,"PUT",130,187.97,129.96,"2026-08-14","BEAR",50102,133,50235,,,,,FALSE,FALSE,FALSE
"2026-08-07","QQQ",0.4,,"PUT",690,723.03,689.6,"2026-08-14","BEAR",4894,7440,12334,,,,,FALSE,FALSE,FALSE
"2026-08-07","NVT",1.2,,"CALL",185,164.69,185,"2026-08-21","BEAR",-1577,3125,1548,20,1568,400,31360,FALSE,FALSE,FALSE
"2026-08-07","BX",0.61,,"PUT",130,137.13,129.39,"2026-08-21","BEAR",3048,4033,7081,1351,8432,13510,84320,FALSE,FALSE,FALSE
"2026-08-07","VSXY",2,,"PUT",95,98.54,93,"2026-08-21","BEAR",922,435,1357,-65,1292,-67990,1351432,FALSE,FALSE,FALSE
"2026-08-07","TQQQ",0.44,,"PUT",64,74.47,63.56,"2026-08-21","BEAR",4188,1169,5357,-1634,3723,-17974,40953,FALSE,FALSE,FALSE
"2026-08-07","SMH",0.06,,"PUT",430,582.7,429.94,"2026-08-14","BEAR",30023,36301,66324,,,,,FALSE,FALSE,FALSE
"2026-08-07","SPCX",0.4,,"PUT",115,,114.6,"2026-08-14","BEAR",3647,5657,9304,,,,,FALSE,FALSE,FALSE
"2026-08-07","SOXL",0.46,,"PUT",60,140.25,59.54,"2026-08-28","BEAR",3015,1539,4554,70,4624,980,64736,FALSE,FALSE,FALSE
"2026-08-07","SOXL",0.6,,"PUT",100,140.25,99.4,"2026-08-14","BEAR",2262,4992,7254,,,,,FALSE,FALSE,FALSE
"2026-08-07","VRT",0.65,,"PUT",225,272.4,224.35,"2026-08-21","BEAR",1998,475,2473,-68,2405,-340,12025,FALSE,FALSE,FALSE
"2026-08-07","SOXL",0.41,,"PUT",95,140.25,94.59,"2026-08-14","BEAR",2948,2965,5913,,,,,FALSE,FALSE,FALSE
"2026-08-07","NFLX",0.19,,"PUT",63,74.14,62.81,"2026-09-18","BEAR",5997,2885,8882,652,9534,5216,76272,FALSE,FALSE,FALSE
"2026-08-07","TSM",0.06,,"PUT",320,420.04,319.94,"2026-08-21","BEAR",17270,8072,25342,532,25874,1596,77622,FALSE,FALSE,FALSE
"2026-08-07","SMH",0.03,,"PUT",410,582.7,409.97,"2026-08-14","BEAR",33646,107,33753,,,,,FALSE,FALSE,FALSE
"2026-08-07","SMH",0.02,,"PUT",390,582.7,389.98,"2026-08-14","BEAR",44919,106,45025,,,,,FALSE,FALSE,FALSE
"2026-08-07","SPCX",0.17,,"PUT",110,,109.83,"2026-08-14","BEAR",5243,11168,16411,,,,,FALSE,FALSE,FALSE
"2026-08-07","AIRJ",2.4,,"CALL",5,5.92,5,"2027-02-19","BEAR",-365,1135,770,-57,713,-9690,121210,FALSE,FALSE,FALSE
"2026-08-07","FANG",0.57,,"PUT",175,188.04,174.43,"2026-08-21","BEAR",1498,434,1932,-44,1888,-308,13216,FALSE,FALSE,FALSE
"2026-08-07","EQNR",0.14,,"PUT",36,38.92,35.86,"2026-08-21","BEAR",5993,1409,7402,-6,7396,-60,73960,FALSE,FALSE,FALSE
"2026-08-07","SHOP",0.15,,"PUT",140,151.57,139.85,"2026-08-14","BEAR",5164,595,5759,,,,,FALSE,FALSE,FALSE
"2026-08-07","AQST",0.1,,"PUT",2,,1.9,"2026-11-20","BEAR",7084,3,7087,0,7087,0,70870,FALSE,FALSE,FALSE
"2026-08-07","MSFU",0.25,,"PUT",34,38.26,33.75,"2026-08-21","BEAR",2583,3037,5620,-2330,3290,-46600,65800,FALSE,FALSE,FALSE
"2026-08-07","SPCH",1.4,,"PUT",3,,1.6,"2028-12-15","BEAR",416,3963,4379,-2,4377,-220,481470,FALSE,FALSE,FALSE
"2026-08-07","WEN",0.08,,"CALL",8,7.69,8,"2026-08-21","BEAR",-6750,42522,35772,237,36009,11850,1800450,FALSE,FALSE,FALSE
"2026-08-07","KORU",0.25,,"PUT",1,,0.75,"2028-12-15","BEAR",1998,13414,15412,-5217,10195,-130425,254875,FALSE,FALSE,FALSE
"2026-08-07","QQQ",0.07,,"PUT",670,723.03,669.93,"2026-08-13","BEAR",6896,323,7219,,,,,FALSE,FALSE,FALSE
"2026-08-07","NVDL",0.15,,"CALL",38,36.43,38,"2026-08-14","BEAR",-3120,5254,2134,,,,,FALSE,FALSE,FALSE
"2026-08-07","SMCX",0.39,,"PUT",7,,6.61,"2026-08-21","BEAR",1094,360,1454,-176,1278,-528,3834,FALSE,FALSE,FALSE
"2026-08-07","RDDT",0.25,,"PUT",130,161.7,129.75,"2026-08-21","BEAR",1691,1901,3592,-267,3325,-267,3325,FALSE,FALSE,FALSE
"2026-08-07","TSLA",0.01,,"PUT",120,328.58,119.99,"2026-08-14","BEAR",34928,2276,37204,,,,,FALSE,FALSE,FALSE
"2026-08-07","SPCX",0.1,,"PUT",75,,74.9,"2026-08-28","BEAR",3131,18829,21960,1188,23148,2376,46296,FALSE,FALSE,FALSE
"2026-08-07","SPY",0.01,,"PUT",520,773.26,519.99,"2026-08-21","BEAR",31219,207842,239061,-465,238596,-465,238596,FALSE,FALSE,FALSE
"2026-08-07","ARRY",0.15,,"PUT",5,5.55,4.85,"2026-08-21","BEAR",2001,1941,3942,174,4116,4350,102900,FALSE,FALSE,FALSE
"2026-08-07","REPL",0.05,,"PUT",11,,10.95,"2026-08-14","BEAR",4551,1675,6226,,,,,FALSE,FALSE,FALSE
"2026-08-07","CRNX",0.1,,"PUT",55,,54.9,"2026-09-18","BEAR",2040,358,2398,-29,2369,-145,11845,FALSE,FALSE,FALSE
"2026-08-07","DRAM",0.02,,"PUT",30,,29.98,"2026-08-21","BEAR",10093,15033,25126,-138,24988,-138,24988,FALSE,FALSE,FALSE
"2026-08-07","QQQ",0.02,,"PUT",505,723.03,504.98,"2026-08-14","BEAR",10028,563,10591,,,,,FALSE,FALSE,FALSE
"2026-08-07","NOK",0.02,,"CALL",12,9.36,12,"2026-08-21","BEAR",-9483,67915,58432,2084,60516,4168,121032,FALSE,FALSE,FALSE
"2026-08-07","SKUU",0.8,,"PUT",10,,9.2,"2026-09-18","BEAR",218,515,733,0,733,0,58640,FALSE,FALSE,FALSE
"2026-08-07","IREN",0.02,,"PUT",24,41.23,23.98,"2026-08-14","BEAR",8492,1154,9646,,,,,FALSE,FALSE,FALSE
"2026-08-07","IBIT",0.01,,"PUT",25,36.8,24.99,"2026-08-14","BEAR",16000,1185,17185,,,,,FALSE,FALSE,FALSE
"2026-08-07","SPY",0.01,,"PUT",740,773.26,739.99,"2026-08-10","BEAR",15087,3674,18761,,,,,FALSE,FALSE,FALSE
"2026-08-07","TSLA",0.01,,"PUT",200,328.58,199.99,"2026-08-14","BEAR",14774,689,15463,,,,,FALSE,FALSE,FALSE
"2026-08-07","POET",0.02,,"PUT",3,8.91,2.98,"2026-08-21","BEAR",7146,10,7156,626,7782,1252,15564,FALSE,FALSE,FALSE
"2026-08-07","SPY",0.01,,"PUT",760,773.26,759.99,"2026-08-10","BEAR",9009,5369,14378,,,,,FALSE,FALSE,FALSE
"2026-08-07","CLAR",0.1,,"CALL",4,3.71,4,"2026-08-21","BEAR",-766,1300,534,0,534,0,5340,FALSE,FALSE,FALSE
"2026-08-07","NSC",0.15,,"PUT",300,,299.85,"2026-08-21","BEAR",371,3117,3488,0,3488,0,94176,FALSE,FALSE,FALSE
"2026-08-07","SPY",0.01,,"PUT",737,773.26,736.99,"2026-08-10","BEAR",5446,3439,8885,,,,,FALSE,FALSE,FALSE
"2026-08-07","OKLO",0.01,,"PUT",30,48.42,29.99,"2026-08-14","BEAR",5088,123,5211,,,,,FALSE,FALSE,FALSE
"2026-08-07","SPCX",0.01,,"PUT",80,,79.99,"2026-08-14","BEAR",3580,4834,8414,,,,,FALSE,FALSE,FALSE
"2026-08-07","SPCX",0.01,,"PUT",75,,74.99,"2026-08-14","BEAR",3013,1443,4456,,,,,FALSE,FALSE,FALSE
"2026-08-07","SPCX",0.01,,"PUT",77,,76.99,"2026-08-14","BEAR",2224,431,2655,,,,,FALSE,FALSE,FALSE
"2026-08-10","GLD",6.8,,"CALL",420,402.54,426.8,"2026-09-18","BULL",109184,20521,129705,6731,136436,2752979,55802324,TRUE,FALSE,TRUE
"2026-08-10","MSFT",8.3,,"CALL",550,506.06,558.3,"2026-10-16","BULL",51223,3998,55221,-1423,53798,-441130,16677380,FALSE,FALSE,TRUE
"2026-08-10","TSM",55.99,,"CALL",370,418.47,425.99,"2026-09-04","BULL",4848,304,5152,-1,5151,-5791,29829441,FALSE,FALSE,FALSE
"2026-08-10","ASML",203.5,,"CALL",1760,1733.48,1963.5,"2026-11-20","BULL",715,162,877,-172,705,-3335596,13672065,FALSE,FALSE,TRUE
"2026-08-10","TSM",13.7,,"CALL",550,418.47,563.7,"2027-01-15","BULL",8041,6231,14272,53,14325,53265,14396625,FALSE,FALSE,TRUE
"2026-08-10","GLD",9.2,,"CALL",465,402.54,474.2,"2027-01-15","BULL",10467,1564,12031,-1944,10087,-1438560,7464380,FALSE,FALSE,TRUE
"2026-08-10","SPY",12.27,,"CALL",760,773.03,772.27,"2026-08-14","BULL",7246,21710,28956,,,,,FALSE,FALSE,FALSE
"2026-08-10","IBM",45.87,,"PUT",285,236.31,285,"2026-08-21","BULL",-1928,1979,51,-37,14,-181300,68600,FALSE,FALSE,FALSE
"2026-08-10","DRAM",19.14,,"PUT",70,,70,"2026-08-21","BULL",-3361,13897,10536,-1809,8727,-2619432,12636696,FALSE,FALSE,FALSE
"2026-08-10","SE",8.5,,"CALL",135,114.8,143.5,"2026-10-16","BULL",7334,260,7594,1518,9112,379500,2278000,FALSE,FALSE,TRUE
"2026-08-10","CVNA",6.94,,"CALL",65,74.16,71.94,"2026-08-21","BULL",7924,4451,12375,-34,12341,-8942,3245683,FALSE,FALSE,FALSE
"2026-08-10","NVDA",3.65,,"CALL",220,217.55,223.65,"2026-08-21","BULL",14413,48419,62832,-3057,59775,-914043,17872725,FALSE,FALSE,FALSE
"2026-08-10","TTD",4.24,,"CALL",15,13.39,19.24,"2028-01-21","BULL",10428,2170,12598,34,12632,13838,5141224,FALSE,FALSE,TRUE
"2026-08-10","SPCX",10.3,,"CALL",200,,210.3,"2027-02-19","BULL",3872,2673,6545,1236,7781,1495560,9415010,TRUE,FALSE,FALSE
"2026-08-10","IBIT",1.23,,"CALL",37,36.23,38.23,"2026-09-18","BULL",27719,17715,45434,598,46032,82524,6352416,FALSE,FALSE,TRUE
"2026-08-10","XLE",1.9,,"CALL",59.5,,61.4,"2026-08-21","BULL",17774,15274,33048,-12916,20132,-5140568,8012536,FALSE,FALSE,FALSE
"2026-08-10","VST",3.76,,"CALL",160,142.87,163.76,"2026-09-18","BULL",8267,1620,9887,135,10022,21060,1563432,FALSE,FALSE,TRUE
"2026-08-10","ORCL",3.65,,"CALL",200,151.05,203.65,"2026-10-16","BULL",8227,10659,18886,788,19674,189908,4741434,FALSE,FALSE,TRUE
"2026-08-10","EWY",2.56,,"PUT",130,163.12,130,"2026-10-16","BULL",-11539,30785,19246,-4784,14462,-1028560,3109330,FALSE,FALSE,FALSE
"2026-08-10","TENX",11.1,,"PUT",12.5,,12.5,"2026-08-21","BULL",-2658,3011,353,-1,352,-1060,373120,FALSE,FALSE,FALSE
"2026-08-10","DRAM",7.2,,"CALL",55,,62.2,"2026-12-18","BULL",4079,8652,12731,-32,12699,-31200,12381525,FALSE,FALSE,FALSE
"2026-08-10","AMD",8.1,,"PUT",455,469.56,455,"2026-08-19","BULL",-3455,4533,1078,205,1283,11275,70565,FALSE,FALSE,FALSE
"2026-08-10","GLD",2.14,,"CALL",450,402.54,452.14,"2026-09-18","BULL",11548,18268,29816,21832,51648,1943048,4596672,TRUE,FALSE,TRUE
"2026-08-10","QQQ",4.29,,"CALL",760,720.87,764.29,"2026-09-18","BULL",5727,13924,19651,11464,31115,2797216,7592060,TRUE,FALSE,TRUE
"2026-08-10","SPCX",8.7,,"CALL",140,,148.7,"2026-09-18","BULL",2805,12255,15060,69,15129,91425,20045925,FALSE,FALSE,FALSE
"2026-08-10","SPY",0.92,,"PUT",660,773.03,660,"2026-09-18","BULL",-25832,67356,41524,42959,84483,3136007,6167259,TRUE,FALSE,FALSE
"2026-08-10","AAPL",3.65,,"CALL",305,308.26,308.65,"2026-08-14","BULL",6413,1275,7688,,,,,FALSE,FALSE,FALSE
"2026-08-10","AAPL",2.36,,"CALL",307.5,308.26,309.86,"2026-08-14","BULL",9903,1320,11223,,,,,FALSE,FALSE,FALSE
"2026-08-10","SPY",2.19,,"PUT",710,773.03,710,"2026-09-18","BULL",-9298,66778,57480,-6397,51083,-1221827,9756853,FALSE,FALSE,FALSE
"2026-08-10","TENX",8.29,,"PUT",10,,10,"2026-09-18","BULL",-2437,3055,618,-5,613,-4145,508177,FALSE,FALSE,FALSE
"2026-08-10","ACHR",1.58,,"CALL",7,6.26,8.58,"2027-01-15","BULL",12376,53184,65560,-10191,55369,-1090437,5924483,FALSE,FALSE,TRUE
"2026-08-10","ACHR",0.77,,"CALL",10,6.26,10.77,"2027-01-15","BULL",25198,52714,77912,-28002,49910,-1316094,2345770,FALSE,FALSE,TRUE
"2026-08-10","SPCX",5.15,,"CALL",155,,160.15,"2026-09-18","BULL",3735,7309,11044,2416,13460,1609056,8964360,TRUE,FALSE,FALSE
"2026-08-10","ACHR",0.85,,"CALL",9,6.26,9.85,"2027-01-15","BULL",21748,3634,25382,1823,27205,107557,1605095,FALSE,FALSE,TRUE
"2026-08-10","BETA",2.45,,"CALL",25,,27.45,"2026-09-18","BULL",7438,818,8256,114,8370,31122,2285010,FALSE,FALSE,FALSE
"2026-08-10","PLTR",1.76,,"CALL",180,175.23,181.76,"2026-08-14","BULL",8923,8341,17264,,,,,FALSE,FALSE,FALSE
"2026-08-10","HL",0.31,,"PUT",10,17.55,10,"2027-01-15","BULL",-49838,134712,84874,-32491,52383,-747293,1204809,FALSE,FALSE,FALSE
"2026-08-10","IREN",1.94,,"CALL",41,38.74,42.94,"2026-08-21","BULL",7501,1401,8902,26446,35348,6373486,8518868,TRUE,FALSE,TRUE
"2026-08-10","SPCX",3.18,,"PUT",110,,110,"2026-09-18","BULL",-4533,20424,15891,332,16223,36188,1768307,FALSE,FALSE,FALSE
"2026-08-10","MSFT",1.39,,"CALL",540,506.06,541.39,"2026-08-28","BULL",9950,492,10442,76,10518,760,105180,FALSE,FALSE,TRUE
"2026-08-10","CMG",1.17,,"CALL",32.5,,33.67,"2026-09-18","BULL",10775,4078,14853,4250,19103,977500,4393690,TRUE,FALSE,FALSE
"2026-08-10","SQQQ",3.55,,"CALL",37,37.73,40.55,"2026-09-18","BULL",3509,1639,5148,939,6087,298602,1935666,FALSE,FALSE,FALSE
"2026-08-10","AG",0.23,,"PUT",10,18.85,10,"2027-01-15","BULL",-45569,86114,40545,-7750,32795,-116250,491925,FALSE,FALSE,FALSE
"2026-08-10","INTC",1.18,,"CALL",110,97.52,111.18,"2026-08-21","BULL",8864,33196,42060,10019,52079,100190,520790,FALSE,FALSE,TRUE
"2026-08-10","MPT",0.46,,"PUT",4,,4,"2027-03-19","BULL",-22689,38350,15661,-35,15626,-1785,796926,FALSE,FALSE,FALSE
"2026-08-10","GFI",4.09,,"PUT",40,41.1,40,"2026-10-16","BULL",-2384,5484,3100,506,3606,167486,1193586,FALSE,FALSE,FALSE
"2026-08-10","DIS",1.03,,"CALL",110,,111.03,"2026-09-18","BULL",8563,6736,15299,786,16085,83316,1705010,FALSE,FALSE,FALSE
"2026-08-10","IYR",0.86,,"PUT",103.5,,103.5,"2026-08-14","BULL",-9966,10096,130,,,,,FALSE,FALSE,FALSE
"2026-08-10","EVTL",0.5,,"PUT",1.5,,1.5,"2026-08-21","BULL",-17102,20019,2917,-2837,80,-198590,5600,FALSE,TRUE,FALSE
"2026-08-10","CLX",3.08,,"CALL",110,,113.08,"2026-09-18","BULL",2758,2409,5167,211,5378,54860,1398280,FALSE,FALSE,FALSE
"2026-08-10","USO",1.61,,"CALL",130,125.92,131.61,"2026-08-14","BULL",5055,1346,6401,,,,,FALSE,FALSE,FALSE
"2026-08-10","TENX",8.4,,"PUT",10,,10,"2026-08-21","BULL",-916,7355,6439,-59,6380,-50150,5423000,FALSE,FALSE,FALSE
"2026-08-10","ONDS",0.42,,"CALL",13,9.31,13.42,"2026-09-18","BULL",16589,8496,25085,37113,62198,519582,870772,TRUE,FALSE,TRUE
"2026-08-10","GOOG",1.8,,"CALL",355,355.84,356.8,"2026-08-14","BULL",3859,980,4839,,,,,FALSE,FALSE,FALSE
"2026-08-10","CDE",1.55,,"CALL",25,18.15,26.55,"2027-01-15","BULL",4204,15792,19996,119,20115,17255,2916675,FALSE,FALSE,TRUE
"2026-08-10","IREN",0.76,,"CALL",42,38.74,42.76,"2026-08-14","BULL",8518,3049,11567,,,,,FALSE,FALSE,FALSE
"2026-08-10","IBIT",0.59,,"CALL",39,36.23,39.59,"2026-09-18","BULL",10605,17686,28291,59,28350,3835,1842750,FALSE,FALSE,TRUE
"2026-08-10","SPCX",0.47,,"CALL",170,,170.47,"2026-08-21","BULL",13120,10123,23243,7300,30543,94900,397059,FALSE,FALSE,FALSE
"2026-08-10","IBIT",0.42,,"CALL",40,36.23,40.42,"2026-09-18","BULL",14438,60273,74711,9641,84352,414563,3627136,FALSE,FALSE,TRUE
"2026-08-10","QQQ",0.33,,"CALL",780,720.87,780.33,"2026-08-31","BULL",18107,13090,31197,-13957,17240,-97699,120680,FALSE,FALSE,TRUE
"2026-08-10","MSFT",1.47,,"CALL",550,506.06,551.47,"2026-09-04","BULL",4048,846,4894,-155,4739,-2790,85302,FALSE,FALSE,TRUE
"2026-08-10","XLU",0.47,,"CALL",45,,45.47,"2026-09-18","BULL",12089,46875,58964,-6494,52470,-285736,2308680,FALSE,FALSE,FALSE
"2026-08-10","SPCX",2.31,,"CALL",200,,202.31,"2026-10-16","BULL",2362,11430,13792,-3162,10630,-869550,2923250,FALSE,FALSE,FALSE
"2026-08-10","ICE",1.65,,"CALL",160,,161.65,"2026-09-18","BULL",2985,4644,7629,182,7811,62244,2671362,FALSE,FALSE,FALSE
"2026-08-10","META",1.05,,"CALL",635,594.92,636.05,"2026-08-14","BULL",4627,863,5490,,,,,FALSE,FALSE,FALSE
"2026-08-10","SPCX",2.23,,"PUT",105,,105,"2026-09-18","BULL",-2177,12234,10057,400,10457,30400,794732,FALSE,FALSE,FALSE
"2026-08-10","SPY",0.5,,"PUT",758,773.03,758,"2026-08-14","BULL",-9694,27143,17449,,,,,FALSE,FALSE,FALSE
"2026-08-10","B",1.32,,"CALL",40,40.88,41.32,"2026-08-14","BULL",3555,1610,5165,,,,,FALSE,FALSE,FALSE
"2026-08-10","ORCL",0.67,,"CALL",155,151.05,155.67,"2026-08-14","BULL",6986,9557,16543,,,,,FALSE,FALSE,FALSE
"2026-08-10","VRT",2.36,,"PUT",250,270.1,250,"2026-08-21","BULL",-1983,6247,4264,-658,3606,-45402,248814,FALSE,FALSE,FALSE
"2026-08-10","CELH",1.9,,"CALL",35,,36.9,"2027-01-15","BULL",2442,10251,12693,597,13290,170145,3787650,FALSE,FALSE,FALSE
"2026-08-10","VST",1.41,,"CALL",175,142.87,176.41,"2026-09-18","BULL",3093,7529,10622,28,10650,1204,457950,FALSE,FALSE,TRUE
"2026-08-10","RCAT",0.77,,"CALL",15,10,15.77,"2026-10-16","BULL",5498,14561,20059,-387,19672,-25155,1278680,FALSE,FALSE,TRUE
"2026-08-10","LINC",3.75,,"PUT",35,30.77,35,"2026-08-21","BULL",-1120,4318,3198,-380,2818,-188480,1397728,FALSE,FALSE,FALSE
"2026-08-10","PURR",0.6,,"CALL",7,,7.6,"2026-09-18","BULL",6584,15239,21823,136,21959,10608,1712802,FALSE,FALSE,FALSE
"2026-08-10","CSCO",0.74,,"CALL",150,122.57,150.74,"2026-09-18","BULL",5103,9375,14478,472,14950,1416,44850,FALSE,FALSE,TRUE
"2026-08-10","IHI",0.25,,"PUT",47,55.45,47,"2026-10-16","BULL",-15000,125062,110062,-66537,43525,-798444,522300,FALSE,FALSE,FALSE
"2026-08-10","RKLB",0.75,,"CALL",85,80.04,85.75,"2026-08-14","BULL",4249,3139,7388,,,,,FALSE,FALSE,FALSE
"2026-08-10","LZM",0.55,,"CALL",5,,5.55,"2026-11-20","BULL",5037,31636,36673,37,36710,2035,2019050,FALSE,FALSE,FALSE
"2026-08-10","PCOR",3.2,,"CALL",75,58.19,78.2,"2027-01-15","BULL",864,1506,2370,0,2370,0,1064130,FALSE,FALSE,TRUE
"2026-08-10","DRAM",0.94,,"CALL",55,,55.94,"2026-08-21","BULL",2886,8543,11429,-2834,8595,-552630,1676025,FALSE,FALSE,FALSE
"2026-08-10","QCOM",0.66,,"CALL",170,162.17,170.66,"2026-08-14","BULL",4007,2393,6400,,,,,FALSE,FALSE,FALSE
"2026-08-10","SLV",0.15,,"CALL",68,59.41,68.15,"2026-08-21","BULL",16873,2738,19611,568,20179,1136,40358,FALSE,FALSE,TRUE
"2026-08-10","META",0.54,,"CALL",645,594.92,645.54,"2026-08-14","BULL",4537,561,5098,,,,,FALSE,FALSE,FALSE
"2026-08-10","SPCX",0.72,,"CALL",145,,145.72,"2026-08-14","BULL",3285,10046,13331,,,,,FALSE,FALSE,FALSE
"2026-08-10","PLTR",0.3,,"CALL",190,175.23,190.3,"2026-08-14","BULL",7732,3972,11704,,,,,FALSE,FALSE,FALSE
"2026-08-10","SPCX",0.4,,"CALL",150,,150.4,"2026-08-14","BULL",5786,19780,25566,,,,,FALSE,FALSE,FALSE
"2026-08-10","CBRS",0.75,,"CALL",330,,330.75,"2026-08-14","BULL",3085,10024,13109,,,,,FALSE,FALSE,FALSE
"2026-08-10","KLAC",1.14,,"PUT",172,192.74,172,"2026-08-21","BULL",-1971,3337,1366,-10,1356,-290,39324,FALSE,FALSE,FALSE
"2026-08-10","AMZN",0.35,,"CALL",285,278.09,285.35,"2026-08-14","BULL",5886,8446,14332,,,,,FALSE,FALSE,FALSE
"2026-08-10","CIBR",3.49,,"CALL",110,100.6,113.49,"2026-11-20","BULL",589,1820,2409,-1,2408,-220,529760,FALSE,FALSE,TRUE
"2026-08-10","QQQ",0.12,,"CALL",800,720.87,800.12,"2026-08-31","BULL",16466,7116,23582,-14640,8942,-58560,35768,FALSE,TRUE,TRUE
"2026-08-10","INTC",0.12,,"CALL",105,97.52,105.12,"2026-08-12","BULL",16339,1351,17690,,,,,FALSE,FALSE,FALSE
"2026-08-10","MU",0.51,,"CALL",1000,861,1000.51,"2026-08-14","BULL",3733,7026,10759,,,,,FALSE,FALSE,FALSE
"2026-08-10","GEN",0.8,,"CALL",35,,35.8,"2026-12-18","BULL",2250,2641,4891,0,4891,0,195640,FALSE,FALSE,FALSE
"2026-08-10","BORR",0.35,,"CALL",6,,6.35,"2027-01-15","BULL",5005,778,5783,21,5804,672,185728,FALSE,FALSE,FALSE
"2026-08-10","SPCX",0.2,,"CALL",157.5,,157.7,"2026-08-14","BULL",7575,1040,8615,,,,,FALSE,FALSE,FALSE
"2026-08-10","RKLB",0.28,,"CALL",90,80.04,90.28,"2026-08-14","BULL",4858,5843,10701,,,,,FALSE,FALSE,FALSE
"2026-08-10","CBRL",1.5,,"CALL",57.5,,59,"2026-08-21","BULL",837,1079,1916,-408,1508,-73440,271440,FALSE,FALSE,FALSE
"2026-08-10","CLS",1.4,,"CALL",360,314.59,361.4,"2026-08-21","BULL",881,1095,1976,233,2209,7456,70688,FALSE,FALSE,TRUE
"2026-08-10","CBRL",0.85,,"CALL",60,,60.85,"2026-08-21","BULL",1241,1228,2469,547,3016,32820,180960,FALSE,FALSE,FALSE
"2026-08-10","SNXX",1.3,,"PUT",10,,10,"2026-08-21","BULL",-801,3887,3086,-1727,1359,-5181,4077,FALSE,FALSE,FALSE
"2026-08-10","SPY",0.11,,"CALL",773,773.03,773.11,"2026-08-11","BULL",9374,2856,12230,,,,,FALSE,FALSE,FALSE
"2026-08-10","SPCX",0.28,,"CALL",180,,180.28,"2026-08-21","BULL",3634,11609,15243,3738,18981,22428,113886,FALSE,FALSE,FALSE
"2026-08-10","SPCX",0.15,,"CALL",160,,160.15,"2026-08-14","BULL",6669,12630,19299,,,,,FALSE,FALSE,FALSE
"2026-08-10","IBM",0.5,,"CALL",250,236.31,250.5,"2026-08-14","BULL",1936,3037,4973,,,,,FALSE,FALSE,FALSE
"2026-08-10","GOOG",0.17,,"CALL",370,355.84,370.17,"2026-08-14","BULL",5127,2585,7712,,,,,FALSE,FALSE,FALSE
"2026-08-10","NFLX",0.1,,"CALL",79,76.29,79.1,"2026-08-14","BULL",8701,2510,11211,,,,,FALSE,FALSE,FALSE
"2026-08-10","GOOGL",0.22,,"CALL",370,357.52,370.22,"2026-08-14","BULL",3732,2490,6222,,,,,FALSE,FALSE,FALSE
"2026-08-10","AAPL",0.14,,"CALL",320,308.26,320.14,"2026-08-14","BULL",5717,12985,18702,,,,,FALSE,FALSE,FALSE
"2026-08-10","MUU",1.38,,"CALL",91.25,,92.63,"2026-12-18","BULL",460,1434,1894,-610,1284,-140300,295320,FALSE,FALSE,FALSE
"2026-08-10","BETR",0.6,,"CALL",17.5,,18.1,"2026-08-21","BULL",899,473,1372,466,1838,4194,16542,FALSE,FALSE,FALSE
"2026-08-10","SOUN",0.06,,"CALL",8,7.46,8.06,"2026-08-14","BULL",8183,6304,14487,,,,,FALSE,FALSE,FALSE
"2026-08-10","RKLB",0.05,,"CALL",100,80.04,100.05,"2026-08-14","BULL",8492,3548,12040,,,,,FALSE,FALSE,FALSE
"2026-08-10","SPY",0.06,,"CALL",774,773.03,774.06,"2026-08-11","BULL",6863,885,7748,,,,,FALSE,FALSE,FALSE
"2026-08-10","GOOG",0.09,,"CALL",375,355.84,375.09,"2026-08-14","BULL",4572,1634,6206,,,,,FALSE,FALSE,FALSE
"2026-08-10","SPCX",0.01,,"CALL",320,,320.01,"2026-08-14","BULL",38298,93985,132283,,,,,FALSE,FALSE,FALSE
"2026-08-10","AAPL",0.06,,"CALL",325,308.26,325.06,"2026-08-14","BULL",6019,9231,15250,,,,,FALSE,FALSE,FALSE
"2026-08-10","AIRJ",1.37,,"CALL",5,5.93,6.37,"2026-08-21","BULL",214,1410,1624,-702,922,-35100,46100,FALSE,FALSE,FALSE
"2026-08-10","RXT",0.03,,"CALL",6,4.73,6.03,"2026-08-14","BULL",7555,1976,9531,,,,,FALSE,FALSE,FALSE
"2026-08-10","ETHA",0.02,,"PUT",11.5,14.14,11.5,"2026-08-21","BULL",-8703,114797,106094,-4602,101492,-4602,101492,FALSE,FALSE,FALSE
"2026-08-10","RAM",0.11,,"CALL",14,,14.11,"2026-08-21","BULL",501,1355,1856,574,2430,11480,48600,FALSE,FALSE,FALSE
"2026-08-10","AAPL",0.01,,"CALL",320,308.26,320.01,"2026-08-12","BULL",5356,3924,9280,,,,,FALSE,FALSE,FALSE
"2026-08-10","WDC",0.02,,"CALL",600,438.34,600.02,"2026-08-14","BULL",1938,1309,3247,,,,,FALSE,FALSE,FALSE
"2026-08-10","SHMD",0.95,,"CALL",5,,5.95,"2026-09-18","BULL",8,322,330,-3,327,-300,32700,FALSE,FALSE,FALSE
"2026-08-10","MU",382.85,,"CALL",520,861,520,"2027-03-19","BEAR",-3351,6847,3496,-3,3493,-114855,133729505,FALSE,FALSE,FALSE
"2026-08-10","MSFT",21.27,,"CALL",510,506.06,510,"2026-10-16","BEAR",-26296,52786,26490,-334,26156,-345690,27071460,FALSE,FALSE,FALSE
"2026-08-10","SPY",13.93,,"PUT",775,773.03,761.07,"2026-09-18","BEAR",19769,5259,25028,735,25763,1016505,35630229,TRUE,FALSE,FALSE
"2026-08-10","SPY",14.83,,"PUT",735,773.03,720.17,"2026-12-18","BEAR",17951,9460,27411,-18,27393,-26496,40322496,FALSE,FALSE,FALSE
"2026-08-10","GLD",14.38,,"CALL",400,402.54,400,"2026-09-18","BEAR",-17962,68341,50379,-1654,48725,-1869020,55059250,FALSE,FALSE,FALSE
"2026-08-10","EWY",16.7,,"CALL",165,163.12,165,"2026-10-16","BEAR",-11303,25142,13839,-5312,8527,-10007808,16064868,FALSE,FALSE,FALSE
"2026-08-10","GLW",46,,"CALL",115,157.76,115,"2026-09-18","BEAR",-4071,10254,6183,17,6200,77265,28179000,FALSE,FALSE,FALSE
"2026-08-10","QQQ",14.27,,"PUT",710,720.87,695.73,"2026-09-18","BEAR",8519,12483,21002,5518,26520,6814730,32752200,TRUE,FALSE,FALSE
"2026-08-10","SPY",4.39,,"PUT",630,773.03,625.61,"2026-12-18","BEAR",23991,12890,36881,7482,44363,3307044,19608446,TRUE,FALSE,FALSE
"2026-08-10","GLD",13,,"PUT",390,402.54,377,"2026-11-20","BEAR",7581,15847,23428,7687,31115,9316644,37711380,TRUE,FALSE,FALSE
"2026-08-10","SE",42.7,,"CALL",87.5,114.8,87.5,"2026-08-21","BEAR",-2171,7197,5026,-295,4731,-1241950,19917510,FALSE,FALSE,FALSE
"2026-08-10","SPY",2.76,,"PUT",770,773.03,767.24,"2026-08-14","BEAR",33489,8929,42418,,,,,FALSE,FALSE,FALSE
"2026-08-10","GLD",3.59,,"PUT",335,402.54,331.41,"2027-01-15","BEAR",24579,39593,64172,-2277,61895,-755964,20549140,FALSE,FALSE,FALSE
"2026-08-10","GLD",1.76,,"PUT",330,402.54,328.24,"2026-11-20","BEAR",49360,3456,52816,-19,52797,-2964,8236332,FALSE,FALSE,FALSE
"2026-08-10","SPCX",21.1,,"PUT",115,,93.9,"2027-06-17","BEAR",3836,4118,7954,5207,13161,8591550,21715650,TRUE,FALSE,FALSE
"2026-08-10","TSM",17.93,,"CALL",500,418.47,500,"2026-12-18","BEAR",-3980,28733,24753,1030,25783,1284410,32151401,TRUE,FALSE,FALSE
"2026-08-10","SPY",1.53,,"PUT",630,773.03,628.47,"2026-10-16","BEAR",40036,1686,41722,54,41776,7614,5890416,FALSE,FALSE,FALSE
"2026-08-10","WULF",3.03,,"CALL",20,16.2,20,"2027-01-15","BEAR",-19835,42722,22887,43,22930,9761,5205110,FALSE,FALSE,FALSE
"2026-08-10","SMCI",1.51,,"CALL",34,31.46,34,"2026-08-21","BEAR",-34675,64934,30259,-10361,19898,-3833570,7362260,FALSE,FALSE,FALSE
"2026-08-10","QQQ",8.57,,"PUT",690,720.87,681.43,"2026-09-18","BEAR",5328,29634,34962,333,35295,240759,25518285,FALSE,FALSE,FALSE
"2026-08-10","SPY",2.09,,"PUT",760,773.03,757.91,"2026-08-21","BEAR",19985,29461,49446,-24776,24670,-2254616,2244970,FALSE,FALSE,FALSE
"2026-08-10","SPY",3.17,,"PUT",765,773.03,761.83,"2026-08-21","BEAR",13151,22153,35304,19208,54512,3534272,10030208,TRUE,FALSE,FALSE
"2026-08-10","CVNA",9.5,,"CALL",80,74.16,80,"2026-12-18","BEAR",-3582,11899,8317,1039,9356,493525,4444100,FALSE,FALSE,FALSE
"2026-08-10","IBIT",1.71,,"PUT",31,36.23,29.29,"2027-01-15","BEAR",19466,3077,22543,4,22547,600,3382050,FALSE,FALSE,FALSE
"2026-08-10","ARKK",3.1,,"PUT",79,80.44,75.9,"2026-09-18","BEAR",9728,8546,18274,8217,26491,2424015,7814845,TRUE,FALSE,FALSE
"2026-08-10","SKHY",16.6,,"PUT",120,,103.4,"2027-01-15","BEAR",1793,2683,4476,99,4575,119790,5535750,FALSE,FALSE,FALSE
"2026-08-10","HL",1.22,,"PUT",10,17.55,8.78,"2028-01-21","BEAR",22697,6378,29075,52999,82074,5299900,8207400,TRUE,FALSE,FALSE
"2026-08-10","QQQ",3.75,,"CALL",730,720.87,730,"2026-08-21","BEAR",-6501,41427,34926,140,35066,9520,2384488,FALSE,FALSE,FALSE
"2026-08-10","AAPL",3.34,,"PUT",307.5,308.26,304.16,"2026-08-14","BEAR",7298,3096,10394,,,,,FALSE,FALSE,FALSE
"2026-08-10","TWLO",27.57,,"CALL",220,250.06,220,"2026-08-21","BEAR",-835,2688,1853,-7,1846,-9779,2578862,FALSE,FALSE,FALSE
"2026-08-10","DIS",4.2,,"CALL",100,,100,"2026-08-21","BEAR",-5186,13637,8451,-530,7921,-259700,3881290,FALSE,FALSE,FALSE
"2026-08-10","CRWD",12.8,,"CALL",210,225.16,210,"2026-08-14","BEAR",-1555,3934,2379,,,,,FALSE,FALSE,FALSE
"2026-08-10","SLV",2.12,,"PUT",50,59.41,47.88,"2026-12-18","BEAR",8574,7267,15841,77,15918,15785,3263190,FALSE,FALSE,FALSE
"2026-08-10","QQQ",2.5,,"PUT",675,720.87,672.5,"2026-08-31","BEAR",7214,1732,8946,2662,11608,372680,1625120,FALSE,FALSE,FALSE
"2026-08-10","CMG",1.85,,"PUT",32.5,,30.65,"2026-09-18","BEAR",9031,12934,21965,-208,21757,-15600,1631775,FALSE,FALSE,FALSE
"2026-08-10","SPY",0.54,,"PUT",625,773.03,624.46,"2026-09-18","BEAR",30025,132722,162747,-29882,132865,-1374572,6111790,FALSE,FALSE,FALSE
"2026-08-10","GOOG",0.68,,"PUT",315,355.84,314.32,"2026-08-28","BEAR",23745,1641,25386,-14355,11031,-631620,485364,FALSE,FALSE,FALSE
"2026-08-10","IONQ",4.15,,"CALL",40,42.53,40,"2026-08-21","BEAR",-3863,14447,10584,-4518,6066,-2394540,3214980,FALSE,FALSE,FALSE
"2026-08-10","SPY",1.97,,"CALL",775,773.03,775,"2026-08-14","BEAR",-8038,90973,82935,,,,,FALSE,FALSE,FALSE
"2026-08-10","SPY",1.8,,"PUT",773,773.03,771.2,"2026-08-11","BEAR",8549,2531,11080,,,,,FALSE,FALSE,FALSE
"2026-08-10","DRAM",3.85,,"PUT",40,,36.15,"2027-01-15","BEAR",3994,8995,12989,2726,15715,817800,4714500,TRUE,FALSE,FALSE
"2026-08-10","DFTX",4.7,,"PUT",40,,35.3,"2026-08-21","BEAR",3185,4666,7851,-1843,6008,-18430,60080,FALSE,FALSE,FALSE
"2026-08-10","SPY",2.1,,"PUT",771,773.03,768.9,"2026-08-12","BEAR",6672,1507,8179,,,,,FALSE,FALSE,FALSE
"2026-08-10","ARE",4.3,,"PUT",50,,45.7,"2026-10-16","BEAR",3247,575,3822,25,3847,13750,2115850,FALSE,FALSE,FALSE
"2026-08-10","INTC",0.49,,"PUT",67.5,97.52,67.01,"2026-09-18","BEAR",24294,1790,26084,-18,26066,-522,755914,FALSE,FALSE,FALSE
"2026-08-10","SE",1.61,,"PUT",105,114.8,103.39,"2026-10-16","BEAR",7360,351,7711,59,7770,17464,2299920,FALSE,FALSE,FALSE
"2026-08-10","TSLA",2.13,,"PUT",330,330.88,327.87,"2026-08-12","BEAR",5297,611,5908,,,,,FALSE,FALSE,FALSE
"2026-08-10","AA",4.05,,"CALL",50,51.63,50,"2026-08-21","BEAR",-2705,13349,10644,-1882,8762,-124212,578292,FALSE,FALSE,FALSE
"2026-08-10","SPY",0.34,,"PUT",755,773.03,754.66,"2026-08-14","BEAR",31729,5119,36848,,,,,FALSE,FALSE,FALSE
"2026-08-10","AG",1.05,,"PUT",10,18.85,8.95,"2028-01-21","BEAR",9989,14499,24488,55461,79949,5102412,7355308,TRUE,FALSE,FALSE
"2026-08-10","BETA",2.63,,"CALL",22.5,,22.5,"2026-08-21","BEAR",-3974,9524,5550,-86,5464,-30014,1906936,FALSE,FALSE,FALSE
"2026-08-10","ELF",7,,"CALL",92,,92,"2026-08-28","BEAR",-1446,2746,1300,-24,1276,-10800,574200,FALSE,FALSE,FALSE
"2026-08-10","B",1.76,,"PUT",40,40.88,38.24,"2026-09-18","BEAR",5428,4452,9880,299,10179,34684,1180764,FALSE,FALSE,FALSE
"2026-08-10","CLX",3.2,,"CALL",105,,105,"2026-08-21","BEAR",-2933,12170,9237,-1675,7562,-433825,1958558,FALSE,FALSE,FALSE
"2026-08-10","WDC",2.2,,"PUT",290,438.34,287.8,"2026-09-18","BEAR",3886,649,4535,-18,4517,-918,230367,FALSE,FALSE,FALSE
"2026-08-10","SPY",0.99,,"PUT",772,773.03,771.01,"2026-08-11","BEAR",7535,1854,9389,,,,,FALSE,FALSE,FALSE
"2026-08-10","SPCX",3.25,,"PUT",130,,126.75,"2026-08-14","BEAR",2169,5572,7741,,,,,FALSE,FALSE,FALSE
"2026-08-10","GLW",1.64,,"PUT",120,157.76,118.36,"2026-09-18","BEAR",3320,12846,16166,-6804,9362,-673596,926838,FALSE,FALSE,FALSE
"2026-08-10","CRWV",1.6,,"PUT",75,88.19,73.4,"2026-08-21","BEAR",3366,4548,7914,-43,7871,-43,7871,FALSE,FALSE,FALSE
"2026-08-10","SKHY",1,,"PUT",50,,49,"2027-03-19","BEAR",5125,486,5611,-13,5598,-975,419850,FALSE,FALSE,FALSE
"2026-08-10","RKLB",1.39,,"PUT",40,80.04,38.61,"2026-12-18","BEAR",3683,5639,9322,2987,12309,304674,1255518,FALSE,FALSE,FALSE
"2026-08-10","SPY",0.5,,"PUT",620,773.03,619.5,"2026-09-18","BEAR",10004,148025,158029,37,158066,1517,6480706,FALSE,FALSE,FALSE
"2026-08-10","POET",0.46,,"CALL",9,8.56,9,"2026-08-21","BEAR",-10848,19438,8590,757,9347,11355,140205,FALSE,FALSE,FALSE
"2026-08-10","UEC",1,,"PUT",10,11.38,9,"2026-11-20","BEAR",4014,1064,5078,15,5093,1560,529672,FALSE,FALSE,FALSE
"2026-08-10","DOMO",1,,"CALL",3,4.02,3,"2026-08-21","BEAR",-3826,33605,29779,-3509,26270,-333355,2495650,FALSE,FALSE,FALSE
"2026-08-10","MSTR",0.45,,"CALL",105,97.33,105,"2026-08-14","BEAR",-8180,28888,20708,,,,,FALSE,FALSE,FALSE
"2026-08-10","SPCX",1.39,,"CALL",140,,140,"2026-08-14","BEAR",-2616,18875,16259,,,,,FALSE,FALSE,FALSE
"2026-08-10","SOXL",0.42,,"PUT",100,130,99.58,"2026-08-14","BEAR",8534,7254,15788,,,,,FALSE,FALSE,FALSE
"2026-08-10","IBIT",0.37,,"PUT",34,36.23,33.63,"2026-08-28","BEAR",9669,1775,11444,-3069,8375,-30690,83750,FALSE,FALSE,FALSE
"2026-08-10","MCO",4.01,,"CALL",520,,520,"2026-08-21","BEAR",-859,1043,184,-38,146,-190,730,FALSE,FALSE,FALSE
"2026-08-10","SPCX",1,,"PUT",123,,122,"2026-08-14","BEAR",3416,4004,7420,,,,,FALSE,FALSE,FALSE
"2026-08-10","SPY",0.17,,"PUT",715,773.03,714.83,"2026-08-21","BEAR",18374,54513,72887,-25192,47695,-125960,238475,FALSE,FALSE,FALSE
"2026-08-10","SPCX",1.43,,"PUT",125,,123.57,"2026-08-14","BEAR",2144,6361,8505,,,,,FALSE,FALSE,FALSE
"2026-08-10","AMLX",3.53,,"PUT",15,,11.47,"2026-09-18","BEAR",814,1701,2515,982,3497,3928,13988,FALSE,FALSE,FALSE
"2026-08-10","STUB",0.56,,"CALL",8.5,8.78,8.5,"2026-08-21","BEAR",-4998,8835,3837,553,4390,5530,43900,FALSE,FALSE,FALSE
"2026-08-10","NBIS",0.37,,"PUT",120,184.11,119.63,"2026-08-21","BEAR",6977,17950,24927,529,25456,529,25456,FALSE,FALSE,FALSE
"2026-08-10","WULF",0.1,,"CALL",30,16.2,30,"2026-09-18","BEAR",-25680,56244,30564,-2013,28551,-14091,199857,FALSE,FALSE,FALSE
"2026-08-10","CSCO",0.58,,"PUT",100,122.57,99.42,"2026-09-18","BEAR",4350,4903,9253,4028,13281,177232,584364,FALSE,FALSE,FALSE
"2026-08-10","ARIS",0.5,,"PUT",15,17.08,14.5,"2026-09-18","BEAR",4998,550,5548,-3559,1989,-74739,41769,FALSE,TRUE,FALSE
"2026-08-10","ASTS",0.8,,"CALL",120,68.76,120,"2026-09-18","BEAR",-2765,5990,3225,162,3387,4050,84675,FALSE,FALSE,FALSE
"2026-08-10","GRRR",1.45,,"PUT",7.5,,6.05,"2027-03-19","BEAR",1354,7716,9070,2575,11645,309000,1397400,FALSE,FALSE,FALSE
"2026-08-10","SPCX",0.55,,"PUT",120,,119.45,"2026-08-14","BEAR",3531,16806,20337,,,,,FALSE,FALSE,FALSE
"2026-08-10","SHAZ",1.55,,"CALL",65,,65,"2026-08-21","BEAR",-1213,11143,9930,-1312,8618,-780640,5127710,FALSE,FALSE,FALSE
"2026-08-10","BWA",0.52,,"PUT",65,69.28,64.48,"2026-08-21","BEAR",3174,1796,4970,0,4970,0,69580,FALSE,FALSE,FALSE
"2026-08-10","SPY",0.18,,"PUT",770,773.03,769.82,"2026-08-11","BEAR",8295,4434,12729,,,,,FALSE,FALSE,FALSE
"2026-08-10","NOMD",1.8,,"CALL",10,,10,"2026-08-21","BEAR",-706,973,267,-4,263,-720,47340,FALSE,FALSE,FALSE
"2026-08-10","TE",0.28,,"PUT",5,5.31,4.72,"2026-08-21","BEAR",4513,1747,6260,3746,10006,179808,480288,FALSE,FALSE,FALSE
"2026-08-10","TENB",0.5,,"PUT",30,36.7,29.5,"2026-09-18","BEAR",2095,1877,3972,-2,3970,-94,186590,FALSE,FALSE,FALSE
"2026-08-10","SPCX",0.19,,"PUT",115,,114.81,"2026-08-14","BEAR",4242,9304,13546,,,,,FALSE,FALSE,FALSE
"2026-08-10","QQQ",0.11,,"PUT",675,720.87,674.89,"2026-08-14","BEAR",6612,2600,9212,,,,,FALSE,FALSE,FALSE
"2026-08-10","VSXY",3.6,,"PUT",95,99.97,91.4,"2026-08-21","BEAR",200,1357,1557,-265,1292,-277190,1351432,FALSE,FALSE,FALSE
"2026-08-10","SOXL",0.25,,"PUT",95,130,94.75,"2026-08-14","BEAR",2865,5913,8778,,,,,FALSE,FALSE,FALSE
"2026-08-10","SKHY",0.46,,"PUT",125,,124.54,"2026-08-14","BEAR",1522,6255,7777,,,,,FALSE,FALSE,FALSE
"2026-08-10","MCO",0.9,,"CALL",540,,540,"2026-08-21","BEAR",-731,3793,3062,0,3062,0,275580,FALSE,FALSE,FALSE
"2026-08-10","DIS",0.11,,"CALL",110,,110,"2026-08-21","BEAR",-5837,16667,10830,-195,10635,-585,31905,FALSE,FALSE,FALSE
"2026-08-10","USAS",0.07,,"CALL",6,5.13,6,"2026-08-21","BEAR",-8429,33240,24811,269,25080,807,75240,FALSE,FALSE,FALSE
"2026-08-10","VSH",0.24,,"CALL",40,33.14,40,"2026-08-21","BEAR",-2297,8982,6685,-166,6519,-664,26076,FALSE,FALSE,FALSE
"2026-08-10","BNY",1.1,,"PUT",115,,113.9,"2027-01-15","BEAR",500,1482,1982,-500,1482,-55000,163020,FALSE,FALSE,FALSE
"2026-08-10","MSFU",0.16,,"PUT",34,39.18,33.84,"2026-08-21","BEAR",3166,5620,8786,-5496,3290,-109920,65800,FALSE,FALSE,FALSE
"2026-08-10","GRPN",0.1,,"PUT",8,,7.9,"2027-01-15","BEAR",4177,0,4177,0,4177,0,41770,FALSE,FALSE,FALSE
"2026-08-10","DRAM",0.11,,"PUT",40,,39.89,"2026-08-21","BEAR",2853,16771,19624,-3295,16329,-3295,16329,FALSE,FALSE,FALSE
"2026-08-10","PSX",0.05,,"PUT",100,,99.95,"2026-09-18","BEAR",3405,0,3405,0,3405,0,17025,FALSE,FALSE,FALSE
"2026-08-10","SPY",0.02,,"PUT",765,773.03,764.98,"2026-08-11","BEAR",8427,3480,11907,,,,,FALSE,FALSE,FALSE
"2026-08-10","SPCU",0.79,,"CALL",12,,12,"2026-08-21","BEAR",-185,563,378,4,382,400,38200,FALSE,FALSE,FALSE
"2026-08-11","AMD",46.65,,"CALL",470,474.32,516.65,"2026-09-18","BULL",8217,1262,9479,68,9547,245480,34464670,FALSE,FALSE,FALSE
"2026-08-11","CRWD",62.9,,"CALL",235,221.9,297.9,"2027-12-17","BULL",2972,58,3030,-1932,1098,-10139136,5762304,FALSE,FALSE,TRUE
"2026-08-11","MU",38.29,,"CALL",900,868.52,938.29,"2026-08-14","BULL",4839,3753,8592,,,,,FALSE,FALSE,FALSE
"2026-08-11","MU",67.5,,"CALL",855,868.52,922.5,"2026-08-14","BULL",2709,105,2814,,,,,FALSE,FALSE,FALSE
"2026-08-11","QCOM",36.89,,"PUT",200,162.68,200,"2026-08-21","BULL",-3839,11537,7698,-6872,826,-26629000,3200750,FALSE,FALSE,FALSE
"2026-08-11","MU",29.04,,"CALL",900,868.52,929.04,"2026-08-12","BULL",4864,1662,6526,,,,,FALSE,FALSE,FALSE
"2026-08-11","PLTR",15.38,,"CALL",170,174.94,185.38,"2026-10-16","BULL",8850,5649,14499,14,14513,21042,21813039,FALSE,FALSE,FALSE
"2026-08-11","BE",23.35,,"CALL",220,211.21,243.35,"2026-08-21","BULL",4535,4065,8600,-99,8501,-37125,3187875,FALSE,FALSE,TRUE
"2026-08-11","INTC",7.44,,"CALL",105,97.71,112.44,"2026-09-18","BULL",10959,5925,16884,2394,19278,981540,7903980,TRUE,FALSE,TRUE
"2026-08-11","FDX",7.9,,"CALL",330,322.43,337.9,"2026-09-18","BULL",10029,640,10669,-26,10643,-28496,11664728,FALSE,FALSE,FALSE
"2026-08-11","SPY",8.2,,"CALL",797,770.56,805.2,"2026-10-16","BULL",9422,1242,10664,163,10827,90465,6008985,FALSE,FALSE,FALSE
"2026-08-11","NBIS",27.82,,"CALL",220,193.23,247.82,"2026-08-14","BULL",2523,2380,4903,,,,,FALSE,FALSE,FALSE
"2026-08-11","IREN",3.5,,"CALL",41,39.75,44.5,"2026-08-21","BULL",18268,8902,27170,8178,35348,1970898,8518868,TRUE,FALSE,TRUE
"2026-08-11","GLD",10.9,,"CALL",405,400.96,415.9,"2026-09-04","BULL",5705,2287,7992,173,8165,101897,4809185,FALSE,FALSE,FALSE
"2026-08-11","SPCX",23,,"CALL",150,,173,"2026-12-18","BULL",2290,5263,7553,-471,7082,-970260,14588920,FALSE,FALSE,FALSE
"2026-08-11","EWZ",1.41,,"CALL",37,33.98,38.41,"2026-11-20","BULL",37198,2114,39312,649,39961,81125,4995125,FALSE,FALSE,TRUE
"2026-08-11","INTC",4.25,,"CALL",98,97.71,102.25,"2026-08-14","BULL",10107,1675,11782,,,,,FALSE,FALSE,FALSE
"2026-08-11","SMCI",5.3,,"CALL",32,31.6,37.3,"2026-08-14","BULL",7781,3536,11317,,,,,FALSE,FALSE,FALSE
"2026-08-11","SPCX",7.2,,"CALL",180,,187.2,"2026-10-16","BULL",5056,2908,7964,3871,11835,1935500,5917500,TRUE,FALSE,FALSE
"2026-08-11","CRWV",8.26,,"CALL",100,90.32,108.26,"2026-08-14","BULL",4400,10050,14450,,,,,FALSE,FALSE,FALSE
"2026-08-11","BE",18.64,,"CALL",220,211.21,238.64,"2026-08-14","BULL",1858,718,2576,,,,,FALSE,FALSE,FALSE
"2026-08-11","EWZ",0.93,,"CALL",37,33.98,37.93,"2026-10-16","BULL",35823,7399,43222,9059,52281,706602,4077918,TRUE,FALSE,TRUE
"2026-08-11","XLI",4.62,,"CALL",195,,199.62,"2026-11-20","BULL",7175,4367,11542,-69,11473,-24012,3992604,FALSE,FALSE,FALSE
"2026-08-11","AMD",10.71,,"CALL",485,474.32,495.71,"2026-08-14","BULL",3090,669,3759,,,,,FALSE,FALSE,FALSE
"2026-08-11","SPCX",13.45,,"CALL",145,,158.45,"2026-09-18","BULL",2417,3445,5862,1203,7065,1251120,7347600,TRUE,FALSE,FALSE
"2026-08-11","COST",32.17,,"CALL",940,944.32,972.17,"2026-09-18","BULL",956,344,1300,-163,1137,-660150,4604850,FALSE,FALSE,FALSE
"2026-08-11","SPY",1.38,,"PUT",760,770.56,760,"2026-08-21","BULL",-21716,49446,27730,-3060,24670,-278460,2244970,FALSE,FALSE,FALSE
"2026-08-11","QQQ",6.03,,"CALL",719,718.45,725.03,"2026-08-12","BULL",4892,392,5284,,,,,FALSE,FALSE,FALSE
"2026-08-11","GLD",5.12,,"CALL",420,400.96,425.12,"2026-09-04","BULL",5442,2247,7689,1597,9286,327385,1903630,FALSE,FALSE,TRUE
"2026-08-11","GLD",3.4,,"CALL",440,400.96,443.4,"2026-09-18","BULL",8193,8813,17006,18005,35011,2538705,4936551,TRUE,FALSE,TRUE
"2026-08-11","DASH",12.11,,"CALL",240,212,252.11,"2026-11-20","BULL",2233,3139,5372,4,5376,5720,7687680,FALSE,FALSE,TRUE
"2026-08-11","SPY",2.7,,"CALL",830,770.56,832.7,"2026-10-30","BULL",9485,376,9861,70,9931,10710,1519443,FALSE,FALSE,TRUE
"2026-08-11","NVDA",1.68,,"CALL",222.5,217.5,224.18,"2026-08-12","BULL",14657,20095,34752,,,,,FALSE,FALSE,FALSE
"2026-08-11","SKHY",13.52,,"CALL",140,,153.52,"2026-08-14","BULL",1707,3054,4761,,,,,FALSE,FALSE,FALSE
"2026-08-11","QQQ",3.95,,"CALL",725,718.45,728.95,"2026-08-14","BULL",5778,7246,13024,,,,,FALSE,FALSE,FALSE
"2026-08-11","KORU",3.72,,"CALL",20,,23.72,"2026-09-18","BULL",6002,5680,11682,117,11799,31590,3185730,FALSE,FALSE,FALSE
"2026-08-11","ZETA",4.35,,"CALL",30,29.15,34.35,"2026-12-18","BULL",5065,1489,6554,345,6899,134550,2690610,FALSE,FALSE,TRUE
"2026-08-11","NFLX",3.3,,"CALL",82.5,74.79,85.8,"2026-11-20","BULL",6201,1360,7561,-1607,5954,-797072,2953184,FALSE,FALSE,TRUE
"2026-08-11","SLV",2.07,,"CALL",63,58.55,65.07,"2026-09-18","BULL",9686,5689,15375,48836,64211,5371960,7063210,TRUE,FALSE,TRUE
"2026-08-11","SPCX",8.1,,"CALL",175,,183.1,"2026-10-16","BULL",2210,934,3144,-164,2980,-97580,1773100,FALSE,FALSE,FALSE
"2026-08-11","EWY",3.44,,"CALL",250,167.24,253.44,"2026-12-18","BULL",5026,11059,16085,-1598,14487,-910860,8257590,FALSE,FALSE,TRUE
"2026-08-11","HTZ",1.59,,"CALL",2,2.45,3.59,"2028-01-21","BULL",10661,3159,13820,519,14339,61761,1706341,FALSE,FALSE,FALSE
"2026-08-11","GLD",2.38,,"CALL",410,400.96,412.38,"2026-08-17","BULL",7066,251,7317,-1099,6218,-2198,12436,FALSE,FALSE,FALSE
"2026-08-11","SPCX",2.83,,"CALL",160,,162.83,"2026-08-21","BULL",5878,37417,43295,7356,50651,286884,1975389,FALSE,FALSE,FALSE
"2026-08-11","MDT",0.85,,"CALL",100,90.68,100.85,"2026-09-18","BULL",19164,1704,20868,2194,23062,201848,2121704,FALSE,FALSE,TRUE
"2026-08-11","RIOT",1.54,,"CALL",20,20.24,21.54,"2026-08-21","BULL",10322,2340,12662,2151,14813,58077,399951,FALSE,FALSE,FALSE
"2026-08-11","SPY",1.66,,"CALL",830,770.56,831.66,"2026-10-16","BULL",9418,1724,11142,1879,13021,139046,963554,FALSE,FALSE,TRUE
"2026-08-11","APPF",20,,"CALL",230,,250,"2027-01-15","BULL",781,81,862,50,912,97500,1778400,FALSE,FALSE,FALSE
"2026-08-11","GLD",2.28,,"CALL",450,400.96,452.28,"2026-09-18","BULL",6843,29816,36659,14989,51648,1334021,4596672,TRUE,FALSE,TRUE
"2026-08-11","ANET",8.75,,"CALL",220,197.85,228.75,"2026-09-18","BULL",1737,1730,3467,226,3693,54918,897399,FALSE,FALSE,TRUE
"2026-08-11","GOOG",1.03,,"PUT",315,343,315,"2026-08-28","BULL",-14329,25386,11057,-26,11031,-1144,485364,FALSE,FALSE,FALSE
"2026-08-11","SPY",0.48,,"PUT",625,770.56,625,"2026-09-18","BULL",-29937,162747,132810,55,132865,2530,6111790,FALSE,FALSE,FALSE
"2026-08-11","ALAB",15,,"CALL",325,311.99,340,"2026-08-14","BULL",956,153,1109,,,,,FALSE,FALSE,FALSE
"2026-08-11","DINO",5.74,,"CALL",100,85.55,105.74,"2027-01-15","BULL",2220,339,2559,149,2708,147510,2680920,FALSE,FALSE,TRUE
"2026-08-11","T",0.62,,"CALL",35,,35.62,"2028-01-21","BULL",19250,2631,21881,25,21906,1750,1533420,FALSE,FALSE,FALSE
"2026-08-11","DXYZ",4.3,,"CALL",35,,39.3,"2026-12-18","BULL",2709,1177,3886,-226,3660,-142380,2305800,FALSE,FALSE,FALSE
"2026-08-11","SPY",1.21,,"CALL",835,770.56,836.21,"2026-10-16","BULL",9618,496,10114,706,10820,38124,584280,FALSE,FALSE,TRUE
"2026-08-11","EWY",2.07,,"PUT",130,167.24,130,"2026-10-16","BULL",-5483,19246,13763,699,14462,150285,3109330,FALSE,FALSE,FALSE
"2026-08-11","SPY",1.91,,"CALL",771,770.56,772.91,"2026-08-12","BULL",5503,2328,7831,,,,,FALSE,FALSE,FALSE
"2026-08-11","RIOT",1.25,,"CALL",23,20.24,24.25,"2026-09-11","BULL",8312,2911,11223,317,11540,15216,553920,FALSE,FALSE,TRUE
"2026-08-11","QMCO",3.71,,"CALL",30,19.4,33.71,"2026-12-18","BULL",2789,9,2798,573,3371,292230,1719210,FALSE,FALSE,TRUE
"2026-08-11","BNO",2.3,,"CALL",55,50.96,57.3,"2026-09-18","BULL",4304,3066,7370,877,8247,202587,1905057,FALSE,FALSE,TRUE
"2026-08-11","RIOT",0.68,,"CALL",22,20.24,22.68,"2026-08-21","BULL",14507,2268,16775,1183,17958,5915,89790,FALSE,FALSE,TRUE
"2026-08-11","WOLF",1.05,,"PUT",15,30.14,15,"2026-12-18","BULL",-9180,10745,1565,2,1567,190,148865,FALSE,FALSE,FALSE
"2026-08-11","STUB",0.95,,"CALL",10,8.19,10.95,"2027-01-15","BULL",9930,1478,11408,-9022,2386,-405990,107370,FALSE,FALSE,TRUE
"2026-08-11","SLV",1.39,,"CALL",100,58.55,101.39,"2027-01-15","BULL",6583,88000,94583,9495,104078,816570,8950708,TRUE,FALSE,TRUE
"2026-08-11","BSX",1.45,,"CALL",65,51.19,66.45,"2026-12-18","BULL",6250,1803,8053,893,8946,116090,1162980,FALSE,FALSE,TRUE
"2026-08-11","ONDS",0.48,,"CALL",13,9.74,13.48,"2026-09-18","BULL",18690,25085,43775,18423,62198,257922,870772,FALSE,FALSE,TRUE
"2026-08-11","HL",0.27,,"PUT",10,17.76,10,"2027-01-15","BULL",-32270,84874,52604,-221,52383,-5083,1204809,FALSE,FALSE,FALSE
"2026-08-11","ECHO",2.71,,"CALL",100,87.98,102.71,"2026-09-18","BULL",3168,4591,7759,86,7845,16340,1490550,FALSE,FALSE,TRUE
"2026-08-11","UBER",0.94,,"CALL",82.5,78.54,83.44,"2026-09-18","BULL",8793,14720,23513,-4004,19509,-316316,1541211,FALSE,FALSE,TRUE
"2026-08-11","OLED",2.6,,"CALL",100,,102.6,"2026-09-18","BULL",3167,41,3208,-1,3207,-130,416910,FALSE,FALSE,FALSE
"2026-08-11","FLR",2.2,,"CALL",55,52.95,57.2,"2026-09-18","BULL",3646,1731,5377,1855,7232,448910,1750144,FALSE,FALSE,TRUE
"2026-08-11","DRAM",2.5,,"CALL",55,,57.5,"2026-08-21","BULL",3048,11429,14477,-5882,8595,-1146990,1676025,FALSE,FALSE,FALSE
"2026-08-11","ADTN",3,,"PUT",11,7.76,11,"2026-08-21","BULL",-2383,5432,3049,0,3049,0,914700,FALSE,FALSE,FALSE
"2026-08-11","ECHO",3.5,,"CALL",90,87.98,93.5,"2026-08-21","BULL",1992,494,2486,327,2813,62130,534470,FALSE,FALSE,TRUE
"2026-08-11","SPY",0.73,,"CALL",845,770.56,845.73,"2026-10-16","BULL",9379,952,10331,-34,10297,-952,288316,FALSE,FALSE,TRUE
"2026-08-11","SPCX",2.02,,"CALL",165,,167.02,"2026-08-21","BULL",3341,18644,21985,5150,27135,103000,542700,FALSE,FALSE,FALSE
"2026-08-11","BMY",0.4,,"CALL",70,,70.4,"2026-09-18","BULL",14843,5827,20670,1455,22125,109125,1659375,FALSE,FALSE,FALSE
"2026-08-11","NVTS",1.17,,"CALL",13.5,13.6,14.67,"2026-08-21","BULL",4999,4489,9488,-6129,3359,-189999,104129,FALSE,FALSE,FALSE
"2026-08-11","GLW",0.95,,"PUT",120,159.19,120,"2026-09-18","BULL",-6133,16166,10033,-671,9362,-66429,926838,FALSE,FALSE,FALSE
"2026-08-11","QQQ",0.88,,"CALL",730,718.45,730.88,"2026-08-13","BULL",6382,1970,8352,,,,,FALSE,FALSE,FALSE
"2026-08-11","QBTS",1.6,,"CALL",22,20.23,23.6,"2026-09-18","BULL",3283,3086,6369,623,6992,65415,734160,FALSE,FALSE,TRUE
"2026-08-11","SHAZ",10.5,,"CALL",65,,75.5,"2026-09-18","BULL",496,1475,1971,71,2042,69296,1992992,FALSE,FALSE,FALSE
"2026-08-11","APP",4.8,,"CALL",330,318.68,334.8,"2026-08-21","BULL",1064,69,1133,434,1567,65100,235050,FALSE,FALSE,TRUE
"2026-08-11","KORU",1.85,,"CALL",20,,21.85,"2026-08-21","BULL",2685,5904,8589,609,9198,36540,551880,FALSE,FALSE,FALSE
"2026-08-11","QQQ",0.98,,"CALL",740,718.45,740.98,"2026-08-18","BULL",5029,7732,12761,4104,16865,4104,16865,FALSE,FALSE,FALSE
"2026-08-11","CBRS",1.55,,"CALL",330,,331.55,"2026-08-14","BULL",3070,13109,16179,,,,,FALSE,FALSE,FALSE
"2026-08-11","IBM",2.95,,"CALL",280,238.42,282.95,"2026-10-16","BULL",1605,2113,3718,-1444,2274,-281580,443430,FALSE,FALSE,TRUE
"2026-08-11","OLED",3.63,,"CALL",90,,93.63,"2026-08-21","BULL",1226,3693,4919,-3080,1839,-243320,145281,FALSE,FALSE,FALSE
"2026-08-11","BTU",1.41,,"CALL",25,,26.41,"2026-09-18","BULL",2802,2104,4906,8,4914,1184,727272,FALSE,FALSE,FALSE
"2026-08-11","QQQ",0.39,,"CALL",780,718.45,780.39,"2026-08-31","BULL",10018,31197,41215,-23975,17240,-167825,120680,FALSE,FALSE,TRUE
"2026-08-11","SPY",0.76,,"PUT",625,770.56,625,"2026-09-30","BULL",-4995,7805,2810,-9,2801,-585,182065,FALSE,FALSE,FALSE
"2026-08-11","AAPL",0.55,,"CALL",307.5,304.91,308.05,"2026-08-14","BULL",6873,11223,18096,,,,,FALSE,FALSE,FALSE
"2026-08-11","HTZ",0.39,,"CALL",5,2.45,5.39,"2027-01-15","BULL",9642,13265,22907,3201,26108,51216,417728,FALSE,FALSE,TRUE
"2026-08-11","NU",0.18,,"CALL",14.5,13.65,14.68,"2026-08-21","BULL",20882,6556,27438,-12312,15126,-320112,393276,FALSE,FALSE,TRUE
"2026-08-11","NVDA",0.26,,"CALL",225,217.5,225.26,"2026-08-12","BULL",14140,18373,32513,,,,,FALSE,FALSE,FALSE
"2026-08-11","CBRE",2.25,,"CALL",150,,152.25,"2026-08-21","BULL",1607,1090,2697,-20,2677,-4960,663896,FALSE,FALSE,FALSE
"2026-08-11","DJT",0.45,,"CALL",15,8.91,15.45,"2026-11-20","BULL",7787,2296,10083,511,10594,14308,296632,FALSE,FALSE,TRUE
"2026-08-11","XME",0.73,,"CALL",140,,140.73,"2026-09-18","BULL",4552,1906,6458,2,6460,84,271320,FALSE,FALSE,FALSE
"2026-08-11","ARDX",0.65,,"PUT",4,,4,"2027-01-15","BULL",-5000,15563,10563,10110,20673,707700,1447110,TRUE,FALSE,FALSE
"2026-08-11","UNP",1.05,,"CALL",320,,321.05,"2026-09-18","BULL",2827,2294,5121,1760,6881,315040,1231699,FALSE,FALSE,FALSE
"2026-08-11","FRMI",0.43,,"CALL",8,7.12,8.43,"2026-08-21","BULL",6896,23190,30086,-7254,22832,-29016,91328,FALSE,FALSE,TRUE
"2026-08-11","GEN",0.83,,"CALL",30,,30.83,"2026-10-16","BULL",3496,1632,5128,-55,5073,-2750,253650,FALSE,FALSE,FALSE
"2026-08-11","SPY",0.44,,"CALL",780,770.56,780.44,"2026-08-14","BULL",6509,147806,154315,,,,,FALSE,FALSE,FALSE
"2026-08-11","GOOGL",0.18,,"CALL",357.5,343.8,357.68,"2026-08-14","BULL",15657,771,16428,,,,,FALSE,FALSE,FALSE
"2026-08-11","REAX",0.28,,"CALL",2.5,2.3,2.78,"2026-10-16","BULL",9997,4883,14880,-5785,9095,-254540,400180,FALSE,FALSE,TRUE
"2026-08-11","SPY",0.11,,"PUT",715,770.56,715,"2026-08-21","BULL",-24979,72887,47908,-213,47695,-1065,238475,FALSE,FALSE,FALSE
"2026-08-11","BABA",0.42,,"CALL",165,127.85,165.42,"2026-09-18","BULL",6460,6999,13459,-190,13269,-7030,490953,FALSE,FALSE,TRUE
"2026-08-11","CHTR",2.08,,"CALL",160,,162.08,"2026-08-21","BULL",1258,2616,3874,702,4576,49842,324896,FALSE,FALSE,FALSE
"2026-08-11","MTCH",1,,"CALL",37.5,36.8,38.5,"2026-09-18","BULL",2555,685,3240,2202,5442,447006,1104726,FALSE,FALSE,FALSE
"2026-08-11","STUB",0.5,,"CALL",10,8.19,10.5,"2026-10-16","BULL",5055,441,5496,38,5534,532,77476,FALSE,FALSE,TRUE
"2026-08-11","DRAM",0.13,,"PUT",50,,50,"2026-08-14","BULL",-18927,61227,42300,,,,,FALSE,FALSE,FALSE
"2026-08-11","SPY",0.44,,"CALL",773,770.56,773.44,"2026-08-12","BULL",5320,2443,7763,,,,,FALSE,FALSE,FALSE
"2026-08-11","MDT",1.28,,"CALL",97.5,90.68,98.78,"2026-09-18","BULL",1821,1184,3005,268,3273,39664,484404,FALSE,FALSE,TRUE
"2026-08-11","KLAC",4.66,,"PUT",200,200.47,200,"2026-08-21","BULL",-500,2104,1604,-12,1592,-9960,1321360,FALSE,FALSE,FALSE
"2026-08-11","HTZ",0.18,,"CALL",4,2.45,4.18,"2026-09-18","BULL",12437,6041,18478,39550,58028,237300,348168,FALSE,FALSE,TRUE
"2026-08-11","GLD",0.47,,"PUT",340,400.96,340,"2026-09-18","BULL",-4648,19283,14635,30,14665,1080,527940,FALSE,FALSE,FALSE
"2026-08-11","TE",0.5,,"CALL",6,5.47,6.5,"2026-09-18","BULL",4359,9032,13391,-376,13015,-7896,273315,FALSE,FALSE,TRUE
"2026-08-11","LITE",2.29,,"PUT",540,820.59,540,"2026-09-18","BULL",-859,2432,1573,-132,1441,-23496,256498,FALSE,FALSE,FALSE
"2026-08-11","CBRL",1.1,,"CALL",60,,61.1,"2026-08-21","BULL",1716,2469,4185,-1169,3016,-70140,180960,FALSE,FALSE,FALSE
"2026-08-11","SONY",0.58,,"CALL",25,,25.58,"2026-10-16","BULL",2794,3966,6760,174,6934,8700,346700,FALSE,FALSE,FALSE
"2026-08-11","AG",0.2,,"PUT",10,18.96,10,"2027-01-15","BULL",-7739,40545,32806,-11,32795,-165,491925,FALSE,FALSE,FALSE
"2026-08-11","HTZ",0.09,,"CALL",3,2.45,3.09,"2026-08-14","BULL",14888,29247,44135,,,,,FALSE,FALSE,FALSE
"2026-08-11","ALMU",0.8,,"CALL",20,18.19,20.8,"2026-08-21","BULL",1666,1568,3234,-11,3223,-110,32230,FALSE,FALSE,TRUE
"2026-08-11","GO",0.4,,"CALL",11,9.83,11.4,"2026-08-21","BULL",3256,676,3932,-113,3819,-4294,145122,FALSE,FALSE,TRUE
"2026-08-11","QQQ",0.13,,"CALL",800,718.45,800.13,"2026-08-31","BULL",9911,23582,33493,-24551,8942,-98204,35768,FALSE,TRUE,TRUE
"2026-08-11","FRMI",0.2,,"CALL",9,7.12,9.2,"2026-08-21","BULL",6363,29056,35419,-3625,31794,-10875,95382,FALSE,FALSE,TRUE
"2026-08-11","RKT",0.09,,"CALL",14.5,14.32,14.59,"2026-08-14","BULL",13713,3257,16970,,,,,FALSE,FALSE,FALSE
"2026-08-11","SPY",0.23,,"PUT",735,770.56,735,"2026-08-21","BULL",-5141,58898,53757,-761,52996,-6849,476964,FALSE,FALSE,FALSE
"2026-08-11","SOXX",0.53,,"PUT",470,534.2,470,"2026-08-21","BULL",-2129,10116,7987,-2674,5313,-80220,159390,FALSE,FALSE,FALSE
"2026-08-11","CRCL",0.19,,"CALL",77,,77.19,"2026-08-14","BULL",5724,421,6145,,,,,FALSE,FALSE,FALSE
"2026-08-11","KORU",0.25,,"PUT",1,,1,"2028-01-21","BULL",-4335,7112,2777,3233,6010,32330,60100,FALSE,FALSE,FALSE
"2026-08-11","SPY",0.16,,"CALL",774,770.56,774.16,"2026-08-12","BULL",6432,2633,9065,,,,,FALSE,FALSE,FALSE
"2026-08-11","KHC",0.05,,"CALL",25,,25.05,"2026-08-14","BULL",18944,1390,20334,,,,,FALSE,FALSE,FALSE
"2026-08-11","BYND",0.02,,"CALL",1,,1.02,"2026-09-18","BULL",46681,22115,68796,810,69606,1620,139212,FALSE,FALSE,FALSE
"2026-08-11","KORU",0.4,,"PUT",1,,1,"2028-12-15","BULL",-2333,15412,13079,-2884,10195,-72100,254875,FALSE,FALSE,FALSE
"2026-08-11","TSLA",0.19,,"CALL",350,332.81,350.19,"2026-08-14","BULL",4831,17773,22604,,,,,FALSE,FALSE,FALSE
"2026-08-11","EIX",0.45,,"CALL",72.5,,72.95,"2026-08-21","BULL",1943,540,2483,1017,3500,203400,7e+05,FALSE,FALSE,FALSE
"2026-08-11","DIS",0.14,,"PUT",90,,90,"2026-09-18","BULL",-5910,18868,12958,-691,12267,-5528,98136,FALSE,FALSE,FALSE
"2026-08-11","NVDL",0.23,,"CALL",38,34.31,38.23,"2026-08-14","BULL",3545,1641,5186,,,,,FALSE,FALSE,FALSE
"2026-08-11","RIOT",0.08,,"CALL",23,20.24,23.08,"2026-08-14","BULL",10057,15892,25949,,,,,FALSE,FALSE,FALSE
"2026-08-11","JACK",0.72,,"CALL",20,17.86,20.72,"2026-08-21","BULL",1085,1960,3045,-152,2893,-760,14465,FALSE,FALSE,TRUE
"2026-08-11","IBM",0.44,,"CALL",242.5,238.42,242.94,"2026-08-14","BULL",1556,645,2201,,,,,FALSE,FALSE,FALSE
"2026-08-11","CRWD",0.56,,"PUT",155,221.9,155,"2026-09-18","BULL",-1198,3828,2630,-111,2519,-7326,166254,FALSE,FALSE,FALSE
"2026-08-11","BITO",0.22,,"CALL",9,8.57,9.22,"2026-09-18","BULL",2931,886,3817,2740,6557,63020,150811,FALSE,FALSE,TRUE
"2026-08-11","CLF",0.09,,"CALL",15,12.41,15.09,"2026-09-04","BULL",7124,141,7265,184,7449,552,22347,FALSE,FALSE,TRUE
"2026-08-11","BORR",0.08,,"CALL",5,,5.08,"2026-09-18","BULL",7744,181,7925,-112,7813,-1568,109382,FALSE,FALSE,FALSE
"2026-08-11","AAPL",0.05,,"CALL",305,304.91,305.05,"2026-08-12","BULL",11280,2460,13740,,,,,FALSE,FALSE,FALSE
"2026-08-11","AMAT",0.15,,"PUT",330,525.61,330,"2026-08-21","BULL",-3756,4451,695,-172,523,-344,1046,FALSE,FALSE,FALSE
"2026-08-11","SPXS",0.56,,"CALL",23.5,24.22,24.06,"2026-08-14","BULL",989,48,1037,,,,,FALSE,FALSE,FALSE
"2026-08-11","RRGB",1.1,,"CALL",7.5,,8.6,"2026-08-21","BULL",491,1106,1597,-71,1526,-22223,477638,FALSE,FALSE,FALSE
"2026-08-11","NVDL",0.34,,"CALL",37.5,34.31,37.84,"2026-08-14","BULL",1573,1607,3180,,,,,FALSE,FALSE,FALSE
"2026-08-11","TBBB",2.2,,"CALL",50,,52.2,"2027-02-19","BULL",207,25,232,1,233,463,107879,FALSE,FALSE,FALSE
"2026-08-11","LUMN",0.08,,"CALL",11,6.38,11.08,"2026-10-16","BULL",5553,4985,10538,-60,10478,-540,94302,FALSE,FALSE,TRUE
"2026-08-11","KHC",0.02,,"CALL",25.5,,25.52,"2026-08-14","BULL",18721,1758,20479,,,,,FALSE,FALSE,FALSE
"2026-08-11","TLT",0.01,,"CALL",83,,83.01,"2026-08-12","BULL",31777,4542,36319,,,,,FALSE,FALSE,FALSE
"2026-08-11","TENX",0.2,,"CALL",2.5,,2.7,"2027-01-15","BULL",1504,3317,4821,858,5679,15444,102222,FALSE,FALSE,FALSE
"2026-08-11","ARIS",0.3,,"PUT",15,17.34,15,"2026-09-18","BULL",-981,5548,4567,-2578,1989,-54138,41769,FALSE,TRUE,FALSE
"2026-08-11","SPCX",0.09,,"CALL",220,,220.09,"2026-08-21","BULL",2738,6125,8863,-115,8748,-115,8748,FALSE,FALSE,FALSE
"2026-08-11","TLT",0.01,,"CALL",82.5,,82.51,"2026-08-12","BULL",23930,4004,27934,,,,,FALSE,FALSE,FALSE
"2026-08-11","CMPS",0.05,,"PUT",11,13.38,11,"2026-08-21","BULL",-4000,10123,6123,-414,5709,-2070,28545,FALSE,FALSE,FALSE
"2026-08-11","QQQ",0.03,,"CALL",730,718.45,730.03,"2026-08-12","BULL",6417,3893,10310,,,,,FALSE,FALSE,FALSE
"2026-08-11","AORT",0.18,,"CALL",30,,30.18,"2026-08-21","BULL",1010,274,1284,-221,1063,-5525,26575,FALSE,FALSE,FALSE
"2026-08-11","RIOT",0.02,,"PUT",18,20.24,18,"2026-08-14","BULL",-8901,17311,8410,,,,,FALSE,FALSE,FALSE
"2026-08-11","SPY",0.03,,"CALL",776,770.56,776.03,"2026-08-12","BULL",5561,884,6445,,,,,FALSE,FALSE,FALSE
"2026-08-11","SRRK",0.2,,"PUT",45,,45,"2026-08-21","BULL",-816,1350,534,0,534,0,10680,FALSE,FALSE,FALSE
"2026-08-11","CHKP",0.12,,"CALL",145,129.12,145.12,"2026-08-21","BULL",1326,1973,3299,20,3319,200,33190,FALSE,FALSE,TRUE
"2026-08-11","GCTS",0.31,,"CALL",3,,3.31,"2026-12-18","BULL",508,1299,1807,12,1819,360,54570,FALSE,FALSE,FALSE
"2026-08-11","SSPC",0.25,,"CALL",13,,13.25,"2026-08-21","BULL",619,452,1071,33,1104,165,5520,FALSE,FALSE,FALSE
"2026-08-11","PS",0.55,,"CALL",40,,40.55,"2026-08-21","BULL",277,1033,1310,104,1414,13520,183820,FALSE,FALSE,FALSE
"2026-08-11","AA",0.04,,"CALL",56,54.08,56.04,"2026-08-14","BULL",3743,42,3785,,,,,FALSE,FALSE,FALSE
"2026-08-11","SOXL",0.06,,"PUT",95,133,95,"2026-08-14","BULL",-2489,8778,6289,,,,,FALSE,FALSE,FALSE
"2026-08-11","AMAT",0.04,,"PUT",310,525.61,310,"2026-08-21","BULL",-3520,5237,1717,182,1899,182,1899,FALSE,FALSE,FALSE
"2026-08-11","SPY",0.02,,"CALL",777,770.56,777.02,"2026-08-12","BULL",6782,1987,8769,,,,,FALSE,FALSE,FALSE
"2026-08-11","TSLA",0.02,,"CALL",335,332.81,335.02,"2026-08-12","BULL",5978,4066,10044,,,,,FALSE,FALSE,FALSE
"2026-08-11","GOOGL",0.02,,"CALL",352.5,343.8,352.52,"2026-08-12","BULL",5588,1803,7391,,,,,FALSE,FALSE,FALSE
"2026-08-11","AAPL",0.01,,"CALL",310,304.91,310.01,"2026-08-12","BULL",6698,5214,11912,,,,,FALSE,FALSE,FALSE
"2026-08-11","AAPL",0.01,,"CALL",307.5,304.91,307.51,"2026-08-12","BULL",5993,4165,10158,,,,,FALSE,FALSE,FALSE
"2026-08-11","TSLA",0.01,,"CALL",340,332.81,340.01,"2026-08-12","BULL",5470,4716,10186,,,,,FALSE,FALSE,FALSE
"2026-08-11","RDVT",9.74,,"CALL",70,71.22,79.74,"2027-01-15","BULL",5,249,254,-1,253,-1000,253000,FALSE,FALSE,FALSE
"2026-08-11","GOOGL",0.01,,"CALL",355,343.8,355.01,"2026-08-12","BULL",4189,1391,5580,,,,,FALSE,FALSE,FALSE
"2026-08-11","GOOGL",0.01,,"CALL",350,343.8,350.01,"2026-08-12","BULL",4146,451,4597,,,,,FALSE,FALSE,FALSE
"2026-08-11","META",0.01,,"CALL",612.5,599.12,612.51,"2026-08-12","BULL",3387,462,3849,,,,,FALSE,FALSE,FALSE
"2026-08-11","SPCX",0.01,,"PUT",100,,100,"2026-08-14","BULL",-2833,21183,18350,,,,,FALSE,FALSE,FALSE
"2026-08-11","HD",0.01,,"CALL",367.5,354.48,367.51,"2026-08-14","BULL",2549,62,2611,,,,,FALSE,FALSE,FALSE
"2026-08-11","CAT",0.03,,"CALL",1200,843.37,1200.03,"2026-08-21","BULL",726,248,974,357,1331,357,1331,FALSE,FALSE,TRUE
"2026-08-11","STX",0.01,,"PUT",410,820.52,410,"2026-08-21","BULL",-975,1012,37,0,37,0,37,FALSE,FALSE,FALSE
"2026-08-11","NVDA",11.75,,"PUT",220,217.5,208.25,"2026-10-16","BEAR",20068,33997,54065,905,54970,1133965,68877410,TRUE,FALSE,FALSE
"2026-08-11","PLTR",7.54,,"PUT",140,174.94,132.46,"2026-12-18","BEAR",28360,4822,33182,-358,32824,-243440,22320320,FALSE,FALSE,FALSE
"2026-08-11","CRWD",94,,"CALL",165,221.9,165,"2027-12-17","BEAR",-1605,4043,2438,2,2440,17000,20740000,FALSE,FALSE,FALSE
"2026-08-11","IGV",2.9,,"PUT",90,103.92,87.1,"2026-12-18","BEAR",49830,2742,52572,-35,52537,-9450,14184990,FALSE,FALSE,FALSE
"2026-08-11","TSLA",22.63,,"PUT",330,332.81,307.37,"2026-10-16","BEAR",5802,4605,10407,1542,11949,2758638,21376761,TRUE,FALSE,FALSE
"2026-08-11","VSAT",19.67,,"CALL",80,84.52,80,"2026-12-18","BEAR",-6352,12721,6369,1,6370,1520,9682400,FALSE,FALSE,FALSE
"2026-08-11","EWY",21.6,,"CALL",165,167.24,165,"2026-10-16","BEAR",-5244,13839,8595,-68,8527,-128112,16064868,FALSE,FALSE,FALSE
"2026-08-11","SPY",13.2,,"CALL",760,770.56,760,"2026-08-14","BEAR",-7720,28956,21236,,,,,FALSE,FALSE,FALSE
"2026-08-11","SPCX",17.85,,"PUT",115,,97.15,"2027-06-17","BEAR",5201,7954,13155,6,13161,9900,21715650,FALSE,FALSE,FALSE
"2026-08-11","GLD",11.57,,"PUT",390,400.96,378.43,"2026-11-20","BEAR",7618,23428,31046,69,31115,83628,37711380,FALSE,FALSE,FALSE
"2026-08-11","INTU",29.88,,"PUT",300,336.44,270.12,"2027-01-15","BEAR",2899,2664,5563,13,5576,29900,12824800,FALSE,FALSE,FALSE
"2026-08-11","MAR",29.65,,"CALL",330,,330,"2026-09-18","BEAR",-2461,10495,8034,-5,8029,-15575,25010335,FALSE,FALSE,FALSE
"2026-08-11","META",25,,"PUT",607.5,599.12,582.5,"2026-08-12","BEAR",2917,59,2976,,,,,FALSE,FALSE,FALSE
"2026-08-11","CRWV",9.8,,"CALL",100,90.32,100,"2026-08-21","BEAR",-7158,68246,61088,-24891,36197,-4107015,5972505,FALSE,FALSE,FALSE
"2026-08-11","MU",22.15,,"PUT",700,868.52,677.85,"2026-10-16","BEAR",2518,2750,5268,847,6115,1552551,11208795,TRUE,FALSE,FALSE
"2026-08-11","GLD",11.4,,"CALL",410,400.96,410,"2026-09-18","BEAR",-4655,74503,69848,-29842,40006,-20441770,27404110,FALSE,FALSE,FALSE
"2026-08-11","EWY",10.8,,"PUT",150,167.24,139.2,"2026-12-18","BEAR",4593,11407,16000,-1514,14486,-1733530,16586470,FALSE,FALSE,FALSE
"2026-08-11","SPY",4.95,,"CALL",780,770.56,780,"2026-08-31","BEAR",-9650,26778,17128,-169,16959,-32448,3256128,FALSE,FALSE,FALSE
"2026-08-11","MSTR",4.08,,"CALL",95,96.09,95,"2026-08-21","BEAR",-10811,47089,36278,7702,43980,1987116,11346840,TRUE,FALSE,FALSE
"2026-08-11","CLX",12.5,,"CALL",95,,95,"2026-08-21","BEAR",-3342,3369,27,0,27,0,32049,FALSE,FALSE,FALSE
"2026-08-11","TSLA",8.7,,"PUT",335,332.81,326.3,"2026-08-12","BEAR",4545,388,4933,,,,,FALSE,FALSE,FALSE
"2026-08-11","SPY",4.16,,"CALL",775,770.56,775,"2026-08-21","BEAR",-9384,53489,44105,14291,58396,986079,4029324,TRUE,FALSE,FALSE
"2026-08-11","EQT",4.24,,"PUT",57.5,54.37,53.26,"2026-09-18","BEAR",9145,1158,10303,26,10329,13676,5433054,FALSE,FALSE,FALSE
"2026-08-11","TSLA",5.05,,"PUT",280,332.81,274.95,"2026-10-16","BEAR",7644,2976,10620,1150,11770,424350,4343130,FALSE,FALSE,FALSE
"2026-08-11","NVDA",1.81,,"PUT",180,217.5,178.19,"2026-10-16","BEAR",20543,48857,69400,1425,70825,262200,13031800,FALSE,FALSE,FALSE
"2026-08-11","SPY",0.75,,"PUT",660,770.56,659.25,"2026-09-18","BEAR",43002,41524,84526,-43,84483,-3139,6167259,FALSE,FALSE,FALSE
"2026-08-11","SNDK",16.5,,"PUT",1310,1271.05,1293.5,"2026-08-14","BEAR",1847,45,1892,,,,,FALSE,FALSE,FALSE
"2026-08-11","HL",1.12,,"PUT",10,17.76,8.88,"2028-01-21","BEAR",26121,29075,55196,26878,82074,2687800,8207400,TRUE,FALSE,FALSE
"2026-08-11","HTZ",2.89,,"PUT",5,2.45,2.11,"2027-01-15","BEAR",10074,14136,24210,4313,28523,1306839,8642469,TRUE,FALSE,FALSE
"2026-08-11","XRT",3.85,,"PUT",85,,81.15,"2027-01-15","BEAR",7289,254,7543,9977,17520,3891030,6832800,TRUE,FALSE,FALSE
"2026-08-11","TLT",1.03,,"PUT",82,,80.97,"2026-09-18","BEAR",27171,114053,141224,25116,166340,2988804,19794460,TRUE,FALSE,FALSE
"2026-08-11","GOOGL",5.14,,"PUT",347.5,343.8,342.36,"2026-08-12","BEAR",5354,764,6118,,,,,FALSE,FALSE,FALSE
"2026-08-11","AG",0.93,,"PUT",10,18.96,9.07,"2028-01-21","BEAR",26868,24488,51356,28593,79949,2630556,7355308,TRUE,FALSE,FALSE
"2026-08-11","COIN",2.49,,"PUT",110,148.58,107.51,"2026-10-16","BEAR",9726,696,10422,15,10437,3105,2160459,FALSE,FALSE,FALSE
"2026-08-11","GILD",3.59,,"CALL",135,,135,"2026-08-21","BEAR",-6475,7988,1513,-22,1491,-19360,1312080,FALSE,FALSE,FALSE
"2026-08-11","SPCX",3.35,,"PUT",110,,106.65,"2026-10-16","BEAR",6480,11399,17879,428,18307,119412,5107653,FALSE,FALSE,FALSE
"2026-08-11","APP",21.8,,"PUT",250,318.68,228.2,"2027-01-15","BEAR",985,819,1804,10,1814,20200,3664280,FALSE,FALSE,FALSE
"2026-08-11","SOXX",9.2,,"PUT",490,534.2,480.8,"2026-09-18","BEAR",2224,574,2798,-1849,949,-2220649,1139749,FALSE,FALSE,FALSE
"2026-08-11","ARKK",2.55,,"PUT",79,80.6,76.45,"2026-09-18","BEAR",7501,18274,25775,716,26491,211220,7814845,FALSE,FALSE,FALSE
"2026-08-11","BIDU",9.98,,"PUT",100,105.94,90.02,"2027-01-15","BEAR",1881,2816,4697,25,4722,36625,6917730,FALSE,FALSE,FALSE
"2026-08-11","SPCX",4.55,,"CALL",200,,200,"2026-10-16","BEAR",-3812,13792,9980,650,10630,178750,2923250,FALSE,FALSE,FALSE
"2026-08-11","SPY",1.85,,"PUT",710,770.56,708.15,"2026-09-18","BEAR",9262,57480,66742,-15659,51083,-2990869,9756853,FALSE,FALSE,FALSE
"2026-08-11","CLX",6.18,,"CALL",100,,100,"2026-08-21","BEAR",-2645,2656,11,11,22,7590,15180,FALSE,FALSE,FALSE
"2026-08-11","ACHR",1.13,,"CALL",7,6.79,7,"2027-01-15","BEAR",-13368,65560,52192,3177,55369,339939,5924483,FALSE,FALSE,FALSE
"2026-08-11","CHKP",9.8,,"PUT",135,129.12,125.2,"2026-09-18","BEAR",1482,224,1706,0,1706,0,1671880,FALSE,FALSE,FALSE
"2026-08-11","NOK",0.7,,"PUT",7,9.44,6.3,"2027-06-17","BEAR",20005,6391,26396,-101,26295,-7070,1840650,FALSE,FALSE,FALSE
"2026-08-11","ACHR",0.51,,"CALL",10,6.79,10,"2027-01-15","BEAR",-25931,77912,51981,-2071,49910,-97337,2345770,FALSE,FALSE,FALSE
"2026-08-11","SPY",1.51,,"PUT",761,770.56,759.49,"2026-08-21","BEAR",8035,2490,10525,-694,9831,-72176,1022424,FALSE,FALSE,FALSE
"2026-08-11","BKNG",5.2,,"PUT",200,,194.8,"2026-09-25","BEAR",2317,27,2344,-1471,873,-603110,357930,FALSE,FALSE,FALSE
"2026-08-11","PLTR",1.56,,"PUT",95,174.94,93.44,"2027-01-15","BEAR",7489,4821,12310,-8,12302,-1112,1709978,FALSE,FALSE,FALSE
"2026-08-11","SLV",1.21,,"CALL",60,58.55,60,"2026-08-21","BEAR",-9378,91011,81633,-26616,55017,-612168,1265391,FALSE,FALSE,FALSE
"2026-08-11","OMER",3.59,,"CALL",10,,10,"2026-08-21","BEAR",-3062,12119,9057,-3841,5216,-2803930,3807680,FALSE,FALSE,FALSE
"2026-08-11","S",1.81,,"CALL",22,22.46,22,"2026-09-18","BEAR",-5610,31156,25546,-4251,21295,-850200,4259000,FALSE,FALSE,FALSE
"2026-08-11","IREN",1.48,,"PUT",41,39.75,39.52,"2026-08-21","BEAR",6610,2830,9440,5885,15325,447260,1164700,FALSE,FALSE,FALSE
"2026-08-11","AMZN",1.7,,"CALL",300,272.27,300,"2026-09-18","BEAR",-5540,36531,30991,525,31516,34125,2048540,FALSE,FALSE,FALSE
"2026-08-11","DXYZ",5.5,,"CALL",25,,25,"2026-09-18","BEAR",-1688,6389,4701,-1774,2927,-1415652,2335746,FALSE,FALSE,FALSE
"2026-08-11","SHLS",2.2,,"CALL",20,8.73,20,"2028-01-21","BEAR",-4000,4097,97,0,97,0,21340,FALSE,FALSE,FALSE
"2026-08-11","COST",12.83,,"PUT",900,944.32,887.17,"2026-09-25","BEAR",674,31,705,20,725,14720,533600,FALSE,FALSE,FALSE
"2026-08-11","AAPL",1.46,,"CALL",330,304.91,330,"2026-09-18","BEAR",-5587,25124,19537,4830,24367,1270290,6408521,TRUE,FALSE,FALSE
"2026-08-11","BNY",6.47,,"CALL",160,,160,"2026-09-18","BEAR",-1169,2873,1704,51,1755,32130,1105650,FALSE,FALSE,FALSE
"2026-08-11","ADP",3.83,,"PUT",270,,266.17,"2026-08-14","BEAR",1907,67,1974,,,,,FALSE,FALSE,FALSE
"2026-08-11","BX",3.45,,"PUT",145,147.17,141.55,"2026-08-21","BEAR",1954,151,2105,2004,4109,891780,1828505,TRUE,FALSE,FALSE
"2026-08-11","SHAZ",6.3,,"CALL",65,,65,"2026-08-21","BEAR",-1028,9930,8902,-284,8618,-168980,5127710,FALSE,FALSE,FALSE
"2026-08-11","RIOT",0.54,,"CALL",21,20.24,21,"2026-08-14","BEAR",-11064,22349,11285,,,,,FALSE,FALSE,FALSE
"2026-08-11","NU",0.32,,"PUT",13,13.65,12.68,"2026-08-21","BEAR",16064,26778,42842,-1478,41364,-1478,41364,FALSE,FALSE,FALSE
"2026-08-11","BMY",0.49,,"PUT",62.5,,62.01,"2026-08-21","BEAR",9521,1916,11437,-44,11393,-44,11393,FALSE,FALSE,FALSE
"2026-08-11","SPY",0.62,,"PUT",751,770.56,750.38,"2026-08-21","BEAR",7415,4162,11577,-4865,6712,-136220,187936,FALSE,FALSE,FALSE
"2026-08-11","TSLA",0.89,,"CALL",375,332.81,375,"2026-08-28","BEAR",-5049,9086,4037,616,4653,64064,483912,FALSE,FALSE,FALSE
"2026-08-11","QQQ",0.9,,"PUT",600,718.45,599.1,"2026-09-18","BEAR",4979,55638,60617,-2486,58131,-248600,5813100,FALSE,FALSE,FALSE
"2026-08-11","DLLL",2.2,,"CALL",38,,38,"2026-09-18","BEAR",-1973,4789,2816,64,2880,13440,604800,FALSE,FALSE,FALSE
"2026-08-11","TJX",1.25,,"PUT",145,155.74,143.75,"2026-09-04","BEAR",3351,11,3362,98,3460,12250,432500,FALSE,FALSE,FALSE
"2026-08-11","CART",0.85,,"CALL",50,49.39,50,"2026-08-21","BEAR",-4778,14369,9591,5,9596,425,815660,FALSE,FALSE,FALSE
"2026-08-11","ECHO",3.3,,"CALL",125,87.98,125,"2026-12-18","BEAR",-1220,24998,23778,149,23927,44700,7178100,FALSE,FALSE,FALSE
"2026-08-11","CMG",0.16,,"PUT",29,,28.84,"2026-09-11","BEAR",23130,16694,39824,73,39897,803,438867,FALSE,FALSE,FALSE
"2026-08-11","SKHY",2.3,,"PUT",90,,87.7,"2026-11-20","BEAR",1565,732,2297,59,2356,11210,447640,FALSE,FALSE,FALSE
"2026-08-11","SPY",0.71,,"PUT",680,770.56,679.29,"2026-09-11","BEAR",5044,2481,7525,1595,9120,97295,556320,FALSE,FALSE,FALSE
"2026-08-11","WM",2.45,,"PUT",220,226.85,217.55,"2026-09-18","BEAR",1427,3201,4628,1890,6518,567000,1955400,TRUE,FALSE,FALSE
"2026-08-11","SHLS",0.7,,"CALL",10,8.73,10,"2026-10-16","BEAR",-4993,15081,10088,-174,9914,-6960,396560,FALSE,FALSE,FALSE
"2026-08-11","PTIR",3.01,,"CALL",15,,15,"2026-08-21","BEAR",-1143,2895,1752,-41,1711,-13940,581740,FALSE,FALSE,FALSE
"2026-08-11","RXRX",0.19,,"PUT",3,3.35,2.81,"2026-09-18","BEAR",17641,4552,22193,2890,25083,78030,677241,FALSE,FALSE,FALSE
"2026-08-11","CSGP",0.55,,"PUT",30,31.12,29.45,"2026-08-21","BEAR",5901,2252,8153,18,8171,216,98052,FALSE,FALSE,FALSE
"2026-08-11","VSXY",4.6,,"PUT",95,94.16,90.4,"2026-08-21","BEAR",652,1557,2209,-917,1292,-959182,1351432,FALSE,FALSE,FALSE
"2026-08-11","ARKK",0.54,,"PUT",70,80.6,69.46,"2026-09-18","BEAR",5340,19772,25112,-41,25071,-1927,1178337,FALSE,FALSE,FALSE
"2026-08-11","ALAB",2.74,,"PUT",220,311.99,217.26,"2026-09-18","BEAR",1016,275,1291,62,1353,24800,541200,FALSE,FALSE,FALSE
"2026-08-11","YSS",1.2,,"PUT",10,,8.8,"2026-09-18","BEAR",2307,346,2653,508,3161,56388,350871,FALSE,FALSE,FALSE
"2026-08-11","MO",0.48,,"PUT",60,,59.52,"2026-09-18","BEAR",5429,9888,15317,5096,20413,198744,796107,FALSE,FALSE,FALSE
"2026-08-11","AAPL",0.45,,"CALL",400,304.91,400,"2026-11-20","BEAR",-5656,42343,36687,209,36896,14839,2619616,FALSE,FALSE,FALSE
"2026-08-11","SKHY",1.12,,"PUT",105,,103.88,"2026-09-18","BEAR",2238,613,2851,111,2962,6549,174758,FALSE,FALSE,FALSE
"2026-08-11","HTZ",0.19,,"CALL",2.5,2.45,2.5,"2026-08-14","BEAR",-12428,49031,36603,,,,,FALSE,FALSE,FALSE
"2026-08-11","GRRR",1.35,,"PUT",7.5,,6.15,"2027-03-19","BEAR",1705,9070,10775,870,11645,104400,1397400,FALSE,FALSE,FALSE
"2026-08-11","CRWV",0.58,,"PUT",90,90.32,89.42,"2026-08-21","BEAR",3683,5627,9310,4835,14145,410975,1202325,FALSE,FALSE,FALSE
"2026-08-11","HTZ",0.13,,"PUT",2.5,2.45,2.37,"2026-08-14","BEAR",15608,1916,17524,,,,,FALSE,FALSE,FALSE
"2026-08-11","ONTO",3.3,,"PUT",300,319.79,296.7,"2026-08-21","BEAR",594,240,834,-4,830,-1140,236550,FALSE,FALSE,FALSE
"2026-08-11","RIOT",0.29,,"PUT",15,20.24,14.71,"2026-09-18","BEAR",6724,4687,11411,-165,11246,-6600,449840,FALSE,FALSE,FALSE
"2026-08-11","MSTR",0.26,,"PUT",80,96.09,79.74,"2026-08-21","BEAR",7473,9654,17127,1078,18205,6468,109230,FALSE,FALSE,FALSE
"2026-08-11","HTZ",0.17,,"PUT",2,2.45,1.83,"2026-09-18","BEAR",10794,40974,51768,722,52490,14440,1049800,FALSE,FALSE,FALSE
"2026-08-11","SPCX",0.7,,"PUT",135,,134.3,"2026-08-14","BEAR",2352,3382,5734,,,,,FALSE,FALSE,FALSE
"2026-08-11","SPY",0.2,,"PUT",760,770.56,759.8,"2026-08-14","BEAR",7676,12431,20107,,,,,FALSE,FALSE,FALSE
"2026-08-11","COHR",1.57,,"PUT",300,328.57,298.43,"2026-08-14","BEAR",962,807,1769,,,,,FALSE,FALSE,FALSE
"2026-08-11","NU",0.07,,"PUT",12,13.65,11.93,"2026-08-21","BEAR",19898,10308,30206,-71,30135,-71,30135,FALSE,FALSE,FALSE
"2026-08-11","CBRS",1.62,,"PUT",175,,173.38,"2026-08-28","BEAR",829,134,963,48,1011,4800,101100,FALSE,FALSE,FALSE
"2026-08-11","GOOGL",0.22,,"PUT",340,343.8,339.78,"2026-08-12","BEAR",5362,698,6060,,,,,FALSE,FALSE,FALSE
"2026-08-11","CVX",0.21,,"PUT",175,,174.79,"2026-08-28","BEAR",5202,538,5740,-17,5723,-51,17169,FALSE,FALSE,FALSE
"2026-08-11","UMC",0.05,,"CALL",27,18.94,27,"2026-08-21","BEAR",-21489,23732,2243,-2,2241,-10,11205,FALSE,FALSE,FALSE
"2026-08-11","BX",0.32,,"PUT",140,147.17,139.68,"2026-08-14","BEAR",3226,24,3250,,,,,FALSE,FALSE,FALSE
"2026-08-11","SPCX",0.3,,"PUT",130,,129.7,"2026-08-14","BEAR",3352,7741,11093,,,,,FALSE,FALSE,FALSE
"2026-08-11","QQQ",0.15,,"PUT",700,718.45,699.85,"2026-08-14","BEAR",5830,11986,17816,,,,,FALSE,FALSE,FALSE
"2026-08-11","AIRJ",1.4,,"CALL",5,6.4,5,"2026-08-21","BEAR",-616,1624,1008,-86,922,-4300,46100,FALSE,FALSE,FALSE
"2026-08-11","SPCX",0.28,,"PUT",115,,114.72,"2026-08-21","BEAR",3032,14275,17307,6458,23765,25832,95060,FALSE,FALSE,FALSE
"2026-08-11","SPY",0.12,,"CALL",800,770.56,800,"2026-08-21","BEAR",-6944,25958,19014,5045,24059,5045,24059,FALSE,FALSE,FALSE
"2026-08-11","KORU",0.8,,"PUT",14,,13.2,"2026-09-04","BEAR",990,268,1258,-113,1145,-8701,88165,FALSE,FALSE,FALSE
"2026-08-11","GILD",0.1,,"CALL",150,,150,"2026-08-21","BEAR",-7019,15871,8852,14,8866,140,88660,FALSE,FALSE,FALSE
"2026-08-11","CRWV",0.13,,"PUT",80,90.32,79.87,"2026-08-21","BEAR",5364,9038,14402,2160,16562,12960,99372,FALSE,FALSE,FALSE
"2026-08-11","SPY",0.07,,"CALL",810,770.56,810,"2026-08-21","BEAR",-7757,16137,8380,-2,8378,-2,8378,FALSE,FALSE,FALSE
"2026-08-11","DXYZ",0.37,,"CALL",45,,45,"2026-09-18","BEAR",-1239,4595,3356,5138,8494,411040,679520,FALSE,FALSE,FALSE
"2026-08-11","BTU",0.09,,"CALL",26,,26,"2026-08-14","BEAR",-4907,8038,3131,,,,,FALSE,FALSE,FALSE
"2026-08-11","SPY",0.03,,"PUT",769,770.56,768.97,"2026-08-12","BEAR",14106,4323,18429,,,,,FALSE,FALSE,FALSE
"2026-08-11","STIM",1.2,,"CALL",2,,2,"2026-08-21","BEAR",-340,1390,1050,-2,1048,-266,139384,FALSE,FALSE,FALSE
"2026-08-11","CVNA",0.16,,"PUT",60,72,59.84,"2026-08-21","BEAR",2166,12296,14462,147,14609,3969,394443,FALSE,FALSE,FALSE
"2026-08-11","ALLY",0.06,,"CALL",47,,47,"2026-08-21","BEAR",-4388,9186,4798,-34,4764,-34,4764,FALSE,FALSE,FALSE
"2026-08-11","SPY",0.02,,"PUT",360,770.56,359.98,"2026-09-18","BEAR",11044,16576,27620,0,27620,0,55240,FALSE,FALSE,FALSE
"2026-08-11","ALLY",0.04,,"CALL",50,,50,"2026-08-21","BEAR",-3997,9724,5727,-17,5710,-34,11420,FALSE,FALSE,FALSE
"2026-08-11","SPY",0.02,,"PUT",762,770.56,761.98,"2026-08-12","BEAR",6835,1890,8725,,,,,FALSE,FALSE,FALSE
"2026-08-11","SMH",0.03,,"PUT",565,572.93,564.97,"2026-08-12","BEAR",3976,149,4125,,,,,FALSE,FALSE,FALSE
"2026-08-11","QQQ",0.02,,"PUT",715,718.45,714.98,"2026-08-12","BEAR",5749,2424,8173,,,,,FALSE,FALSE,FALSE
"2026-08-11","CRWV",0.02,,"PUT",80,90.32,79.98,"2026-08-14","BEAR",5325,4232,9557,,,,,FALSE,FALSE,FALSE
"2026-08-11","AMZN",0.01,,"PUT",260,272.27,259.99,"2026-08-12","BEAR",8998,694,9692,,,,,FALSE,FALSE,FALSE
"2026-08-11","SPY",0.01,,"PUT",760,770.56,759.99,"2026-08-12","BEAR",8516,9031,17547,,,,,FALSE,FALSE,FALSE
"2026-08-11","KNX",0.02,,"PUT",37.5,68.53,37.48,"2026-08-21","BEAR",4159,0,4159,0,4159,0,8318,FALSE,FALSE,FALSE
"2026-08-11","SPCX",0.03,,"PUT",115,,114.97,"2026-08-14","BEAR",2714,13546,16260,,,,,FALSE,FALSE,FALSE
"2026-08-11","SPY",0.01,,"PUT",761,770.56,760.99,"2026-08-12","BEAR",6866,1330,8196,,,,,FALSE,FALSE,FALSE
"2026-08-11","QQQ",0.01,,"PUT",708,718.45,707.99,"2026-08-12","BEAR",6293,512,6805,,,,,FALSE,FALSE,FALSE
"2026-08-11","SPCH",0.05,,"PUT",7.5,,7.45,"2026-08-14","BEAR",1251,2128,3379,,,,,FALSE,FALSE,FALSE
"2026-08-11","SMCI",0.01,,"PUT",25,31.6,24.99,"2026-08-14","BEAR",6185,4066,10251,,,,,FALSE,FALSE,FALSE
"2026-08-11","MU",0.01,,"PUT",850,868.52,849.99,"2026-08-12","BEAR",5566,700,6266,,,,,FALSE,FALSE,FALSE
"2026-08-11","MU",0.02,,"PUT",855,868.52,854.98,"2026-08-12","BEAR",2502,268,2770,,,,,FALSE,FALSE,FALSE
"2026-08-11","AVGO",0.02,,"PUT",395,416.08,394.98,"2026-08-12","BEAR",2425,180,2605,,,,,FALSE,FALSE,FALSE
"2026-08-11","DMC",0.67,,"CALL",30,,30,"2026-08-21","BEAR",-65,456,391,-20,371,-1620,30051,FALSE,FALSE,FALSE
"2026-08-11","CAVA",0.01,,"PUT",50,60.81,49.99,"2026-08-14","BEAR",3987,359,4346,,,,,FALSE,FALSE,FALSE
"2026-08-11","YINN",0.03,,"CALL",32,30.07,32,"2026-08-14","BEAR",-1107,1907,800,,,,,FALSE,FALSE,FALSE
"2026-08-12","MU",130,,"CALL",1150,911.29,1280,"2027-01-15","BULL",4668,496,5164,-858,4306,-9077640,45557480,FALSE,FALSE,TRUE
"2026-08-12","GLD",5.95,,"CALL",415,404.92,420.95,"2026-09-18","BULL",69650,26213,95863,863,96726,461705,51748410,FALSE,FALSE,FALSE
"2026-08-12","QQQ",30.48,,"CALL",745,723.7,775.48,"2026-11-20","BULL",11336,531,11867,244,12111,522648,25941762,TRUE,FALSE,TRUE
"2026-08-12","GOOG",36.17,,"PUT",380,342.37,380,"2026-08-21","BULL",-7772,11346,3574,-3085,489,-12725625,2017125,FALSE,FALSE,FALSE
"2026-08-12","QQQ",11.41,,"CALL",770,723.7,781.41,"2026-10-16","BULL",17864,3712,21576,581,22157,322455,12297135,FALSE,FALSE,TRUE
"2026-08-12","QCOM",36.89,,"PUT",200,163.07,200,"2026-08-21","BULL",-5508,7698,2190,-1364,826,-5285500,3200750,FALSE,FALSE,FALSE
"2026-08-12","SPY",3.29,,"CALL",780,772.49,783.29,"2026-08-21","BULL",57135,25279,82414,-31011,51403,-496176,822448,FALSE,FALSE,FALSE
"2026-08-12","GOOG",40.45,,"PUT",385,342.37,385,"2026-08-21","BULL",-4068,4450,382,-103,279,-455260,1233180,FALSE,FALSE,FALSE
"2026-08-12","AAPL",25.09,,"PUT",330,302.25,330,"2026-08-21","BULL",-6063,8145,2082,-242,1840,-494406,3759120,FALSE,FALSE,FALSE
"2026-08-12","CDNS",46.25,,"PUT",370,323.13,370,"2026-08-21","BULL",-3019,3194,175,-167,8,-774379,37096,FALSE,TRUE,FALSE
"2026-08-12","SNDK",75.64,,"CALL",1500,1344.29,1575.64,"2026-08-14","BULL",1812,2864,4676,,,,,FALSE,FALSE,FALSE
"2026-08-12","CRWV",14.92,,"CALL",95,107.73,109.92,"2026-08-21","BULL",8051,11339,19390,-143,19247,-54769,7371601,FALSE,FALSE,FALSE
"2026-08-12","CRWV",21.65,,"CALL",110,107.73,131.65,"2026-12-18","BULL",5012,2330,7342,68,7410,92344,10062780,FALSE,FALSE,TRUE
"2026-08-12","EWY",11.67,,"CALL",180,175.87,191.67,"2026-09-18","BULL",9012,22323,31335,261,31596,200448,24265728,FALSE,FALSE,TRUE
"2026-08-12","IBM",61.6,,"PUT",300,235.98,300,"2026-09-18","BULL",-1698,1808,110,-21,89,-128919,546371,FALSE,FALSE,FALSE
"2026-08-12","TSM",22.46,,"CALL",430,429.15,452.46,"2026-09-18","BULL",4578,9079,13657,152,13809,150176,13643292,FALSE,FALSE,TRUE
"2026-08-12","QQQ",21,,"CALL",880,723.7,901,"2027-06-17","BULL",4862,35621,40483,-2,40481,-3368,68170004,FALSE,FALSE,TRUE
"2026-08-12","TSLA",12.25,,"CALL",325,327.51,337.25,"2026-08-14","BULL",7841,6738,14579,,,,,FALSE,FALSE,FALSE
"2026-08-12","QQQ",4.79,,"CALL",800,723.7,804.79,"2026-10-16","BULL",17972,14890,32862,1873,34735,342759,6356505,FALSE,FALSE,TRUE
"2026-08-12","QQQ",9.69,,"CALL",754,723.7,763.69,"2026-09-18","BULL",8785,142,8927,205,9132,71135,3168804,FALSE,FALSE,TRUE
"2026-08-12","META",34.5,,"CALL",1020,578.85,1054.5,"2028-01-21","BULL",2356,1991,4347,6,4353,15990,11600745,FALSE,FALSE,TRUE
"2026-08-12","SPCX",12.42,,"CALL",250,,262.42,"2027-06-17","BULL",6348,22554,28902,213,29115,255600,34938000,FALSE,FALSE,FALSE
"2026-08-12","CRWV",20.34,,"CALL",180,107.73,200.34,"2027-09-17","BULL",3800,368,4168,2,4170,3030,6317550,FALSE,FALSE,TRUE
"2026-08-12","ASTS",14.79,,"CALL",70,74.31,84.79,"2026-11-20","BULL",4993,1488,6481,-3,6478,-3285,7093410,FALSE,FALSE,FALSE
"2026-08-12","XLI",2.37,,"PUT",170,,170,"2026-11-20","BULL",-30380,80261,49881,-2812,47069,-635512,10637594,FALSE,FALSE,FALSE
"2026-08-12","SPY",6.02,,"CALL",775,772.49,781.02,"2026-08-21","BULL",11716,44105,55821,2575,58396,177675,4029324,FALSE,FALSE,FALSE
"2026-08-12","TSLA",10.1,,"CALL",327.5,327.51,337.6,"2026-08-14","BULL",6793,4218,11011,,,,,FALSE,FALSE,FALSE
"2026-08-12","TSLA",10.45,,"CALL",327.5,327.51,337.95,"2026-08-17","BULL",6326,309,6635,864,7499,1123200,9748700,TRUE,FALSE,FALSE
"2026-08-12","QQQ",6.66,,"CALL",745,723.7,751.66,"2026-08-31","BULL",9724,3107,12831,7396,20227,820956,2245197,TRUE,FALSE,FALSE
"2026-08-12","KLAC",23,,"PUT",224,208.25,224,"2026-09-18","BULL",-2700,12745,10045,45,10090,148950,33397900,FALSE,FALSE,FALSE
"2026-08-12","SPCX",10.18,,"CALL",200,,210.18,"2027-01-15","BULL",5957,13870,19827,408,20235,391680,19425600,FALSE,FALSE,FALSE
"2026-08-12","KWEB",2.72,,"CALL",26,27.54,28.72,"2026-12-18","BULL",22109,2098,24207,112,24319,29456,6395897,FALSE,FALSE,FALSE
"2026-08-12","STX",27.7,,"CALL",900,878.21,927.7,"2026-08-14","BULL",2147,443,2590,,,,,FALSE,FALSE,FALSE
"2026-08-12","DELL",20.42,,"CALL",600,484.5,620.42,"2026-09-18","BULL",2808,2797,5605,765,6370,753525,6274450,TRUE,FALSE,TRUE
"2026-08-12","AAPL",9.04,,"CALL",295,302.25,304.04,"2026-08-14","BULL",6153,497,6650,,,,,FALSE,FALSE,FALSE
"2026-08-12","GLD",4.75,,"CALL",490,404.92,494.75,"2027-01-15","BULL",11347,4337,15684,43017,58701,20002905,27295965,TRUE,FALSE,TRUE
"2026-08-12","GLD",4.35,,"CALL",495,404.92,499.35,"2027-01-15","BULL",11353,2087,13440,43032,56472,18331632,24057072,TRUE,FALSE,TRUE
"2026-08-12","AMD",15.1,,"CALL",540,482.93,555.1,"2026-09-11","BULL",3201,2297,5498,-2621,2877,-2049622,2249814,FALSE,FALSE,TRUE
"2026-08-12","SOXX",11.71,,"CALL",650,546.61,661.71,"2026-10-16","BULL",3975,1845,5820,104,5924,58240,3317440,FALSE,FALSE,TRUE
"2026-08-12","SPCX",16,,"PUT",150,,150,"2026-09-18","BULL",-2657,44139,41482,1580,43062,2212000,60286800,TRUE,FALSE,FALSE
"2026-08-12","CRWV",11.4,,"CALL",150,107.73,161.4,"2027-01-15","BULL",3632,14178,17810,-316,17494,-224360,12420740,FALSE,FALSE,TRUE
"2026-08-12","ONDS",1.8,,"CALL",12,9.77,13.8,"2027-03-19","BULL",22762,592,23354,1623,24977,267795,4121205,FALSE,FALSE,TRUE
"2026-08-12","IREN",2.2,,"CALL",43,43.67,45.2,"2026-08-14","BULL",18081,5188,23269,,,,,FALSE,FALSE,FALSE
"2026-08-12","SPCX",6.05,,"CALL",160,,166.05,"2026-09-18","BULL",6443,13083,19526,1784,21310,945520,11294300,TRUE,FALSE,FALSE
"2026-08-12","DRAM",6.11,,"CALL",60,,66.11,"2026-10-16","BULL",5353,7519,12872,3482,16354,1653950,7768150,TRUE,FALSE,FALSE
"2026-08-12","GLD",1.84,,"CALL",440,404.92,441.84,"2026-09-18","BULL",17278,17006,34284,727,35011,102507,4936551,FALSE,FALSE,TRUE
"2026-08-12","AAPL",2.89,,"CALL",302.5,302.25,305.39,"2026-08-14","BULL",10386,1045,11431,,,,,FALSE,FALSE,FALSE
"2026-08-12","ORCL",2.9,,"CALL",160,153.28,162.9,"2026-08-21","BULL",10277,23221,33498,2329,35827,34935,537405,FALSE,FALSE,TRUE
"2026-08-12","SNDK",22.9,,"CALL",1600,1344.29,1622.9,"2026-08-14","BULL",1230,2400,3630,,,,,FALSE,FALSE,FALSE
"2026-08-12","GOOG",6.67,,"CALL",360,342.37,366.67,"2026-09-18","BULL",4162,4523,8685,1953,10638,896427,4882842,TRUE,FALSE,TRUE
"2026-08-12","NBIS",9.1,,"CALL",275,259.2,284.1,"2026-08-21","BULL",2956,173,3129,913,4042,202686,897324,FALSE,FALSE,TRUE
"2026-08-12","AMD",5.8,,"CALL",500,482.93,505.8,"2026-08-14","BULL",4422,6721,11143,,,,,FALSE,FALSE,FALSE
"2026-08-12","META",6.46,,"CALL",585,578.85,591.46,"2026-08-14","BULL",3760,590,4350,,,,,FALSE,FALSE,FALSE
"2026-08-12","SPCX",7.5,,"CALL",220,,227.5,"2027-01-15","BULL",3187,4429,7616,-2252,5364,-1589912,3786984,FALSE,FALSE,FALSE
"2026-08-12","SMCI",2.59,,"CALL",39,37.61,41.59,"2026-08-21","BULL",8618,1112,9730,3912,13642,215160,750310,FALSE,FALSE,TRUE
"2026-08-12","DRAM",2.39,,"CALL",60,,62.39,"2026-08-28","BULL",9050,2746,11796,6877,18673,790855,2147395,TRUE,FALSE,FALSE
"2026-08-12","DRAM",4.25,,"CALL",60,,64.25,"2026-09-18","BULL",4758,32243,37001,-3520,33481,-1003200,9542085,FALSE,FALSE,FALSE
"2026-08-12","AMAT",24.4,,"CALL",550,548.15,574.4,"2026-08-14","BULL",819,923,1742,,,,,FALSE,FALSE,FALSE
"2026-08-12","BKSY",4.89,,"CALL",40,31.87,44.89,"2027-01-15","BULL",4051,2768,6819,11,6830,4070,2527100,FALSE,FALSE,TRUE
"2026-08-12","SLV",1.61,,"CALL",63,59.06,64.61,"2026-09-18","BULL",12095,15375,27470,36741,64211,4041510,7063210,TRUE,FALSE,TRUE
"2026-08-12","SKHY",12.27,,"CALL",160,,172.27,"2026-08-21","BULL",1545,6301,7846,-2002,5844,-580580,1694760,FALSE,FALSE,FALSE
"2026-08-12","QQQ",3.16,,"CALL",730,723.7,733.16,"2026-08-13","BULL",5961,8352,14313,,,,,FALSE,FALSE,FALSE
"2026-08-12","SPCX",5.7,,"CALL",180,,185.7,"2026-10-16","BULL",3258,7964,11222,613,11835,306500,5917500,FALSE,FALSE,FALSE
"2026-08-12","SPCX",4.95,,"CALL",165,,169.95,"2026-09-18","BULL",3747,3590,7337,1057,8394,459795,3651390,FALSE,FALSE,FALSE
"2026-08-12","OCUL",1.4,,"CALL",11,,12.4,"2026-09-18","BULL",12958,904,13862,882,14744,82908,1385936,FALSE,FALSE,FALSE
"2026-08-12","SKHY",8.2,,"CALL",160,,168.2,"2026-08-14","BULL",1917,2295,4212,,,,,FALSE,FALSE,FALSE
"2026-08-12","AAPL",1.51,,"CALL",305,302.25,306.51,"2026-08-14","BULL",10155,8383,18538,,,,,FALSE,FALSE,FALSE
"2026-08-12","GLD",1.15,,"CALL",450,404.92,451.15,"2026-09-18","BULL",13307,36659,49966,1682,51648,149698,4596672,FALSE,FALSE,TRUE
"2026-08-12","SPCX",4.1,,"CALL",170,,174.1,"2026-09-18","BULL",3697,16443,20140,-1271,18869,-444850,6604150,FALSE,FALSE,FALSE
"2026-08-12","ORCL",1.73,,"CALL",155,153.28,156.73,"2026-08-14","BULL",8580,15021,23601,,,,,FALSE,FALSE,FALSE
"2026-08-12","LITE",16.25,,"CALL",1100,932.47,1116.25,"2026-08-28","BULL",849,416,1265,334,1599,133600,639600,FALSE,FALSE,TRUE
"2026-08-12","AAOI",8.12,,"CALL",135,138.08,143.12,"2026-08-14","BULL",1686,1010,2696,,,,,FALSE,FALSE,FALSE
"2026-08-12","DXYZ",4.5,,"CALL",30,,34.5,"2026-09-18","BULL",2879,1732,4611,1608,6219,787920,3047310,TRUE,FALSE,FALSE
"2026-08-12","SPCX",2.65,,"CALL",210,,212.65,"2026-10-16","BULL",4812,3059,7871,2022,9893,418554,2047851,FALSE,FALSE,FALSE
"2026-08-12","SOXX",6.25,,"CALL",700,546.61,706.25,"2026-10-16","BULL",2001,2384,4385,53,4438,13515,1131690,FALSE,FALSE,TRUE
"2026-08-12","MSTR",2.28,,"CALL",98,94.83,100.28,"2026-08-21","BULL",5425,943,6368,17130,23498,2381070,3266222,TRUE,FALSE,TRUE
"2026-08-12","IREN",1.54,,"CALL",44,43.67,45.54,"2026-08-14","BULL",7986,5087,13073,,,,,FALSE,FALSE,FALSE
"2026-08-12","HTZ",0.33,,"CALL",3,2.8,3.33,"2026-09-18","BULL",37179,27687,64866,11896,76762,95168,614096,FALSE,FALSE,TRUE
"2026-08-12","UBER",1.41,,"CALL",80,75.36,81.41,"2026-09-18","BULL",8671,10613,19284,808,20092,105848,2632052,FALSE,FALSE,TRUE
"2026-08-12","META",3.85,,"CALL",590,578.85,593.85,"2026-08-14","BULL",3152,1672,4824,,,,,FALSE,FALSE,FALSE
"2026-08-12","SPCX",1.91,,"CALL",144,,145.91,"2026-08-14","BULL",6010,1963,7973,,,,,FALSE,FALSE,FALSE
"2026-08-12","NOK",0.42,,"CALL",12,10.32,12.42,"2026-09-18","BULL",26717,39589,66306,14357,80663,387639,2177901,FALSE,FALSE,TRUE
"2026-08-12","IWM",0.5,,"PUT",295,302.71,295,"2026-08-21","BULL",-22115,94078,71963,14684,86647,484572,2859351,FALSE,FALSE,FALSE
"2026-08-12","SMCI",1.26,,"CALL",42,37.61,43.26,"2026-08-21","BULL",8628,1810,10438,3548,13986,53220,209790,FALSE,FALSE,TRUE
"2026-08-12","SPCX",3.17,,"CALL",150,,153.17,"2026-08-21","BULL",3409,35706,39115,9143,48258,1545167,8155602,TRUE,FALSE,FALSE
"2026-08-12","GOOG",3.5,,"CALL",342.5,342.37,346,"2026-08-14","BULL",3009,341,3350,,,,,FALSE,FALSE,FALSE
"2026-08-12","BRUN",3.1,,"CALL",20,,23.1,"2026-08-21","BULL",3382,15981,19363,-7864,11499,-1258240,1839840,FALSE,FALSE,FALSE
"2026-08-12","IEF",0.34,,"CALL",94,,94.34,"2026-09-18","BULL",29506,13875,43381,-1595,41786,-31900,835720,FALSE,FALSE,FALSE
"2026-08-12","DELL",3.91,,"CALL",510,484.5,513.91,"2026-08-14","BULL",2522,884,3406,,,,,FALSE,FALSE,FALSE
"2026-08-12","SPCX",2.04,,"CALL",155,,157.04,"2026-08-21","BULL",4724,13159,17883,5196,23079,431268,1915557,FALSE,FALSE,FALSE
"2026-08-12","KORU",2.96,,"CALL",20,,22.96,"2026-08-21","BULL",2977,8589,11566,-2368,9198,-142080,551880,FALSE,FALSE,FALSE
"2026-08-12","NOK",0.72,,"CALL",11,10.32,11.72,"2026-09-18","BULL",12125,40141,52266,5862,58128,304824,3022656,FALSE,FALSE,TRUE
"2026-08-12","QQQ",1.32,,"CALL",770,723.7,771.32,"2026-08-31","BULL",6604,14491,21095,-2341,18754,-28092,225048,FALSE,FALSE,TRUE
"2026-08-12","HTZ",0.2,,"CALL",4,2.8,4.2,"2026-09-18","BULL",42191,18478,60669,-2641,58028,-15846,348168,FALSE,FALSE,TRUE
"2026-08-12","SLV",1.12,,"CALL",100,59.06,101.12,"2027-01-15","BULL",7384,94583,101967,2111,104078,181546,8950708,FALSE,FALSE,TRUE
"2026-08-12","GFS",3.3,,"CALL",60,53.18,63.3,"2026-10-16","BULL",2421,815,3236,1051,4287,199690,814530,FALSE,FALSE,TRUE
"2026-08-12","GOOG",1.98,,"CALL",385,342.37,386.98,"2026-09-18","BULL",3947,2313,6260,250,6510,30000,781200,FALSE,FALSE,TRUE
"2026-08-12","OVV",2.5,,"CALL",65,,67.5,"2026-10-16","BULL",3041,828,3869,-96,3773,-38688,1520519,FALSE,FALSE,FALSE
"2026-08-12","DAL",1.17,,"CALL",93,,94.17,"2026-08-21","BULL",6265,484,6749,169,6918,507,20754,FALSE,FALSE,FALSE
"2026-08-12","ECHO",5,,"CALL",100,92.5,105,"2026-10-16","BULL",1433,2562,3995,-1025,2970,-411025,1190970,FALSE,FALSE,TRUE
"2026-08-12","MSTR",1.66,,"CALL",100,94.83,101.66,"2026-08-21","BULL",4301,13018,17319,13366,30685,1216306,2792335,TRUE,FALSE,TRUE
"2026-08-12","ELAN",3.46,,"PUT",26,,26,"2026-08-21","BULL",-2000,2007,7,15,22,5190,7612,FALSE,FALSE,FALSE
"2026-08-12","BKNG",4.5,,"PUT",200,,200,"2026-09-25","BULL",-1471,2344,873,0,873,0,357930,FALSE,FALSE,FALSE
"2026-08-12","BE",2.41,,"CALL",250,237.16,252.41,"2026-08-14","BULL",2670,1357,4027,,,,,FALSE,FALSE,FALSE
"2026-08-12","SPCX",1.31,,"CALL",160,,161.31,"2026-08-21","BULL",4859,43295,48154,2497,50651,97383,1975389,FALSE,FALSE,FALSE
"2026-08-12","MSTR",1.09,,"CALL",103,94.83,104.09,"2026-08-21","BULL",5796,733,6529,19454,25983,953246,1273167,TRUE,FALSE,TRUE
"2026-08-12","HTZ",0.14,,"CALL",3,2.8,3.14,"2026-08-21","BULL",43393,24518,67911,17366,85277,17366,85277,FALSE,FALSE,TRUE
"2026-08-12","CRWV",1.65,,"CALL",120,107.73,121.65,"2026-08-21","BULL",3676,16803,20479,4798,25277,14394,75831,FALSE,FALSE,TRUE
"2026-08-12","SQQQ",2.23,,"CALL",34,37.32,36.23,"2026-08-21","BULL",2710,32,2742,129,2871,56760,1263240,FALSE,FALSE,FALSE
"2026-08-12","CRWV",1.75,,"CALL",150,107.73,151.75,"2026-09-18","BULL",3440,8670,12110,1839,13949,82755,627705,FALSE,FALSE,TRUE
"2026-08-12","INDI",0.55,,"CALL",4,4.01,4.55,"2026-09-18","BULL",10422,319,10741,-683,10058,-47810,704060,FALSE,FALSE,FALSE
"2026-08-12","WEN",0.4,,"CALL",9,8.66,9.4,"2026-09-18","BULL",14071,3079,17150,4258,21408,149030,749280,FALSE,FALSE,TRUE
"2026-08-12","HSAI",3,,"CALL",17.5,19.02,20.5,"2026-09-18","BULL",1808,1636,3444,58,3502,6960,420240,FALSE,FALSE,FALSE
"2026-08-12","SPOT",4.56,,"CALL",600,489.6,604.56,"2026-10-16","BULL",1119,702,1821,363,2184,386232,2323776,FALSE,FALSE,TRUE
"2026-08-12","APTV",5,,"CALL",55,48.48,60,"2027-02-19","BULL",1015,273,1288,491,1779,243045,880605,FALSE,FALSE,TRUE
"2026-08-12","NBIS",1.94,,"CALL",270,259.2,271.94,"2026-08-14","BULL",2603,1161,3764,,,,,FALSE,FALSE,FALSE
"2026-08-12","HTZ",0.15,,"CALL",3.5,2.8,3.65,"2026-08-28","BULL",32941,1152,34093,-8586,25507,-17172,51014,FALSE,FALSE,TRUE
"2026-08-12","TER",4.2,,"CALL",425,402.74,429.2,"2026-08-14","BULL",1138,180,1318,,,,,FALSE,FALSE,FALSE
"2026-08-12","QQQ",0.84,,"CALL",733,723.7,733.84,"2026-08-13","BULL",5536,496,6032,,,,,FALSE,FALSE,FALSE
"2026-08-12","DRAM",1.56,,"CALL",60,,61.56,"2026-08-21","BULL",2967,107966,110933,-13532,97401,-487152,3506436,FALSE,FALSE,FALSE
"2026-08-12","SQQQ",1.04,,"CALL",37.5,37.32,38.54,"2026-08-28","BULL",4433,327,4760,233,4993,39843,853803,FALSE,FALSE,FALSE
"2026-08-12","MSTR",0.68,,"CALL",180,94.83,180.68,"2026-10-16","BULL",6633,1049,7682,-74,7608,-4884,502128,FALSE,FALSE,TRUE
"2026-08-12","MRNA",0.84,,"CALL",70,63.67,70.84,"2026-08-21","BULL",5274,3485,8759,189,8948,3213,152116,FALSE,FALSE,TRUE
"2026-08-12","HUT",1.85,,"CALL",95,90.77,96.85,"2026-08-21","BULL",2154,1542,3696,-157,3539,-8164,184028,FALSE,FALSE,TRUE
"2026-08-12","DJT",0.3,,"CALL",18,8.27,18.3,"2026-11-20","BULL",13149,509,13658,0,13658,0,300476,FALSE,FALSE,TRUE
"2026-08-12","DAL",0.62,,"CALL",95,,95.62,"2026-08-21","BULL",6304,1607,7911,32,7943,32,7943,FALSE,FALSE,FALSE
"2026-08-12","HTZ",0.4,,"CALL",2.5,2.8,2.9,"2026-09-04","BULL",9709,2066,11775,502,12277,5020,122770,FALSE,FALSE,FALSE
"2026-08-12","ONON",0.76,,"CALL",35,31.01,35.76,"2026-10-16","BULL",5103,387,5490,3001,8491,267089,755699,FALSE,FALSE,TRUE
"2026-08-12","META",1.12,,"CALL",600,578.85,601.12,"2026-08-14","BULL",3439,3203,6642,,,,,FALSE,FALSE,FALSE
"2026-08-12","HTZ",0.39,,"CALL",2.5,2.8,2.89,"2026-08-28","BULL",9541,4876,14417,-1116,13301,-7812,93107,FALSE,FALSE,FALSE
"2026-08-12","AAPL",0.68,,"CALL",307.5,302.25,308.18,"2026-08-14","BULL",5319,18096,23415,,,,,FALSE,FALSE,FALSE
"2026-08-12","COKE",2.79,,"PUT",185,188.77,185,"2026-08-21","BULL",-1231,3078,1847,7,1854,1750,463500,FALSE,FALSE,FALSE
"2026-08-12","ECHO",4.5,,"CALL",140,92.5,144.5,"2027-03-19","BULL",760,126,886,0,886,0,398700,FALSE,FALSE,TRUE
"2026-08-12","SOXX",1.95,,"CALL",650,546.61,651.95,"2026-09-04","BULL",1731,47,1778,1,1779,69,122751,FALSE,FALSE,TRUE
"2026-08-12","NUAI",0.28,,"CALL",6,5.53,6.28,"2026-08-21","BULL",11543,2122,13665,5144,18809,25720,94045,FALSE,FALSE,TRUE
"2026-08-12","GRPN",1.35,,"CALL",40,,41.35,"2027-01-15","BULL",2394,1514,3908,5,3913,555,434343,FALSE,FALSE,FALSE
"2026-08-12","SIRI",0.2,,"CALL",29,28.44,29.2,"2026-08-21","BULL",16072,1048,17120,659,17779,3295,88895,FALSE,FALSE,FALSE
"2026-08-12","SPY",0.41,,"CALL",777,772.49,777.41,"2026-08-13","BULL",7504,2639,10143,,,,,FALSE,FALSE,FALSE
"2026-08-12","FLEX",1.15,,"PUT",115,124.53,115,"2026-08-21","BULL",-2616,6169,3553,-3,3550,-321,379850,FALSE,FALSE,FALSE
"2026-08-12","AAOX",2.65,,"CALL",22,,24.65,"2026-08-21","BULL",1113,183,1296,-112,1184,-11200,118400,FALSE,FALSE,FALSE
"2026-08-12","CRWV",0.52,,"CALL",115,107.73,115.52,"2026-08-14","BULL",5509,3835,9344,,,,,FALSE,FALSE,FALSE
"2026-08-12","HCA",2.1,,"CALL",420,,422.1,"2026-08-21","BULL",1359,315,1674,49,1723,19110,671970,FALSE,FALSE,FALSE
"2026-08-12","BE",1.19,,"PUT",65,237.16,65,"2027-01-15","BULL",-2362,9189,6827,31,6858,3720,822960,FALSE,FALSE,FALSE
"2026-08-12","SPY",0.25,,"PUT",770,772.49,770,"2026-08-14","BULL",-10609,43399,32790,,,,,FALSE,FALSE,FALSE
"2026-08-12","DRAM",0.5,,"CALL",122,,122.5,"2026-11-20","BULL",5097,12966,18063,11403,29466,387702,1001844,FALSE,FALSE,FALSE
"2026-08-12","NU",0.2,,"PUT",13,13.56,13,"2026-08-21","BULL",-12194,42842,30648,10716,41364,10716,41364,FALSE,FALSE,FALSE
"2026-08-12","HTZ",0.12,,"CALL",6,2.8,6.12,"2026-09-18","BULL",19702,5169,24871,-187,24684,-561,74052,FALSE,FALSE,TRUE
"2026-08-12","KR",0.34,,"CALL",58,,58.34,"2026-08-21","BULL",6918,518,7436,396,7832,12276,242792,FALSE,FALSE,FALSE
"2026-08-12","TTD",0.4,,"CALL",14,13.49,14.4,"2026-08-21","BULL",5630,3447,9077,-1396,7681,-15356,84491,FALSE,FALSE,TRUE
"2026-08-12","NOK",0.16,,"CALL",14,10.32,14.16,"2026-09-18","BULL",13806,15593,29399,39101,68500,312808,548000,FALSE,FALSE,TRUE
"2026-08-12","MDT",0.77,,"CALL",100,90.76,100.77,"2026-09-18","BULL",2838,20868,23706,-644,23062,-59248,2121704,FALSE,FALSE,TRUE
"2026-08-12","TSCO",0.33,,"CALL",37,36.43,37.33,"2026-08-21","BULL",6618,1342,7960,363,8323,3993,91553,FALSE,FALSE,FALSE
"2026-08-12","SNDG",1.12,,"CALL",9,,10.12,"2026-08-21","BULL",1877,500,2377,-141,2236,-13395,212420,FALSE,FALSE,FALSE
"2026-08-12","SPCX",0.2,,"CALL",155,,155.2,"2026-08-14","BULL",10260,8076,18336,,,,,FALSE,FALSE,FALSE
"2026-08-12","ORCL",0.44,,"CALL",160,153.28,160.44,"2026-08-14","BULL",4628,12308,16936,,,,,FALSE,FALSE,FALSE
"2026-08-12","CBRS",1.2,,"CALL",300,,301.2,"2026-08-21","BULL",1660,2048,3708,-802,2906,-24862,90086,FALSE,FALSE,FALSE
"2026-08-12","HTZ",0.09,,"CALL",7,2.8,7.09,"2026-09-18","BULL",21150,1811,22961,-1619,21342,-4857,64026,FALSE,FALSE,TRUE
"2026-08-12","IDXX",10.1,,"CALL",570,,580.1,"2026-08-21","BULL",188,31,219,-1,218,-170,37060,FALSE,FALSE,FALSE
"2026-08-12","RIOT",0.18,,"CALL",23,20.32,23.18,"2026-08-21","BULL",10431,8478,18909,-89,18820,-445,94100,FALSE,FALSE,TRUE
"2026-08-12","TBBB",8.16,,"CALL",40,,48.16,"2026-09-18","BULL",229,336,565,-106,459,-86496,374544,FALSE,FALSE,FALSE
"2026-08-12","DGXX",0.2,,"CALL",6,4.19,6.2,"2026-09-18","BULL",9249,1756,11005,281,11286,1686,67716,FALSE,FALSE,TRUE
"2026-08-12","DXYZ",0.74,,"CALL",45,,45.74,"2026-09-18","BULL",2452,3356,5808,2686,8494,214880,679520,FALSE,FALSE,FALSE
"2026-08-12","TWLO",1.55,,"CALL",257.5,246.62,259.05,"2026-08-14","BULL",1145,252,1397,,,,,FALSE,FALSE,FALSE
"2026-08-12","SPMO",3.3,,"CALL",158,151.21,161.3,"2026-09-18","BULL",529,20,549,0,549,0,126270,FALSE,FALSE,TRUE
"2026-08-12","NVDL",0.83,,"CALL",38,36.39,38.83,"2026-08-21","BULL",2084,1705,3789,-1105,2684,-11050,26840,FALSE,FALSE,TRUE
"2026-08-12","SPCX",0.35,,"CALL",175,,175.35,"2026-08-21","BULL",4623,5634,10257,1008,11265,6048,67590,FALSE,FALSE,FALSE
"2026-08-12","HTZ",0.15,,"CALL",5,2.8,5.15,"2026-09-18","BULL",10324,11699,22023,-475,21548,-1425,64644,FALSE,FALSE,TRUE
"2026-08-12","ATAI",0.3,,"CALL",7,,7.3,"2027-01-15","BULL",4549,8544,13093,305,13398,9150,401940,FALSE,FALSE,FALSE
"2026-08-12","CCXI",0.75,,"CALL",17.5,,18.25,"2026-08-21","BULL",1672,7973,9645,984,10629,59040,637740,FALSE,FALSE,FALSE
"2026-08-12","IRM",0.3,,"PUT",115,,115,"2026-08-21","BULL",-3766,4908,1142,-1,1141,-22,25102,FALSE,FALSE,FALSE
"2026-08-12","HTZ",0.07,,"CALL",4,2.8,4.07,"2026-08-21","BULL",15933,22737,38670,-822,37848,-822,37848,FALSE,FALSE,TRUE
"2026-08-12","RRGB",1.2,,"CALL",12.5,,13.7,"2026-12-18","BULL",909,251,1160,263,1423,31560,170760,FALSE,FALSE,FALSE
"2026-08-12","MUU",0.7,,"CALL",39,,39.7,"2026-08-21","BULL",1520,735,2255,178,2433,1780,24330,FALSE,FALSE,FALSE
"2026-08-12","HTZ",0.03,,"CALL",3,2.8,3.03,"2026-08-14","BULL",35403,44135,79538,,,,,FALSE,FALSE,FALSE
"2026-08-12","ALOY",3.62,,"CALL",10,,13.62,"2026-10-16","BULL",293,463,756,41,797,17999,349883,FALSE,FALSE,FALSE
"2026-08-12","BMRN",0.65,,"CALL",75,,75.65,"2026-08-21","BULL",1586,446,2032,-1,2031,-5,10155,FALSE,FALSE,FALSE
"2026-08-12","IREN",0.06,,"CALL",50,43.67,50.06,"2026-08-14","BULL",17132,6514,23646,,,,,FALSE,FALSE,FALSE
"2026-08-12","NOK",0.09,,"CALL",15,10.32,15.09,"2026-09-18","BULL",11373,72138,83511,-4201,79310,-21005,396550,FALSE,FALSE,TRUE
"2026-08-12","GRRR",1,,"CALL",30,,31,"2027-03-19","BULL",1020,5401,6421,358,6779,35800,677900,FALSE,FALSE,FALSE
"2026-08-12","CRWG",0.78,,"CALL",40,30.25,40.78,"2026-08-21","BULL",1288,1058,2346,211,2557,633,7671,FALSE,FALSE,TRUE
"2026-08-12","CRWV",0.13,,"CALL",120,107.73,120.13,"2026-08-14","BULL",7241,4116,11357,,,,,FALSE,FALSE,FALSE
"2026-08-12","KSTR",1.8,,"CALL",25,,26.8,"2026-09-18","BULL",522,1813,2335,110,2445,18700,415650,FALSE,FALSE,FALSE
"2026-08-12","DIA",0.28,,"CALL",548,537.15,548.28,"2026-08-21","BULL",3276,101,3377,140,3517,560,14068,FALSE,FALSE,FALSE
"2026-08-12","SPCX",0.33,,"CALL",152.5,,152.83,"2026-08-14","BULL",2722,3371,6093,,,,,FALSE,FALSE,FALSE
"2026-08-12","VIVO",1.1,,"CALL",5,,6.1,"2026-10-16","BULL",750,2867,3617,202,3819,17170,324615,FALSE,FALSE,FALSE
"2026-08-12","VRT",0.06,,"PUT",210,288.36,210,"2026-08-21","BULL",-13082,24902,11820,-12,11808,-60,59040,FALSE,FALSE,FALSE
"2026-08-12","EUV",0.62,,"CALL",35,,35.62,"2026-09-18","BULL",1240,102,1342,15,1357,465,42067,FALSE,FALSE,FALSE
"2026-08-12","FRVO",0.51,,"CALL",25,,25.51,"2026-08-21","BULL",1385,1419,2804,91,2895,455,14475,FALSE,FALSE,FALSE
"2026-08-12","HTZ",0.04,,"CALL",5,2.8,5.04,"2026-08-21","BULL",17158,8140,25298,-660,24638,-660,24638,FALSE,FALSE,TRUE
"2026-08-12","MSFU",0.18,,"PUT",34,37.08,34,"2026-08-21","BULL",-3428,8887,5459,-2169,3290,-43380,65800,FALSE,FALSE,FALSE
"2026-08-12","SPCX",0.24,,"CALL",180,,180.24,"2026-08-21","BULL",2461,15044,17505,1476,18981,8856,113886,FALSE,FALSE,FALSE
"2026-08-12","ENVX",0.08,,"CALL",7,4.73,7.08,"2026-09-18","BULL",7124,823,7947,-133,7814,-133,7814,FALSE,FALSE,TRUE
"2026-08-12","IBIT",0.03,,"CALL",46,35.89,46.03,"2026-08-21","BULL",18800,3339,22139,-523,21616,-523,21616,FALSE,FALSE,TRUE
"2026-08-12","BNY",1.1,,"PUT",115,,115,"2027-01-15","BULL",-490,1972,1482,0,1482,0,163020,FALSE,FALSE,FALSE
"2026-08-12","BB",0.12,,"CALL",12,8.77,12.12,"2026-09-18","BULL",4247,14580,18827,525,19352,2625,96760,FALSE,FALSE,TRUE
"2026-08-12","IHI",0.25,,"PUT",47,56.08,47,"2026-10-16","BULL",-2000,110062,108062,-64537,43525,-774444,522300,FALSE,FALSE,FALSE
"2026-08-12","VIVO",0.58,,"CALL",7.5,,8.08,"2026-10-16","BULL",750,2092,2842,882,3724,30870,130340,FALSE,FALSE,FALSE
"2026-08-12","GOOG",0.15,,"CALL",355,342.37,355.15,"2026-08-14","BULL",2757,6772,9529,,,,,FALSE,FALSE,FALSE
"2026-08-12","PLTR",0.04,,"PUT",162.5,171.04,162.5,"2026-08-14","BULL",-9938,16491,6553,,,,,FALSE,FALSE,FALSE
"2026-08-12","IMRX",0.6,,"CALL",5,,5.6,"2026-09-18","BULL",651,306,957,613,1570,41684,106760,FALSE,FALSE,FALSE
"2026-08-12","FDXF",11.79,,"CALL",140,,151.79,"2026-09-18","BULL",33,277,310,-47,263,-69795,390555,FALSE,FALSE,FALSE
"2026-08-12","RAM",0.63,,"CALL",15,,15.63,"2026-08-21","BULL",594,2718,3312,160,3472,1600,34720,FALSE,FALSE,FALSE
"2026-08-12","SPCX",0.12,,"CALL",157.5,,157.62,"2026-08-14","BULL",3110,8549,11659,,,,,FALSE,FALSE,FALSE
"2026-08-12","CBRS",0.21,,"CALL",270,,270.21,"2026-08-14","BULL",1727,518,2245,,,,,FALSE,FALSE,FALSE
"2026-08-12","SPY",0.03,,"PUT",755,772.49,755,"2026-08-14","BULL",-11979,36942,24963,,,,,FALSE,FALSE,FALSE
"2026-08-12","SPCX",0.04,,"CALL",165,,165.04,"2026-08-14","BULL",8032,4154,12186,,,,,FALSE,FALSE,FALSE
"2026-08-12","CRWV",0.01,,"PUT",45,107.73,45,"2026-08-21","BULL",-30124,31799,1675,91,1766,273,5298,FALSE,FALSE,FALSE
"2026-08-12","SSPC",0.48,,"CALL",17,,17.48,"2026-09-18","BULL",573,147,720,1,721,30,21630,FALSE,FALSE,FALSE
"2026-08-12","DRAM",0.02,,"PUT",50,,50,"2026-08-14","BULL",-12735,42300,29565,,,,,FALSE,FALSE,FALSE
"2026-08-12","ARIS",0.25,,"PUT",15,17.75,15,"2026-09-18","BULL",-989,4567,3578,-1589,1989,-33369,41769,FALSE,FALSE,FALSE
"2026-08-12","SKHY",0.03,,"PUT",80,,80,"2026-08-21","BULL",-8158,19280,11122,7227,18349,21681,55047,FALSE,FALSE,FALSE
"2026-08-12","SQQQ",0.05,,"CALL",37.5,37.32,37.55,"2026-08-14","BULL",4885,2147,7032,,,,,FALSE,FALSE,FALSE
"2026-08-12","HRB",0.17,,"CALL",60,,60.17,"2026-08-21","BULL",1358,272,1630,0,1630,0,8150,FALSE,FALSE,FALSE
"2026-08-12","SSPC",0.68,,"CALL",11,,11.68,"2026-08-21","BULL",324,113,437,616,1053,15400,26325,FALSE,FALSE,FALSE
"2026-08-12","ONDS",0.02,,"CALL",10,9.77,10.02,"2026-08-14","BULL",10734,18335,29069,,,,,FALSE,FALSE,FALSE
"2026-08-12","ZETA",0.04,,"CALL",30,28.55,30.04,"2026-08-14","BULL",4745,1638,6383,,,,,FALSE,FALSE,FALSE
"2026-08-12","PS",0.8,,"CALL",40,,40.8,"2026-08-21","BULL",220,1310,1530,-116,1414,-15080,183820,FALSE,FALSE,FALSE
"2026-08-12","NSLR",1.55,,"CALL",10,,11.55,"2026-12-18","BULL",113,737,850,0,850,0,101150,FALSE,FALSE,FALSE
"2026-08-12","AVEX",0.5,,"CALL",30,,30.5,"2026-09-18","BULL",322,245,567,-178,389,-3560,7780,FALSE,FALSE,FALSE
"2026-08-12","SMH",0.01,,"PUT",430,584.83,430,"2026-08-14","BULL",-14997,66398,51401,,,,,FALSE,FALSE,FALSE
"2026-08-12","AOSL",0.15,,"CALL",40,36.28,40.15,"2026-08-21","BULL",975,97,1072,-371,701,-2226,4206,FALSE,FALSE,TRUE
"2026-08-12","COHR",0.1,,"CALL",400,355.64,400.1,"2026-08-14","BULL",1407,1402,2809,,,,,FALSE,FALSE,FALSE
"2026-08-12","EWY",0.01,,"PUT",120,175.87,120,"2026-08-14","BULL",-13999,24601,10602,,,,,FALSE,FALSE,FALSE
"2026-08-12","RRGB",0.59,,"CALL",10,,10.59,"2026-08-21","BULL",221,1613,1834,380,2214,17100,99630,FALSE,FALSE,FALSE
"2026-08-12","MU",0.04,,"PUT",540,911.29,540,"2026-08-21","BULL",-2528,3926,1398,-32,1366,-32,1366,FALSE,FALSE,FALSE
"2026-08-12","SHEL",0.01,,"CALL",92,90.07,92.01,"2026-08-14","BULL",10056,236,10292,,,,,FALSE,FALSE,FALSE
"2026-08-12","SPCX",0.03,,"PUT",120,,120,"2026-08-14","BULL",-2904,19696,16792,,,,,FALSE,FALSE,FALSE
"2026-08-12","SPCU",1.57,,"CALL",12,,13.57,"2026-08-21","BULL",43,376,419,-37,382,-3700,38200,FALSE,FALSE,FALSE
"2026-08-12","SPCH",0.05,,"PUT",7.5,,7.5,"2026-08-14","BULL",-1340,3379,2039,,,,,FALSE,FALSE,FALSE
"2026-08-12","MS",0.02,,"CALL",230,217.64,230.02,"2026-08-14","BULL",3251,365,3616,,,,,FALSE,FALSE,FALSE
"2026-08-12","MU",0.01,,"PUT",550,911.29,550,"2026-08-14","BULL",-5978,32631,26653,,,,,FALSE,FALSE,FALSE
"2026-08-12","CBRS",0.03,,"CALL",330,,330.03,"2026-08-14","BULL",1831,16179,18010,,,,,FALSE,FALSE,FALSE
"2026-08-12","CSCO",0.01,,"CALL",130,123.88,130.01,"2026-08-14","BULL",5308,3557,8865,,,,,FALSE,FALSE,FALSE
"2026-08-12","SPCX",0.02,,"CALL",170,,170.02,"2026-08-14","BULL",2615,4712,7327,,,,,FALSE,FALSE,FALSE
"2026-08-12","NEXN",1.3,,"CALL",10,,11.3,"2026-09-18","BULL",31,196,227,0,227,0,29510,FALSE,FALSE,FALSE
"2026-08-12","CSCO",0.01,,"CALL",140,123.88,140.01,"2026-08-14","BULL",3797,3756,7553,,,,,FALSE,FALSE,FALSE
"2026-08-12","CSCO",0.01,,"CALL",135,123.88,135.01,"2026-08-14","BULL",3643,1328,4971,,,,,FALSE,FALSE,FALSE
"2026-08-12","CSEX",0.35,,"CALL",20,,20.35,"2026-08-21","BULL",95,672,767,-330,437,-2970,3933,FALSE,FALSE,FALSE
"2026-08-12","CRDU",1.12,,"CALL",25,,26.12,"2026-08-21","BULL",26,545,571,8,579,128,9264,FALSE,FALSE,FALSE
"2026-08-12","CBRG",0.05,,"CALL",8,,8.05,"2026-08-21","BULL",447,12002,12449,-54,12395,-270,61975,FALSE,FALSE,FALSE
"2026-08-12","OWL",2.26,,"CALL",10,12.22,10,"2026-08-21","BEAR",-136908,142881,5973,-19,5954,-3230,1012180,FALSE,FALSE,FALSE
"2026-08-12","SPY",3.12,,"PUT",640,772.49,636.88,"2026-11-20","BEAR",74990,675,75665,330,75995,110220,25382330,FALSE,FALSE,FALSE
"2026-08-12","GLD",7.45,,"CALL",410,404.92,410,"2026-09-18","BEAR",-30507,69848,39341,665,40006,455525,27404110,FALSE,FALSE,FALSE
"2026-08-12","CRWV",10.25,,"CALL",100,107.73,100,"2026-08-21","BEAR",-21002,61088,40086,-3889,36197,-641685,5972505,FALSE,FALSE,FALSE
"2026-08-12","LITE",41.15,,"PUT",600,932.47,558.85,"2026-12-18","BEAR",3838,277,4115,12,4127,51120,17581020,FALSE,FALSE,FALSE
"2026-08-12","SPY",0.95,,"PUT",570,772.49,569.05,"2026-10-30","BEAR",149941,565,150506,33,150539,3399,15505517,FALSE,FALSE,FALSE
"2026-08-12","SPCX",14.72,,"PUT",125,,110.28,"2027-01-15","BEAR",5857,2798,8655,89,8744,116145,11410920,FALSE,FALSE,FALSE
"2026-08-12","INTC",8.95,,"PUT",92.5,100.95,83.55,"2026-11-20","BEAR",9557,1424,10981,34,11015,37366,12105485,FALSE,FALSE,FALSE
"2026-08-12","SPCX",11.6,,"PUT",135,,123.4,"2026-10-16","BEAR",6993,6848,13841,-4,13837,-3992,13809326,FALSE,FALSE,FALSE
"2026-08-12","MDB",97,,"CALL",370,,370,"2026-09-18","BEAR",-798,2475,1677,-40,1637,-346880,14196064,FALSE,FALSE,FALSE
"2026-08-12","IWM",2.09,,"PUT",288,302.71,285.91,"2026-09-18","BEAR",36467,1140,37607,-21033,16574,-4879656,3845168,FALSE,FALSE,FALSE
"2026-08-12","SPCX",13,,"PUT",145,,132,"2026-09-18","BEAR",4841,9310,14151,3530,17681,3883000,19449100,TRUE,FALSE,FALSE
"2026-08-12","SMCI",8.05,,"CALL",32,37.61,32,"2026-08-14","BEAR",-6892,11317,4425,,,,,FALSE,FALSE,FALSE
"2026-08-12","CRWV",11.5,,"PUT",105,107.73,93.5,"2026-10-16","BEAR",4547,2248,6795,-2897,3898,-4866960,6548640,FALSE,FALSE,FALSE
"2026-08-12","SPCX",7.95,,"CALL",135,,135,"2026-08-14","BEAR",-6493,16154,9661,,,,,FALSE,FALSE,FALSE
"2026-08-12","CRWV",11,,"PUT",120,107.73,109,"2026-08-21","BEAR",4486,977,5463,121,5584,281325,12982800,FALSE,FALSE,FALSE
"2026-08-12","META",18.3,,"CALL",750,578.85,750,"2027-01-15","BEAR",-2588,258982,256394,213,256607,236856,285346984,FALSE,FALSE,FALSE
"2026-08-12","LITE",59,,"CALL",855,932.47,855,"2026-08-14","BEAR",-790,1126,336,,,,,FALSE,FALSE,FALSE
"2026-08-12","META",12.21,,"CALL",800,578.85,800,"2027-01-15","BEAR",-3693,111269,107576,-15,107561,-11100,79595140,FALSE,FALSE,FALSE
"2026-08-12","AMD",11.62,,"PUT",440,482.93,428.38,"2026-09-18","BEAR",3832,3429,7261,-104,7157,-143832,9898131,FALSE,FALSE,FALSE
"2026-08-12","SPCX",7.8,,"PUT",115,,107.2,"2026-11-20","BEAR",5409,1527,6936,357,7293,230265,4703985,FALSE,FALSE,FALSE
"2026-08-12","CRWV",9.53,,"CALL",100,107.73,100,"2026-08-14","BEAR",-4265,14450,10185,,,,,FALSE,FALSE,FALSE
"2026-08-12","COHR",25,,"PUT",350,355.64,325,"2026-08-21","BEAR",1521,277,1798,294,2092,1184820,8430760,TRUE,FALSE,FALSE
"2026-08-12","SMCI",5.2,,"CALL",35,37.61,35,"2026-08-14","BEAR",-6282,19573,13291,,,,,FALSE,FALSE,FALSE
"2026-08-12","SPY",1.54,,"CALL",785,772.49,785,"2026-08-21","BEAR",-19729,81419,61690,-15543,46147,-62172,184588,FALSE,FALSE,FALSE
"2026-08-12","SPCX",4,,"PUT",145,,141,"2026-08-14","BEAR",7330,550,7880,,,,,FALSE,FALSE,FALSE
"2026-08-12","AG",1,,"PUT",10,19.16,9,"2028-01-21","BEAR",25285,51356,76641,3308,79949,304336,7355308,FALSE,FALSE,FALSE
"2026-08-12","EWY",4.5,,"PUT",160,175.87,155.5,"2026-09-18","BEAR",5435,4233,9668,-99,9569,-59400,5741400,FALSE,FALSE,FALSE
"2026-08-12","KWEB",0.65,,"PUT",27,27.54,26.35,"2026-08-28","BEAR",36563,464,37027,4,37031,240,2221860,FALSE,FALSE,FALSE
"2026-08-12","QQQ",2.63,,"PUT",720,723.7,717.37,"2026-08-21","BEAR",8949,18370,27319,7250,34569,4096250,19531485,TRUE,FALSE,FALSE
"2026-08-12","REGN",46,,"PUT",790,797.99,744,"2026-12-18","BEAR",492,15,507,103,610,475860,2818200,FALSE,FALSE,FALSE
"2026-08-12","SPCX",2.02,,"PUT",100,,97.98,"2026-10-16","BEAR",9412,23553,32965,15205,48170,2371980,7514520,TRUE,FALSE,FALSE
"2026-08-12","HL",1.14,,"PUT",10,18.1,8.86,"2028-01-21","BEAR",16045,55196,71241,10833,82074,1083300,8207400,TRUE,FALSE,FALSE
"2026-08-12","BE",6.45,,"PUT",245,237.16,238.55,"2026-08-14","BEAR",2811,129,2940,,,,,FALSE,FALSE,FALSE
"2026-08-12","CAVA",4.85,,"PUT",70,69.47,65.15,"2026-10-16","BEAR",3646,884,4530,49,4579,25480,2381080,FALSE,FALSE,FALSE
"2026-08-12","AAPL",2.1,,"PUT",305,302.25,302.9,"2026-08-14","BEAR",8236,6511,14747,,,,,FALSE,FALSE,FALSE
"2026-08-12","SPCX",3.35,,"PUT",144,,140.65,"2026-08-14","BEAR",4933,68,5001,,,,,FALSE,FALSE,FALSE
"2026-08-12","TQQQ",1.94,,"PUT",71,74.6,69.06,"2026-09-04","BEAR",7981,3187,11168,-1336,9832,-392784,2890608,FALSE,FALSE,FALSE
"2026-08-12","GS",14.4,,"CALL",1040,1037.21,1040,"2026-08-14","BEAR",-1068,1763,695,,,,,FALSE,FALSE,FALSE
"2026-08-12","SPCX",4.45,,"PUT",140,,135.55,"2026-08-21","BEAR",3166,13045,16211,2879,19090,616106,4085260,TRUE,FALSE,FALSE
"2026-08-12","BX",3.58,,"PUT",100,146.41,96.42,"2027-06-17","BEAR",3926,1806,5732,-5,5727,-1850,2118990,FALSE,FALSE,FALSE
"2026-08-12","CRWV",2.81,,"PUT",110,107.73,107.19,"2026-08-14","BEAR",4812,120,4932,,,,,FALSE,FALSE,FALSE
"2026-08-12","AVGO",3.8,,"PUT",345,416.05,341.2,"2026-09-25","BEAR",3454,342,3796,183,3979,170190,3700470,FALSE,FALSE,FALSE
"2026-08-12","SPY",2.51,,"PUT",760,772.49,757.49,"2026-08-31","BEAR",4963,15006,19969,3072,23041,1090560,8179555,TRUE,FALSE,FALSE
"2026-08-12","EWY",1.86,,"PUT",160,175.87,158.14,"2026-08-28","BEAR",6647,782,7429,131,7560,30916,1784160,FALSE,FALSE,FALSE
"2026-08-12","WEN",0.58,,"PUT",9,8.66,8.42,"2026-08-21","BEAR",20042,3188,23230,114,23344,5130,1050480,FALSE,FALSE,FALSE
"2026-08-12","SLS",0.55,,"PUT",5,11.77,4.45,"2026-10-16","BEAR",20783,14608,35391,404,35795,20200,1789750,FALSE,FALSE,FALSE
"2026-08-12","AMD",3.27,,"PUT",375,482.93,371.73,"2026-09-25","BEAR",3307,62,3369,10,3379,3300,1115070,FALSE,FALSE,FALSE
"2026-08-12","SPY",0.58,,"CALL",780,772.49,780,"2026-08-14","BEAR",-18574,154315,135741,,,,,FALSE,FALSE,FALSE
"2026-08-12","SLV",0.76,,"CALL",60,59.06,60,"2026-08-21","BEAR",-14114,81633,67519,-12502,55017,-287546,1265391,FALSE,FALSE,FALSE
"2026-08-12","COHR",8.9,,"PUT",320,355.64,311.1,"2026-08-21","BEAR",1201,341,1542,359,1901,603838,3197482,TRUE,FALSE,FALSE
"2026-08-12","FPS",2.1,,"PUT",37.5,,35.4,"2026-08-21","BEAR",5025,316,5341,-4,5337,-744,992682,FALSE,FALSE,FALSE
"2026-08-12","DRAM",0.9,,"PUT",45,,44.1,"2026-09-18","BEAR",11517,12780,24297,-7879,16418,-756384,1576128,FALSE,FALSE,FALSE
"2026-08-12","IBIT",0.38,,"PUT",15,35.89,14.62,"2027-06-17","BEAR",24616,13125,37741,14,37755,574,1547955,FALSE,FALSE,FALSE
"2026-08-12","SPY",1.23,,"PUT",765,772.49,763.77,"2026-08-21","BEAR",7195,38093,45288,9224,54512,1697216,10030208,TRUE,FALSE,FALSE
"2026-08-12","TTWO",1.7,,"PUT",210,243,208.3,"2026-09-18","BEAR",5130,598,5728,-1,5727,-88,503976,FALSE,FALSE,FALSE
"2026-08-12","SPY",0.82,,"PUT",761,772.49,760.18,"2026-08-21","BEAR",10262,10525,20787,-10956,9831,-1139424,1022424,FALSE,FALSE,FALSE
"2026-08-12","SPCX",1.39,,"PUT",140,,138.61,"2026-08-14","BEAR",5377,2994,8371,,,,,FALSE,FALSE,FALSE
"2026-08-12","SPCX",2.73,,"PUT",143,,140.27,"2026-08-14","BEAR",2595,166,2761,,,,,FALSE,FALSE,FALSE
"2026-08-12","OLED",2.3,,"CALL",90,,90,"2026-08-21","BEAR",-3064,4919,1855,-16,1839,-1264,145281,FALSE,FALSE,FALSE
"2026-08-12","IHRT",2,,"PUT",5,,3,"2026-10-16","BEAR",3442,5550,8992,-4520,4472,-904000,894400,FALSE,FALSE,FALSE
"2026-08-12","ARDX",0.65,,"PUT",4,,3.35,"2027-01-15","BEAR",10010,10563,20573,100,20673,7000,1447110,FALSE,FALSE,FALSE
"2026-08-12","SHAK",4.15,,"PUT",65,72.86,60.85,"2026-11-20","BEAR",1552,140,1692,19,1711,7410,667290,FALSE,FALSE,FALSE
"2026-08-12","PPLT",1.43,,"CALL",15,,15,"2026-09-18","BEAR",-3968,8075,4107,-299,3808,-34385,437920,FALSE,FALSE,FALSE
"2026-08-12","BE",2.06,,"PUT",155,237.16,152.94,"2026-09-18","BEAR",2457,491,2948,56,3004,19040,1021360,FALSE,FALSE,FALSE
"2026-08-12","IBM",2.75,,"CALL",280,235.98,280,"2026-10-16","BEAR",-1649,3718,2069,205,2274,39975,443430,FALSE,FALSE,FALSE
"2026-08-12","QQQ",0.65,,"PUT",660,723.7,659.35,"2026-08-31","BEAR",6864,16469,23333,-2293,21040,-178854,1641120,FALSE,FALSE,FALSE
"2026-08-12","SPCX",1.61,,"PUT",131,,129.39,"2026-08-21","BEAR",2760,554,3314,-216,3098,-8856,127018,FALSE,FALSE,FALSE
"2026-08-12","OVV",1.3,,"PUT",55,,53.7,"2026-10-16","BEAR",3364,724,4088,-287,3801,-22960,304080,FALSE,FALSE,FALSE
"2026-08-12","EQT",0.42,,"PUT",50,54.06,49.58,"2026-09-18","BEAR",10084,8218,18302,245,18547,11515,871709,FALSE,FALSE,FALSE
"2026-08-12","SG",0.76,,"PUT",5,5.82,4.24,"2027-01-15","BEAR",5197,2959,8156,10011,18167,770847,1398859,TRUE,FALSE,FALSE
"2026-08-12","META",1.67,,"PUT",580,578.85,578.33,"2026-08-14","BEAR",2350,2349,4699,,,,,FALSE,FALSE,FALSE
"2026-08-12","CSGP",1,,"PUT",25,30.5,24,"2026-12-18","BEAR",3595,9876,13471,7,13478,679,1307366,FALSE,FALSE,FALSE
"2026-08-12","CBRS",3.75,,"PUT",220,,216.25,"2026-08-14","BEAR",955,202,1157,,,,,FALSE,FALSE,FALSE
"2026-08-12","AAOI",0.9,,"PUT",37,138.08,36.1,"2027-01-15","BEAR",3952,49,4001,0,4001,0,240060,FALSE,FALSE,FALSE
"2026-08-12","XE",1.7,,"PUT",15,,13.3,"2027-01-15","BEAR",2006,2719,4725,-15,4710,-3225,1012650,FALSE,FALSE,FALSE
"2026-08-12","TTD",0.33,,"PUT",12.5,13.49,12.17,"2026-09-18","BEAR",8706,4327,13033,2966,15999,124572,671958,FALSE,FALSE,FALSE
"2026-08-12","SLS",0.22,,"PUT",7,11.77,6.78,"2026-09-18","BEAR",12888,2675,15563,13,15576,156,186912,FALSE,FALSE,FALSE
"2026-08-12","HPQ",0.72,,"PUT",30,29.28,29.28,"2026-08-21","BEAR",3930,3176,7106,-2846,4260,-170760,255600,FALSE,FALSE,FALSE
"2026-08-12","AMD",0.76,,"PUT",320,482.93,319.24,"2026-09-18","BEAR",3707,2268,5975,107,6082,7918,450068,FALSE,FALSE,FALSE
"2026-08-12","LEN",0.2,,"PUT",80,85.2,79.8,"2026-08-21","BEAR",12391,1756,14147,3,14150,54,254700,FALSE,FALSE,FALSE
"2026-08-12","DRAM",0.61,,"PUT",43,,42.39,"2026-09-18","BEAR",3951,1503,5454,-82,5372,-5248,343808,FALSE,FALSE,FALSE
"2026-08-12","DOMO",0.9,,"CALL",3,3.92,3,"2026-08-21","BEAR",-2643,29357,26714,-444,26270,-42180,2495650,FALSE,FALSE,FALSE
"2026-08-12","GRRR",2.25,,"PUT",10,,7.75,"2027-03-19","BEAR",1029,4230,5259,3,5262,615,1078710,FALSE,FALSE,FALSE
"2026-08-12","APP",2.05,,"PUT",155,303.76,152.95,"2026-12-18","BEAR",1093,71,1164,0,1164,0,238620,FALSE,FALSE,FALSE
"2026-08-12","KORU",1.25,,"PUT",20,,18.75,"2026-08-21","BEAR",1687,2831,4518,1903,6421,418660,1412620,FALSE,FALSE,FALSE
"2026-08-12","RAM",2.08,,"CALL",24,,24,"2026-12-18","BEAR",-1006,5522,4516,3,4519,510,768230,FALSE,FALSE,FALSE
"2026-08-12","KORU",1,,"PUT",16,,15,"2026-09-04","BEAR",2064,3,2067,414,2481,55890,334935,FALSE,FALSE,FALSE
"2026-08-12","SPCX",0.23,,"PUT",115,,114.77,"2026-08-21","BEAR",8895,17307,26202,-2437,23765,-9748,95060,FALSE,FALSE,FALSE
"2026-08-12","APP",2.22,,"PUT",290,303.76,287.78,"2026-08-21","BEAR",853,1438,2291,645,2936,61275,278920,FALSE,FALSE,FALSE
"2026-08-12","MO",0.37,,"PUT",60,,59.63,"2026-09-18","BEAR",5033,15317,20350,63,20413,2457,796107,FALSE,FALSE,FALSE
"2026-08-12","CAH",1.77,,"PUT",227.5,,225.73,"2026-08-21","BEAR",1023,1,1024,1,1025,77,78925,FALSE,FALSE,FALSE
"2026-08-12","FIG",0.45,,"PUT",23.5,,23.05,"2026-08-14","BEAR",3902,382,4284,,,,,FALSE,FALSE,FALSE
"2026-08-12","KORU",1.65,,"PUT",18,,16.35,"2026-09-04","BEAR",1055,111,1166,87,1253,20880,300720,FALSE,FALSE,FALSE
"2026-08-12","SMH",0.38,,"PUT",575,584.83,574.62,"2026-08-14","BEAR",4412,258,4670,,,,,FALSE,FALSE,FALSE
"2026-08-12","ETHA",0.11,,"PUT",12.5,14.16,12.39,"2026-09-04","BEAR",15063,22,15085,1735,16820,10410,100920,FALSE,FALSE,FALSE
"2026-08-12","WEN",0.08,,"PUT",8,8.66,7.92,"2026-08-21","BEAR",20336,6195,26531,436,26967,1744,107868,FALSE,FALSE,FALSE
"2026-08-12","CSCO",0.35,,"PUT",110,123.88,109.65,"2026-08-14","BEAR",4528,1377,5905,,,,,FALSE,FALSE,FALSE
"2026-08-12","REAX",0.3,,"CALL",2.5,2.33,2.5,"2026-10-16","BEAR",-5128,14880,9752,-657,9095,-28908,400180,FALSE,FALSE,FALSE
"2026-08-12","DXYZ",0.45,,"PUT",22.5,,22.05,"2026-09-18","BEAR",3411,142,3553,105,3658,3675,128030,FALSE,FALSE,FALSE
"2026-08-12","SPCX",0.35,,"PUT",135,,134.65,"2026-08-14","BEAR",4368,5734,10102,,,,,FALSE,FALSE,FALSE
"2026-08-12","FRVO",1,,"PUT",20,,19,"2026-08-21","BEAR",1484,1585,3069,17,3086,3349,607942,FALSE,FALSE,FALSE
"2026-08-12","META",0.41,,"PUT",470,578.85,469.59,"2026-08-28","BEAR",3590,631,4221,75,4296,1425,81624,FALSE,FALSE,FALSE
"2026-08-12","WDCX",4,,"CALL",18,,18,"2026-08-21","BEAR",-326,1182,856,-206,650,-80340,253500,FALSE,FALSE,FALSE
"2026-08-12","FRMI",0.17,,"CALL",8,7.6,8,"2026-08-21","BEAR",-7114,30086,22972,-140,22832,-560,91328,FALSE,FALSE,FALSE
"2026-08-12","VSXY",5.2,,"PUT",95,93.02,89.8,"2026-08-21","BEAR",225,2209,2434,-1142,1292,-1194532,1351432,FALSE,FALSE,FALSE
"2026-08-12","CRWV",0.14,,"PUT",100,107.73,99.86,"2026-08-14","BEAR",7983,866,8849,,,,,FALSE,FALSE,FALSE
"2026-08-12","SPY",0.19,,"PUT",756,772.49,755.81,"2026-08-18","BEAR",5514,667,6181,5625,11806,5625,11806,FALSE,FALSE,FALSE
"2026-08-12","SOXX",0.51,,"PUT",537.5,546.61,536.99,"2026-08-14","BEAR",1989,36,2025,,,,,FALSE,FALSE,FALSE
"2026-08-12","CRWV",0.25,,"PUT",90,107.73,89.75,"2026-08-21","BEAR",3839,9310,13149,996,14145,84660,1202325,FALSE,FALSE,FALSE
"2026-08-12","CBRL",0.95,,"CALL",60,,60,"2026-08-21","BEAR",-1001,4185,3184,-168,3016,-10080,180960,FALSE,FALSE,FALSE
"2026-08-12","STRC",0.8,,"PUT",55,,54.2,"2027-03-19","BEAR",1069,1,1070,0,1070,0,85600,FALSE,FALSE,FALSE
"2026-08-12","KALU",7.6,,"CALL",200,,200,"2026-09-18","BEAR",-110,193,83,213,296,85200,118400,FALSE,FALSE,FALSE
"2026-08-12","SPY",0.05,,"CALL",788,772.49,788,"2026-08-14","BEAR",-16243,140157,123914,,,,,FALSE,FALSE,FALSE
"2026-08-12","DRAM",0.2,,"PUT",48,,47.8,"2026-08-21","BEAR",4052,4055,8107,-118,7989,-1062,71901,FALSE,FALSE,FALSE
"2026-08-12","NBIZ",3.9,,"PUT",10,5.31,6.1,"2026-08-21","BEAR",205,21,226,1,227,460,104420,FALSE,FALSE,FALSE
"2026-08-12","SKHY",0.15,,"PUT",150,,149.85,"2026-08-14","BEAR",4366,722,5088,,,,,FALSE,FALSE,FALSE
"2026-08-12","NSC",1.95,,"PUT",300,,298.05,"2026-09-18","BEAR",335,70,405,191,596,11078,34568,FALSE,FALSE,FALSE
"2026-08-12","KLAC",1.13,,"CALL",240,208.25,240,"2026-08-21","BEAR",-561,4365,3804,-12,3792,-120,37920,FALSE,FALSE,FALSE
"2026-08-12","ALKT",0.21,,"PUT",17.5,,17.29,"2026-09-18","BEAR",2991,832,3823,-74,3749,-1924,97474,FALSE,FALSE,FALSE
"2026-08-12","SMH",0.03,,"PUT",430,584.83,429.97,"2026-08-21","BEAR",20752,4408,25160,7497,32657,14994,65314,FALSE,FALSE,FALSE
"2026-08-12","SPCX",0.1,,"PUT",130,,129.9,"2026-08-14","BEAR",6153,11093,17246,,,,,FALSE,FALSE,FALSE
"2026-08-12","INTC",0.07,,"PUT",95,100.95,94.93,"2026-08-14","BEAR",7741,7363,15104,,,,,FALSE,FALSE,FALSE
"2026-08-12","QQQ",0.07,,"PUT",675,723.7,674.93,"2026-08-18","BEAR",7330,681,8011,38,8049,38,8049,FALSE,FALSE,FALSE
"2026-08-12","TE",0.15,,"CALL",8,4.9,8,"2026-09-18","BEAR",-3211,15621,12410,556,12966,3892,90762,FALSE,FALSE,FALSE
"2026-08-12","MU",0.04,,"PUT",550,911.29,549.96,"2026-08-21","BEAR",11301,2200,13501,6001,19502,18003,58506,FALSE,FALSE,FALSE
"2026-08-12","SMH",0.05,,"PUT",400,584.83,399.95,"2026-08-21","BEAR",8689,16246,24935,50827,75762,406616,606096,FALSE,FALSE,FALSE
"2026-08-12","DIA",0.23,,"PUT",520,537.15,519.77,"2026-08-21","BEAR",1835,758,2593,-16,2577,-224,36078,FALSE,FALSE,FALSE
"2026-08-12","MU",0.07,,"PUT",600,911.29,599.93,"2026-08-21","BEAR",5589,4447,10036,8992,19028,44960,95140,FALSE,FALSE,FALSE
"2026-08-12","MSTR",0.05,,"CALL",105,94.83,105,"2026-08-14","BEAR",-6869,20329,13460,,,,,FALSE,FALSE,FALSE
"2026-08-12","EWY",0.03,,"PUT",120,175.87,119.97,"2026-08-21","BEAR",10990,43554,54544,68,54612,136,109224,FALSE,FALSE,FALSE
"2026-08-12","SPY",0.05,,"PUT",760,772.49,759.95,"2026-08-14","BEAR",6479,20107,26586,,,,,FALSE,FALSE,FALSE
"2026-08-12","PGNY",0.47,,"PUT",25,,24.53,"2026-08-21","BEAR",657,32,689,0,689,0,19292,FALSE,FALSE,FALSE
"2026-08-12","SMH",0.05,,"PUT",555,584.83,554.95,"2026-08-14","BEAR",5443,1468,6911,,,,,FALSE,FALSE,FALSE
"2026-08-12","IWM",0.01,,"PUT",300,302.71,299.99,"2026-08-13","BEAR",25567,658,26225,,,,,FALSE,FALSE,FALSE
"2026-08-12","SPY",0.03,,"PUT",772,772.49,771.97,"2026-08-13","BEAR",7447,3443,10890,,,,,FALSE,FALSE,FALSE
"2026-08-12","APP",0.23,,"PUT",295,303.76,294.77,"2026-08-14","BEAR",905,264,1169,,,,,FALSE,FALSE,FALSE
"2026-08-12","QQQ",0.01,,"PUT",470,723.7,469.99,"2026-08-21","BEAR",19789,1309,21098,-48,21050,-48,21050,FALSE,FALSE,FALSE
"2026-08-12","SMH",0.01,,"PUT",400,584.83,399.99,"2026-08-14","BEAR",18894,10866,29760,,,,,FALSE,FALSE,FALSE
"2026-08-12","COHR",0.2,,"PUT",300,355.64,299.8,"2026-08-14","BEAR",886,1769,2655,,,,,FALSE,FALSE,FALSE
"2026-08-12","SQQQ",0.06,,"CALL",44,37.32,44,"2026-08-21","BEAR",-2642,4263,1621,20,1641,100,8205,FALSE,FALSE,FALSE
"2026-08-12","SPY",0.02,,"PUT",630,772.49,629.98,"2026-08-21","BEAR",6999,109107,116106,-128,115978,-128,115978,FALSE,FALSE,FALSE
"2026-08-12","SPY",0.02,,"PUT",770,772.49,769.98,"2026-08-13","BEAR",6998,3770,10768,,,,,FALSE,FALSE,FALSE
"2026-08-12","QQQ",0.02,,"PUT",710,723.7,709.98,"2026-08-13","BEAR",6713,1693,8406,,,,,FALSE,FALSE,FALSE
"2026-08-12","MSTR",0.02,,"CALL",110,94.83,110,"2026-08-14","BEAR",-6045,17244,11199,,,,,FALSE,FALSE,FALSE
"2026-08-12","QQQ",0.02,,"PUT",716,723.7,715.98,"2026-08-13","BEAR",5045,990,6035,,,,,FALSE,FALSE,FALSE
"2026-08-12","AXTX",0.4,,"PUT",8,,7.6,"2026-08-21","BEAR",241,822,1063,-295,768,-1475,3840,FALSE,FALSE,FALSE
"2026-08-12","WB",0.45,,"PUT",7.5,,7.05,"2027-01-15","BEAR",150,1555,1705,2,1707,90,76815,FALSE,FALSE,FALSE
"2026-08-12","SSPC",0.18,,"CALL",14,,14,"2026-08-21","BEAR",-315,1176,861,-58,803,-348,4818,FALSE,FALSE,FALSE
"2026-08-12","MSTR",0.01,,"CALL",111,94.83,111,"2026-08-14","BEAR",-5502,9642,4140,,,,,FALSE,FALSE,FALSE
"2026-08-12","FDN",2.1,,"PUT",230,,227.9,"2027-01-15","BEAR",21,1050,1071,-21,1050,-4410,220500,FALSE,FALSE,FALSE
"2026-08-12","LUNR",0.02,,"PUT",14,16.95,13.98,"2026-08-14","BEAR",2035,820,2855,,,,,FALSE,FALSE,FALSE
"2026-08-12","NBIS",0.01,,"PUT",150,259.2,149.99,"2026-08-14","BEAR",2607,4153,6760,,,,,FALSE,FALSE,FALSE
"2026-08-12","SPCX",0.01,,"PUT",70,,69.99,"2026-08-21","BEAR",2281,6390,8671,1012,9683,1012,9683,FALSE,FALSE,FALSE
"2026-08-12","AORT",0.1,,"CALL",30,,30,"2026-08-21","BEAR",-153,1284,1131,-68,1063,-1700,26575,FALSE,FALSE,FALSE
"2026-08-13","QQQ",30.28,,"CALL",880,732.07,910.28,"2027-09-17","BULL",19602,549,20151,-25,20126,-65000,52327600,FALSE,FALSE,TRUE
"2026-08-13","QQQ",29.98,,"CALL",840,732.07,869.98,"2027-06-17","BULL",18704,5031,23735,3,23738,7500,59345000,FALSE,FALSE,TRUE
"2026-08-13","QQQ",24.2,,"CALL",815,732.07,839.2,"2027-03-19","BULL",15957,4464,20421,10,20431,19500,39840450,FALSE,FALSE,TRUE
"2026-08-13","QQQ",22.18,,"CALL",875,732.07,897.18,"2027-06-17","BULL",8735,2387,11122,0,11122,0,19519110,FALSE,FALSE,TRUE
"2026-08-13","GLD",6.87,,"CALL",500,398.96,506.87,"2027-03-19","BULL",19385,9657,29042,357,29399,235620,19403340,FALSE,FALSE,TRUE
"2026-08-13","QQQ",12.82,,"CALL",740,732.07,752.82,"2026-09-18","BULL",7938,24173,32111,1220,33331,878400,23998320,TRUE,FALSE,FALSE
"2026-08-13","SPCX",7.5,,"CALL",150,,157.5,"2026-09-18","BULL",11089,23463,34552,381,34933,318135,29169055,FALSE,FALSE,FALSE
"2026-08-13","NVDA",3.6,,"CALL",240,225.3,243.6,"2026-09-04","BULL",22651,7238,29889,3366,33255,720324,7116570,TRUE,FALSE,TRUE
"2026-08-13","QQQ",16.3,,"CALL",750,732.07,766.3,"2026-10-16","BULL",4988,18208,23196,177,23373,192045,25359705,FALSE,FALSE,FALSE
"2026-08-13","GOOGL",10.65,,"CALL",400,346.36,410.65,"2026-12-18","BULL",6834,5229,12063,269,12332,255819,11727732,FALSE,FALSE,TRUE
"2026-08-13","QQQ",13.66,,"CALL",800,732.07,813.66,"2026-12-18","BULL",5254,30611,35865,-1526,34339,-1506162,33892593,FALSE,FALSE,TRUE
"2026-08-13","SPCX",21.65,,"CALL",235,,256.65,"2028-01-21","BULL",3047,1101,4148,7,4155,16989,10084185,FALSE,FALSE,FALSE
"2026-08-13","COIN",5.1,,"CALL",150,153.9,155.1,"2026-08-21","BULL",8327,2275,10602,1938,12540,620160,4012800,TRUE,FALSE,FALSE
"2026-08-13","IWM",1.8,,"PUT",288,303.5,288,"2026-09-18","BULL",-20935,37607,16672,-98,16574,-22736,3845168,FALSE,FALSE,FALSE
"2026-08-13","RDDT",15.85,,"CALL",170,158.12,185.85,"2026-09-18","BULL",2234,1073,3307,-412,2895,-329600,2316000,FALSE,FALSE,TRUE
"2026-08-13","TLT",0.79,,"PUT",81,,81,"2026-09-18","BULL",-40665,187546,146881,5663,152544,419062,11288256,FALSE,FALSE,FALSE
"2026-08-13","INTC",3.45,,"CALL",120,104.56,123.45,"2026-09-18","BULL",8970,24190,33160,8981,42141,1320207,6194727,TRUE,FALSE,TRUE
"2026-08-13","QQQ",4.39,,"CALL",745,732.07,749.39,"2026-08-31","BULL",6829,12831,19660,567,20227,62937,2245197,FALSE,FALSE,FALSE
"2026-08-13","ABNB",18.73,,"CALL",185,,203.73,"2027-01-15","BULL",1598,731,2329,-5,2324,-7495,3483676,FALSE,FALSE,FALSE
"2026-08-13","SPCX",2.49,,"CALL",175,,177.49,"2026-09-18","BULL",11568,11350,22918,498,23416,136452,6415984,FALSE,FALSE,FALSE
"2026-08-13","MSTR",1.95,,"CALL",98,97.1,99.95,"2026-08-21","BULL",14239,6368,20607,2891,23498,401849,3266222,FALSE,FALSE,FALSE
"2026-08-13","MSTR",2.11,,"CALL",97.5,97.1,99.61,"2026-08-21","BULL",13110,736,13846,580,14426,91060,2264882,FALSE,FALSE,FALSE
"2026-08-13","COHR",22,,"CALL",360,327.23,382,"2026-09-11","BULL",1111,423,1534,5,1539,5050,1554390,FALSE,FALSE,TRUE
"2026-08-13","SOXX",3.7,,"CALL",590,550.74,593.7,"2026-08-28","BULL",6502,100,6602,-83,6519,-10790,847470,FALSE,FALSE,TRUE
"2026-08-13","SPY",1.55,,"PUT",710,777.88,710,"2026-09-18","BULL",-15365,66545,51180,-97,51083,-18527,9756853,FALSE,FALSE,FALSE
"2026-08-13","AMD",6.85,,"CALL",495,483.01,501.85,"2026-08-14","BULL",3341,3861,7202,,,,,FALSE,FALSE,FALSE
"2026-08-13","QCOM",7,,"CALL",165,164.79,172,"2026-09-11","BULL",3197,245,3442,-69,3373,-29670,1450390,FALSE,FALSE,FALSE
"2026-08-13","FPS",8.3,,"CALL",35,,43.3,"2026-11-20","BULL",2418,275,2693,0,2693,0,1885100,FALSE,FALSE,FALSE
"2026-08-13","GOOG",4.42,,"CALL",365,343.94,369.42,"2026-09-18","BULL",4512,1364,5876,-9,5867,-3249,2117987,FALSE,FALSE,TRUE
"2026-08-13","SPCX",4.73,,"PUT",125,,125,"2026-09-18","BULL",-4199,19629,15430,-2551,12879,-836728,4224312,FALSE,FALSE,FALSE
"2026-08-13","NVDA",1.26,,"CALL",270,225.3,271.26,"2026-09-25","BULL",15168,15921,31089,-14845,16244,-1143065,1250788,FALSE,FALSE,TRUE
"2026-08-13","INTC",1.51,,"CALL",135,104.56,136.51,"2026-09-18","BULL",12636,9154,21790,10383,32173,591831,1833861,TRUE,FALSE,TRUE
"2026-08-13","SPCX",2.87,,"CALL",450,,452.87,"2027-06-17","BULL",6458,4474,10932,2103,13035,616179,3819255,TRUE,FALSE,FALSE
"2026-08-13","TMUS",7.15,,"CALL",200,,207.15,"2026-12-18","BULL",2546,670,3216,-4,3212,-2920,2344760,FALSE,FALSE,FALSE
"2026-08-13","SLV",1.48,,"CALL",63,58.16,64.48,"2026-09-18","BULL",11952,27470,39422,24789,64211,2726790,7063210,TRUE,FALSE,TRUE
"2026-08-13","PLTR",2.8,,"CALL",180,179.01,182.8,"2026-08-21","BULL",6313,13564,19877,11005,30882,1012460,2841144,TRUE,FALSE,FALSE
"2026-08-13","DRAM",3.65,,"CALL",60,,63.65,"2026-09-18","BULL",4595,37001,41596,-8115,33481,-2312775,9542085,FALSE,FALSE,FALSE
"2026-08-13","AXTI",5.5,,"CALL",80,77.45,85.5,"2026-08-21","BULL",2955,1344,4299,-222,4077,-153180,2813130,FALSE,FALSE,TRUE
"2026-08-13","INTC",1.38,,"CALL",110,104.56,111.38,"2026-08-21","BULL",11073,40667,51740,339,52079,3390,520790,FALSE,FALSE,TRUE
"2026-08-13","MSTR",0.9,,"CALL",103,97.1,103.9,"2026-08-21","BULL",16703,6529,23232,2751,25983,134799,1273167,FALSE,FALSE,TRUE
"2026-08-13","RGTI",2.1,,"CALL",17,18.62,19.1,"2026-08-21","BULL",6681,2335,9016,-224,8792,-24864,975912,FALSE,FALSE,FALSE
"2026-08-13","DIA",6.4,,"CALL",550,537.91,556.4,"2026-10-16","BULL",2191,2912,5103,452,5555,222384,2733060,FALSE,FALSE,FALSE
"2026-08-13","SPCX",4.95,,"PUT",145,,145,"2026-08-14","BULL",-2805,7880,5075,,,,,FALSE,FALSE,FALSE
"2026-08-13","DRAM",2.2,,"CALL",65,,67.2,"2026-09-18","BULL",6244,13629,19873,3658,23531,585280,3764960,TRUE,FALSE,FALSE
"2026-08-13","SOXX",8.5,,"PUT",490,550.74,490,"2026-09-18","BULL",-1584,2542,958,-9,949,-10809,1139749,FALSE,FALSE,FALSE
"2026-08-13","BKNG",5.8,,"PUT",176,,176,"2027-01-15","BULL",-2311,10803,8492,0,8492,0,4246000,FALSE,FALSE,FALSE
"2026-08-13","CRWV",3.43,,"PUT",90,106.29,90,"2026-09-18","BULL",-3890,11405,7515,2136,9651,1121400,5066775,TRUE,FALSE,FALSE
"2026-08-13","LYFT",2.46,,"CALL",17,17.13,19.46,"2027-01-15","BULL",5362,9713,15075,-55,15020,-13805,3770020,FALSE,FALSE,FALSE
"2026-08-13","AVGO",4.5,,"CALL",450,417.82,454.5,"2026-09-04","BULL",2841,867,3708,-862,2846,-193950,640350,FALSE,FALSE,TRUE
"2026-08-13","NOK",1.07,,"CALL",12,10.56,13.07,"2026-11-20","BULL",11876,10808,22684,3579,26263,314952,2311144,FALSE,FALSE,TRUE
"2026-08-13","SMCI",1.14,,"CALL",41,39.16,42.14,"2026-08-21","BULL",10928,2038,12966,12263,25229,282049,580267,FALSE,FALSE,TRUE
"2026-08-13","AVAV",13.12,,"CALL",210,189.43,223.12,"2026-09-18","BULL",910,590,1500,11,1511,7040,967040,FALSE,FALSE,TRUE
"2026-08-13","DRAM",1.29,,"CALL",70,,71.29,"2026-09-18","BULL",9232,31066,40298,-1490,38808,-135590,3531528,FALSE,FALSE,FALSE
"2026-08-13","MSTR",1.43,,"CALL",100,97.1,101.43,"2026-08-21","BULL",8312,17319,25631,5054,30685,459914,2792335,FALSE,FALSE,FALSE
"2026-08-13","CIFR",1.55,,"CALL",20,16.62,21.55,"2026-10-16","BULL",7524,8776,16300,417,16717,70890,2841890,FALSE,FALSE,TRUE
"2026-08-13","COST",16.63,,"CALL",985,961.85,1001.63,"2026-09-18","BULL",701,96,797,77,874,125202,1421124,FALSE,FALSE,FALSE
"2026-08-13","AMAT",3.58,,"PUT",400,534.54,400,"2026-09-18","BULL",-3250,6027,2777,-221,2556,-77350,894600,FALSE,FALSE,FALSE
"2026-08-13","SKHY",2.95,,"CALL",385,,387.95,"2026-12-18","BULL",3680,59,3739,-31,3708,-6200,741600,FALSE,FALSE,FALSE
"2026-08-13","TSLA",1.97,,"CALL",360,339.96,361.97,"2026-08-21","BULL",5260,7584,12844,3666,16510,194298,875030,FALSE,FALSE,TRUE
"2026-08-13","MARA",0.21,,"CALL",9.5,9.21,9.71,"2026-08-21","BULL",49083,2295,51378,4047,55425,68799,942225,FALSE,FALSE,TRUE
"2026-08-13","KKR",2.78,,"PUT",95,115.3,95,"2026-12-18","BULL",-3606,19107,15501,-1,15500,-408,6324000,FALSE,FALSE,FALSE
"2026-08-13","MRNA",1.5,,"CALL",65,63.65,66.5,"2026-08-21","BULL",6504,5340,11844,1361,13205,159237,1544985,FALSE,FALSE,FALSE
"2026-08-13","WOLF",1.85,,"PUT",25,31.51,25,"2026-09-18","BULL",-5000,34906,29906,2,29908,300,4486200,FALSE,FALSE,FALSE
"2026-08-13","CLBT",1.27,,"CALL",12.5,,13.77,"2027-01-15","BULL",7263,203,7466,830,8296,87150,871080,FALSE,FALSE,FALSE
"2026-08-13","QQQ",1.46,,"CALL",760,732.07,761.46,"2026-08-31","BULL",6276,8152,14428,21,14449,546,375674,FALSE,FALSE,FALSE
"2026-08-13","IHRT",2,,"PUT",5,,5,"2026-10-16","BULL",-4520,8992,4472,0,4472,0,894400,FALSE,FALSE,FALSE
"2026-08-13","SE",5.34,,"CALL",125,123.32,130.34,"2026-09-18","BULL",1646,628,2274,186,2460,51894,686340,FALSE,FALSE,TRUE
"2026-08-13","FLR",2.3,,"CALL",55,52.33,57.3,"2026-09-18","BULL",3780,6379,10159,-2927,7232,-708334,1750144,FALSE,FALSE,TRUE
"2026-08-13","AMAT",9.5,,"PUT",400,534.54,400,"2026-10-16","BULL",-913,3094,2181,-58,2123,-55448,2029588,FALSE,FALSE,FALSE
"2026-08-13","SMCI",0.87,,"CALL",45,39.16,45.87,"2026-08-28","BULL",9869,1330,11199,661,11860,19830,355800,FALSE,FALSE,TRUE
"2026-08-13","QBTS",0.99,,"CALL",25,20.9,25.99,"2026-09-18","BULL",8271,2375,10646,949,11595,46501,568155,FALSE,FALSE,TRUE
"2026-08-13","TENX",3.23,,"PUT",5,,5,"2026-08-21","BULL",-2368,5846,3478,0,3478,0,1175564,FALSE,FALSE,FALSE
"2026-08-13","GOOGL",2.03,,"CALL",350,346.36,352.03,"2026-08-19","BULL",3697,177,3874,3630,7504,130680,270144,FALSE,FALSE,FALSE
"2026-08-13","IBIT",0.45,,"CALL",36,35.88,36.45,"2026-08-21","BULL",15485,35803,51288,7954,59242,676090,5035570,TRUE,FALSE,FALSE
"2026-08-13","SPY",0.63,,"PUT",761,777.88,761,"2026-08-21","BULL",-10907,20787,9880,-49,9831,-5096,1022424,FALSE,FALSE,FALSE
"2026-08-13","LITE",7.85,,"CALL",920,880.41,927.85,"2026-08-14","BULL",869,405,1274,,,,,FALSE,FALSE,FALSE
"2026-08-13","DXYZ",4.93,,"CALL",30,,34.93,"2026-09-18","BULL",1376,4611,5987,232,6219,113680,3047310,FALSE,FALSE,FALSE
"2026-08-13","MSTR",0.68,,"CALL",105,97.1,105.68,"2026-08-21","BULL",9782,14260,24042,1936,25978,58080,779340,FALSE,FALSE,TRUE
"2026-08-13","CRCL",1.35,,"CALL",120,,121.35,"2026-10-16","BULL",4829,1072,5901,86,5987,10492,730414,FALSE,FALSE,FALSE
"2026-08-13","NOK",0.14,,"CALL",14,10.56,14.14,"2026-09-18","BULL",45326,29399,74725,-6225,68500,-49800,548000,FALSE,FALSE,TRUE
"2026-08-13","SPCX",1.92,,"CALL",150,,151.92,"2026-08-21","BULL",3247,39115,42362,5896,48258,996424,8155602,TRUE,FALSE,FALSE
"2026-08-13","AI",0.34,,"CALL",10,10.18,10.34,"2026-08-21","BULL",18285,2223,20508,3042,23550,33462,259050,FALSE,FALSE,FALSE
"2026-08-13","SMCI",0.6,,"CALL",43,39.16,43.6,"2026-08-21","BULL",9752,4940,14692,3394,18086,37334,198946,FALSE,FALSE,TRUE
"2026-08-13","PGY",1.65,,"CALL",20,21.46,21.65,"2026-08-21","BULL",3505,17704,21209,-22,21187,-1452,1398342,FALSE,FALSE,FALSE
"2026-08-13","DRAM",1.61,,"CALL",58,,59.61,"2026-08-21","BULL",3554,5489,9043,-63,8980,-4788,682480,FALSE,FALSE,FALSE
"2026-08-13","SKHY",3.33,,"CALL",175,,178.33,"2026-08-21","BULL",1679,5791,7470,231,7701,11550,385050,FALSE,FALSE,FALSE
"2026-08-13","SPXS",1.49,,"CALL",24,23.56,25.49,"2026-10-16","BULL",3656,78,3734,103,3837,17613,656127,FALSE,FALSE,TRUE
"2026-08-13","SONO",0.9,,"CALL",17.5,,18.4,"2026-10-16","BULL",5986,320,6306,11,6317,539,309533,FALSE,FALSE,FALSE
"2026-08-13","GEV",5.02,,"PUT",840,1049.42,840,"2026-09-18","BULL",-1072,1804,732,-112,620,-61040,337900,FALSE,FALSE,FALSE
"2026-08-13","MSTR",0.75,,"CALL",104,97.1,104.75,"2026-08-21","BULL",7157,3517,10674,97,10771,3686,409298,FALSE,FALSE,TRUE
"2026-08-13","ECHO",6,,"CALL",130,91.68,136,"2027-03-19","BULL",891,1602,2493,0,2493,0,1495800,FALSE,FALSE,TRUE
"2026-08-13","SQQQ",1.12,,"CALL",36,36.04,37.12,"2026-08-21","BULL",4705,533,5238,1367,6605,317144,1532360,FALSE,FALSE,FALSE
"2026-08-13","DRAM",1.7,,"CALL",70,,71.7,"2026-09-25","BULL",3033,494,3527,43,3570,5461,453390,FALSE,FALSE,FALSE
"2026-08-13","POET",0.74,,"CALL",9.5,8.91,10.24,"2026-08-28","BULL",6766,1239,8005,5450,13455,119900,296010,FALSE,FALSE,TRUE
"2026-08-13","SPY",0.57,,"PUT",650,777.88,650,"2026-09-18","BULL",-8676,82503,73827,19659,93486,1258176,5983104,TRUE,FALSE,FALSE
"2026-08-13","SMCI",0.43,,"CALL",44,39.16,44.43,"2026-08-21","BULL",10959,2949,13908,10630,24538,63780,147228,FALSE,FALSE,TRUE
"2026-08-13","SPCX",2.09,,"CALL",210,,212.09,"2026-10-16","BULL",2248,7871,10119,-226,9893,-46782,2047851,FALSE,FALSE,FALSE
"2026-08-13","PLUG",0.24,,"CALL",3.5,2.3,3.74,"2027-01-15","BULL",19268,7899,27167,13,27180,260,543600,FALSE,FALSE,TRUE
"2026-08-13","SKM",0.9,,"CALL",45,36.71,45.9,"2026-09-18","BULL",5005,2586,7591,95,7686,9025,730170,FALSE,FALSE,TRUE
"2026-08-13","COIN",1.07,,"CALL",165,153.9,166.07,"2026-08-21","BULL",4114,2905,7019,1053,8072,40014,306736,FALSE,FALSE,TRUE
"2026-08-13","STUB",0.83,,"CALL",7,7.68,7.83,"2026-08-14","BULL",4953,51,5004,,,,,FALSE,FALSE,FALSE
"2026-08-13","STUB",0.79,,"CALL",7.5,7.68,8.29,"2026-09-18","BULL",5031,457,5488,4966,10454,188708,397252,FALSE,FALSE,FALSE
"2026-08-13","SQQQ",1.73,,"CALL",36,36.04,37.73,"2026-08-28","BULL",2282,418,2700,527,3227,135966,832566,FALSE,FALSE,FALSE
"2026-08-13","SKM",0.48,,"CALL",50,36.71,50.48,"2026-09-18","BULL",7991,3165,11156,-3482,7674,-139280,306960,FALSE,FALSE,TRUE
"2026-08-13","FRVO",3.7,,"CALL",25,,28.7,"2027-01-15","BULL",1024,92,1116,-73,1043,-18250,260750,FALSE,FALSE,FALSE
"2026-08-13","APP",3.9,,"CALL",400,312.67,403.9,"2026-09-18","BULL",937,1241,2178,122,2300,22936,432400,FALSE,FALSE,TRUE
"2026-08-13","CIFR",0.46,,"CALL",17.5,16.62,17.96,"2026-08-21","BULL",7942,1413,9355,-2614,6741,-138542,357273,FALSE,FALSE,TRUE
"2026-08-13","SQQQ",0.47,,"CALL",36,36.04,36.47,"2026-08-14","BULL",7436,405,7841,,,,,FALSE,FALSE,FALSE
"2026-08-13","PYPL",0.44,,"CALL",65,60.59,65.44,"2026-09-18","BULL",7936,8025,15961,1600,17561,113600,1246831,FALSE,FALSE,TRUE
"2026-08-13","AS",1.05,,"CALL",35,33.12,36.05,"2026-08-21","BULL",3193,7537,10730,111,10841,2775,271025,FALSE,FALSE,TRUE
"2026-08-13","QMCO",6,,"CALL",30,24.68,36,"2026-12-18","BULL",554,2803,3357,14,3371,7140,1719210,FALSE,FALSE,TRUE
"2026-08-13","SMH",0.98,,"CALL",620,589.12,620.98,"2026-08-21","BULL",3231,1895,5126,715,5841,9295,75933,FALSE,FALSE,TRUE
"2026-08-13","SKHY",1.63,,"CALL",200,,201.63,"2026-08-28","BULL",1917,302,2219,218,2437,10464,116976,FALSE,FALSE,FALSE
"2026-08-13","TER",4.2,,"CALL",440,410.52,444.2,"2026-08-21","BULL",726,136,862,26,888,3848,131424,FALSE,FALSE,TRUE
"2026-08-13","OKLO",0.55,,"CALL",140,46.45,140.55,"2026-12-18","BULL",5477,404,5881,-52,5829,-1560,174870,FALSE,FALSE,TRUE
"2026-08-13","ECHO",3.2,,"CALL",90,91.68,93.2,"2026-08-21","BULL",930,2481,3411,-598,2813,-113620,534470,FALSE,FALSE,FALSE
"2026-08-13","DRAM",0.5,,"CALL",122,,122.5,"2026-11-20","BULL",5769,18063,23832,5634,29466,191556,1001844,FALSE,FALSE,FALSE
"2026-08-13","PPL",0.4,,"PUT",30,,30,"2027-01-15","BULL",-7047,22649,15602,0,15602,0,624080,FALSE,FALSE,FALSE
"2026-08-13","CRWV",0.74,,"CALL",120,106.29,120.74,"2026-08-21","BULL",3574,20479,24053,1224,25277,3672,75831,FALSE,FALSE,TRUE
"2026-08-13","DXYZ",0.85,,"CALL",45,,45.85,"2026-09-18","BULL",2808,5808,8616,-122,8494,-9760,679520,FALSE,FALSE,FALSE
"2026-08-13","DRAM",0.78,,"PUT",45,,45,"2026-09-18","BULL",-3048,24297,21249,-4831,16418,-463776,1576128,FALSE,FALSE,FALSE
"2026-08-13","MUU",3.43,,"CALL",78.25,,81.68,"2026-12-18","BULL",680,1694,2374,163,2537,52160,811840,FALSE,FALSE,FALSE
"2026-08-13","MARA",0.05,,"CALL",10.5,9.21,10.55,"2026-08-21","BULL",45330,2392,47722,3426,51148,10278,153444,FALSE,FALSE,TRUE
"2026-08-13","XE",1.8,,"PUT",20,,20,"2026-09-18","BULL",-1221,2755,1534,1881,3415,502227,911805,TRUE,FALSE,FALSE
"2026-08-13","HTZ",0.18,,"CALL",3,2.345,3.18,"2026-09-18","BULL",10787,64866,75653,1109,76762,8872,614096,FALSE,FALSE,TRUE
"2026-08-13","MSFT",0.49,,"CALL",505,496.88,505.49,"2026-08-17","BULL",3834,723,4557,586,5143,586,5143,FALSE,FALSE,FALSE
"2026-08-13","SPY",0.27,,"PUT",705,777.88,705,"2026-08-31","BULL",-6809,19241,12432,-102,12330,-2958,357570,FALSE,FALSE,FALSE
"2026-08-13","QTTB",5.15,,"PUT",20,,20,"2026-08-21","BULL",-346,647,301,0,301,0,155015,FALSE,FALSE,FALSE
"2026-08-13","MGM",0.4,,"CALL",50,,50.4,"2026-10-16","BULL",4415,58,4473,58,4531,2610,203895,FALSE,FALSE,FALSE
"2026-08-13","TER",1.37,,"CALL",470,410.52,471.37,"2026-08-21","BULL",1215,220,1435,-850,585,-29750,20475,FALSE,FALSE,TRUE
"2026-08-13","TSM",0.34,,"PUT",380,430.49,380,"2026-08-21","BULL",-4794,26596,21802,135,21937,4050,658110,FALSE,FALSE,FALSE
"2026-08-13","FRMI",0.1,,"CALL",9,6.6,9.1,"2026-08-28","BULL",16081,259,16340,4916,21256,14748,63768,FALSE,FALSE,TRUE
"2026-08-13","QSI",0.16,,"CALL",1,,1.16,"2027-01-15","BULL",9919,8235,18154,-63,18091,-1134,325638,FALSE,FALSE,FALSE
"2026-08-13","SMCI",0.24,,"CALL",46,39.16,46.24,"2026-08-21","BULL",6348,1477,7825,1135,8960,2270,17920,FALSE,FALSE,TRUE
"2026-08-13","TSLA",0.27,,"CALL",360,339.96,360.27,"2026-08-17","BULL",5620,1250,6870,5204,12074,5204,12074,FALSE,FALSE,TRUE
"2026-08-13","VIVO",0.8,,"CALL",5,,5.8,"2026-09-18","BULL",1848,631,2479,163,2642,8476,137384,FALSE,FALSE,FALSE
"2026-08-13","VSXY",6.53,,"PUT",95,91.06,95,"2026-08-21","BULL",-212,2434,2222,-930,1292,-972780,1351432,FALSE,FALSE,FALSE
"2026-08-13","SHAZ",2.8,,"CALL",80,,82.8,"2026-08-21","BULL",490,1752,2242,168,2410,16800,241000,FALSE,FALSE,FALSE
"2026-08-13","VXX",0.31,,"CALL",19.5,19.62,19.81,"2026-08-21","BULL",4273,105,4378,3592,7970,125720,278950,FALSE,FALSE,FALSE
"2026-08-13","DRAM",0.24,,"PUT",50,,50,"2026-08-21","BULL",-5314,36980,31666,-1283,30383,-26943,638043,FALSE,FALSE,FALSE
"2026-08-13","STUB",0.25,,"CALL",10,7.68,10.25,"2026-10-16","BULL",5086,5497,10583,-5049,5534,-70686,77476,FALSE,FALSE,TRUE
"2026-08-13","SOXX",0.43,,"PUT",470,550.74,470,"2026-08-21","BULL",-2651,7978,5327,-14,5313,-420,159390,FALSE,FALSE,FALSE
"2026-08-13","SPY",0.15,,"CALL",777,777.88,777.15,"2026-08-14","BULL",7238,2939,10177,,,,,FALSE,FALSE,FALSE
"2026-08-13","EROC",1.54,,"CALL",15,,16.54,"2026-08-21","BULL",670,113,783,-530,253,-92750,44275,FALSE,TRUE,FALSE
"2026-08-13","AMAT",0.6,,"CALL",600,534.54,600.6,"2026-08-21","BULL",1647,1492,3139,236,3375,2124,30375,FALSE,FALSE,TRUE
"2026-08-13","HSAI",0.49,,"CALL",25,19.29,25.49,"2026-09-18","BULL",1964,150,2114,50,2164,550,23804,FALSE,FALSE,TRUE
"2026-08-13","SPY",0.08,,"CALL",778,777.88,778.08,"2026-08-14","BULL",11241,3105,14346,,,,,FALSE,FALSE,FALSE
"2026-08-13","EROC",2.38,,"CALL",15,,17.38,"2026-09-18","BULL",372,222,594,-135,459,-33075,112455,FALSE,FALSE,FALSE
"2026-08-13","SPXS",0.29,,"CALL",23.5,23.56,23.79,"2026-08-14","BULL",3039,737,3776,,,,,FALSE,FALSE,FALSE
"2026-08-13","HTZ",0.05,,"CALL",3,2.345,3.05,"2026-08-21","BULL",17106,67911,85017,260,85277,260,85277,FALSE,FALSE,TRUE
"2026-08-13","QUBT",0.16,,"CALL",12,8.92,12.16,"2026-09-18","BULL",5086,1383,6469,183,6652,2196,79824,FALSE,FALSE,TRUE
"2026-08-13","ASTS",0.28,,"CALL",85,71.52,85.28,"2026-08-21","BULL",2882,9383,12265,2165,14430,8660,57720,FALSE,FALSE,TRUE
"2026-08-13","TE",0.21,,"CALL",5.5,4.79,5.71,"2026-08-21","BULL",3608,2020,5628,2786,8414,2786,8414,FALSE,FALSE,TRUE
"2026-08-13","SKM",0.17,,"CALL",55,36.71,55.17,"2026-09-18","BULL",4244,3285,7529,-2998,4531,-59960,90620,FALSE,FALSE,TRUE
"2026-08-13","QQQ",0.14,,"CALL",745,732.07,745.14,"2026-08-18","BULL",5051,5487,10538,86,10624,86,10624,FALSE,FALSE,FALSE
"2026-08-13","SKHY",0.47,,"CALL",200,,200.47,"2026-08-21","BULL",1443,7710,9153,-810,8343,-6480,66744,FALSE,FALSE,FALSE
"2026-08-13","NVDL",0.37,,"CALL",39,36.79,39.37,"2026-08-21","BULL",1811,393,2204,370,2574,1850,12870,FALSE,FALSE,TRUE
"2026-08-13","AZ",0.17,,"CALL",9,,9.17,"2026-08-21","BULL",3502,298,3800,1224,5024,12240,50240,FALSE,FALSE,FALSE
"2026-08-13","OPEN",0.05,,"CALL",4,3.65,4.05,"2026-08-21","BULL",11427,11038,22465,3622,26087,7244,52174,FALSE,FALSE,TRUE
"2026-08-13","SIDU",0.15,,"CALL",4,2.54,4.15,"2026-09-18","BULL",3596,3490,7086,6,7092,54,63828,FALSE,FALSE,TRUE
"2026-08-13","SPY",0.05,,"CALL",779,777.88,779.05,"2026-08-14","BULL",10731,2923,13654,,,,,FALSE,FALSE,FALSE
"2026-08-13","AI",0.08,,"CALL",11,10.18,11.08,"2026-08-21","BULL",6567,1406,7973,152,8125,152,8125,FALSE,FALSE,TRUE
"2026-08-13","ASO",0.18,,"CALL",52,,52.18,"2026-08-21","BULL",2772,15,2787,876,3663,13140,54945,FALSE,FALSE,FALSE
"2026-08-13","MU",0.1,,"CALL",1000,949.83,1000.1,"2026-08-14","BULL",4798,10593,15391,,,,,FALSE,FALSE,FALSE
"2026-08-13","IMRX",0.7,,"CALL",5,,5.7,"2026-09-18","BULL",612,957,1569,1,1570,68,106760,FALSE,FALSE,FALSE
"2026-08-13","SSPC",0.79,,"CALL",11,,11.79,"2026-08-21","BULL",500,437,937,116,1053,2900,26325,FALSE,FALSE,FALSE
"2026-08-13","MUU",0.4,,"CALL",39,,39.4,"2026-08-21","BULL",795,2255,3050,-617,2433,-6170,24330,FALSE,FALSE,FALSE
"2026-08-13","SKHY",0.02,,"PUT",85,,85,"2026-08-21","BULL",-15480,60642,45162,15801,60963,15801,60963,FALSE,FALSE,FALSE
"2026-08-13","ACHR",0.03,,"CALL",7,6.97,7.03,"2026-08-14","BULL",10260,10836,21096,,,,,FALSE,FALSE,FALSE
"2026-08-13","SNDK",0.25,,"CALL",1700,1528.11,1700.25,"2026-08-14","BULL",1181,1232,2413,,,,,FALSE,FALSE,FALSE
"2026-08-13","ASTS",0.11,,"CALL",95,71.52,95.11,"2026-08-21","BULL",2545,4080,6625,-182,6443,-546,19329,FALSE,FALSE,TRUE
"2026-08-13","SQQQ",0.09,,"CALL",36.5,36.04,36.59,"2026-08-14","BULL",2995,962,3957,,,,,FALSE,FALSE,FALSE
"2026-08-13","SPCU",1.15,,"CALL",14,,15.15,"2026-09-18","BULL",228,15,243,83,326,9130,35860,FALSE,FALSE,FALSE
"2026-08-13","AMRN",1,,"CALL",19,,20,"2026-12-18","BULL",260,14,274,7,281,700,28100,FALSE,FALSE,FALSE
"2026-08-13","MYE",0.22,,"CALL",35,,35.22,"2026-08-21","BULL",1180,18,1198,-106,1092,-530,5460,FALSE,FALSE,FALSE
"2026-08-13","BB",0.09,,"CALL",9.5,8.99,9.59,"2026-08-21","BULL",2793,2381,5174,-67,5107,-201,15321,FALSE,FALSE,TRUE
"2026-08-13","NBIS",0.1,,"CALL",300,255.04,300.1,"2026-08-14","BULL",2386,2985,5371,,,,,FALSE,FALSE,FALSE
"2026-08-13","AOSL",0.2,,"PUT",25,30.62,25,"2026-08-21","BULL",-1027,1428,401,40,441,200,2205,FALSE,FALSE,FALSE
"2026-08-13","DRAM",0.04,,"PUT",45,,45,"2026-08-21","BULL",-5045,27818,22773,-656,22117,-1968,66351,FALSE,FALSE,FALSE
"2026-08-13","BSX",0.05,,"PUT",48,51.69,48,"2026-08-21","BULL",-3614,4651,1037,1,1038,2,2076,FALSE,FALSE,FALSE
"2026-08-13","TTD",0.03,,"CALL",16,14.56,16.03,"2026-08-21","BULL",5923,759,6682,1004,7686,2008,15372,FALSE,FALSE,TRUE
"2026-08-13","AMZN",0.02,,"CALL",270,265.13,270.02,"2026-08-14","BULL",8669,7805,16474,,,,,FALSE,FALSE,FALSE
"2026-08-13","TSLA",0.03,,"CALL",350,339.96,350.03,"2026-08-14","BULL",5708,24359,30067,,,,,FALSE,FALSE,FALSE
"2026-08-13","GOOGL",0.04,,"CALL",350,346.36,350.04,"2026-08-14","BULL",4026,5610,9636,,,,,FALSE,FALSE,FALSE
"2026-08-13","SMCI",0.01,,"CALL",43,39.16,43.01,"2026-08-14","BULL",15010,6369,21379,,,,,FALSE,FALSE,FALSE
"2026-08-13","FIGR",0.05,,"CALL",35,31.88,35.05,"2026-08-14","BULL",2885,8412,11297,,,,,FALSE,FALSE,FALSE
"2026-08-13","CBRS",0.05,,"CALL",330,,330.05,"2026-08-14","BULL",2623,18010,20633,,,,,FALSE,FALSE,FALSE
"2026-08-13","HTZ",0.01,,"CALL",3,2.345,3.01,"2026-08-14","BULL",13018,79538,92556,,,,,FALSE,FALSE,FALSE
"2026-08-13","QQQ",0.01,,"CALL",735,732.07,735.01,"2026-08-14","BULL",11390,17919,29309,,,,,FALSE,FALSE,FALSE
"2026-08-13","SMH",0.02,,"PUT",400,589.12,400,"2026-08-21","BULL",-5437,24935,19498,56264,75762,450112,606096,FALSE,FALSE,FALSE
"2026-08-13","SPY",0.01,,"PUT",755,777.88,755,"2026-08-14","BULL",-9413,24963,15550,,,,,FALSE,FALSE,FALSE
"2026-08-13","CBRS",0.1,,"CALL",340,,340.1,"2026-08-21","BULL",914,10628,11542,-937,10605,-9370,106050,FALSE,FALSE,FALSE
"2026-08-13","HIMS",0.02,,"CALL",29.5,28.77,29.52,"2026-08-14","BULL",4087,182,4269,,,,,FALSE,FALSE,FALSE
"2026-08-13","NFLX",0.01,,"CALL",80,78.24,80.01,"2026-08-14","BULL",7928,18535,26463,,,,,FALSE,FALSE,FALSE
"2026-08-13","SPCX",0.01,,"CALL",155,,155.01,"2026-08-14","BULL",7806,18336,26142,,,,,FALSE,FALSE,FALSE
"2026-08-13","AAPL",0.01,,"CALL",315,305.26,315.01,"2026-08-14","BULL",7615,14895,22510,,,,,FALSE,FALSE,FALSE
"2026-08-13","CIFR",0.01,,"CALL",17.5,16.62,17.51,"2026-08-14","BULL",7177,1207,8384,,,,,FALSE,FALSE,FALSE
"2026-08-13","SKHY",0.02,,"PUT",150,,150,"2026-08-14","BULL",-2960,5088,2128,,,,,FALSE,FALSE,FALSE
"2026-08-13","AVAH",1.7,,"CALL",12.5,,14.2,"2026-12-18","BULL",27,268,295,12,307,1920,49120,FALSE,FALSE,FALSE
"2026-08-13","GLOB",0.05,,"CALL",45,,45.05,"2026-08-21","BULL",896,693,1589,-132,1457,-2112,23312,FALSE,FALSE,FALSE
"2026-08-13","COST",0.06,,"CALL",1060,961.85,1060.06,"2026-08-21","BULL",741,421,1162,147,1309,588,5236,FALSE,FALSE,TRUE
"2026-08-13","FDN",2.1,,"PUT",230,,230,"2027-01-15","BULL",-21,1071,1050,0,1050,0,220500,FALSE,FALSE,FALSE
"2026-08-13","CRCL",0.01,,"CALL",78,,78.01,"2026-08-14","BULL",4222,816,5038,,,,,FALSE,FALSE,FALSE
"2026-08-13","CSCO",0.01,,"CALL",124,113.47,124.01,"2026-08-14","BULL",4097,2568,6665,,,,,FALSE,FALSE,FALSE
"2026-08-13","CBRS",0.03,,"CALL",325,,325.03,"2026-08-14","BULL",1296,7125,8421,,,,,FALSE,FALSE,FALSE
"2026-08-13","SMH",0.01,,"PUT",430,589.12,430,"2026-08-14","BULL",-3837,51401,47564,,,,,FALSE,FALSE,FALSE
"2026-08-13","MAA",0.06,,"CALL",140,,140.06,"2026-08-21","BULL",586,84,670,-40,630,-200,3150,FALSE,FALSE,FALSE
"2026-08-13","LRCX",0.01,,"CALL",370,337.01,370.01,"2026-08-14","BULL",3455,1567,5022,,,,,FALSE,FALSE,FALSE
"2026-08-13","KLAC",0.05,,"CALL",220,209.37,220.05,"2026-08-14","BULL",631,110,741,,,,,FALSE,FALSE,FALSE
"2026-08-13","ETN",0.01,,"PUT",340,453.33,340,"2026-08-21","BULL",-2974,6433,3459,0,3459,0,3459,FALSE,FALSE,FALSE
"2026-08-13","SNDK",0.02,,"CALL",1800,1528.11,1800.02,"2026-08-14","BULL",1293,1650,2943,,,,,FALSE,FALSE,FALSE
"2026-08-13","SNDK",0.02,,"CALL",2000,1528.11,2000.02,"2026-08-14","BULL",1285,2366,3651,,,,,FALSE,FALSE,FALSE
"2026-08-13","SOXL",0.01,,"PUT",80,145.36,80,"2026-08-14","BULL",-2410,8909,6499,,,,,FALSE,FALSE,FALSE
"2026-08-13","SOXL",0.01,,"PUT",100,145.36,100,"2026-08-14","BULL",-2381,14017,11636,,,,,FALSE,FALSE,FALSE
"2026-08-13","WB",0.13,,"CALL",10,,10.13,"2027-01-15","BULL",175,1668,1843,1,1844,13,23972,FALSE,FALSE,FALSE
"2026-08-13","LRCX",0.01,,"CALL",350,337.01,350.01,"2026-08-14","BULL",2088,679,2767,,,,,FALSE,FALSE,FALSE
"2026-08-13","GS",0.01,,"CALL",1080,1042.63,1080.01,"2026-08-14","BULL",1729,471,2200,,,,,FALSE,FALSE,FALSE
"2026-08-13","AMAT",0.01,,"CALL",600,534.54,600.01,"2026-08-14","BULL",1481,1936,3417,,,,,FALSE,FALSE,FALSE
"2026-08-13","AMAT",0.01,,"CALL",650,534.54,650.01,"2026-08-14","BULL",1456,282,1738,,,,,FALSE,FALSE,FALSE
"2026-08-13","LITE",0.01,,"PUT",360,880.41,360,"2026-08-14","BULL",-860,1847,987,,,,,FALSE,FALSE,FALSE
"2026-08-13","SPY",3.22,,"PUT",610,777.88,606.78,"2026-12-18","BEAR",150051,8307,158358,-30,158328,-10620,56048112,FALSE,FALSE,FALSE
"2026-08-13","SPY",0.99,,"PUT",480,777.88,479.01,"2026-12-18","BEAR",300046,11086,311132,-47,311085,-5123,33908265,FALSE,FALSE,FALSE
"2026-08-13","HLT",24.6,,"CALL",300,,300,"2026-09-18","BEAR",-11718,11916,198,-1,197,-3040,598880,FALSE,FALSE,FALSE
"2026-08-13","QQQ",32.06,,"PUT",725,732.07,692.94,"2026-12-18","BEAR",7038,4655,11693,3940,15633,14030340,55669113,TRUE,FALSE,FALSE
"2026-08-13","CRWV",18.55,,"CALL",90,106.29,90,"2026-09-18","BEAR",-10885,17834,6949,-389,6560,-483138,8147520,FALSE,FALSE,FALSE
"2026-08-13","SNDK",126,,"CALL",1500,1528.11,1500,"2026-08-14","BEAR",-1558,4676,3118,,,,,FALSE,FALSE,FALSE
"2026-08-13","SHEL",27.7,,"CALL",62.5,89.92,62.5,"2027-01-15","BEAR",-6745,10087,3342,0,3342,0,9257340,FALSE,FALSE,FALSE
"2026-08-13","BP",5.8,,"CALL",37,,37,"2026-09-18","BEAR",-26451,26491,40,0,40,0,23200,FALSE,FALSE,FALSE
"2026-08-13","SKHY",41.1,,"CALL",125,,125,"2026-08-21","BEAR",-2757,10644,7887,-2429,5458,-8258600,18557200,FALSE,FALSE,FALSE
"2026-08-13","IWM",1.93,,"PUT",289,303.5,287.07,"2026-09-18","BEAR",38016,1037,39053,28487,67540,7150237,16952540,TRUE,FALSE,FALSE
"2026-08-13","GLD",4.18,,"PUT",330,398.96,325.82,"2027-03-19","BEAR",16520,576,17096,-2,17094,-860,7350420,FALSE,FALSE,FALSE
"2026-08-13","QQQ",12.48,,"PUT",650,732.07,637.52,"2026-12-18","BEAR",5533,22339,27872,2798,30670,3919998,42968670,TRUE,FALSE,FALSE
"2026-08-13","SPY",9,,"PUT",770,777.88,761,"2026-09-18","BEAR",7557,12865,20422,-148,20274,-171976,23558388,FALSE,FALSE,FALSE
"2026-08-13","SCHW",5.95,,"CALL",105,110.06,105,"2026-08-21","BEAR",-10788,10877,89,2,91,1370,62335,FALSE,FALSE,FALSE
"2026-08-13","RTX",21.75,,"CALL",200,220.48,200,"2026-08-21","BEAR",-2814,3121,307,-4,303,-9700,734775,FALSE,FALSE,FALSE
"2026-08-13","SPY",3.26,,"PUT",739,777.88,735.74,"2026-09-18","BEAR",17950,1633,19583,1148,20731,474124,8561903,FALSE,FALSE,FALSE
"2026-08-13","SPCX",18.25,,"PUT",135,,116.75,"2026-12-18","BEAR",3077,12894,15971,609,16580,972573,26478260,TRUE,FALSE,FALSE
"2026-08-13","PBF",12.7,,"CALL",60,,60,"2026-08-21","BEAR",-4413,5483,1070,-527,543,-698275,719475,FALSE,FALSE,FALSE
"2026-08-13","SLS",6.04,,"CALL",11,12.36,11,"2027-01-15","BEAR",-9152,25673,16521,-213,16308,-138450,10600200,FALSE,FALSE,FALSE
"2026-08-13","SPY",0.33,,"PUT",350,777.88,349.67,"2026-12-18","BEAR",150046,6917,156963,187,157150,6545,5500250,FALSE,FALSE,FALSE
"2026-08-13","SPCX",13.87,,"PUT",145,,131.13,"2026-09-18","BEAR",3040,14151,17191,490,17681,539000,19449100,TRUE,FALSE,FALSE
"2026-08-13","RTX",12.4,,"CALL",210,220.48,210,"2026-08-21","BEAR",-3246,3437,191,-19,172,-25935,234780,FALSE,FALSE,FALSE
"2026-08-13","CIEN",76.9,,"PUT",480,442.79,403.1,"2026-10-16","BEAR",451,52,503,-1,502,-7395,3712290,FALSE,FALSE,FALSE
"2026-08-13","SOXX",15.42,,"PUT",515,550.74,499.58,"2026-09-18","BEAR",2092,726,2818,11,2829,22660,5827740,FALSE,FALSE,FALSE
"2026-08-13","SPY",2.17,,"CALL",780,777.88,780,"2026-08-21","BEAR",-14660,82414,67754,-16351,51403,-261616,822448,FALSE,FALSE,FALSE
"2026-08-13","QQQ",6.34,,"PUT",721,732.07,714.66,"2026-08-28","BEAR",4905,168,5073,2034,7107,1997388,6979074,TRUE,FALSE,FALSE
"2026-08-13","SPY",3.25,,"PUT",765,777.88,761.75,"2026-08-31","BEAR",8547,4029,12576,322,12898,156170,6255530,FALSE,FALSE,FALSE
"2026-08-13","SPCE",1.28,,"CALL",2.5,3.14,2.5,"2027-01-15","BEAR",-21610,55470,33860,-142,33718,-14484,3439236,FALSE,FALSE,FALSE
"2026-08-13","SPY",0.8,,"CALL",785,777.88,785,"2026-08-21","BEAR",-30757,61690,30933,15214,46147,60856,184588,FALSE,FALSE,FALSE
"2026-08-13","EWZ",0.53,,"PUT",32,33.77,31.47,"2026-09-30","BEAR",42409,27,42436,0,42436,0,1952056,FALSE,FALSE,FALSE
"2026-08-13","SPCX",7.1,,"PUT",140,,132.9,"2026-08-28","BEAR",3060,916,3976,564,4540,250416,2015760,FALSE,FALSE,FALSE
"2026-08-13","OMER",7.5,,"CALL",10,,10,"2026-08-21","BEAR",-2803,8229,5426,-210,5216,-153300,3807680,FALSE,FALSE,FALSE
"2026-08-13","NBIS",7.65,,"PUT",210,255.04,202.35,"2026-09-18","BEAR",2680,8044,10724,-392,10332,-421400,11106900,FALSE,FALSE,FALSE
"2026-08-13","SPY",3.94,,"PUT",630,777.88,626.06,"2026-12-18","BEAR",4992,36898,41890,2473,44363,1093066,19608446,TRUE,FALSE,FALSE
"2026-08-13","SMMT",1.57,,"PUT",14.5,,12.93,"2026-08-21","BEAR",12196,30,12226,-311,11915,-56913,2180445,FALSE,FALSE,FALSE
"2026-08-13","SOXX",7.6,,"PUT",537.5,550.74,529.9,"2026-08-21","BEAR",2452,9,2461,-445,2016,-728910,3302208,FALSE,FALSE,FALSE
"2026-08-13","AFRM",10.45,,"PUT",77.5,78.32,67.05,"2026-12-18","BEAR",1734,455,2189,-1,2188,-1040,2275520,FALSE,FALSE,FALSE
"2026-08-13","SPY",2.21,,"PUT",778,777.88,775.79,"2026-08-14","BEAR",8135,316,8451,,,,,FALSE,FALSE,FALSE
"2026-08-13","QQQ",2.76,,"PUT",732,732.07,729.24,"2026-08-14","BEAR",6398,149,6547,,,,,FALSE,FALSE,FALSE
"2026-08-13","STX",30.5,,"PUT",950,921.37,919.5,"2026-08-21","BEAR",575,96,671,117,788,545922,3676808,TRUE,FALSE,FALSE
"2026-08-13","SKHY",7.25,,"PUT",115,,107.75,"2026-12-18","BEAR",2414,770,3184,197,3381,165480,2840040,FALSE,FALSE,FALSE
"2026-08-13","SKHY",6,,"PUT",110,,104,"2026-12-18","BEAR",2906,3083,5989,25,6014,17050,4101548,FALSE,FALSE,FALSE
"2026-08-13","ALMS",3.4,,"PUT",20,24.41,16.6,"2026-09-18","BEAR",5049,1,5050,591,5641,177300,1692300,FALSE,FALSE,FALSE
"2026-08-13","LTH",3.4,,"PUT",45,44.31,41.6,"2026-10-16","BEAR",4893,20678,25571,4956,30527,1362900,8394925,TRUE,FALSE,FALSE
"2026-08-13","QQQ",3,,"PUT",726,732.07,723,"2026-08-19","BEAR",5467,134,5601,513,6114,424764,5062392,FALSE,FALSE,FALSE
"2026-08-13","BHP",3.1,,"CALL",95,87.23,95,"2026-11-20","BEAR",-5060,6906,1846,4,1850,1400,647500,FALSE,FALSE,FALSE
"2026-08-13","SPY",1.55,,"PUT",769,777.88,767.45,"2026-08-21","BEAR",9981,777,10758,132,10890,43428,3582810,FALSE,FALSE,FALSE
"2026-08-13","QQQ",1.1,,"PUT",730,732.07,728.9,"2026-08-14","BEAR",13941,821,14762,,,,,FALSE,FALSE,FALSE
"2026-08-13","TER",12.33,,"PUT",395,410.52,382.67,"2026-08-21","BEAR",1233,198,1431,-1041,390,-1145100,429000,FALSE,FALSE,FALSE
"2026-08-13","ARXS",10.15,,"CALL",60,,60,"2027-02-19","BEAR",-1472,2055,583,0,583,0,591745,FALSE,FALSE,FALSE
"2026-08-13","SPY",1.3,,"PUT",777,777.88,775.7,"2026-08-14","BEAR",11428,712,12140,,,,,FALSE,FALSE,FALSE
"2026-08-13","SKHY",9.5,,"CALL",160,,160,"2026-08-21","BEAR",-1533,7846,6313,-469,5844,-136010,1694760,FALSE,FALSE,FALSE
"2026-08-13","NVDA",0.93,,"CALL",270,225.3,270,"2026-09-18","BEAR",-14755,42123,27368,96,27464,5376,1537984,FALSE,FALSE,FALSE
"2026-08-13","SPY",1.06,,"CALL",775,777.88,775,"2026-08-14","BEAR",-12461,81190,68729,,,,,FALSE,FALSE,FALSE
"2026-08-13","SPCX",3.41,,"PUT",143,,139.59,"2026-08-14","BEAR",3609,2761,6370,,,,,FALSE,FALSE,FALSE
"2026-08-13","PAAS",2.95,,"PUT",48,47.3,45.05,"2026-09-18","BEAR",4170,341,4511,243,4754,80190,1568820,FALSE,FALSE,FALSE
"2026-08-13","SKHY",5.5,,"PUT",115,,109.5,"2026-11-20","BEAR",2191,174,2365,-4,2361,-2480,1463820,FALSE,FALSE,FALSE
"2026-08-13","CBRS",6.4,,"PUT",225,,218.6,"2026-08-14","BEAR",1882,326,2208,,,,,FALSE,FALSE,FALSE
"2026-08-13","AZN",7.64,,"PUT",160,157.24,152.36,"2026-09-18","BEAR",1549,1393,2942,-82,2860,-38786,1352780,FALSE,FALSE,FALSE
"2026-08-13","MU",4.65,,"PUT",965,949.83,960.35,"2026-08-14","BEAR",2528,61,2589,,,,,FALSE,FALSE,FALSE
"2026-08-13","KR",4.15,,"PUT",52.5,,48.35,"2027-06-17","BEAR",2746,335,3081,262,3343,111350,1420775,FALSE,FALSE,FALSE
"2026-08-13","SPY",1.03,,"PUT",731,777.88,729.97,"2026-09-04","BEAR",9776,502,10278,-813,9465,-111381,1296705,FALSE,FALSE,FALSE
"2026-08-13","CLX",1.41,,"PUT",100,,98.59,"2026-09-18","BEAR",7120,998,8118,75,8193,7875,860265,FALSE,FALSE,FALSE
"2026-08-13","SPCX",0.72,,"PUT",125,,124.28,"2026-08-21","BEAR",13832,42011,55843,2090,57933,27170,753129,FALSE,FALSE,FALSE
"2026-08-13","SPCX",4,,"PUT",100,,96,"2026-11-20","BEAR",2233,14688,16921,66,16987,20724,5333918,FALSE,FALSE,FALSE
"2026-08-13","EQNR",2.91,,"CALL",38,40.54,38,"2026-08-21","BEAR",-3065,3083,18,-4,14,-1560,5460,FALSE,FALSE,FALSE
"2026-08-13","DXYZ",3.31,,"PUT",25,,21.69,"2026-12-18","BEAR",2656,432,3088,0,3088,0,985072,FALSE,FALSE,FALSE
"2026-08-13","HTZ",0.86,,"PUT",3,2.345,2.14,"2026-09-18","BEAR",10160,6035,16195,38,16233,3800,1623300,FALSE,FALSE,FALSE
"2026-08-13","AGI",1.7,,"PUT",33,32.85,31.3,"2026-09-18","BEAR",5094,250,5344,170,5514,23460,760932,FALSE,FALSE,FALSE
"2026-08-13","SPY",1.59,,"PUT",650,777.88,648.41,"2026-10-16","BEAR",5053,19012,24065,65,24130,11830,4391660,FALSE,FALSE,FALSE
"2026-08-13","CBRS",3,,"PUT",220,,217,"2026-08-14","BEAR",2609,1157,3766,,,,,FALSE,FALSE,FALSE
"2026-08-13","SPCX",2.12,,"PUT",100,,97.88,"2026-10-16","BEAR",3625,32965,36590,11580,48170,1806480,7514520,TRUE,FALSE,FALSE
"2026-08-13","STRC",5.05,,"CALL",90,,90,"2026-08-21","BEAR",-1472,3077,1605,-33,1572,-15840,754560,FALSE,FALSE,FALSE
"2026-08-13","SPCX",2.84,,"PUT",135,,132.16,"2026-08-21","BEAR",2454,17150,19604,1472,21076,128064,1833612,FALSE,FALSE,FALSE
"2026-08-13","META",2.97,,"CALL",1000,594.97,1000,"2027-01-15","BEAR",-2290,10482,8192,40,8232,7440,1531152,FALSE,FALSE,FALSE
"2026-08-13","DINO",2.6,,"CALL",92.5,91.87,92.5,"2026-08-21","BEAR",-2592,5551,2959,-967,1992,-338450,697200,FALSE,FALSE,FALSE
"2026-08-13","SPCX",2.3,,"PUT",142,,139.7,"2026-08-14","BEAR",2902,1498,4400,,,,,FALSE,FALSE,FALSE
"2026-08-13","QQQ",0.29,,"CALL",780,732.07,780,"2026-08-31","BEAR",-21946,41123,19177,-1937,17240,-13559,120680,FALSE,FALSE,FALSE
"2026-08-13","SPCX",0.68,,"PUT",80,,79.32,"2026-10-16","BEAR",8940,5508,14448,5289,19737,243294,907902,FALSE,FALSE,FALSE
"2026-08-13","KLAC",13.1,,"PUT",200,209.37,186.9,"2026-09-18","BEAR",460,2759,3219,0,3219,0,4957260,FALSE,FALSE,FALSE
"2026-08-13","DLO",0.7,,"CALL",17,,17,"2026-12-18","BEAR",-8147,74479,66332,4,66336,220,3648480,FALSE,FALSE,FALSE
"2026-08-13","SPY",0.29,,"PUT",752,777.88,751.71,"2026-08-21","BEAR",16996,2861,19857,1513,21370,48416,683840,FALSE,FALSE,FALSE
"2026-08-13","IBIT",0.44,,"PUT",35.5,35.88,35.06,"2026-08-21","BEAR",11154,12144,23298,4684,27982,32788,195874,FALSE,FALSE,FALSE
"2026-08-13","TJX",0.85,,"PUT",140,153.81,139.15,"2026-09-18","BEAR",5713,1339,7052,5,7057,450,635130,FALSE,FALSE,FALSE
"2026-08-13","CHE",13.5,,"PUT",540,,526.5,"2026-08-21","BEAR",350,1,351,200,551,274000,754870,FALSE,FALSE,FALSE
"2026-08-13","SNXX",5.92,,"CALL",10,,10,"2026-08-14","BEAR",-787,5096,4309,,,,,FALSE,FALSE,FALSE
"2026-08-13","BX",2.3,,"PUT",145,149.32,142.7,"2026-08-21","BEAR",1993,2108,4101,8,4109,3560,1828505,FALSE,FALSE,FALSE
"2026-08-13","NOK",0.18,,"PUT",9,10.56,8.82,"2026-09-18","BEAR",24616,19407,44023,27,44050,513,836950,FALSE,FALSE,FALSE
"2026-08-13","ETN",2.14,,"PUT",390,453.33,387.86,"2026-09-18","BEAR",2033,190,2223,-112,2111,-45920,865510,FALSE,FALSE,FALSE
"2026-08-13","SPY",0.59,,"PUT",776,777.88,775.41,"2026-08-14","BEAR",7301,487,7788,,,,,FALSE,FALSE,FALSE
"2026-08-13","NVTS",1.34,,"CALL",13.5,13.66,13.5,"2026-08-21","BEAR",-3066,6540,3474,-115,3359,-3565,104129,FALSE,FALSE,FALSE
"2026-08-13","SOLS",0.21,,"PUT",50,,49.79,"2026-09-18","BEAR",18777,397,19174,7,19181,140,383620,FALSE,FALSE,FALSE
"2026-08-13","CSCO",0.72,,"PUT",100,113.47,99.28,"2026-09-18","BEAR",5270,7390,12660,621,13281,27324,584364,FALSE,FALSE,FALSE
"2026-08-13","BHP",0.9,,"CALL",95,87.23,95,"2026-09-18","BEAR",-3843,8242,4399,34,4433,3468,452166,FALSE,FALSE,FALSE
"2026-08-13","BSP",4.45,,"PUT",35,,30.55,"2027-01-15","BEAR",750,1907,2657,6,2663,2946,1307533,FALSE,FALSE,FALSE
"2026-08-13","META",0.91,,"CALL",1250,594.97,1250,"2027-01-15","BEAR",-3413,41713,38300,8,38308,520,2490020,FALSE,FALSE,FALSE
"2026-08-13","AS",0.18,,"PUT",27.5,33.12,27.32,"2026-08-21","BEAR",17038,79,17117,912,18029,2736,54087,FALSE,FALSE,FALSE
"2026-08-13","CBRS",0.3,,"PUT",210,,209.7,"2026-08-14","BEAR",9991,1638,11629,,,,,FALSE,FALSE,FALSE
"2026-08-13","VXX",0.81,,"PUT",20,19.62,19.19,"2026-08-21","BEAR",3689,5790,9479,-78,9401,-4212,507654,FALSE,FALSE,FALSE
"2026-08-13","SPY",0.4,,"PUT",760,777.88,759.6,"2026-08-20","BEAR",7199,706,7905,509,8414,28504,471184,FALSE,FALSE,FALSE
"2026-08-13","SPY",0.22,,"PUT",775,777.88,774.78,"2026-08-14","BEAR",12871,3951,16822,,,,,FALSE,FALSE,FALSE
"2026-08-13","DRAM",0.93,,"PUT",54,,53.07,"2026-08-21","BEAR",3019,2155,5174,-64,5110,-6720,536550,FALSE,FALSE,FALSE
"2026-08-13","CHTR",1.7,,"PUT",147,,145.3,"2026-08-21","BEAR",1558,15,1573,7,1580,2436,549840,FALSE,FALSE,FALSE
"2026-08-13","INDA",0.25,,"CALL",52,49.98,52,"2026-09-18","BEAR",-10526,20777,10251,-2401,7850,-36015,117750,FALSE,FALSE,FALSE
"2026-08-13","NVDA",0.15,,"PUT",140,225.3,139.85,"2026-09-18","BEAR",16640,36896,53536,-29,53507,-406,749098,FALSE,FALSE,FALSE
"2026-08-13","AMAT",1.8,,"PUT",500,534.54,498.2,"2026-08-14","BEAR",1319,1432,2751,,,,,FALSE,FALSE,FALSE
"2026-08-13","STZ",1.1,,"CALL",140,,140,"2026-08-21","BEAR",-1993,5200,3207,-898,2309,-6286,16163,FALSE,FALSE,FALSE
"2026-08-13","QQQ",0.1,,"CALL",800,732.07,800,"2026-08-31","BEAR",-20875,33475,12600,-3658,8942,-14632,35768,FALSE,FALSE,FALSE
"2026-08-13","SPY",0.37,,"PUT",755,777.88,754.63,"2026-08-21","BEAR",5227,40075,45302,2850,48152,128250,2166840,FALSE,FALSE,FALSE
"2026-08-13","QQQ",0.29,,"PUT",728,732.07,727.71,"2026-08-14","BEAR",6034,495,6529,,,,,FALSE,FALSE,FALSE
"2026-08-13","SHAZ",3.3,,"CALL",75,,75,"2026-08-21","BEAR",-500,1474,974,-21,953,-3780,171540,FALSE,FALSE,FALSE
"2026-08-13","SPY",0.04,,"CALL",780,777.88,780,"2026-08-14","BEAR",-41120,135741,94621,,,,,FALSE,FALSE,FALSE
"2026-08-13","KORU",0.72,,"PUT",19,,18.28,"2026-08-21","BEAR",2059,1429,3488,469,3957,68943,581679,FALSE,FALSE,FALSE
"2026-08-13","LITE",0.89,,"PUT",900,880.41,899.11,"2026-08-14","BEAR",1620,615,2235,,,,,FALSE,FALSE,FALSE
"2026-08-13","AOSL",1.3,,"PUT",25,30.62,23.7,"2026-09-18","BEAR",1063,191,1254,14,1268,2100,190200,FALSE,FALSE,FALSE
"2026-08-13","BRUN",0.55,,"PUT",20,,19.45,"2026-08-21","BEAR",2466,2066,4532,-59,4473,-3776,286272,FALSE,FALSE,FALSE
"2026-08-13","CLX",0.5,,"PUT",95,,94.5,"2026-09-18","BEAR",2529,8196,10725,-7591,3134,-288458,119092,FALSE,FALSE,FALSE
"2026-08-13","BSP",2.43,,"PUT",35,,32.57,"2026-10-16","BEAR",515,110,625,386,1011,94570,247695,FALSE,FALSE,FALSE
"2026-08-13","KORU",0.3,,"PUT",1,,0.7,"2028-12-15","BEAR",3998,13079,17077,-6882,10195,-172050,254875,FALSE,FALSE,FALSE
"2026-08-13","MU",0.39,,"PUT",130,949.83,129.61,"2027-01-15","BEAR",2975,4207,7182,-1125,6057,-25875,139311,FALSE,FALSE,FALSE
"2026-08-13","AVEX",2.1,,"CALL",40,,40,"2027-01-15","BEAR",-550,1497,947,0,947,0,142050,FALSE,FALSE,FALSE
"2026-08-13","VOO",1.7,,"PUT",715,,713.3,"2026-08-14","BEAR",663,9,672,,,,,FALSE,FALSE,FALSE
"2026-08-13","SOXL",0.38,,"PUT",100,145.36,99.62,"2026-08-21","BEAR",2680,6208,8888,2769,11657,179985,757705,FALSE,FALSE,FALSE
"2026-08-13","SMH",0.07,,"PUT",450,589.12,449.93,"2026-08-21","BEAR",13687,34253,47940,-63,47877,-252,191508,FALSE,FALSE,FALSE
"2026-08-13","ETHA",0.07,,"PUT",13.5,14.23,13.43,"2026-08-21","BEAR",13247,2738,15985,825,16810,1650,33620,FALSE,FALSE,FALSE
"2026-08-13","KORU",0.25,,"PUT",1,,0.75,"2028-01-21","BEAR",3233,2777,6010,0,6010,0,60100,FALSE,FALSE,FALSE
"2026-08-13","CBRG",0.71,,"PUT",4,,3.29,"2026-09-18","BEAR",982,41,1023,-256,767,-17920,53690,FALSE,FALSE,FALSE
"2026-08-13","WDCX",4.25,,"CALL",18,,18,"2026-08-21","BEAR",-163,856,693,-43,650,-16770,253500,FALSE,FALSE,FALSE
"2026-08-13","SPY",0.11,,"PUT",774,777.88,773.89,"2026-08-14","BEAR",5440,4746,10186,,,,,FALSE,FALSE,FALSE
"2026-08-13","QQQ",0.08,,"PUT",680,732.07,679.92,"2026-08-19","BEAR",7369,285,7654,58,7712,116,15424,FALSE,FALSE,FALSE
"2026-08-13","GIS",0.21,,"CALL",40,,40,"2026-08-21","BEAR",-2799,12875,10076,-102,9974,-816,79792,FALSE,FALSE,FALSE
"2026-08-13","WDC",0.36,,"PUT",490,487.29,489.64,"2026-08-14","BEAR",1593,88,1681,,,,,FALSE,FALSE,FALSE
"2026-08-13","NU",0.04,,"PUT",13,13.93,12.96,"2026-08-21","BEAR",14151,30648,44799,-3435,41364,-3435,41364,FALSE,FALSE,FALSE
"2026-08-13","VSXY",1.4,,"PUT",85,91.06,83.6,"2026-08-21","BEAR",403,479,882,-171,711,-39330,163530,FALSE,FALSE,FALSE
"2026-08-13","CBRL",0.51,,"CALL",60,,60,"2026-08-21","BEAR",-730,3184,2454,562,3016,33720,180960,FALSE,FALSE,FALSE
"2026-08-13","SPY",0.01,,"CALL",788,777.88,788,"2026-08-14","BEAR",-35644,123914,88270,,,,,FALSE,FALSE,FALSE
"2026-08-13","GDX",0.05,,"CALL",91,88.27,91,"2026-08-14","BEAR",-7031,14522,7491,,,,,FALSE,FALSE,FALSE
"2026-08-13","MARA",0.01,,"CALL",10.5,9.21,10.5,"2026-08-14","BEAR",-35060,46193,11133,,,,,FALSE,FALSE,FALSE
"2026-08-13","QQQ",0.05,,"PUT",725,732.07,724.95,"2026-08-14","BEAR",6672,4102,10774,,,,,FALSE,FALSE,FALSE
"2026-08-13","MSTR",0.03,,"PUT",50,97.1,49.97,"2026-08-21","BEAR",10999,31146,42145,2031,44176,2031,44176,FALSE,FALSE,FALSE
"2026-08-13","HDB",0.1,,"CALL",27.5,,27.5,"2026-10-16","BEAR",-3174,10217,7043,0,7043,0,70430,FALSE,FALSE,FALSE
"2026-08-13","IBIT",0.02,,"PUT",35.5,35.88,35.48,"2026-08-14","BEAR",14557,12331,26888,,,,,FALSE,FALSE,FALSE
"2026-08-13","BSX",0.08,,"PUT",48.5,51.69,48.42,"2026-08-21","BEAR",3457,622,4079,-1445,2634,-7225,13170,FALSE,FALSE,FALSE
"2026-08-13","MU",0.04,,"PUT",550,949.83,549.96,"2026-08-21","BEAR",5969,13501,19470,32,19502,96,58506,FALSE,FALSE,FALSE
"2026-08-13","SKHY",0.03,,"PUT",80,,79.97,"2026-08-21","BEAR",7241,11122,18363,-14,18349,-42,55047,FALSE,FALSE,FALSE
"2026-08-13","MSTR",0.03,,"CALL",104,97.1,104,"2026-08-14","BEAR",-7207,15542,8335,,,,,FALSE,FALSE,FALSE
"2026-08-13","MSTR",0.02,,"CALL",107,97.1,107,"2026-08-14","BEAR",-9187,21400,12213,,,,,FALSE,FALSE,FALSE
"2026-08-13","RRGB",2.55,,"CALL",7.5,,7.5,"2026-08-21","BEAR",-69,1599,1530,-4,1526,-1252,477638,FALSE,FALSE,FALSE
"2026-08-13","MSTR",0.03,,"CALL",100,97.1,100,"2026-08-14","BEAR",-5814,19843,14029,,,,,FALSE,FALSE,FALSE
"2026-08-13","PLTR",0.02,,"CALL",180,179.01,180,"2026-08-14","BEAR",-8634,23171,14537,,,,,FALSE,FALSE,FALSE
"2026-08-13","TSLA",0.02,,"PUT",170,339.96,169.98,"2026-08-21","BEAR",8010,1417,9427,-5,9422,-5,9422,FALSE,FALSE,FALSE
"2026-08-13","TSLA",0.03,,"PUT",335,339.96,334.97,"2026-08-14","BEAR",4685,2279,6964,,,,,FALSE,FALSE,FALSE
"2026-08-13","SNDK",0.05,,"PUT",800,1528.11,799.95,"2026-08-21","BEAR",2697,4758,7455,-2680,4775,-10720,19100,FALSE,FALSE,FALSE
"2026-08-13","SOXL",0.06,,"PUT",130,145.36,129.94,"2026-08-14","BEAR",2192,3485,5677,,,,,FALSE,FALSE,FALSE
"2026-08-13","RRGB",2.75,,"CALL",7.5,,7.5,"2026-09-18","BEAR",-41,1645,1604,-1,1603,-270,432810,FALSE,FALSE,FALSE
"2026-08-13","SPCX",0.02,,"PUT",134,,133.98,"2026-08-14","BEAR",5342,2442,7784,,,,,FALSE,FALSE,FALSE
"2026-08-13","MSTR",0.01,,"CALL",102,97.1,102,"2026-08-14","BEAR",-10088,23230,13142,,,,,FALSE,FALSE,FALSE
"2026-08-13","INTC",0.01,,"PUT",55,104.56,54.99,"2026-08-21","BEAR",10064,24461,34525,-20,34505,-20,34505,FALSE,FALSE,FALSE
"2026-08-13","MSTR",0.01,,"CALL",109,97.1,109,"2026-08-14","BEAR",-9933,17508,7575,,,,,FALSE,FALSE,FALSE
"2026-08-13","ORCL",0.01,,"PUT",100,156.22,99.99,"2026-08-21","BEAR",9520,8804,18324,5,18329,5,18329,FALSE,FALSE,FALSE
"2026-08-13","SPCX",0.02,,"CALL",150,,150,"2026-08-14","BEAR",-4701,23502,18801,,,,,FALSE,FALSE,FALSE
"2026-08-13","DRAM",0.02,,"CALL",80,,80,"2026-08-21","BEAR",-4673,27721,23048,3955,27003,3955,27003,FALSE,FALSE,FALSE
"2026-08-13","COIN",0.01,,"CALL",157.5,153.9,157.5,"2026-08-14","BEAR",-7194,12635,5441,,,,,FALSE,FALSE,FALSE
"2026-08-13","PYPG",1.4,,"CALL",8,,8,"2026-08-21","BEAR",-45,510,465,0,465,0,73935,FALSE,FALSE,FALSE
"2026-08-13","TSLA",0.01,,"PUT",330,339.96,329.99,"2026-08-14","BEAR",6072,4357,10429,,,,,FALSE,FALSE,FALSE
"2026-08-13","CBRS",0.02,,"PUT",200,,199.98,"2026-08-14","BEAR",2883,2084,4967,,,,,FALSE,FALSE,FALSE
"2026-08-13","TER",0.07,,"CALL",425,410.52,425,"2026-08-14","BEAR",-708,1318,610,,,,,FALSE,FALSE,FALSE
"2026-08-13","AMAT",0.03,,"PUT",480,534.54,479.97,"2026-08-14","BEAR",1262,349,1611,,,,,FALSE,FALSE,FALSE
"2026-08-13","SPCX",0.01,,"PUT",130,,129.99,"2026-08-14","BEAR",2809,17246,20055,,,,,FALSE,FALSE,FALSE
"2026-08-13","AMAT",0.01,,"PUT",450,534.54,449.99,"2026-08-14","BEAR",2570,1743,4313,,,,,FALSE,FALSE,FALSE
"2026-08-13","AMAT",0.01,,"PUT",460,534.54,459.99,"2026-08-14","BEAR",1707,502,2209,,,,,FALSE,FALSE,FALSE
"2026-08-13","NVDL",0.01,,"CALL",38,36.79,38,"2026-08-14","BEAR",-1524,6171,4647,,,,,FALSE,FALSE,FALSE
"2026-08-13","BOC",0.1,,"CALL",15,,15,"2026-08-21","BEAR",-120,856,736,0,736,0,3680,FALSE,FALSE,FALSE
"2026-08-13","AORT",0.1,,"CALL",30,,30,"2026-08-21","BEAR",-15,1131,1116,-53,1063,-1325,26575,FALSE,FALSE,FALSE
"2026-08-14","NVDA",2.58,,"CALL",227.5,225.16,230.08,"2026-08-21","BULL",59775,15884,75659,3367,79026,205387,4820586,FALSE,FALSE,FALSE
"2026-08-14","GLD",5.6,,"CALL",490,401.48,495.6,"2027-01-15","BULL",20004,15687,35691,23010,58701,10699650,27295965,TRUE,FALSE,TRUE
"2026-08-14","GLD",5.15,,"CALL",495,401.48,500.15,"2027-01-15","BULL",20000,13424,33424,23048,56472,9818448,24057072,TRUE,FALSE,TRUE
"2026-08-14","EWY",11.9,,"CALL",190,179.74,201.9,"2026-09-18","BULL",7554,4937,12491,-298,12193,-131120,5364920,FALSE,FALSE,TRUE
"2026-08-14","SPCX",38.31,,"CALL",110,,148.31,"2026-09-18","BULL",2283,2714,4997,-5,4992,-18050,18021120,FALSE,FALSE,FALSE
"2026-08-14","LITE",32,,"CALL",1000,926.14,1032,"2026-08-21","BULL",2251,1208,3459,155,3614,40920,954096,FALSE,FALSE,TRUE
"2026-08-14","NVDA",3.95,,"PUT",210,225.16,210,"2026-09-18","BULL",-18232,60317,42085,1683,43768,915552,23809792,TRUE,FALSE,FALSE
"2026-08-14","SPY",2.03,,"CALL",785,776.34,787.03,"2026-08-31","BULL",33001,3140,36141,-17,36124,-1496,3178912,FALSE,FALSE,FALSE
"2026-08-14","NEM",2.91,,"CALL",140,117.76,142.91,"2026-10-16","BULL",20985,286,21271,6,21277,1242,4404339,FALSE,FALSE,TRUE
"2026-08-14","GLD",7.08,,"CALL",475,401.48,482.08,"2027-01-15","BULL",7454,3928,11382,1,11383,595,6772885,FALSE,FALSE,TRUE
"2026-08-14","QQQ",5.1,,"CALL",760,731.07,765.1,"2026-09-18","BULL",9935,20106,30041,1074,31115,262056,7592060,FALSE,FALSE,FALSE
"2026-08-14","AMD",15.94,,"CALL",510,514.39,525.94,"2026-08-21","BULL",3159,3117,6276,-108,6168,-21168,1208928,FALSE,FALSE,FALSE
"2026-08-14","EWY",6.99,,"CALL",185,179.74,191.99,"2026-08-21","BULL",6999,7858,14857,-5814,9043,-238374,370763,FALSE,FALSE,TRUE
"2026-08-14","AS",1.6,,"CALL",32.5,32.87,34.1,"2026-08-21","BULL",26852,3043,29895,-371,29524,-50085,3985740,FALSE,FALSE,FALSE
"2026-08-14","CBRS",27,,"CALL",230,,257,"2026-08-21","BULL",1472,663,2135,-261,1874,-171738,1233092,FALSE,FALSE,FALSE
"2026-08-14","AMD",10.55,,"CALL",520,514.39,530.55,"2026-08-21","BULL",3015,3611,6626,145,6771,15660,731268,FALSE,FALSE,FALSE
"2026-08-14","SPCX",8.8,,"CALL",140,,148.8,"2026-08-21","BULL",3517,12863,16380,-2570,13810,-1559990,8382670,FALSE,FALSE,FALSE
"2026-08-14","TSLA",4.1,,"CALL",345,342.27,349.1,"2026-08-21","BULL",7531,6541,14072,809,14881,195778,3601202,FALSE,FALSE,FALSE
"2026-08-14","GOOGL",7,,"CALL",415,345.9,422,"2026-12-18","BULL",4271,1602,5873,-40,5833,-27600,4024770,FALSE,FALSE,TRUE
"2026-08-14","DRAM",8.2,,"CALL",60,,68.2,"2026-10-16","BULL",3586,13011,16597,-243,16354,-115425,7768150,FALSE,FALSE,FALSE
"2026-08-14","MSTR",4.1,,"CALL",95,93.04,99.1,"2026-08-21","BULL",7105,36348,43453,527,43980,135966,11346840,FALSE,FALSE,TRUE
"2026-08-14","COIN",3.81,,"CALL",152.5,148.47,156.31,"2026-08-21","BULL",7583,372,7955,419,8374,95532,1909272,FALSE,FALSE,TRUE
"2026-08-14","BABA",4.75,,"CALL",130,123.81,134.75,"2026-09-18","BULL",5700,30620,36320,-471,35849,-263760,20075440,FALSE,FALSE,TRUE
"2026-08-14","KEEL",1.35,,"CALL",7,,8.35,"2028-01-21","BULL",20034,12175,32209,-1,32208,-110,3542880,FALSE,FALSE,FALSE
"2026-08-14","BABA",5.2,,"CALL",135,123.81,140.2,"2026-10-16","BULL",5094,3237,8331,-124,8207,-73160,4842130,FALSE,FALSE,TRUE
"2026-08-14","NVDA",0.6,,"CALL",235,225.16,235.6,"2026-08-21","BULL",43355,33707,77062,8050,85112,104650,1106456,FALSE,FALSE,FALSE
"2026-08-14","DRAM",4.37,,"CALL",70,,74.37,"2026-10-16","BULL",5881,5624,11505,14928,26433,3433440,6079590,TRUE,FALSE,FALSE
"2026-08-14","AXTI",11.9,,"CALL",100,81.64,111.9,"2026-09-18","BULL",2099,1699,3798,-1183,2615,-804440,1778200,FALSE,FALSE,TRUE
"2026-08-14","MSTR",3.25,,"CALL",96.5,93.04,99.75,"2026-08-21","BULL",6727,489,7216,70,7286,13580,1413484,FALSE,FALSE,TRUE
"2026-08-14","SLV",1.74,,"CALL",63,58.48,64.74,"2026-09-18","BULL",12326,39422,51748,12463,64211,1370930,7063210,TRUE,FALSE,TRUE
"2026-08-14","AVGO",6.96,,"CALL",395,392.99,401.96,"2026-08-21","BULL",2855,467,3322,48,3370,7920,556050,FALSE,FALSE,FALSE
"2026-08-14","WULF",0.64,,"CALL",30,17.38,30.64,"2026-11-20","BULL",29388,13648,43036,-80,42956,-3200,1718240,FALSE,FALSE,TRUE
"2026-08-14","BRUN",13.5,,"PUT",35,,35,"2026-11-20","BULL",-1391,6991,5600,0,5600,0,7560000,FALSE,FALSE,FALSE
"2026-08-14","IREN",2.09,,"CALL",46,44.06,48.09,"2026-08-21","BULL",8949,3117,12066,4385,16451,201710,756746,FALSE,FALSE,TRUE
"2026-08-14","APP",17.5,,"CALL",320,315.44,337.5,"2026-09-18","BULL",1043,438,1481,122,1603,197640,2596860,FALSE,FALSE,TRUE
"2026-08-14","GDX",1.98,,"CALL",92,89.97,93.98,"2026-08-21","BULL",8831,3731,12562,-75,12487,-5250,874090,FALSE,FALSE,FALSE
"2026-08-14","ORCL",3.23,,"CALL",250,150.52,253.23,"2026-12-18","BULL",5019,20482,25501,5717,31218,1532156,8366424,TRUE,FALSE,TRUE
"2026-08-14","HL",2.47,,"CALL",24,18.37,26.47,"2027-03-19","BULL",6363,2586,8949,1549,10498,331486,2246572,FALSE,FALSE,TRUE
"2026-08-14","ALAB",15.75,,"CALL",330,321.61,345.75,"2026-08-21","BULL",962,725,1687,159,1846,26235,304590,FALSE,FALSE,TRUE
"2026-08-14","INTC",1.48,,"CALL",135,102.5,136.48,"2026-09-18","BULL",9239,21790,31029,1144,32173,65208,1833861,FALSE,FALSE,TRUE
"2026-08-14","VG",0.5,,"CALL",15,13.99,15.5,"2026-09-18","BULL",26913,18703,45616,145,45761,10005,3157509,FALSE,FALSE,TRUE
"2026-08-14","IHI",0.19,,"PUT",47,55.76,47,"2026-10-16","BULL",-64537,108062,43525,0,43525,0,522300,FALSE,FALSE,FALSE
"2026-08-14","APPS",3.28,,"CALL",11,12.44,14.28,"2026-12-18","BULL",3732,669,4401,0,4401,0,1443528,FALSE,FALSE,FALSE
"2026-08-14","DRAM",3.88,,"CALL",65,,68.88,"2026-09-18","BULL",2960,19873,22833,698,23531,111680,3764960,FALSE,FALSE,FALSE
"2026-08-14","WDAY",1.55,,"CALL",200,,201.55,"2026-08-21","BULL",7023,594,7617,510,8127,78030,1243431,FALSE,FALSE,FALSE
"2026-08-14","ROIV",2.2,,"CALL",40,,42.2,"2026-12-18","BULL",4906,4,4910,6742,11652,1955180,3379080,TRUE,FALSE,FALSE
"2026-08-14","MSTR",1.7,,"CALL",101,93.04,102.7,"2026-08-21","BULL",6202,4463,10665,395,11060,29625,829500,FALSE,FALSE,TRUE
"2026-08-14","NVDA",0.38,,"PUT",170,225.16,170,"2026-09-18","BULL",-27352,69520,42168,-64,42104,-3072,2020992,FALSE,FALSE,FALSE
"2026-08-14","NXPI",2.56,,"CALL",360,234.71,362.56,"2026-12-18","BULL",4000,232,4232,0,4232,0,1083392,FALSE,FALSE,TRUE
"2026-08-14","AME",8.2,,"CALL",270,254.79,278.2,"2026-11-20","BULL",1241,112,1353,0,1353,0,830742,FALSE,FALSE,TRUE
"2026-08-14","CCXI",2.5,,"CALL",20,,22.5,"2026-09-18","BULL",4070,6167,10237,-32,10205,-4352,1387880,FALSE,FALSE,FALSE
"2026-08-14","QQQ",0.63,,"CALL",800,731.07,800.63,"2026-09-18","BULL",15775,43673,59448,189,59637,5292,1669836,FALSE,FALSE,TRUE
"2026-08-14","BMNR",1.9,,"CALL",17,18.08,18.9,"2026-08-21","BULL",5194,3147,8341,-1921,6420,-343859,1149180,FALSE,FALSE,FALSE
"2026-08-14","SPCX",3.2,,"CALL",150,,153.2,"2026-08-21","BULL",2687,42362,45049,3209,48258,542321,8155602,TRUE,FALSE,FALSE
"2026-08-14","AMAT",3.55,,"CALL",700,507.18,703.55,"2026-09-18","BULL",2406,4160,6566,17,6583,2890,1119110,FALSE,FALSE,TRUE
"2026-08-14","HONA",33.2,,"PUT",200,,200,"2026-08-21","BULL",-257,315,58,0,58,0,192560,FALSE,FALSE,FALSE
"2026-08-14","SPCX",2.98,,"PUT",125,,125,"2026-09-18","BULL",-2821,15430,12609,270,12879,88560,4224312,FALSE,FALSE,FALSE
"2026-08-14","IBKR",3.4,,"CALL",95,92.06,98.4,"2026-09-18","BULL",2293,1449,3742,-2363,1379,-555305,324065,FALSE,FALSE,TRUE
"2026-08-14","AMZN",1.18,,"CALL",275,262.65,276.18,"2026-08-28","BULL",6588,5746,12334,1433,13767,139001,1335399,FALSE,FALSE,TRUE
"2026-08-14","FTI",2.3,,"CALL",85,78.61,87.3,"2026-10-16","BULL",2971,1511,4482,15,4497,3495,1047801,FALSE,FALSE,TRUE
"2026-08-14","GLD",0.5,,"PUT",350,401.48,350,"2026-09-18","BULL",-13172,40707,27535,-138,27397,-8004,1589026,FALSE,FALSE,FALSE
"2026-08-14","TSLA",1.26,,"CALL",357.5,342.27,358.76,"2026-08-21","BULL",5187,3239,8426,797,9223,53399,617941,FALSE,FALSE,FALSE
"2026-08-14","QQQ",0.68,,"CALL",730,731.07,730.68,"2026-08-17","BULL",9348,1851,11199,0,11199,0,761532,FALSE,FALSE,FALSE
"2026-08-14","NVTS",1.02,,"CALL",14.5,14.45,15.52,"2026-08-28","BULL",6145,219,6364,1900,8264,66500,289240,FALSE,FALSE,TRUE
"2026-08-14","BIDU",1.42,,"CALL",115,103.67,116.42,"2026-09-04","BULL",4038,168,4206,-3,4203,-57,79857,FALSE,FALSE,TRUE
"2026-08-14","GDX",0.78,,"CALL",95,89.97,95.78,"2026-08-21","BULL",7305,16750,24055,1336,25391,28056,533211,FALSE,FALSE,TRUE
"2026-08-14","APLD",1.7,,"CALL",30,31.2,31.7,"2026-08-21","BULL",3225,2121,5346,221,5567,13923,350721,FALSE,FALSE,FALSE
"2026-08-14","NOK",0.14,,"CALL",14,10.76,14.14,"2026-09-18","BULL",39126,74725,113851,-45351,68500,-362808,548000,FALSE,FALSE,TRUE
"2026-08-14","VSXY",10.46,,"PUT",95,89.02,95,"2026-08-21","BULL",-509,2222,1713,-421,1292,-440366,1351432,FALSE,FALSE,FALSE
"2026-08-14","SYK",6.3,,"CALL",390,,396.3,"2026-12-18","BULL",816,65,881,78,959,50700,623350,FALSE,FALSE,FALSE
"2026-08-14","BIDU",2.36,,"PUT",101,103.67,101,"2026-08-21","BULL",-2171,4304,2133,-199,1934,-172931,1680646,FALSE,FALSE,FALSE
"2026-08-14","TQQQ",0.88,,"CALL",85,76.79,85.88,"2026-09-04","BULL",5672,1524,7196,5,7201,135,194427,FALSE,FALSE,TRUE
"2026-08-14","NNE",2.42,,"CALL",27,19.66,29.42,"2027-01-15","BULL",2000,2773,4773,0,4773,0,954600,FALSE,FALSE,TRUE
"2026-08-14","RDDT",1.5,,"CALL",180,178.09,181.5,"2026-08-21","BULL",3131,2484,5615,1340,6955,57620,299065,FALSE,FALSE,FALSE
"2026-08-14","MUU",4.2,,"CALL",32,,36.2,"2026-08-21","BULL",1112,838,1950,-398,1552,-31840,124160,FALSE,FALSE,FALSE
"2026-08-14","MAT",0.4,,"CALL",15,15.03,15.4,"2026-09-18","BULL",11465,10444,21909,-6,21903,-270,985635,FALSE,FALSE,FALSE
"2026-08-14","BAC",0.41,,"CALL",65,64.49,65.41,"2026-08-21","BULL",11147,25673,36820,201,37021,2814,518294,FALSE,FALSE,FALSE
"2026-08-14","QQQ",0.83,,"CALL",795,731.07,795.83,"2026-09-18","BULL",5249,3786,9035,-3079,5956,-107765,208460,FALSE,FALSE,TRUE
"2026-08-14","SMCI",0.42,,"CALL",41,39.84,41.42,"2026-08-21","BULL",10209,12966,23175,2054,25229,47242,580267,FALSE,FALSE,FALSE
"2026-08-14","CLX",0.55,,"PUT",95,,95,"2026-09-18","BULL",-7508,10725,3217,-83,3134,-3154,119092,FALSE,FALSE,FALSE
"2026-08-14","BETA",1.44,,"CALL",30,,31.44,"2026-10-16","BULL",2850,656,3506,517,4023,81169,631611,FALSE,FALSE,FALSE
"2026-08-14","GLXY",0.8,,"CALL",32.5,21.66,33.3,"2026-10-16","BULL",4862,282,5144,-19,5125,-912,246000,FALSE,FALSE,TRUE
"2026-08-14","COIN",1.52,,"CALL",160,148.47,161.52,"2026-08-21","BULL",2451,11282,13733,4204,17937,332116,1417023,FALSE,FALSE,TRUE
"2026-08-14","APLD",1.2,,"CALL",31,31.2,32.2,"2026-08-21","BULL",2978,2857,5835,172,6007,6192,216252,FALSE,FALSE,FALSE
"2026-08-14","SPCX",1.28,,"CALL",200,,201.28,"2026-09-18","BULL",2439,16336,18775,22,18797,2002,1710527,FALSE,FALSE,FALSE
"2026-08-14","SG",0.44,,"CALL",6,6.28,6.44,"2026-09-18","BULL",6638,3539,10177,13,10190,611,478930,FALSE,FALSE,FALSE
"2026-08-14","SHEL",0.28,,"CALL",94,90.47,94.28,"2026-08-21","BULL",10269,236,10505,51,10556,1173,242788,FALSE,FALSE,FALSE
"2026-08-14","TLT",0.07,,"CALL",82.5,,82.57,"2026-08-21","BULL",38756,10489,49245,-579,48666,-4053,340662,FALSE,FALSE,FALSE
"2026-08-14","SPCE",0.37,,"CALL",3,3.32,3.37,"2026-09-18","BULL",6505,2187,8692,-298,8394,-11026,310578,FALSE,FALSE,FALSE
"2026-08-14","GLXY",0.68,,"CALL",26,21.66,26.68,"2026-09-04","BULL",3524,16,3540,68,3608,1904,101024,FALSE,FALSE,TRUE
"2026-08-14","DRAM",0.67,,"CALL",122,,122.67,"2026-11-20","BULL",3289,23832,27121,2345,29466,79730,1001844,FALSE,FALSE,FALSE
"2026-08-14","RDDT",0.83,,"CALL",185,178.09,185.83,"2026-08-21","BULL",2568,1245,3813,-793,3020,-17446,66440,FALSE,FALSE,FALSE
"2026-08-14","RGTI",0.25,,"CALL",35,18.82,35.25,"2026-10-16","BULL",7897,481,8378,-25,8353,-425,142001,FALSE,FALSE,TRUE
"2026-08-14","STUB",0.4,,"CALL",7.5,8.08,7.9,"2026-09-18","BULL",4918,5488,10406,48,10454,1824,397252,FALSE,FALSE,FALSE
"2026-08-14","FCEL",1.15,,"CALL",30,22.37,31.15,"2026-09-18","BULL",1666,1895,3561,-693,2868,-65835,272460,FALSE,FALSE,TRUE
"2026-08-14","PTC",0.85,,"CALL",160,149.75,160.85,"2026-08-21","BULL",2198,719,2917,0,2917,0,247945,FALSE,FALSE,TRUE
"2026-08-14","EROC",3.25,,"CALL",20,,23.25,"2027-02-19","BULL",502,24,526,26,552,7488,158976,FALSE,FALSE,FALSE
"2026-08-14","DRAM",0.43,,"PUT",45,,45,"2026-09-18","BULL",-3755,21249,17494,-1076,16418,-103296,1576128,FALSE,FALSE,FALSE
"2026-08-14","XOM",0.18,,"CALL",170,160.1,170.18,"2026-08-21","BULL",8848,7795,16643,-866,15777,-40702,741519,FALSE,FALSE,TRUE
"2026-08-14","NKLR",0.95,,"PUT",5,,5,"2026-11-20","BULL",-1673,8344,6671,0,6671,0,633745,FALSE,FALSE,FALSE
"2026-08-14","SMCI",0.14,,"CALL",44,39.84,44.14,"2026-08-21","BULL",10075,13908,23983,555,24538,3330,147228,FALSE,FALSE,TRUE
"2026-08-14","DNUT",0.28,,"CALL",4,3.33,4.28,"2026-11-20","BULL",4916,756,5672,2,5674,44,124828,FALSE,FALSE,TRUE
"2026-08-14","SQQQ",0.28,,"CALL",38,36.24,38.28,"2026-08-21","BULL",4679,3562,8241,156,8397,13104,705348,FALSE,FALSE,TRUE
"2026-08-14","UVXY",0.61,,"CALL",28,20.1,28.61,"2026-09-18","BULL",1956,1586,3542,-1,3541,-60,212460,FALSE,FALSE,TRUE
"2026-08-14","GLAS",1.75,,"CALL",12.5,,14.25,"2027-02-19","BULL",666,3723,4389,1576,5965,219064,829135,FALSE,FALSE,FALSE
"2026-08-14","SPY",0.21,,"CALL",785,776.34,785.21,"2026-08-21","BULL",5361,30933,36294,9853,46147,39412,184588,FALSE,FALSE,FALSE
"2026-08-14","KORU",0.25,,"PUT",1,,1,"2028-12-15","BULL",-4222,17077,12855,-2660,10195,-66500,254875,FALSE,FALSE,FALSE
"2026-08-14","SNDU",4.03,,"CALL",27,,31.03,"2026-08-21","BULL",261,83,344,1,345,75,25875,FALSE,FALSE,FALSE
"2026-08-14","AXP",0.57,,"CALL",350,,350.57,"2026-08-21","BULL",1781,760,2541,108,2649,3564,87417,FALSE,FALSE,FALSE
"2026-08-14","BKSY",0.8,,"CALL",40,30.92,40.8,"2026-09-18","BULL",1262,472,1734,81,1815,4050,90750,FALSE,FALSE,TRUE
"2026-08-14","RDDT",0.46,,"CALL",190,178.09,190.46,"2026-08-21","BULL",2166,1037,3203,-817,2386,-8170,23860,FALSE,FALSE,TRUE
"2026-08-14","GIS",0.25,,"PUT",35,,35,"2026-09-18","BULL",-3505,16377,12872,29,12901,754,335426,FALSE,FALSE,FALSE
"2026-08-14","BIDU",0.12,,"CALL",160,103.67,160.12,"2026-09-18","BULL",7279,1709,8988,7,8995,56,71960,FALSE,FALSE,TRUE
"2026-08-14","CAVA",0.45,,"CALL",75,74.42,75.45,"2026-08-21","BULL",1909,1630,3539,18,3557,378,74697,FALSE,FALSE,FALSE
"2026-08-14","KALU",4,,"CALL",200,,204,"2026-09-18","BULL",213,83,296,0,296,0,118400,FALSE,FALSE,FALSE
"2026-08-14","CRWD",0.84,,"CALL",230,216.95,230.84,"2026-08-21","BULL",982,2557,3539,91,3630,2275,90750,FALSE,FALSE,TRUE
"2026-08-14","KO",0.12,,"CALL",89,87.71,89.12,"2026-08-21","BULL",6847,3080,9927,50,9977,2600,518804,FALSE,FALSE,FALSE
"2026-08-14","META",0.12,,"CALL",650,589.85,650.12,"2026-08-21","BULL",6571,8681,15252,1246,16498,8722,115486,FALSE,FALSE,TRUE
"2026-08-14","MSTY",0.8,,"CALL",13,,13.8,"2027-01-15","BULL",936,77,1013,0,1013,0,81040,FALSE,FALSE,FALSE
"2026-08-14","META",0.07,,"CALL",670,589.85,670.07,"2026-08-21","BULL",10030,5678,15708,-3988,11720,-15952,46880,FALSE,FALSE,TRUE
"2026-08-14","AMD",0.11,,"CALL",530,514.39,530.11,"2026-08-17","BULL",6354,291,6645,0,6645,0,73095,FALSE,FALSE,FALSE
"2026-08-14","SQQQ",0.31,,"CALL",41,36.24,41.31,"2026-08-28","BULL",2177,212,2389,741,3130,51129,215970,FALSE,FALSE,TRUE
"2026-08-14","FRMI",0.09,,"CALL",8,6.4,8.09,"2026-08-28","BULL",7229,2528,9757,144,9901,720,49505,FALSE,FALSE,TRUE
"2026-08-14","SQQQ",0.09,,"CALL",40,36.24,40.09,"2026-08-21","BULL",7194,8139,15333,398,15731,10348,409006,FALSE,FALSE,TRUE
"2026-08-14","MRCY",1.32,,"PUT",90,,90,"2026-08-21","BULL",-487,1796,1309,-114,1195,-15048,157740,FALSE,FALSE,FALSE
"2026-08-14","TSLA",0.11,,"CALL",342.5,342.27,342.61,"2026-08-17","BULL",5521,1396,6917,0,6917,0,76087,FALSE,FALSE,FALSE
"2026-08-14","INBX",2,,"CALL",100,,102,"2026-08-21","BULL",302,34,336,-2,334,-480,80160,FALSE,FALSE,FALSE
"2026-08-14","KHC",0.03,,"CALL",26,,26.03,"2026-08-21","BULL",19270,3032,22302,-57,22245,-171,66735,FALSE,FALSE,FALSE
"2026-08-14","MU",0.1,,"CALL",1050,971.66,1050.1,"2026-08-17","BULL",4023,874,4897,0,4897,0,48970,FALSE,FALSE,TRUE
"2026-08-14","RDDT",0.15,,"CALL",200,178.09,200.15,"2026-08-21","BULL",2374,5997,8371,1201,9572,6005,47860,FALSE,FALSE,TRUE
"2026-08-14","RRGB",1.05,,"CALL",12.5,,13.55,"2026-12-18","BULL",262,1161,1423,0,1423,0,170760,FALSE,FALSE,FALSE
"2026-08-14","FRMI",0.03,,"CALL",7.5,6.4,7.53,"2026-08-21","BULL",8703,23125,31828,24,31852,96,127408,FALSE,FALSE,TRUE
"2026-08-14","META",0.07,,"CALL",680,589.85,680.07,"2026-08-21","BULL",3623,6379,10002,-430,9572,-860,19144,FALSE,FALSE,TRUE
"2026-08-14","XRP",0.72,,"CALL",19,,19.72,"2027-02-19","BULL",316,89,405,40,445,2880,32040,FALSE,FALSE,FALSE
"2026-08-14","OMER",0.1,,"CALL",20,,20.1,"2026-08-21","BULL",2091,4268,6359,200,6559,2000,65590,FALSE,FALSE,FALSE
"2026-08-14","KHC",0.01,,"CALL",26.5,,26.51,"2026-08-21","BULL",18952,2116,21068,-26,21042,-26,21042,FALSE,FALSE,FALSE
"2026-08-14","VOO",0.08,,"CALL",725,,725.08,"2026-08-21","BULL",2301,92,2393,71,2464,355,12320,FALSE,FALSE,FALSE
"2026-08-14","ARIS",0.17,,"PUT",15,17.89,15,"2026-09-18","BULL",-1069,3578,2509,-520,1989,-10920,41769,FALSE,FALSE,FALSE
"2026-08-14","AVGO",0.03,,"CALL",405,392.99,405.03,"2026-08-17","BULL",5910,26,5936,0,5936,0,17808,FALSE,FALSE,FALSE
"2026-08-14","ELVA",0.44,,"CALL",12.5,,12.94,"2026-11-20","BULL",390,71,461,5,466,175,16310,FALSE,FALSE,FALSE
"2026-08-14","DOCU",0.1,,"CALL",67,62.04,67.1,"2026-08-21","BULL",1650,95,1745,40,1785,440,19635,FALSE,FALSE,TRUE
"2026-08-14","DNUT",0.05,,"CALL",3.5,3.33,3.55,"2026-08-21","BULL",2923,2106,5029,77,5106,231,15318,FALSE,FALSE,TRUE
"2026-08-14","VXX",0.04,,"CALL",22,19.355,22.04,"2026-08-21","BULL",3539,2025,5564,234,5798,702,17394,FALSE,FALSE,TRUE
"2026-08-14","IBIT",0.01,,"CALL",50,35.63,50.01,"2026-09-04","BULL",12000,116,12116,-15,12101,-15,12101,FALSE,FALSE,TRUE
"2026-08-14","SPCX",0.05,,"PUT",115,,115,"2026-08-21","BULL",-2253,26283,24030,-265,23765,-1060,95060,FALSE,FALSE,FALSE
"2026-08-14","SNDK",0.04,,"PUT",800,1641.11,800,"2026-08-21","BULL",-2749,7455,4706,69,4775,276,19100,FALSE,FALSE,FALSE
"2026-08-14","NBIZ",0.05,,"CALL",9,4.435,9.05,"2026-08-21","BULL",2023,2,2025,0,2025,0,10125,FALSE,FALSE,TRUE
"2026-08-14","SPY",0.01,,"CALL",780,776.34,780.01,"2026-08-17","BULL",9836,7568,17404,0,17404,0,17404,FALSE,FALSE,FALSE
"2026-08-14","AMBA",0.05,,"CALL",100,82.04,100.05,"2026-08-21","BULL",1907,1983,3890,14,3904,70,19520,FALSE,FALSE,TRUE
"2026-08-14","SPY",0.01,,"CALL",777,776.34,777.01,"2026-08-17","BULL",7871,2098,9969,0,9969,0,9969,FALSE,FALSE,FALSE
"2026-08-14","TSLA",0.01,,"CALL",350,342.27,350.01,"2026-08-17","BULL",7058,4638,11696,0,11696,0,11696,FALSE,FALSE,FALSE
"2026-08-14","SPY",0.01,,"CALL",850,776.34,850.01,"2026-08-21","BULL",5976,10388,16364,-322,16042,-322,16042,FALSE,FALSE,TRUE
"2026-08-14","QQQ",0.01,,"CALL",740,731.07,740.01,"2026-08-17","BULL",5770,5834,11604,0,11604,0,11604,FALSE,FALSE,FALSE
"2026-08-14","SPY",0.01,,"CALL",778,776.34,778.01,"2026-08-17","BULL",5423,2837,8260,0,8260,0,8260,FALSE,FALSE,FALSE
"2026-08-14","ASO",0.06,,"CALL",52,,52.06,"2026-08-21","BULL",899,2787,3686,-23,3663,-345,54945,FALSE,FALSE,FALSE
"2026-08-14","TSLA",0.01,,"CALL",360,342.27,360.01,"2026-08-17","BULL",5204,6870,12074,0,12074,0,12074,FALSE,FALSE,TRUE
"2026-08-14","PKE",0.11,,"CALL",40,,40.11,"2026-08-21","BULL",403,156,559,-16,543,-160,5430,FALSE,FALSE,FALSE
"2026-08-14","DRAM",0.01,,"CALL",80,,80.01,"2026-08-21","BULL",3658,23048,26706,297,27003,297,27003,FALSE,FALSE,FALSE
"2026-08-14","CRNX",0.05,,"CALL",85,,85.05,"2026-09-18","BULL",609,921,1530,0,1530,0,7650,FALSE,FALSE,FALSE
"2026-08-14","LULU",0.01,,"CALL",140,119.55,140.01,"2026-08-21","BULL",1704,1957,3661,-19,3642,-38,7284,FALSE,FALSE,TRUE
"2026-08-14","XOM",30.9,,"CALL",130,160.1,130,"2026-09-18","BEAR",-7637,7870,233,-5,228,-15975,728460,FALSE,FALSE,FALSE
"2026-08-14","SKHY",52.78,,"CALL",125,,125,"2026-08-21","BEAR",-2429,7887,5458,0,5458,0,18557200,FALSE,FALSE,FALSE
"2026-08-14","SOXS",23.44,,"CALL",20,40.28,20,"2027-01-15","BEAR",-5419,5420,1,0,1,0,2344,FALSE,FALSE,FALSE
"2026-08-14","HOOD",15.22,,"PUT",100,95.56,84.78,"2026-12-18","BEAR",8253,7625,15878,-39,15839,-65130,26451130,FALSE,FALSE,FALSE
"2026-08-14","TSLA",14.5,,"PUT",340,342.27,325.5,"2026-09-18","BEAR",7921,10065,17986,839,18825,1429656,32077800,TRUE,FALSE,FALSE
"2026-08-14","AVGO",24.76,,"PUT",400,392.99,375.24,"2026-09-18","BEAR",3797,4218,8015,-1393,6622,-4621974,21971796,FALSE,FALSE,FALSE
"2026-08-14","IHI",0.82,,"PUT",52,55.76,51.18,"2026-10-16","BEAR",104992,1156,106148,19,106167,1558,8705694,FALSE,FALSE,FALSE
"2026-08-14","NN",3.29,,"CALL",18,19.895,18,"2026-09-18","BEAR",-22498,37130,14632,-4,14628,-1316,4812612,FALSE,FALSE,FALSE
"2026-08-14","XOM",11.8,,"CALL",150,160.1,150,"2026-08-21","BEAR",-5754,6630,876,-32,844,-47264,1246588,FALSE,FALSE,FALSE
"2026-08-14","NVO",5.3,,"CALL",40,45.89,40,"2026-09-18","BEAR",-10901,13101,2200,-38,2162,-23180,1318820,FALSE,FALSE,FALSE
"2026-08-14","IWM",2.02,,"PUT",290,305.09,287.98,"2026-09-18","BEAR",28224,67947,96171,-16763,79408,-4492484,21281344,FALSE,FALSE,FALSE
"2026-08-14","AAOI",18.64,,"PUT",155,150.28,136.36,"2026-09-18","BEAR",2993,242,3235,71,3306,204480,9521280,FALSE,FALSE,FALSE
"2026-08-14","COP",16.7,,"CALL",110,,110,"2026-09-18","BEAR",-3153,3259,106,-1,105,-2000,210000,FALSE,FALSE,FALSE
"2026-08-14","SPCX",6.6,,"PUT",110,,103.4,"2026-12-18","BEAR",6984,17833,24817,177,24994,116820,16496040,FALSE,FALSE,FALSE
"2026-08-14","COP",11.1,,"CALL",115,,115,"2026-08-21","BEAR",-3400,4027,627,-33,594,-47355,852390,FALSE,FALSE,FALSE
"2026-08-14","SOXX",16.4,,"CALL",590,550.42,590,"2026-09-18","BEAR",-2220,6705,4485,272,4757,184960,3234760,FALSE,FALSE,FALSE
"2026-08-14","TLT",1.46,,"PUT",82,,80.54,"2026-09-18","BEAR",24548,141446,165994,346,166340,41174,19794460,FALSE,FALSE,FALSE
"2026-08-14","SPY",5.99,,"PUT",770,776.34,764.01,"2026-09-04","BEAR",5854,2639,8493,-6,8487,-4980,7044210,FALSE,FALSE,FALSE
"2026-08-14","SNDQ",8,,"CALL",7,,7,"2026-09-18","BEAR",-4032,4033,1,0,1,0,800,FALSE,FALSE,FALSE
"2026-08-14","AMAT",19.64,,"PUT",500,507.18,480.36,"2026-09-18","BEAR",1425,549,1974,156,2130,509340,6954450,TRUE,FALSE,FALSE
"2026-08-14","BLK",45.48,,"CALL",1140,1173.73,1140,"2026-09-18","BEAR",-593,1089,496,1,497,4548,2260356,FALSE,FALSE,FALSE
"2026-08-14","NEM",8.11,,"PUT",100,117.76,91.89,"2027-06-17","BEAR",3255,3503,6758,4019,10777,3259409,8740147,TRUE,FALSE,FALSE
"2026-08-14","DRAM",6,,"CALL",60,,60,"2026-09-18","BEAR",-4333,41596,37263,-3782,33481,-1077870,9542085,FALSE,FALSE,FALSE
"2026-08-14","DRAM",2.98,,"CALL",60,,60,"2026-08-21","BEAR",-7904,112658,104754,-7353,97401,-264708,3506436,FALSE,FALSE,FALSE
"2026-08-14","AMAT",3.7,,"PUT",370,507.18,366.3,"2026-10-16","BEAR",6303,465,6768,134,6902,69680,3589040,FALSE,FALSE,FALSE
"2026-08-14","SPY",2.29,,"PUT",776,776.34,773.71,"2026-08-17","BEAR",8839,4498,13337,0,13337,0,3054173,FALSE,FALSE,FALSE
"2026-08-14","BSX",4.3,,"PUT",50,51.83,45.7,"2027-01-15","BEAR",4686,2361,7047,-3,7044,-1305,3064140,FALSE,FALSE,FALSE
"2026-08-14","SPY",3.38,,"PUT",777,776.34,773.62,"2026-08-17","BEAR",5949,2658,8607,0,8607,0,2909166,FALSE,FALSE,FALSE
"2026-08-14","CG",1.3,,"CALL",47.5,49.28,47.5,"2026-08-21","BEAR",-15006,101019,86013,-14,85999,-1680,10319880,FALSE,FALSE,FALSE
"2026-08-14","NVDA",1.2,,"CALL",270,225.16,270,"2026-09-25","BEAR",-15099,31089,15990,254,16244,19558,1250788,FALSE,FALSE,FALSE
"2026-08-14","LTH",2.95,,"PUT",45,45.26,42.05,"2026-10-16","BEAR",4956,25571,30527,0,30527,0,8394925,FALSE,FALSE,FALSE
"2026-08-14","SOXX",4.35,,"PUT",490,550.42,485.65,"2026-09-11","BEAR",3299,17,3316,-11,3305,-11220,3371100,FALSE,FALSE,FALSE
"2026-08-14","NBIS",4.3,,"PUT",250,277.68,245.7,"2026-08-21","BEAR",2932,2233,5165,4570,9735,5072700,10805850,TRUE,FALSE,FALSE
"2026-08-14","SPCX",1.49,,"PUT",100,,98.51,"2026-10-16","BEAR",8084,36590,44674,3496,48170,545376,7514520,TRUE,FALSE,FALSE
"2026-08-14","SHOP",3.85,,"CALL",160,154.32,160,"2026-09-18","BEAR",-3076,83588,80512,282,80794,90240,25854080,FALSE,FALSE,FALSE
"2026-08-14","WDC",7.25,,"PUT",500,508.8,492.75,"2026-08-21","BEAR",1632,1446,3078,400,3478,707600,6152582,TRUE,FALSE,FALSE
"2026-08-14","TSLA",1.5,,"PUT",290,342.27,288.5,"2026-09-18","BEAR",7258,6092,13350,159,13509,31641,2688291,FALSE,FALSE,FALSE
"2026-08-14","NU",0.85,,"CALL",14,15.23,14,"2026-08-21","BEAR",-12360,42422,30062,-449,29613,-26940,1776780,FALSE,FALSE,FALSE
"2026-08-14","RCL",3.9,,"CALL",330,305,330,"2026-09-18","BEAR",-2666,3585,919,99,1018,37620,386840,FALSE,FALSE,FALSE
"2026-08-14","NEM",1.77,,"CALL",135,117.76,135,"2026-09-18","BEAR",-5415,15242,9827,-12,9815,-1380,1128725,FALSE,FALSE,FALSE
"2026-08-14","DRAM",1.7,,"PUT",53,,51.3,"2026-09-18","BEAR",5219,1386,6605,99,6704,33165,2245840,FALSE,FALSE,FALSE
"2026-08-14","FLEX",3.24,,"PUT",115,126.16,111.76,"2026-09-18","BEAR",2643,217,2860,82,2942,48544,1741664,FALSE,FALSE,FALSE
"2026-08-14","WBD",0.2,,"PUT",20,27.99,19.8,"2026-12-18","BEAR",38485,131842,170327,1311,171638,27531,3604398,FALSE,FALSE,FALSE
"2026-08-14","SPY",1.3,,"PUT",775,776.34,773.7,"2026-08-17","BEAR",5794,5676,11470,0,11470,0,1491100,FALSE,FALSE,FALSE
"2026-08-14","MSGS",9,,"PUT",350,,341,"2027-02-19","BEAR",800,3,803,0,803,0,722700,FALSE,FALSE,FALSE
"2026-08-14","AME",5,,"CALL",260,254.79,260,"2026-09-18","BEAR",-1305,2994,1689,5,1694,1560,528528,FALSE,FALSE,FALSE
"2026-08-14","VG",0.3,,"CALL",14,13.99,14,"2026-08-21","BEAR",-21402,58234,36832,226,37058,11752,1927016,FALSE,FALSE,FALSE
"2026-08-14","VCLT",0.63,,"PUT",71,,70.37,"2026-09-18","BEAR",10000,80,10080,0,10080,0,766080,FALSE,FALSE,FALSE
"2026-08-14","MSTR",1.01,,"PUT",92,93.04,90.99,"2026-08-21","BEAR",6235,1813,8048,812,8860,101500,1107500,FALSE,FALSE,FALSE
"2026-08-14","HIW",6.68,,"CALL",25,,25,"2026-08-21","BEAR",-941,941,0,0,0,0,0,FALSE,TRUE,FALSE
"2026-08-14","NU",0.45,,"CALL",14.5,15.23,14.5,"2026-08-21","BEAR",-13472,28751,15279,-153,15126,-3978,393276,FALSE,FALSE,FALSE
"2026-08-14","CAPR",0.88,,"PUT",5,,4.12,"2026-09-18","BEAR",6404,481,6885,1238,8123,129990,852915,FALSE,FALSE,FALSE
"2026-08-14","ISRG",6.5,,"CALL",530,394.51,530,"2027-01-15","BEAR",-825,1316,491,1,492,570,280440,FALSE,FALSE,FALSE
"2026-08-14","EYPT",0.62,,"PUT",5,,4.38,"2026-08-21","BEAR",8502,2111,10613,-849,9764,-10188,117168,FALSE,FALSE,FALSE
"2026-08-14","NVDA",0.39,,"PUT",215,225.16,214.61,"2026-08-21","BEAR",13246,21427,34673,2475,37148,237600,3566208,FALSE,FALSE,FALSE
"2026-08-14","SPY",0.91,,"PUT",765,776.34,764.09,"2026-08-21","BEAR",5399,48004,53403,1109,54512,204056,10030208,FALSE,FALSE,FALSE
"2026-08-14","WULF",0.33,,"CALL",24,17.38,24,"2026-09-18","BEAR",-14708,41775,27067,54,27121,810,406815,FALSE,FALSE,FALSE
"2026-08-14","CBRS",4.01,,"PUT",160,,155.99,"2026-10-16","BEAR",1066,986,2052,15,2067,10140,1397292,FALSE,FALSE,FALSE
"2026-08-14","SPY",0.65,,"PUT",300,776.34,299.35,"2027-03-19","BEAR",6571,122,6693,2,6695,130,435175,FALSE,FALSE,FALSE
"2026-08-14","CIFR",0.65,,"PUT",15,17.855,14.35,"2026-09-18","BEAR",6254,5085,11339,546,11885,56784,1236040,FALSE,FALSE,FALSE
"2026-08-14","ECHO",3.9,,"CALL",90,91.89,90,"2026-08-21","BEAR",-1001,3411,2410,403,2813,76570,534470,FALSE,FALSE,FALSE
"2026-08-14","IVES",4.3,,"CALL",38,39.97,38,"2026-11-20","BEAR",-882,1956,1074,0,1074,0,408120,FALSE,FALSE,FALSE
"2026-08-14","XE",1.94,,"PUT",20,,18.06,"2026-09-18","BEAR",1921,1534,3455,-40,3415,-10680,911805,FALSE,FALSE,FALSE
"2026-08-14","STUB",0.75,,"CALL",10,8.08,10,"2027-01-15","BEAR",-4255,11626,7371,-4985,2386,-224325,107370,FALSE,FALSE,FALSE
"2026-08-14","DRAM",0.86,,"CALL",80,,80,"2026-09-18","BEAR",-3536,24081,20545,1434,21979,37284,571454,FALSE,FALSE,FALSE
"2026-08-14","CHE",13.7,,"PUT",540,,526.3,"2026-08-21","BEAR",200,351,551,0,551,0,754870,FALSE,FALSE,FALSE
"2026-08-14","NOK",0.13,,"PUT",9,10.76,8.87,"2026-09-18","BEAR",20231,44023,64254,-20204,44050,-383876,836950,FALSE,FALSE,FALSE
"2026-08-14","SPCX",0.5,,"PUT",80,,79.5,"2026-10-16","BEAR",5226,14448,19674,63,19737,2898,907902,FALSE,FALSE,FALSE
"2026-08-14","AMAT",2.95,,"PUT",500,507.18,497.05,"2026-08-21","BEAR",833,2041,2874,-69,2805,-72450,2945250,FALSE,FALSE,FALSE
"2026-08-14","MSTR",0.25,,"PUT",87,93.04,86.75,"2026-08-21","BEAR",9377,1612,10989,6,10995,198,362835,FALSE,FALSE,FALSE
"2026-08-14","SMH",0.04,,"PUT",400,587.82,399.96,"2026-08-21","BEAR",54862,19498,74360,1402,75762,11216,606096,FALSE,FALSE,FALSE
"2026-08-14","TQQQ",0.36,,"PUT",60,76.79,59.64,"2026-09-04","BEAR",5181,1871,7052,899,7951,60233,532717,FALSE,FALSE,FALSE
"2026-08-14","ALOY",3.23,,"CALL",10,,10,"2026-08-21","BEAR",-571,1033,462,-31,431,-11098,154298,FALSE,FALSE,FALSE
"2026-08-14","IBIT",0.1,,"PUT",35,35.63,34.9,"2026-08-21","BEAR",17773,49449,67222,706,67928,2824,271712,FALSE,FALSE,FALSE
"2026-08-14","LESL",0.3,,"PUT",0.5,,0.2,"2027-02-19","BEAR",4962,2146,7108,0,7108,0,213240,FALSE,FALSE,FALSE
"2026-08-14","SMH",0.11,,"PUT",400,587.82,399.89,"2026-08-28","BEAR",12203,387,12590,210,12800,2100,128000,FALSE,FALSE,FALSE
"2026-08-14","EROC",2.63,,"CALL",15,,15,"2026-08-21","BEAR",-453,783,330,-77,253,-13475,44275,FALSE,FALSE,FALSE
"2026-08-14","MULL",5.46,,"CALL",54.6,,54.6,"2027-06-17","BEAR",-203,1331,1128,0,1128,0,532416,FALSE,FALSE,FALSE
"2026-08-14","XLU",0.02,,"PUT",30,,29.98,"2026-12-18","BEAR",54379,0,54379,0,54379,0,108758,FALSE,FALSE,FALSE
"2026-08-14","ALAB",1,,"PUT",285,321.61,284,"2026-08-21","BEAR",1054,203,1257,32,1289,20000,805625,FALSE,FALSE,FALSE
"2026-08-14","SMH",0.06,,"PUT",420,587.82,419.94,"2026-08-21","BEAR",16989,3294,20283,0,20283,0,81132,FALSE,FALSE,FALSE
"2026-08-14","TSLA",0.12,,"PUT",190,342.27,189.88,"2026-09-18","BEAR",8453,582,9035,1,9036,12,108432,FALSE,FALSE,FALSE
"2026-08-14","STUB",0.2,,"CALL",10,8.08,10,"2026-10-16","BEAR",-5050,10583,5533,1,5534,14,77476,FALSE,FALSE,FALSE
"2026-08-14","IREN",0.1,,"PUT",28.5,44.06,28.4,"2026-08-21","BEAR",9626,3826,13452,0,13452,0,13452,FALSE,FALSE,FALSE
"2026-08-14","UEC",0.22,,"PUT",11,11.21,10.78,"2026-08-21","BEAR",4323,3180,7503,848,8351,35616,350742,FALSE,FALSE,FALSE
"2026-08-14","AMAT",0.98,,"PUT",300,507.18,299.02,"2026-10-16","BEAR",945,555,1500,-1,1499,-111,166389,FALSE,FALSE,FALSE
"2026-08-14","SOXL",0.37,,"PUT",60,144.95,59.63,"2026-09-11","BEAR",2452,681,3133,34,3167,2006,186853,FALSE,FALSE,FALSE
"2026-08-14","HIW",0.78,,"CALL",30,,30,"2026-08-21","BEAR",-1116,1124,8,0,8,0,624,FALSE,FALSE,FALSE
"2026-08-14","SPCX",0.34,,"PUT",130,,129.66,"2026-08-21","BEAR",2493,15731,18224,-335,17889,-11055,590337,FALSE,FALSE,FALSE
"2026-08-14","CAT",0.95,,"PUT",815,856.57,814.05,"2026-08-21","BEAR",853,118,971,15,986,6375,419050,FALSE,FALSE,FALSE
"2026-08-14","SMH",0.05,,"PUT",415,587.82,414.95,"2026-08-21","BEAR",15000,1928,16928,-10,16918,-30,50754,FALSE,FALSE,FALSE
"2026-08-14","MEC",0.75,,"CALL",40,,40,"2027-01-15","BEAR",-943,3386,2443,0,2443,0,146580,FALSE,FALSE,FALSE
"2026-08-14","SPCX",0.08,,"PUT",120,,119.92,"2026-08-21","BEAR",8818,13707,22525,-486,22039,-3402,154273,FALSE,FALSE,FALSE
"2026-08-14","MAGS",0.3,,"CALL",72,68.26,72,"2026-09-18","BEAR",-2268,8638,6370,-7,6363,-182,165438,FALSE,FALSE,FALSE
"2026-08-14","TSLA",0.04,,"PUT",210,342.27,209.96,"2026-08-28","BEAR",16277,258,16535,-1,16534,-5,82670,FALSE,FALSE,FALSE
"2026-08-14","MU",0.04,,"PUT",650,971.66,649.96,"2026-08-21","BEAR",15094,3589,18683,-7,18676,-49,130732,FALSE,FALSE,FALSE
"2026-08-14","CBRS",0.3,,"PUT",200,,199.7,"2026-08-21","BEAR",1898,1703,3601,-160,3441,-29600,636585,FALSE,FALSE,FALSE
"2026-08-14","HONA",1.6,,"CALL",170,,170,"2026-08-21","BEAR",-337,706,369,-114,255,-8664,19380,FALSE,FALSE,FALSE
"2026-08-14","FDXF",14.85,,"CALL",140,,140,"2026-09-18","BEAR",-34,297,263,0,263,0,390555,FALSE,FALSE,FALSE
"2026-08-14","SOXL",0.14,,"PUT",100,144.95,99.86,"2026-08-21","BEAR",3521,8888,12409,-752,11657,-48880,757705,FALSE,FALSE,FALSE
"2026-08-14","IBIT",0.04,,"PUT",25,35.63,24.96,"2026-08-21","BEAR",11353,10751,22104,-1,22103,-1,22103,FALSE,FALSE,FALSE
"2026-08-14","NU",0.03,,"PUT",14,15.23,13.97,"2026-08-21","BEAR",14686,17357,32043,-500,31543,-3000,189258,FALSE,FALSE,FALSE
"2026-08-14","PSKY",0.05,,"CALL",13,10.14,13,"2026-09-18","BEAR",-8583,14626,6043,-2,6041,-12,36246,FALSE,FALSE,FALSE
"2026-08-14","IWM",0.02,,"PUT",235,305.09,234.98,"2026-08-28","BEAR",20002,92,20094,0,20094,0,20094,FALSE,FALSE,FALSE
"2026-08-14","HUYA",0.2,,"PUT",2.5,,2.3,"2026-08-21","BEAR",2000,36,2036,0,2036,0,40720,FALSE,FALSE,FALSE
"2026-08-14","IEP",0.04,,"PUT",5,,4.96,"2026-09-18","BEAR",9583,0,9583,0,9583,0,38332,FALSE,FALSE,FALSE
"2026-08-14","TSLA",0.01,,"PUT",130,342.27,129.99,"2026-08-21","BEAR",30892,906,31798,0,31798,0,31798,FALSE,FALSE,FALSE
"2026-08-14","AMD",0.03,,"PUT",300,514.39,299.97,"2026-08-21","BEAR",10033,5323,15356,14,15370,28,30740,FALSE,FALSE,FALSE
"2026-08-14","SMH",0.03,,"PUT",430,587.82,429.97,"2026-08-21","BEAR",9997,22518,32515,142,32657,284,65314,FALSE,FALSE,FALSE
"2026-08-14","SMCI",0.04,,"PUT",25,39.84,24.96,"2026-08-28","BEAR",7353,749,8102,0,8102,0,16204,FALSE,FALSE,FALSE
"2026-08-14","KORU",0.27,,"PUT",20,,19.73,"2026-08-21","BEAR",1042,5221,6263,158,6421,34760,1412620,FALSE,FALSE,FALSE
"2026-08-14","SPY",0.04,,"PUT",619,776.34,618.96,"2026-08-31","BEAR",6775,669,7444,0,7444,0,29776,FALSE,FALSE,FALSE
"2026-08-14","AEVA",0.2,,"CALL",30,23.28,30,"2026-08-21","BEAR",-1175,4466,3291,-142,3149,-1136,25192,FALSE,FALSE,FALSE
"2026-08-14","SPY",0.01,,"PUT",735,776.34,734.99,"2026-08-17","BEAR",20691,665,21356,0,21356,0,21356,FALSE,FALSE,FALSE
"2026-08-14","BIDU",0.06,,"CALL",130,103.67,130,"2026-08-21","BEAR",-3376,7237,3861,541,4402,541,4402,FALSE,FALSE,FALSE
"2026-08-14","SPY",0.02,,"PUT",770,776.34,769.98,"2026-08-17","BEAR",8528,4938,13466,0,13466,0,26932,FALSE,FALSE,FALSE
"2026-08-14","AMD",0.03,,"PUT",350,514.39,349.97,"2026-08-21","BEAR",5002,6227,11229,397,11626,1985,58130,FALSE,FALSE,FALSE
"2026-08-14","QQQ",0.02,,"PUT",722,731.07,721.98,"2026-08-17","BEAR",5665,682,6347,0,6347,0,12694,FALSE,FALSE,FALSE
"2026-08-14","AMAT",0.12,,"PUT",440,507.18,439.88,"2026-08-21","BEAR",916,508,1424,-306,1118,-13464,49192,FALSE,FALSE,FALSE
"2026-08-14","AVAH",0.32,,"CALL",12.5,,12.5,"2026-08-21","BEAR",-339,609,270,4,274,112,7672,FALSE,FALSE,FALSE
"2026-08-14","MU",0.01,,"PUT",155,971.66,154.99,"2026-08-21","BEAR",10504,1553,12057,0,12057,0,12057,FALSE,FALSE,FALSE
"2026-08-14","MU",0.01,,"PUT",160,971.66,159.99,"2026-08-21","BEAR",10500,793,11293,-3,11290,-3,11290,FALSE,FALSE,FALSE
"2026-08-14","MU",0.01,,"PUT",150,971.66,149.99,"2026-08-21","BEAR",10500,304,10804,0,10804,0,10804,FALSE,FALSE,FALSE
"2026-08-14","EBC",1.21,,"CALL",22.5,,22.5,"2026-08-21","BEAR",-75,437,362,0,362,0,43802,FALSE,FALSE,FALSE
"2026-08-14","MU",0.03,,"PUT",680,971.66,679.97,"2026-08-21","BEAR",3005,1615,4620,175,4795,1400,38360,FALSE,FALSE,FALSE
"2026-08-14","SPY",0.01,,"PUT",654,776.34,653.99,"2026-08-21","BEAR",8581,577,9158,-771,8387,-771,8387,FALSE,FALSE,FALSE
"2026-08-14","INTC",0.01,,"PUT",70,102.5,69.99,"2026-08-21","BEAR",8326,22857,31183,-25,31158,-25,31158,FALSE,FALSE,FALSE
"2026-08-14","SPY",0.01,,"PUT",765,776.34,764.99,"2026-08-17","BEAR",7173,1547,8720,0,8720,0,8720,FALSE,FALSE,FALSE
"2026-08-14","RKLB",0.01,,"PUT",50,80.25,49.99,"2026-08-21","BEAR",5973,6485,12458,110,12568,220,25136,FALSE,FALSE,FALSE
"2026-08-14","SPY",0.01,,"PUT",751,776.34,750.99,"2026-08-17","BEAR",5632,1759,7391,0,7391,0,7391,FALSE,FALSE,FALSE
"2026-08-14","CSEX",0.11,,"CALL",20,,20,"2026-08-21","BEAR",-350,787,437,0,437,0,3933,FALSE,FALSE,FALSE
"2026-08-14","CRCL",0.01,,"PUT",55,,54.99,"2026-08-21","BEAR",3757,3601,7358,-16,7342,-32,14684,FALSE,FALSE,FALSE
"2026-08-14","AMD",0.01,,"PUT",250,514.39,249.99,"2026-08-21","BEAR",3033,7462,10495,5,10500,5,10500,FALSE,FALSE,FALSE
"2026-08-14","SPCX",0.01,,"PUT",81,,80.99,"2026-08-21","BEAR",2968,2301,5269,9,5278,9,5278,FALSE,FALSE,FALSE
"2026-08-14","RDVT",10,,"CALL",70,69.78,70,"2027-01-15","BEAR",-2,255,253,0,253,0,253000,FALSE,FALSE,FALSE
"2026-08-14","MYE",0.05,,"CALL",35,,35,"2026-08-21","BEAR",-70,1198,1128,-36,1092,-180,5460,FALSE,FALSE,FALSE
"2026-08-14","AORT",0.05,,"CALL",30,,30,"2026-08-21","BEAR",-33,1116,1083,-20,1063,-500,26575,FALSE,FALSE,FALSE
"2026-08-17","MU",288.01,,"CALL",1500,971.66,1788.01,"2028-12-15","BULL",2310,0,2310,0,2310,0,66530310,FALSE,FALSE,TRUE
"2026-08-17","SNDK",268,,"CALL",1520,1641.11,1788,"2026-10-16","BULL",2089,0,2089,0,2089,0,55985200,FALSE,FALSE,FALSE
"2026-08-17","GLD",4.32,,"CALL",460,401.48,464.32,"2026-11-20","BULL",113740,0,113740,0,113740,0,49135680,FALSE,FALSE,TRUE
"2026-08-17","GE",17.83,,"CALL",400,368.38,417.83,"2026-12-18","BULL",14805,0,14805,0,14805,0,26397315,FALSE,FALSE,TRUE
"2026-08-17","QCOM",32.93,,"PUT",190,165.79,190,"2026-08-21","BULL",-7445,7579,134,0,134,0,441262,FALSE,FALSE,FALSE
"2026-08-17","SPCX",57.6,,"CALL",120,,177.6,"2027-12-17","BULL",4228,0,4228,0,4228,0,24353280,FALSE,FALSE,FALSE
"2026-08-17","META",97.72,,"PUT",650,589.85,650,"2026-08-21","BULL",-2318,3173,855,0,855,0,8355060,FALSE,FALSE,FALSE
"2026-08-17","SPY",39.23,,"CALL",750,776.34,789.23,"2026-11-20","BULL",5736,0,5736,0,5736,0,22502328,FALSE,FALSE,FALSE
"2026-08-17","NBIS",47,,"CALL",300,277.68,347,"2027-01-15","BULL",4738,12735,17473,0,17473,0,82123100,FALSE,FALSE,TRUE
"2026-08-17","WOLF",8.75,,"CALL",45,31.79,53.75,"2027-06-17","BULL",24329,0,24329,0,24329,0,21287875,FALSE,FALSE,TRUE
"2026-08-17","XOM",6.8,,"CALL",180,160.1,186.8,"2027-01-15","BULL",29094,3426,32520,0,32520,0,22113600,FALSE,FALSE,TRUE
"2026-08-17","SPCX",19.97,,"CALL",145,,164.97,"2026-11-20","BULL",8481,0,8481,0,8481,0,16936557,FALSE,FALSE,FALSE
"2026-08-17","SPCX",52.5,,"CALL",125,,177.5,"2027-12-17","BULL",3118,0,3118,0,3118,0,16369500,FALSE,FALSE,FALSE
"2026-08-17","DRAM",9.7,,"CALL",57,,66.7,"2027-01-15","BULL",15472,0,15472,0,15472,0,15007840,FALSE,FALSE,FALSE
"2026-08-17","EMR",32.67,,"CALL",150,163.17,182.67,"2028-01-21","BULL",4534,0,4534,0,4534,0,14812578,FALSE,FALSE,FALSE
"2026-08-17","GLD",11,,"CALL",425,401.48,436,"2026-11-20","BULL",12992,0,12992,0,12992,0,14291200,FALSE,FALSE,TRUE
"2026-08-17","AMD",31.1,,"PUT",400,514.39,400,"2027-01-15","BULL",-4218,11245,7027,0,7027,0,21853970,FALSE,FALSE,FALSE
"2026-08-17","CRWV",3.2,,"CALL",115,105.26,118.2,"2026-09-18","BULL",40873,0,40873,0,40873,0,13079360,FALSE,FALSE,TRUE
"2026-08-17","SPCX",16.25,,"CALL",450,,466.25,"2028-12-15","BULL",7119,0,7119,0,7119,0,11568375,FALSE,FALSE,FALSE
"2026-08-17","SPCX",14.73,,"PUT",80,,80,"2028-12-15","BULL",-7764,15265,7501,0,7501,0,11048973,FALSE,FALSE,FALSE
"2026-08-17","IBIT",1.81,,"CALL",40,35.63,41.81,"2026-11-20","BULL",59944,0,59944,0,59944,0,10849864,FALSE,FALSE,TRUE
"2026-08-17","GLD",4.65,,"CALL",490,401.48,494.65,"2027-01-15","BULL",23010,35691,58701,0,58701,0,27295965,FALSE,FALSE,TRUE
"2026-08-17","ADBE",34.15,,"CALL",260,264.02,294.15,"2026-12-18","BULL",3129,0,3129,0,3129,0,10685535,FALSE,FALSE,FALSE
"2026-08-17","IBM",13.55,,"CALL",260,234.32,273.55,"2027-01-15","BULL",7328,0,7328,0,7328,0,9929440,FALSE,FALSE,TRUE
"2026-08-17","GLD",4.26,,"CALL",495,401.48,499.26,"2027-01-15","BULL",23048,33424,56472,0,56472,0,24057072,FALSE,FALSE,TRUE
"2026-08-17","IREN",12.91,,"CALL",50,44.06,62.91,"2027-06-17","BULL",6856,5237,12093,0,12093,0,15612063,FALSE,FALSE,TRUE
"2026-08-17","QQQ",11.83,,"CALL",870,731.07,881.83,"2027-03-19","BULL",7184,0,7184,0,7184,0,8498672,FALSE,FALSE,TRUE
"2026-08-17","MCD",19.2,,"CALL",280,272.83,299.2,"2027-06-17","BULL",4338,0,4338,0,4338,0,8328960,FALSE,FALSE,TRUE
"2026-08-17","AAOI",37.49,,"CALL",140,150.28,177.49,"2027-01-15","BULL",2211,0,2211,0,2211,0,8289039,FALSE,FALSE,FALSE
"2026-08-17","WFC",1.38,,"CALL",100,88.82,101.38,"2026-12-18","BULL",59289,3470,62759,0,62759,0,8660742,FALSE,FALSE,TRUE
"2026-08-17","EYPT",4.7,,"PUT",10,,10,"2026-10-16","BULL",-17012,33490,16478,0,16478,0,7744660,FALSE,FALSE,FALSE
"2026-08-17","IBM",55.47,,"PUT",290,234.32,290,"2026-09-18","BULL",-1426,1809,383,0,383,0,2124501,FALSE,FALSE,FALSE
"2026-08-17","STM",4.5,,"CALL",110,54.29,114.5,"2028-01-21","BULL",17201,0,17201,0,17201,0,7740450,FALSE,FALSE,TRUE
"2026-08-17","RKT",1.45,,"CALL",25,14.76,26.45,"2028-01-21","BULL",50011,2588,52599,0,52599,0,7626855,FALSE,FALSE,TRUE
"2026-08-17","AMZN",12.5,,"CALL",410,262.65,422.5,"2027-12-17","BULL",5544,0,5544,0,5544,0,6930000,FALSE,FALSE,TRUE
"2026-08-17","BAC",1.29,,"CALL",70,64.49,71.29,"2026-12-18","BULL",51466,6513,57979,0,57979,0,7479291,FALSE,FALSE,TRUE
"2026-08-17","TLT",0.84,,"CALL",82,,82.84,"2026-09-18","BULL",76896,0,76896,0,76896,0,6459264,FALSE,FALSE,FALSE
"2026-08-17","VST",5.84,,"CALL",170,148.13,175.84,"2026-12-18","BULL",10709,0,10709,0,10709,0,6254056,FALSE,FALSE,TRUE
"2026-08-17","MSFT",2.3,,"CALL",525,495.4,527.3,"2026-09-18","BULL",26794,33764,60558,0,60558,0,13928340,FALSE,FALSE,TRUE
"2026-08-17","DRAM",14.4,,"CALL",58,,72.4,"2027-02-19","BULL",3597,0,3597,0,3597,0,5179680,FALSE,FALSE,FALSE
"2026-08-17","OKLO",15.8,,"PUT",60,44.38,60,"2026-08-21","BULL",-3154,3244,90,0,90,0,142200,FALSE,FALSE,FALSE
"2026-08-17","TLT",1.92,,"CALL",82,,83.92,"2026-12-18","BULL",25664,0,25664,0,25664,0,4927488,FALSE,FALSE,FALSE
"2026-08-17","SKHY",16.4,,"CALL",165,,181.4,"2026-10-16","BULL",2958,0,2958,0,2958,0,4851120,FALSE,FALSE,FALSE
"2026-08-17","KLAC",55.2,,"PUT",260,203.72,260,"2026-08-21","BULL",-870,992,122,0,122,0,673440,FALSE,FALSE,FALSE
"2026-08-17","TLT",2.3,,"PUT",84,,84,"2026-08-21","BULL",-20623,37625,17002,0,17002,0,3910460,FALSE,FALSE,FALSE
"2026-08-17","DRAM",16.6,,"CALL",65,,81.6,"2028-01-21","BULL",2761,0,2761,0,2761,0,4583260,FALSE,FALSE,FALSE
"2026-08-17","IBIT",2.55,,"CALL",35,35.63,37.55,"2026-09-18","BULL",17607,0,17607,0,17607,0,4489785,FALSE,FALSE,FALSE
"2026-08-17","NVDA",1.42,,"CALL",240,225.16,241.42,"2026-08-28","BULL",27817,21582,49399,0,49399,0,7014658,FALSE,FALSE,TRUE
"2026-08-17","ENPH",12.13,,"PUT",50,40.48,50,"2026-08-21","BULL",-3137,5953,2816,0,2816,0,3415808,FALSE,FALSE,FALSE
"2026-08-17","TLT",1.74,,"CALL",85,,86.74,"2027-05-21","BULL",21145,0,21145,0,21145,0,3679230,FALSE,FALSE,FALSE
"2026-08-17","AXTI",17.38,,"CALL",145,81.64,162.38,"2027-02-19","BULL",2079,0,2079,0,2079,0,3613302,FALSE,FALSE,TRUE
"2026-08-17","BE",7.18,,"CALL",260,229.94,267.18,"2026-09-18","BULL",4999,1646,6645,0,6645,0,4771110,FALSE,FALSE,TRUE
"2026-08-17","DRAM",2.3,,"CALL",70,,72.3,"2026-10-16","BULL",14928,11505,26433,0,26433,0,6079590,FALSE,FALSE,FALSE
"2026-08-17","ASTS",9.5,,"CALL",100,70.98,109.5,"2027-03-19","BULL",3583,0,3583,0,3583,0,3403850,FALSE,FALSE,TRUE
"2026-08-17","WING",32.58,,"PUT",150,126.12,150,"2026-08-21","BULL",-1027,1057,30,0,30,0,97740,FALSE,FALSE,FALSE
"2026-08-17","APLD",5.45,,"CALL",75,31.2,80.45,"2028-01-21","BULL",6088,0,6088,0,6088,0,3317960,FALSE,FALSE,TRUE
"2026-08-17","SPCX",5.25,,"CALL",240,,245.25,"2027-01-15","BULL",6264,0,6264,0,6264,0,3288600,FALSE,FALSE,FALSE
"2026-08-17","RIOT",2.16,,"CALL",25,19.015,27.16,"2026-12-18","BULL",14864,6957,21821,0,21821,0,4713336,FALSE,FALSE,TRUE
"2026-08-17","AS",1.1,,"CALL",35,32.87,36.1,"2026-09-18","BULL",29022,0,29022,0,29022,0,3192420,FALSE,FALSE,TRUE
"2026-08-17","UNP",7.38,,"CALL",300,,307.38,"2026-09-18","BULL",4269,0,4269,0,4269,0,3150522,FALSE,FALSE,FALSE
"2026-08-17","RDDT",19.78,,"CALL",175,178.09,194.78,"2026-12-18","BULL",1527,0,1527,0,1527,0,3020406,FALSE,FALSE,FALSE
"2026-08-17","SPCX",14.05,,"CALL",200,,214.05,"2027-03-19","BULL",2122,1870,3992,0,3992,0,5608760,FALSE,FALSE,FALSE
"2026-08-17","MRK",2.91,,"CALL",150,,152.91,"2026-11-20","BULL",10096,0,10096,0,10096,0,2937936,FALSE,FALSE,FALSE
"2026-08-17","PDD",4.1,,"CALL",90,,94.1,"2026-10-16","BULL",6454,0,6454,0,6454,0,2646140,FALSE,FALSE,FALSE
"2026-08-17","TLT",1.04,,"CALL",93,,94.04,"2028-01-21","BULL",25341,19023,44364,0,44364,0,4613856,FALSE,FALSE,FALSE
"2026-08-17","SPY",3.04,,"CALL",790,776.34,793.04,"2026-09-18","BULL",8633,38202,46835,0,46835,0,14237840,FALSE,FALSE,FALSE
"2026-08-17","VIAV",1.45,,"CALL",50,43.54,51.45,"2026-09-18","BULL",18085,2305,20390,0,20390,0,2956550,FALSE,FALSE,TRUE
"2026-08-17","QQQ",4.29,,"CALL",750,731.07,754.29,"2026-09-18","BULL",5732,40589,46321,0,46321,0,19871709,FALSE,FALSE,FALSE
"2026-08-17","HPE",5.6,,"CALL",60,58.71,65.6,"2026-11-20","BULL",4304,1357,5661,0,5661,0,3170160,FALSE,FALSE,TRUE
"2026-08-17","MRVL",5.5,,"CALL",240,222.02,245.5,"2026-08-28","BULL",4238,0,4238,0,4238,0,2330900,FALSE,FALSE,TRUE
"2026-08-17","PWR",12.25,,"CALL",770,685.78,782.25,"2026-09-18","BULL",1890,140,2030,0,2030,0,2486750,FALSE,FALSE,TRUE
"2026-08-17","AMGN",21.59,,"CALL",400,415.21,421.59,"2026-09-18","BULL",1064,0,1064,0,1064,0,2297176,FALSE,FALSE,FALSE
"2026-08-17","YPF",1.7,,"CALL",55,,56.7,"2026-10-16","BULL",12764,2740,15504,0,15504,0,2635680,FALSE,FALSE,FALSE
"2026-08-17","SPCX",8,,"CALL",200,,208,"2026-12-18","BULL",2658,15030,17688,0,17688,0,14150400,FALSE,FALSE,FALSE
"2026-08-17","AMD",6.1,,"CALL",535,514.39,541.1,"2026-09-04","BULL",3484,0,3484,0,3484,0,2125240,FALSE,FALSE,TRUE
"2026-08-17","B",3.38,,"CALL",45,41.6,48.38,"2026-12-18","BULL",6195,0,6195,0,6195,0,2093910,FALSE,FALSE,TRUE
"2026-08-17","BULL",1.39,,"CALL",12.5,8.04,13.89,"2028-01-21","BULL",14863,18495,33358,0,33358,0,4636762,FALSE,FALSE,TRUE
"2026-08-17","EWY",2.65,,"CALL",200,179.74,202.65,"2026-09-18","BULL",7776,14747,22523,0,22523,0,5968595,FALSE,FALSE,TRUE
"2026-08-17","RIOT",1.3,,"CALL",30,19.015,31.3,"2026-12-18","BULL",15272,5687,20959,0,20959,0,2724670,FALSE,FALSE,TRUE
"2026-08-17","ROIV",2.9,,"CALL",40,,42.9,"2026-12-18","BULL",6742,4910,11652,0,11652,0,3379080,FALSE,FALSE,FALSE
"2026-08-17","MO",5.52,,"PUT",71,,71,"2026-08-21","BULL",-3500,3505,5,0,5,0,2760,FALSE,FALSE,FALSE
"2026-08-17","SPY",2.71,,"CALL",776,776.34,778.71,"2026-08-28","BULL",6808,0,6808,0,6808,0,1844968,FALSE,FALSE,FALSE
"2026-08-17","DRAM",5.05,,"CALL",65,,70.05,"2026-11-20","BULL",3646,0,3646,0,3646,0,1841230,FALSE,FALSE,FALSE
"2026-08-17","GOOG",5.57,,"CALL",375,343.54,380.57,"2026-10-16","BULL",3237,0,3237,0,3237,0,1803009,FALSE,FALSE,TRUE
"2026-08-17","NVDA",1.13,,"CALL",242.5,225.16,243.63,"2026-08-28","BULL",15466,15674,31140,0,31140,0,3518820,FALSE,FALSE,TRUE
"2026-08-17","TLT",0.16,,"CALL",110,,110.16,"2027-06-17","BULL",108103,0,108103,0,108103,0,1729648,FALSE,FALSE,FALSE
"2026-08-17","HPQ",1.18,,"PUT",28,30.11,28,"2026-09-18","BULL",-14646,26107,11461,0,11461,0,1352398,FALSE,FALSE,FALSE
"2026-08-17","TMF",3.31,,"CALL",34,30.59,37.31,"2028-01-21","BULL",5138,0,5138,0,5138,0,1700678,FALSE,FALSE,TRUE
"2026-08-17","OKE",4.65,,"CALL",95,94.99,99.65,"2026-09-18","BULL",3536,0,3536,0,3536,0,1644240,FALSE,FALSE,FALSE
"2026-08-17","TLT",0.62,,"CALL",100,,100.62,"2028-01-21","BULL",26281,358685,384966,0,384966,0,23867892,FALSE,FALSE,FALSE
"2026-08-17","BE",4.7,,"CALL",280,229.94,284.7,"2026-09-18","BULL",3414,0,3414,0,3414,0,1604580,FALSE,FALSE,TRUE
"2026-08-17","EIX",3.9,,"CALL",72.5,,76.4,"2026-09-18","BULL",4110,0,4110,0,4110,0,1602900,FALSE,FALSE,FALSE
"2026-08-17","AS",2.32,,"CALL",32.5,32.87,34.82,"2026-09-18","BULL",6861,909,7770,0,7770,0,1802640,FALSE,FALSE,FALSE
"2026-08-17","EWY",3.6,,"CALL",195,179.74,198.6,"2026-09-18","BULL",4386,8084,12470,0,12470,0,4489200,FALSE,FALSE,TRUE
"2026-08-17","SMH",3.05,,"CALL",650,587.82,653.05,"2026-09-18","BULL",5068,7929,12997,0,12997,0,3964085,FALSE,FALSE,TRUE
"2026-08-17","ECHO",2.95,,"CALL",130,91.89,132.95,"2027-01-15","BULL",5235,0,5235,0,5235,0,1544325,FALSE,FALSE,TRUE
"2026-08-17","ORCL",2.68,,"CALL",250,150.52,252.68,"2026-12-18","BULL",5717,25501,31218,0,31218,0,8366424,FALSE,FALSE,TRUE
"2026-08-17","RDDT",8.3,,"CALL",185,178.09,193.3,"2026-10-16","BULL",1834,0,1834,0,1834,0,1522220,FALSE,FALSE,TRUE
"2026-08-17","SPCX",2.79,,"CALL",155,,157.79,"2026-08-28","BULL",4981,0,4981,0,4981,0,1389699,FALSE,FALSE,FALSE
"2026-08-17","CXW",4,,"CALL",34,32.82,38,"2027-01-15","BULL",3459,0,3459,0,3459,0,1383600,FALSE,FALSE,TRUE
"2026-08-17","CORZ",0.38,,"CALL",28,20.18,28.38,"2026-10-16","BULL",36217,0,36217,0,36217,0,1376246,FALSE,FALSE,TRUE
"2026-08-17","SLV",1.1,,"CALL",63,58.48,64.1,"2026-09-18","BULL",12463,51748,64211,0,64211,0,7063210,FALSE,FALSE,TRUE
"2026-08-17","SNDK",12.3,,"CALL",2500,1641.11,2512.3,"2026-09-18","BULL",1103,0,1103,0,1103,0,1356690,FALSE,FALSE,TRUE
"2026-08-17","MO",3.55,,"CALL",65,,68.55,"2026-12-18","BULL",3788,0,3788,0,3788,0,1344740,FALSE,FALSE,FALSE
"2026-08-17","PG",2.03,,"CALL",160,144.55,162.03,"2026-12-18","BULL",6550,0,6550,0,6550,0,1329650,FALSE,FALSE,TRUE
"2026-08-17","MSTR",3.11,,"CALL",94,93.04,97.11,"2026-08-21","BULL",4229,0,4229,0,4229,0,1315219,FALSE,FALSE,FALSE
"2026-08-17","BIDU",2.7,,"CALL",120,103.67,122.7,"2026-12-18","BULL",4790,0,4790,0,4790,0,1293300,FALSE,FALSE,TRUE
"2026-08-17","CVX",2.64,,"CALL",202.5,,205.14,"2026-08-21","BULL",4884,0,4884,0,4884,0,1289376,FALSE,FALSE,FALSE
"2026-08-17","AS",3.88,,"CALL",30,32.87,33.88,"2026-09-18","BULL",3316,0,3316,0,3316,0,1286608,FALSE,FALSE,FALSE
"2026-08-17","BDX",15.25,,"CALL",180,,195.25,"2026-12-18","BULL",832,0,832,0,832,0,1268800,FALSE,FALSE,FALSE
"2026-08-17","CRWD",11.88,,"CALL",250,216.95,261.88,"2026-11-20","BULL",1021,0,1021,0,1021,0,1212948,FALSE,FALSE,TRUE
"2026-08-17","BULL",1.44,,"CALL",7.5,8.04,8.94,"2026-12-18","BULL",8345,0,8345,0,8345,0,1201680,FALSE,FALSE,FALSE
"2026-08-17","NKE",1.03,,"CALL",40,,41.03,"2026-08-28","BULL",11496,759,12255,0,12255,0,1262265,FALSE,FALSE,FALSE
"2026-08-17","TER",11,,"PUT",395,418.79,395,"2026-08-21","BULL",-1039,1429,390,0,390,0,429000,FALSE,FALSE,FALSE
"2026-08-17","QQQ",1.82,,"CALL",765,731.07,766.82,"2026-09-18","BULL",6214,9835,16049,0,16049,0,2920918,FALSE,FALSE,FALSE
"2026-08-17","COIN",4.4,,"CALL",170,148.47,174.4,"2026-09-18","BULL",2404,15804,18208,0,18208,0,8011520,FALSE,FALSE,TRUE
"2026-08-17","CHTR",8.9,,"CALL",150,,158.9,"2026-09-18","BULL",1159,0,1159,0,1159,0,1031510,FALSE,FALSE,FALSE
"2026-08-17","AVGO",3.2,,"CALL",440,392.99,443.2,"2026-09-04","BULL",3195,0,3195,0,3195,0,1022400,FALSE,FALSE,TRUE
"2026-08-17","NRG",1.08,,"CALL",140,126.24,141.08,"2026-09-18","BULL",9229,0,9229,0,9229,0,996732,FALSE,FALSE,TRUE
"2026-08-17","KC",0.95,,"CALL",10,11.71,10.95,"2026-08-21","BULL",10466,578,11044,0,11044,0,1049180,FALSE,FALSE,FALSE
"2026-08-17","META",0.81,,"CALL",665,589.85,665.81,"2026-09-11","BULL",12075,0,12075,0,12075,0,978075,FALSE,FALSE,TRUE
"2026-08-17","QQQ",1.4,,"CALL",740,731.07,741.4,"2026-08-28","BULL",6922,0,6922,0,6922,0,969080,FALSE,FALSE,FALSE
"2026-08-17","MSTR",1.72,,"CALL",120,93.04,121.72,"2026-09-18","BULL",5605,0,5605,0,5605,0,964060,FALSE,FALSE,TRUE
"2026-08-17","IBM",5.45,,"CALL",255,234.32,260.45,"2026-10-16","BULL",1750,0,1750,0,1750,0,953750,FALSE,FALSE,TRUE
"2026-08-17","SPCX",3.7,,"CALL",300,,303.7,"2027-02-19","BULL",2570,0,2570,0,2570,0,950900,FALSE,FALSE,FALSE
"2026-08-17","APTV",2.8,,"CALL",65,49.56,67.8,"2027-02-19","BULL",3311,0,3311,0,3311,0,927080,FALSE,FALSE,TRUE
"2026-08-17","DXYZ",1.7,,"CALL",40,,41.7,"2026-09-18","BULL",5441,0,5441,0,5441,0,924970,FALSE,FALSE,FALSE
"2026-08-17","SLV",0.54,,"CALL",70,58.48,70.54,"2026-09-25","BULL",17073,23312,40385,0,40385,0,2180790,FALSE,FALSE,TRUE
"2026-08-17","CB",7.2,,"CALL",350,,357.2,"2026-09-18","BULL",1277,388,1665,0,1665,0,1198800,FALSE,FALSE,FALSE
"2026-08-17","META",3.28,,"CALL",690,589.85,693.28,"2026-10-16","BULL",2769,0,2769,0,2769,0,908232,FALSE,FALSE,TRUE
"2026-08-17","PLTR",0.92,,"CALL",180,174.04,180.92,"2026-08-21","BULL",9772,21110,30882,0,30882,0,2841144,FALSE,FALSE,FALSE
"2026-08-17","XE",0.87,,"CALL",22.5,,23.37,"2026-09-18","BULL",9979,0,9979,0,9979,0,868173,FALSE,FALSE,FALSE
"2026-08-17","VIST",3.28,,"CALL",80,68.31,83.28,"2026-11-20","BULL",2619,1152,3771,0,3771,0,1236888,FALSE,FALSE,TRUE
"2026-08-17","SQQQ",1.5,,"CALL",38,36.24,39.5,"2026-08-28","BULL",5658,0,5658,0,5658,0,848700,FALSE,FALSE,TRUE
"2026-08-17","MSFT",0.3,,"CALL",570,495.4,570.3,"2026-09-18","BULL",28051,31875,59926,0,59926,0,1797780,FALSE,FALSE,TRUE
"2026-08-17","B",1.6,,"CALL",55,41.6,56.6,"2027-01-15","BULL",5236,3975,9211,0,9211,0,1473760,FALSE,FALSE,TRUE
"2026-08-17","AAPL",1.49,,"CALL",315,305.93,316.49,"2026-08-21","BULL",5573,19329,24902,0,24902,0,3710398,FALSE,FALSE,FALSE
"2026-08-17","AMAT",5.72,,"CALL",620,507.18,625.72,"2026-09-18","BULL",1446,0,1446,0,1446,0,827112,FALSE,FALSE,TRUE
"2026-08-17","STX",11.55,,"CALL",1200,973.44,1211.55,"2026-09-18","BULL",700,0,700,0,700,0,808500,FALSE,FALSE,TRUE
"2026-08-17","CVNA",2.45,,"CALL",72,75.59,74.45,"2026-09-18","BULL",3290,2552,5842,0,5842,0,1431290,FALSE,FALSE,FALSE
"2026-08-17","MUU",3.77,,"CALL",60,,63.77,"2026-12-18","BULL",2078,0,2078,0,2078,0,783406,FALSE,FALSE,FALSE
"2026-08-17","VCX",9.16,,"CALL",30,,39.16,"2026-08-21","BULL",850,0,850,0,850,0,778600,FALSE,FALSE,FALSE
"2026-08-17","BIDU",1.73,,"PUT",91,103.67,91,"2026-08-21","BULL",-4490,10008,5518,0,5518,0,954614,FALSE,FALSE,FALSE
"2026-08-17","MO",1.71,,"CALL",70,,71.71,"2026-12-18","BULL",4361,0,4361,0,4361,0,745731,FALSE,FALSE,FALSE
"2026-08-17","GRAL",5.4,,"CALL",85,,90.4,"2026-10-16","BULL",1372,0,1372,0,1372,0,740880,FALSE,FALSE,FALSE
"2026-08-17","TSLA",1.11,,"CALL",352.5,342.27,353.61,"2026-08-21","BULL",6672,0,6672,0,6672,0,740592,FALSE,FALSE,FALSE
"2026-08-17","SPCH",3,,"CALL",12,,15,"2027-03-19","BULL",2350,213,2563,0,2563,0,768900,FALSE,FALSE,FALSE
"2026-08-17","MTA",1.39,,"CALL",10,,11.39,"2027-02-19","BULL",5054,0,5054,0,5054,0,702506,FALSE,FALSE,FALSE
"2026-08-17","DRAM",1.15,,"CALL",60,,61.15,"2026-08-28","BULL",6099,12574,18673,0,18673,0,2147395,FALSE,FALSE,FALSE
"2026-08-17","LMT",6.83,,"CALL",700,608.68,706.83,"2026-11-20","BULL",1023,0,1023,0,1023,0,698709,FALSE,FALSE,TRUE
"2026-08-17","CDE",1.62,,"CALL",22.5,18.81,24.12,"2026-12-18","BULL",4206,0,4206,0,4206,0,681372,FALSE,FALSE,TRUE
"2026-08-17","SLN",2.03,,"CALL",15,13.72,17.03,"2026-10-16","BULL",3308,4482,7790,0,7790,0,1581370,FALSE,FALSE,TRUE
"2026-08-17","DINO",3.3,,"CALL",100,93.67,103.3,"2026-09-18","BULL",2025,1600,3625,0,3625,0,1196250,FALSE,FALSE,TRUE
"2026-08-17","SPCX",2.6,,"CALL",147,,149.6,"2026-08-21","BULL",2474,0,2474,0,2474,0,643240,FALSE,FALSE,FALSE
"2026-08-17","BLLN",18,,"PUT",110,,110,"2026-08-21","BULL",-357,405,48,0,48,0,86400,FALSE,FALSE,FALSE
"2026-08-17","MOD",4,,"CALL",250,209.5,254,"2026-09-18","BULL",1601,0,1601,0,1601,0,640400,FALSE,FALSE,TRUE
"2026-08-17","KR",0.75,,"CALL",57,,57.75,"2026-08-21","BULL",8492,0,8492,0,8492,0,636900,FALSE,FALSE,FALSE
"2026-08-17","SPCX",2.93,,"CALL",450,,452.93,"2027-06-17","BULL",2136,10899,13035,0,13035,0,3819255,FALSE,FALSE,FALSE
"2026-08-17","MSFT",0.43,,"CALL",535,495.4,535.43,"2026-09-04","BULL",14205,0,14205,0,14205,0,610815,FALSE,FALSE,TRUE
"2026-08-17","SPCX",2.27,,"CALL",148,,150.27,"2026-08-21","BULL",2594,0,2594,0,2594,0,588838,FALSE,FALSE,FALSE
"2026-08-17","NU",0.5,,"CALL",17,15.23,17.5,"2026-11-20","BULL",11271,0,11271,0,11271,0,563550,FALSE,FALSE,TRUE
"2026-08-17","SG",0.74,,"CALL",8,6.28,8.74,"2027-01-15","BULL",7504,11891,19395,0,19395,0,1435230,FALSE,FALSE,TRUE
"2026-08-17","CRL",9.1,,"CALL",320,,329.1,"2026-10-16","BULL",598,0,598,0,598,0,544180,FALSE,FALSE,FALSE
"2026-08-17","SPCX",1.69,,"CALL",150,,151.69,"2026-08-21","BULL",3209,45049,48258,0,48258,0,8155602,FALSE,FALSE,FALSE
"2026-08-17","AGQ",2.2,,"CALL",100,79.3,102.2,"2026-09-18","BULL",2390,0,2390,0,2390,0,525800,FALSE,FALSE,TRUE
"2026-08-17","NKE",0.66,,"CALL",40,,40.66,"2026-08-21","BULL",7834,0,7834,0,7834,0,517044,FALSE,FALSE,FALSE
"2026-08-17","SQQQ",1.65,,"CALL",40,36.24,41.65,"2026-09-11","BULL",3127,0,3127,0,3127,0,515955,FALSE,FALSE,TRUE
"2026-08-17","MCD",2.25,,"CALL",280,272.83,282.25,"2026-09-18","BULL",2255,0,2255,0,2255,0,507375,FALSE,FALSE,FALSE
"2026-08-17","GLXY",1.28,,"CALL",35,21.66,36.28,"2026-12-18","BULL",3914,9294,13208,0,13208,0,1690624,FALSE,FALSE,TRUE
"2026-08-17","RUM",0.38,,"CALL",9,7.46,9.38,"2026-09-18","BULL",13116,0,13116,0,13116,0,498408,FALSE,FALSE,TRUE
"2026-08-17","ALM",1.83,,"CALL",15,,16.83,"2026-09-18","BULL",2709,0,2709,0,2709,0,495747,FALSE,FALSE,FALSE
"2026-08-17","SPCX",1.98,,"CALL",149,,150.98,"2026-08-21","BULL",2425,0,2425,0,2425,0,480150,FALSE,FALSE,FALSE
"2026-08-17","ASML",7.76,,"CALL",2120,1844.08,2127.76,"2026-09-04","BULL",616,0,616,0,616,0,478016,FALSE,FALSE,TRUE
"2026-08-17","SPCX",0.7,,"CALL",185,,185.7,"2026-09-04","BULL",6609,485,7094,0,7094,0,496580,FALSE,FALSE,FALSE
"2026-08-17","TWLO",4.35,,"CALL",260,238.2,264.35,"2026-09-18","BULL",1057,0,1057,0,1057,0,459795,FALSE,FALSE,TRUE
"2026-08-17","SPCX",1.19,,"CALL",152.5,,153.69,"2026-08-21","BULL",3718,0,3718,0,3718,0,442442,FALSE,FALSE,FALSE
"2026-08-17","ACIC",0.8,,"CALL",10,,10.8,"2027-02-19","BULL",5525,0,5525,0,5525,0,442000,FALSE,FALSE,FALSE
"2026-08-17","VSXY",10.46,,"PUT",95,89.02,95,"2026-08-21","BULL",-421,1713,1292,0,1292,0,1351432,FALSE,FALSE,FALSE
"2026-08-17","INTC",0.53,,"CALL",103,102.5,103.53,"2026-08-21","BULL",8046,0,8046,0,8046,0,426438,FALSE,FALSE,FALSE
"2026-08-17","NOK",0.19,,"PUT",9,10.76,9,"2026-09-18","BULL",-20204,64254,44050,0,44050,0,836950,FALSE,FALSE,FALSE
"2026-08-17","GETY",0.24,,"PUT",0.5,,0.5,"2026-08-21","BULL",-15913,16027,114,0,114,0,2736,FALSE,FALSE,FALSE
"2026-08-17","SPCX",1.49,,"CALL",330,,331.49,"2027-01-15","BULL",2491,0,2491,0,2491,0,371159,FALSE,FALSE,FALSE
"2026-08-17","CLBT",0.45,,"CALL",15,,15.45,"2027-01-15","BULL",8236,0,8236,0,8236,0,370620,FALSE,FALSE,FALSE
"2026-08-17","HBAN",0.24,,"CALL",19,,19.24,"2026-10-16","BULL",15202,1650,16852,0,16852,0,404448,FALSE,FALSE,FALSE
"2026-08-17","TEX",0.37,,"CALL",70,,70.37,"2026-08-21","BULL",9768,0,9768,0,9768,0,361416,FALSE,FALSE,FALSE
"2026-08-17","SQQQ",0.8,,"CALL",42,36.24,42.8,"2026-09-04","BULL",4265,267,4532,0,4532,0,362560,FALSE,FALSE,TRUE
"2026-08-17","AMZN",0.45,,"CALL",265,262.65,265.45,"2026-08-19","BULL",7577,0,7577,0,7577,0,340965,FALSE,FALSE,FALSE
"2026-08-17","DXYZ",3,,"CALL",50,,53,"2026-12-18","BULL",1111,3406,4517,0,4517,0,1355100,FALSE,FALSE,FALSE
"2026-08-17","COIN",0.79,,"CALL",160,148.47,160.79,"2026-08-21","BULL",4204,13733,17937,0,17937,0,1417023,FALSE,FALSE,TRUE
"2026-08-17","KORU",2.25,,"CALL",65,,67.25,"2027-01-15","BULL",1476,0,1476,0,1476,0,332100,FALSE,FALSE,FALSE
"2026-08-17","MU",0.83,,"CALL",1080,971.66,1080.83,"2026-08-21","BULL",3989,4897,8886,0,8886,0,737538,FALSE,FALSE,TRUE
"2026-08-17","HD",1.22,,"CALL",350,338.86,351.22,"2026-08-21","BULL",2670,0,2670,0,2670,0,325740,FALSE,FALSE,FALSE
"2026-08-17","IBIT",0.28,,"CALL",37,35.63,37.28,"2026-08-21","BULL",11610,41365,52975,0,52975,0,1483300,FALSE,FALSE,FALSE
"2026-08-17","SNXX",1.6,,"CALL",20,,21.6,"2026-09-18","BULL",1972,0,1972,0,1972,0,315520,FALSE,FALSE,FALSE
"2026-08-17","ORBS",0.27,,"CALL",0.5,,0.77,"2026-10-16","BULL",11540,0,11540,0,11540,0,311580,FALSE,FALSE,FALSE
"2026-08-17","LULU",1.9,,"CALL",125,119.55,126.9,"2026-08-28","BULL",1605,0,1605,0,1605,0,304950,FALSE,FALSE,TRUE
"2026-08-17","DIA",1.45,,"CALL",535,536.8,536.45,"2026-08-21","BULL",2094,1537,3631,0,3631,0,526495,FALSE,FALSE,FALSE
"2026-08-17","IBIT",0.29,,"CALL",38,35.63,38.29,"2026-08-28","BULL",10356,6029,16385,0,16385,0,475165,FALSE,FALSE,TRUE
"2026-08-17","AMAT",3.38,,"CALL",530,507.18,533.38,"2026-08-21","BULL",873,0,873,0,873,0,295074,FALSE,FALSE,TRUE
"2026-08-17","GME",0.35,,"CALL",23,18.66,23.35,"2026-10-16","BULL",7471,0,7471,0,7471,0,261485,FALSE,FALSE,TRUE
"2026-08-17","DFDV",1.2,,"CALL",2.5,,3.7,"2027-01-15","BULL",2163,0,2163,0,2163,0,259560,FALSE,FALSE,FALSE
"2026-08-17","DRAM",0.79,,"CALL",85,,85.79,"2026-10-16","BULL",3105,2402,5507,0,5507,0,435053,FALSE,FALSE,FALSE
"2026-08-17","SPCX",0.83,,"CALL",155,,155.83,"2026-08-21","BULL",2946,20133,23079,0,23079,0,1915557,FALSE,FALSE,FALSE
"2026-08-17","LTH",0.95,,"CALL",50,45.26,50.95,"2026-09-18","BULL",2572,529,3101,0,3101,0,294595,FALSE,FALSE,TRUE
"2026-08-17","NNBR",0.48,,"CALL",7.5,,7.98,"2027-03-19","BULL",5068,832,5900,0,5900,0,283200,FALSE,FALSE,FALSE
"2026-08-17","BIDU",1.2,,"CALL",105,103.67,106.2,"2026-09-18","BULL",1943,0,1943,0,1943,0,233160,FALSE,FALSE,FALSE
"2026-08-17","GS",2.15,,"CALL",1070,1039.42,1072.15,"2026-08-21","BULL",1065,0,1065,0,1065,0,228975,FALSE,FALSE,FALSE
"2026-08-17","VXX",0.56,,"CALL",24,19.355,24.56,"2026-09-25","BULL",4041,0,4041,0,4041,0,226296,FALSE,FALSE,TRUE
"2026-08-17","APP",1.66,,"CALL",350,315.44,351.66,"2026-08-28","BULL",1355,0,1355,0,1355,0,224930,FALSE,FALSE,TRUE
"2026-08-17","RAM",1.15,,"CALL",15,,16.15,"2026-09-18","BULL",1950,0,1950,0,1950,0,224250,FALSE,FALSE,FALSE
"2026-08-17","RUN",0.11,,"CALL",19,10.19,19.11,"2026-11-20","BULL",20075,274,20349,0,20349,0,223839,FALSE,FALSE,TRUE
"2026-08-17","GLAS",1.39,,"CALL",12.5,,13.89,"2027-02-19","BULL",1576,4389,5965,0,5965,0,829135,FALSE,FALSE,FALSE
"2026-08-17","MO",0.3,,"CALL",70,,70.3,"2026-09-18","BULL",7048,12905,19953,0,19953,0,598590,FALSE,FALSE,FALSE
"2026-08-17","BMNR",0.27,,"CALL",19.5,18.08,19.77,"2026-08-21","BULL",7675,0,7675,0,7675,0,207225,FALSE,FALSE,TRUE
"2026-08-17","NXE",0.21,,"CALL",12,10.39,12.21,"2026-09-18","BULL",9845,5176,15021,0,15021,0,315441,FALSE,FALSE,TRUE
"2026-08-17","VUZI",0.18,,"CALL",3,3.1,3.18,"2026-08-21","BULL",11411,0,11411,0,11411,0,205398,FALSE,FALSE,FALSE
"2026-08-17","GDXJ",0.75,,"CALL",225,,225.75,"2026-12-18","BULL",2679,0,2679,0,2679,0,200925,FALSE,FALSE,FALSE
"2026-08-17","SCHW",0.17,,"CALL",114,111.09,114.17,"2026-08-21","BULL",11743,0,11743,0,11743,0,199631,FALSE,FALSE,FALSE
"2026-08-17","TECH",0.2,,"CALL",75,72.4,75.2,"2027-03-19","BULL",9668,0,9668,0,9668,0,193360,FALSE,FALSE,FALSE
"2026-08-17","SNDQ",1.39,,"CALL",14,,15.39,"2026-08-21","BULL",1359,0,1359,0,1359,0,188901,FALSE,FALSE,FALSE
"2026-08-17","LABX",3.45,,"CALL",15,,18.45,"2026-12-18","BULL",546,0,546,0,546,0,188370,FALSE,FALSE,FALSE
"2026-08-17","MU",0.65,,"CALL",1090,971.66,1090.65,"2026-08-21","BULL",2886,0,2886,0,2886,0,187590,FALSE,FALSE,TRUE
"2026-08-17","SPY",0.35,,"CALL",775,776.34,775.35,"2026-08-20","BULL",5348,0,5348,0,5348,0,187180,FALSE,FALSE,FALSE
"2026-08-17","CRCL",0.33,,"CALL",82,,82.33,"2026-08-21","BULL",5549,0,5549,0,5549,0,183117,FALSE,FALSE,FALSE
"2026-08-17","MULL",6,,"CALL",28,,34,"2026-12-18","BULL",304,0,304,0,304,0,182400,FALSE,FALSE,FALSE
"2026-08-17","BOIL",0.48,,"CALL",19,19.35,19.48,"2026-08-21","BULL",3786,0,3786,0,3786,0,181728,FALSE,FALSE,FALSE
"2026-08-17","BSOL",1.65,,"CALL",11,,12.65,"2027-02-19","BULL",1095,0,1095,0,1095,0,180675,FALSE,FALSE,FALSE
"2026-08-17","EROC",0.58,,"CALL",20,,20.58,"2026-09-18","BULL",3036,0,3036,0,3036,0,176088,FALSE,FALSE,FALSE
"2026-08-17","STUB",0.34,,"CALL",7,8.08,7.34,"2026-08-28","BULL",5106,0,5106,0,5106,0,173604,FALSE,FALSE,FALSE
"2026-08-17","HIG",2.6,,"CALL",140,138.02,142.6,"2026-09-18","BULL",647,0,647,0,647,0,168220,FALSE,FALSE,FALSE
"2026-08-17","NOK",0.15,,"CALL",13,10.76,13.15,"2026-09-18","BULL",11194,16540,27734,0,27734,0,416010,FALSE,FALSE,TRUE
"2026-08-17","SPCX",0.39,,"CALL",160,,160.39,"2026-08-21","BULL",4270,46381,50651,0,50651,0,1975389,FALSE,FALSE,FALSE
"2026-08-17","CGNX",1.47,,"CALL",70,65.63,71.47,"2026-09-18","BULL",1129,0,1129,0,1129,0,165963,FALSE,FALSE,TRUE
"2026-08-17","CPNG",0.2,,"CALL",22,16.12,22.2,"2026-11-20","BULL",8208,4514,12722,0,12722,0,254440,FALSE,FALSE,TRUE
"2026-08-17","SNDU",4.1,,"CALL",25,,29.1,"2026-09-18","BULL",395,0,395,0,395,0,161950,FALSE,FALSE,FALSE
"2026-08-17","PCG",0.11,,"CALL",24,17.84,24.11,"2026-09-18","BULL",14085,151360,165445,0,165445,0,1819895,FALSE,FALSE,TRUE
"2026-08-17","DRAM",0.45,,"CALL",69,,69.45,"2026-09-04","BULL",3299,0,3299,0,3299,0,148455,FALSE,FALSE,FALSE
"2026-08-17","TECH",0.1,,"CALL",75,72.4,75.1,"2027-01-15","BULL",14545,0,14545,0,14545,0,145450,FALSE,FALSE,FALSE
"2026-08-17","OUST",1.16,,"CALL",60,48.71,61.16,"2026-09-18","BULL",1226,0,1226,0,1226,0,142216,FALSE,FALSE,TRUE
"2026-08-17","GOOG",0.27,,"CALL",357.5,343.54,357.77,"2026-08-21","BULL",5247,998,6245,0,6245,0,168615,FALSE,FALSE,FALSE
"2026-08-17","NVDL",0.48,,"CALL",41,36.71,41.48,"2026-08-28","BULL",2792,0,2792,0,2792,0,134016,FALSE,FALSE,TRUE
"2026-08-17","WRAP",0.3,,"CALL",2,1.88,2.3,"2027-01-15","BULL",4398,0,4398,0,4398,0,131940,FALSE,FALSE,TRUE
"2026-08-17","BEX",2.21,,"CALL",33,,35.21,"2026-09-18","BULL",583,0,583,0,583,0,128843,FALSE,FALSE,FALSE
"2026-08-17","SOC",0.18,,"CALL",11,4.15,11.18,"2027-01-15","BULL",7095,0,7095,0,7095,0,127710,FALSE,FALSE,TRUE
"2026-08-17","METU",1.25,,"CALL",25,21.18,26.25,"2026-11-20","BULL",1013,0,1013,0,1013,0,126625,FALSE,FALSE,TRUE
"2026-08-17","GS",0.3,,"CALL",1100,1039.42,1100.3,"2026-08-21","BULL",4178,3883,8061,0,8061,0,241830,FALSE,FALSE,TRUE
"2026-08-17","SNOW",0.56,,"CALL",347.5,328.92,348.06,"2026-08-21","BULL",2237,0,2237,0,2237,0,125272,FALSE,FALSE,TRUE
"2026-08-17","RGTI",0.3,,"CALL",24,18.82,24.3,"2026-09-18","BULL",4025,0,4025,0,4025,0,120750,FALSE,FALSE,TRUE
"2026-08-17","RTX",0.41,,"CALL",250,222.97,250.41,"2026-09-18","BULL",2772,864,3636,0,3636,0,149076,FALSE,FALSE,TRUE
"2026-08-17","APLD",0.2,,"CALL",32,31.2,32.2,"2026-08-21","BULL",5638,0,5638,0,5638,0,112760,FALSE,FALSE,FALSE
"2026-08-17","SPCX",0.15,,"CALL",167.5,,167.65,"2026-08-21","BULL",7482,0,7482,0,7482,0,112230,FALSE,FALSE,FALSE
"2026-08-17","CBRS",0.65,,"CALL",280,,280.65,"2026-08-21","BULL",1718,0,1718,0,1718,0,111670,FALSE,FALSE,FALSE
"2026-08-17","BULL",0.14,,"CALL",8.5,8.04,8.64,"2026-08-21","BULL",7831,0,7831,0,7831,0,109634,FALSE,FALSE,TRUE
"2026-08-17","BMNR",0.17,,"CALL",20,18.08,20.17,"2026-08-21","BULL",6399,24532,30931,0,30931,0,525827,FALSE,FALSE,TRUE
"2026-08-17","ECHO",0.31,,"CALL",190,91.89,190.31,"2027-01-15","BULL",3500,0,3500,0,3500,0,108500,FALSE,FALSE,TRUE
"2026-08-17","IREN",0.11,,"CALL",50,44.06,50.11,"2026-08-21","BULL",9488,22591,32079,0,32079,0,352869,FALSE,FALSE,TRUE
"2026-08-17","SNDK",0.79,,"CALL",2100,1641.11,2100.79,"2026-08-21","BULL",1310,1289,2599,0,2599,0,205321,FALSE,FALSE,TRUE
"2026-08-17","GS",1.1,,"CALL",1080,1039.42,1081.1,"2026-08-21","BULL",868,0,868,0,868,0,95480,FALSE,FALSE,FALSE
"2026-08-17","RAM",1.4,,"CALL",14,,15.4,"2026-09-18","BULL",682,0,682,0,682,0,95480,FALSE,FALSE,FALSE
"2026-08-17","ETHU",0.5,,"CALL",17,,17.5,"2026-08-28","BULL",1831,0,1831,0,1831,0,91550,FALSE,FALSE,FALSE
"2026-08-17","PLTR",0.15,,"CALL",190,174.04,190.15,"2026-08-21","BULL",5855,9281,15136,0,15136,0,227040,FALSE,FALSE,TRUE
"2026-08-17","MSTR",0.11,,"CALL",110,93.04,110.11,"2026-08-21","BULL",7835,9311,17146,0,17146,0,188606,FALSE,FALSE,TRUE
"2026-08-17","WRAP",0.17,,"CALL",3,1.88,3.17,"2027-01-15","BULL",5010,0,5010,0,5010,0,85170,FALSE,FALSE,TRUE
"2026-08-17","QQQ",0.13,,"CALL",800,731.07,800.13,"2026-09-11","BULL",6495,845,7340,0,7340,0,95420,FALSE,FALSE,TRUE
"2026-08-17","APTV",0.5,,"CALL",50,49.56,50.5,"2026-08-21","BULL",1675,0,1675,0,1675,0,83750,FALSE,FALSE,FALSE
"2026-08-17","ELTX",0.6,,"CALL",2.5,,3.1,"2026-08-21","BULL",1394,0,1394,0,1394,0,83640,FALSE,FALSE,FALSE
"2026-08-17","KORU",0.15,,"PUT",1,,1,"2028-06-16","BULL",-5543,6973,1430,0,1430,0,21450,FALSE,FALSE,FALSE
"2026-08-17","NBIS",0.26,,"CALL",310,277.68,310.26,"2026-08-21","BULL",3176,0,3176,0,3176,0,82576,FALSE,FALSE,TRUE
"2026-08-17","ASST",0.44,,"CALL",13,12.315,13.44,"2026-08-21","BULL",1815,0,1815,0,1815,0,79860,FALSE,FALSE,TRUE
"2026-08-17","RAM",0.63,,"CALL",45,,45.63,"2026-12-18","BULL",1266,1782,3048,0,3048,0,192024,FALSE,FALSE,FALSE
"2026-08-17","ALAB",0.62,,"CALL",350,321.61,350.62,"2026-08-21","BULL",1266,0,1266,0,1266,0,78492,FALSE,FALSE,TRUE
"2026-08-17","SPCX",0.13,,"CALL",170,,170.13,"2026-08-21","BULL",6033,24510,30543,0,30543,0,397059,FALSE,FALSE,FALSE
"2026-08-17","ANET",0.15,,"CALL",210,198.82,210.15,"2026-08-21","BULL",5104,0,5104,0,5104,0,76560,FALSE,FALSE,TRUE
"2026-08-17","ACAD",0.85,,"CALL",33,,33.85,"2026-09-18","BULL",881,0,881,0,881,0,74885,FALSE,FALSE,FALSE
"2026-08-17","HIVE",0.07,,"CALL",3,2.69,3.07,"2026-08-21","BULL",10639,0,10639,0,10639,0,74473,FALSE,FALSE,TRUE
"2026-08-17","LITE",0.92,,"CALL",1050,926.14,1050.92,"2026-08-21","BULL",809,0,809,0,809,0,74428,FALSE,FALSE,TRUE
"2026-08-17","SPCX",0.2,,"CALL",165,,165.2,"2026-08-21","BULL",3692,23443,27135,0,27135,0,542700,FALSE,FALSE,FALSE
"2026-08-17","WCLD",0.64,,"PUT",40,,40,"2026-08-21","BULL",-1146,3000,1854,0,1854,0,118656,FALSE,FALSE,FALSE
"2026-08-17","APP",0.58,,"CALL",340,315.44,340.58,"2026-08-21","BULL",1258,0,1258,0,1258,0,72964,FALSE,FALSE,TRUE
"2026-08-17","RRGB",1.05,,"CALL",10,,11.05,"2026-09-18","BULL",685,0,685,0,685,0,71925,FALSE,FALSE,FALSE
"2026-08-17","CPRT",0.45,,"CALL",32.5,31.61,32.95,"2026-08-21","BULL",1548,1454,3002,0,3002,0,135090,FALSE,FALSE,FALSE
"2026-08-17","VIVO",0.1,,"CALL",5,,5.1,"2026-08-21","BULL",6948,0,6948,0,6948,0,69480,FALSE,FALSE,FALSE
"2026-08-17","MRAM",0.3,,"CALL",20,18.88,20.3,"2026-08-21","BULL",2306,0,2306,0,2306,0,69180,FALSE,FALSE,TRUE
"2026-08-17","SPCX",0.28,,"CALL",162.5,,162.78,"2026-08-21","BULL",2455,1391,3846,0,3846,0,107688,FALSE,FALSE,FALSE
"2026-08-17","KLAC",1.28,,"CALL",220,203.72,221.28,"2026-08-28","BULL",537,0,537,0,537,0,68736,FALSE,FALSE,TRUE
"2026-08-17","IREN",0.03,,"CALL",55,44.06,55.03,"2026-08-21","BULL",22216,17963,40179,0,40179,0,120537,FALSE,FALSE,TRUE
"2026-08-17","KORU",0.25,,"PUT",1,,1,"2028-12-15","BULL",-2660,12855,10195,0,10195,0,254875,FALSE,FALSE,FALSE
"2026-08-17","GOOG",0.13,,"CALL",362.5,343.54,362.63,"2026-08-21","BULL",5105,1606,6711,0,6711,0,87243,FALSE,FALSE,TRUE
"2026-08-17","INTC",0.05,,"CALL",105,102.5,105.05,"2026-08-19","BULL",12936,0,12936,0,12936,0,64680,FALSE,FALSE,FALSE
"2026-08-17","XPEV",0.06,,"CALL",12.5,11.7,12.56,"2026-08-21","BULL",10504,0,10504,0,10504,0,63024,FALSE,FALSE,TRUE
"2026-08-17","QBTS",0.1,,"CALL",22,16.21,22.1,"2026-08-21","BULL",6267,0,6267,0,6267,0,62670,FALSE,FALSE,TRUE
"2026-08-17","BMNR",0.1,,"CALL",20.5,18.08,20.6,"2026-08-21","BULL",6113,0,6113,0,6113,0,61130,FALSE,FALSE,TRUE
"2026-08-17","BRUN",0.11,,"CALL",40,,40.11,"2026-09-18","BULL",5450,625,6075,0,6075,0,66825,FALSE,FALSE,FALSE
"2026-08-17","ASST",0.25,,"CALL",13.5,12.315,13.75,"2026-08-21","BULL",2376,0,2376,0,2376,0,59400,FALSE,FALSE,TRUE
"2026-08-17","HUMN",1.7,,"CALL",34,,35.7,"2026-09-18","BULL",341,0,341,0,341,0,57970,FALSE,FALSE,FALSE
"2026-08-17","BOIL",0.35,,"CALL",20,19.35,20.35,"2026-08-28","BULL",1624,0,1624,0,1624,0,56840,FALSE,FALSE,TRUE
"2026-08-17","AEM",0.7,,"CALL",195,186.46,195.7,"2026-08-21","BULL",804,0,804,0,804,0,56280,FALSE,FALSE,FALSE
"2026-08-17","BAC",0.04,,"CALL",66,64.49,66.04,"2026-08-21","BULL",13960,0,13960,0,13960,0,55840,FALSE,FALSE,FALSE
"2026-08-17","DXYZ",0.55,,"CALL",50,,50.55,"2026-09-18","BULL",992,2419,3411,0,3411,0,187605,FALSE,FALSE,FALSE
"2026-08-17","ACAD",0.5,,"CALL",29,,29.5,"2026-08-21","BULL",1066,0,1066,0,1066,0,53300,FALSE,FALSE,FALSE
"2026-08-17","SG",0.13,,"CALL",7.5,6.28,7.63,"2026-09-25","BULL",4064,0,4064,0,4064,0,52832,FALSE,FALSE,TRUE
"2026-08-17","ALOY",0.65,,"CALL",14,,14.65,"2026-08-21","BULL",803,0,803,0,803,0,52195,FALSE,FALSE,FALSE
"2026-08-17","SOXL",0.17,,"CALL",165,144.95,165.17,"2026-08-21","BULL",3023,0,3023,0,3023,0,51391,FALSE,FALSE,TRUE
"2026-08-17","BIDU",0.05,,"CALL",150,103.67,150.05,"2026-09-18","BULL",9922,4333,14255,0,14255,0,71275,FALSE,FALSE,TRUE
"2026-08-17","AAOI",0.28,,"CALL",175,150.28,175.28,"2026-08-21","BULL",1694,0,1694,0,1694,0,47432,FALSE,FALSE,TRUE
"2026-08-17","BIDU",0.22,,"CALL",120,103.67,120.22,"2026-09-04","BULL",2143,0,2143,0,2143,0,47146,FALSE,FALSE,TRUE
"2026-08-17","ABCL",0.15,,"CALL",12,11.38,12.15,"2026-08-21","BULL",3129,0,3129,0,3129,0,46935,FALSE,FALSE,TRUE
"2026-08-17","SKHY",0.29,,"CALL",180,,180.29,"2026-08-21","BULL",1613,4365,5978,0,5978,0,173362,FALSE,FALSE,FALSE
"2026-08-17","QQQ",0.08,,"CALL",1000,731.07,1000.08,"2026-11-20","BULL",5822,10745,16567,0,16567,0,132536,FALSE,FALSE,TRUE
"2026-08-17","MUU",0.65,,"CALL",32.5,,33.15,"2026-08-21","BULL",711,0,711,0,711,0,46215,FALSE,FALSE,FALSE
"2026-08-17","DRAM",0.12,,"CALL",63,,63.12,"2026-08-21","BULL",3697,0,3697,0,3697,0,44364,FALSE,FALSE,FALSE
"2026-08-17","CRCL",0.15,,"CALL",100,,100.15,"2026-08-28","BULL",2917,0,2917,0,2917,0,43755,FALSE,FALSE,FALSE
"2026-08-17","SOXX",0.25,,"CALL",575,550.42,575.25,"2026-08-21","BULL",1741,0,1741,0,1741,0,43525,FALSE,FALSE,FALSE
"2026-08-17","ON",0.14,,"CALL",93,,93.14,"2026-08-28","BULL",3081,0,3081,0,3081,0,43134,FALSE,FALSE,FALSE
"2026-08-17","ALGM",0.72,,"CALL",50,,50.72,"2026-09-18","BULL",578,1433,2011,0,2011,0,144792,FALSE,FALSE,FALSE
"2026-08-17","NVTS",0.13,,"CALL",14.5,14.45,14.63,"2026-08-21","BULL",3175,0,3175,0,3175,0,41275,FALSE,FALSE,FALSE
"2026-08-17","MU",0.17,,"CALL",1200,971.66,1200.17,"2026-08-21","BULL",2392,8910,11302,0,11302,0,192134,FALSE,FALSE,TRUE
"2026-08-17","CAT",0.61,,"CALL",905,856.57,905.61,"2026-08-21","BULL",661,0,661,0,661,0,40321,FALSE,FALSE,TRUE
"2026-08-17","VSXY",2.3,,"PUT",85,89.02,85,"2026-08-21","BULL",-174,885,711,0,711,0,163530,FALSE,FALSE,FALSE
"2026-08-17","SPY",0.04,,"CALL",785,776.34,785.04,"2026-08-21","BULL",9853,36294,46147,0,46147,0,184588,FALSE,FALSE,FALSE
"2026-08-17","MNSO",0.5,,"CALL",12.5,,13,"2026-12-18","BULL",776,0,776,0,776,0,38800,FALSE,FALSE,FALSE
"2026-08-17","CBRG",0.7,,"PUT",4,,4,"2026-09-18","BULL",-529,1296,767,0,767,0,53690,FALSE,FALSE,FALSE
"2026-08-17","GEV",0.5,,"CALL",1150,1063.25,1150.5,"2026-08-21","BULL",698,0,698,0,698,0,34900,FALSE,FALSE,TRUE
"2026-08-17","WTTR",0.5,,"CALL",22.5,20.86,23,"2026-09-18","BULL",693,0,693,0,693,0,34650,FALSE,FALSE,TRUE
"2026-08-17","MU",0.15,,"PUT",700,971.66,700,"2026-08-21","BULL",-2264,8915,6651,0,6651,0,99765,FALSE,FALSE,FALSE
"2026-08-17","SOFI",0.03,,"CALL",19.5,18.29,19.53,"2026-08-21","BULL",11252,14046,25298,0,25298,0,75894,FALSE,FALSE,TRUE
"2026-08-17","GS",0.15,,"CALL",1110,1039.42,1110.15,"2026-08-21","BULL",2235,243,2478,0,2478,0,37170,FALSE,FALSE,TRUE
"2026-08-17","KLC",0.35,,"CALL",2.5,,2.85,"2026-10-16","BULL",941,0,941,0,941,0,32935,FALSE,FALSE,FALSE
"2026-08-17","CCXI",0.2,,"CALL",20,,20.2,"2026-08-21","BULL",1622,6945,8567,0,8567,0,171340,FALSE,FALSE,FALSE
"2026-08-17","CRWD",0.16,,"CALL",232.5,216.95,232.66,"2026-08-21","BULL",2003,0,2003,0,2003,0,32048,FALSE,FALSE,TRUE
"2026-08-17","AAOI",0.16,,"CALL",180,150.28,180.16,"2026-08-21","BULL",1864,1412,3276,0,3276,0,52416,FALSE,FALSE,TRUE
"2026-08-17","BIDU",0.16,,"CALL",110,103.67,110.16,"2026-08-28","BULL",1857,0,1857,0,1857,0,29712,FALSE,FALSE,TRUE
"2026-08-17","CIFR",0.05,,"CALL",21,17.855,21.05,"2026-08-21","BULL",5829,2213,8042,0,8042,0,40210,FALSE,FALSE,TRUE
"2026-08-17","MSFU",0.2,,"PUT",34,37.45,34,"2026-08-21","BULL",-1316,4606,3290,0,3290,0,65800,FALSE,FALSE,FALSE
"2026-08-17","CLSK",0.04,,"CALL",13.5,12.09,13.54,"2026-08-21","BULL",6526,0,6526,0,6526,0,26104,FALSE,FALSE,TRUE
"2026-08-17","SNXX",0.17,,"CALL",19.5,,19.67,"2026-08-21","BULL",1424,0,1424,0,1424,0,24208,FALSE,FALSE,FALSE
"2026-08-17","DOCN",0.13,,"CALL",165,129.92,165.13,"2026-08-21","BULL",1815,2803,4618,0,4618,0,60034,FALSE,FALSE,TRUE
"2026-08-17","KORU",0.05,,"CALL",25,,25.05,"2026-08-21","BULL",4686,0,4686,0,4686,0,23430,FALSE,FALSE,FALSE
"2026-08-17","BIDU",0.1,,"CALL",155,103.67,155.1,"2026-09-11","BULL",2279,0,2279,0,2279,0,22790,FALSE,FALSE,TRUE
"2026-08-17","NSC",0.55,,"CALL",350,,350.55,"2026-08-21","BULL",369,0,369,0,369,0,20295,FALSE,FALSE,FALSE
"2026-08-17","SNXX",0.2,,"CALL",19,,19.2,"2026-08-21","BULL",1008,1250,2258,0,2258,0,45160,FALSE,FALSE,FALSE
"2026-08-17","GFS",0.07,,"CALL",60,54.58,60.07,"2026-08-21","BULL",2867,0,2867,0,2867,0,20069,FALSE,FALSE,TRUE
"2026-08-17","FIG",0.04,,"CALL",30,,30.04,"2026-08-21","BULL",4998,6680,11678,0,11678,0,46712,FALSE,FALSE,FALSE
"2026-08-17","APLD",0.08,,"CALL",33.5,31.2,33.58,"2026-08-21","BULL",2474,0,2474,0,2474,0,19792,FALSE,FALSE,TRUE
"2026-08-17","CBRS",0.05,,"CALL",395,,395.05,"2026-08-21","BULL",3900,0,3900,0,3900,0,19500,FALSE,FALSE,FALSE
"2026-08-17","FOCL",0.4,,"CALL",5,,5.4,"2026-12-18","BULL",472,6947,7419,0,7419,0,296760,FALSE,FALSE,FALSE
"2026-08-17","RRGB",0.45,,"CALL",10,,10.45,"2026-08-21","BULL",386,1828,2214,0,2214,0,99630,FALSE,FALSE,FALSE
"2026-08-17","TBT",0.07,,"CALL",40,,40.07,"2026-08-21","BULL",2369,1310,3679,0,3679,0,25753,FALSE,FALSE,FALSE
"2026-08-17","LAKE",0.8,,"CALL",12.5,,13.3,"2026-09-18","BULL",207,0,207,0,207,0,16560,FALSE,FALSE,FALSE
"2026-08-17","SQQQ",0.04,,"CALL",55,36.24,55.04,"2026-08-28","BULL",4016,1809,5825,0,5825,0,23300,FALSE,FALSE,TRUE
"2026-08-17","SPY",0.02,,"CALL",773,776.34,773.02,"2026-08-18","BULL",8001,0,8001,0,8001,0,16002,FALSE,FALSE,FALSE
"2026-08-17","SPY",0.01,,"CALL",776,776.34,776.01,"2026-08-18","BULL",13705,0,13705,0,13705,0,13705,FALSE,FALSE,FALSE
"2026-08-17","DRAM",0.03,,"CALL",85,,85.03,"2026-09-04","BULL",4507,0,4507,0,4507,0,13521,FALSE,FALSE,FALSE
"2026-08-17","FN",0.35,,"CALL",580,570.22,580.35,"2026-08-21","BULL",369,0,369,0,369,0,12915,FALSE,FALSE,FALSE
"2026-08-17","SPCH",0.34,,"CALL",12,,12.34,"2026-09-04","BULL",377,0,377,0,377,0,12818,FALSE,FALSE,FALSE
"2026-08-17","SPY",0.02,,"CALL",777,776.34,777.02,"2026-08-18","BULL",5864,4900,10764,0,10764,0,21528,FALSE,FALSE,FALSE
"2026-08-17","MU",0.05,,"CALL",1100,971.66,1100.05,"2026-08-19","BULL",2280,686,2966,0,2966,0,14830,FALSE,FALSE,TRUE
"2026-08-17","CBRS",0.02,,"PUT",115,,115,"2026-08-21","BULL",-5616,17220,11604,0,11604,0,23208,FALSE,FALSE,FALSE
"2026-08-17","SPCX",0.04,,"CALL",187.5,,187.54,"2026-08-21","BULL",2763,0,2763,0,2763,0,11052,FALSE,FALSE,FALSE
"2026-08-17","META",0.05,,"CALL",600,589.85,600.05,"2026-08-19","BULL",2126,0,2126,0,2126,0,10630,FALSE,FALSE,FALSE
"2026-08-17","SPY",0.01,,"CALL",774,776.34,774.01,"2026-08-18","BULL",9059,0,9059,0,9059,0,9059,FALSE,FALSE,FALSE
"2026-08-17","MUU",0.21,,"CALL",36,,36.21,"2026-08-21","BULL",425,1431,1856,0,1856,0,38976,FALSE,FALSE,FALSE
"2026-08-17","SPCU",1.1,,"CALL",14,,15.1,"2026-09-18","BULL",78,248,326,0,326,0,35860,FALSE,FALSE,FALSE
"2026-08-17","SPY",0.01,,"CALL",775,776.34,775.01,"2026-08-18","BULL",7868,1981,9849,0,9849,0,9849,FALSE,FALSE,FALSE
"2026-08-17","SPY",0.01,,"CALL",780,776.34,780.01,"2026-08-18","BULL",7856,4529,12385,0,12385,0,12385,FALSE,FALSE,FALSE
"2026-08-17","QQQ",0.01,,"CALL",735,731.07,735.01,"2026-08-18","BULL",7724,4613,12337,0,12337,0,12337,FALSE,FALSE,FALSE
"2026-08-17","SPCX",0.03,,"CALL",185,,185.03,"2026-08-21","BULL",2357,7624,9981,0,9981,0,29943,FALSE,FALSE,FALSE
"2026-08-17","KORU",0.04,,"CALL",27,,27.04,"2026-08-21","BULL",1703,0,1703,0,1703,0,6812,FALSE,FALSE,FALSE
"2026-08-17","SPY",0.01,,"CALL",778,776.34,778.01,"2026-08-18","BULL",6246,6081,12327,0,12327,0,12327,FALSE,FALSE,FALSE
"2026-08-17","WBI",0.51,,"CALL",35,,35.51,"2026-09-18","BULL",121,894,1015,0,1015,0,51765,FALSE,FALSE,FALSE
"2026-08-17","LRCX",0.02,,"PUT",240,332.36,240,"2026-08-21","BULL",-3034,13548,10514,0,10514,0,21028,FALSE,FALSE,FALSE
"2026-08-17","QQQ",0.01,,"CALL",733,731.07,733.01,"2026-08-18","BULL",4926,0,4926,0,4926,0,4926,FALSE,FALSE,FALSE
"2026-08-17","RTX",0.01,,"CALL",240,222.97,240.01,"2026-08-21","BULL",3791,2196,5987,0,5987,0,5987,FALSE,FALSE,TRUE
"2026-08-17","RAM",0.05,,"CALL",19,,19.05,"2026-08-21","BULL",663,842,1505,0,1505,0,7525,FALSE,FALSE,FALSE
"2026-08-17","DRAM",0.01,,"CALL",75,,75.01,"2026-08-28","BULL",3069,1471,4540,0,4540,0,4540,FALSE,FALSE,FALSE
"2026-08-17","BIDU",0.01,,"CALL",140,103.67,140.01,"2026-08-28","BULL",2471,0,2471,0,2471,0,2471,FALSE,FALSE,TRUE
"2026-08-17","MUU",0.05,,"CALL",42,,42.05,"2026-08-21","BULL",480,299,779,0,779,0,3895,FALSE,FALSE,FALSE
"2026-08-17","AXTX",0.05,,"PUT",8,,8,"2026-08-21","BULL",-309,1077,768,0,768,0,3840,FALSE,FALSE,FALSE
"2026-08-17","QQQ",43.44,,"PUT",740,731.07,696.56,"2026-12-18","BEAR",8411,0,8411,0,8411,0,36537384,FALSE,FALSE,FALSE
"2026-08-17","AMD",80,,"PUT",500,514.39,420,"2027-01-15","BEAR",4452,0,4452,0,4452,0,35616000,FALSE,FALSE,FALSE
"2026-08-17","IBIT",3.12,,"PUT",20,35.63,16.88,"2028-12-15","BEAR",99822,2143,101965,0,101965,0,31813080,FALSE,FALSE,FALSE
"2026-08-17","SNDK",206.8,,"PUT",1800,1641.11,1593.2,"2026-08-21","BEAR",1479,0,1479,0,1479,0,30585720,FALSE,FALSE,FALSE
"2026-08-17","SPCX",25.95,,"PUT",105,,79.05,"2028-12-15","BEAR",11666,0,11666,0,11666,0,30273270,FALSE,FALSE,FALSE
"2026-08-17","MU",51,,"PUT",980,971.66,929,"2026-08-21","BEAR",5277,0,5277,0,5277,0,26912700,FALSE,FALSE,FALSE
"2026-08-17","ECHO",6.6,,"PUT",85,91.89,78.4,"2026-12-18","BEAR",37403,0,37403,0,37403,0,24685980,FALSE,FALSE,FALSE
"2026-08-17","QQQ",21.25,,"PUT",716,731.07,694.75,"2026-10-16","BEAR",10918,432,11350,0,11350,0,24118750,FALSE,FALSE,FALSE
"2026-08-17","MU",65.05,,"PUT",1000,971.66,934.95,"2026-08-19","BEAR",3264,0,3264,0,3264,0,21232320,FALSE,FALSE,FALSE
"2026-08-17","SMH",28.67,,"PUT",595,587.82,566.33,"2026-08-21","BEAR",6204,6748,12952,0,12952,0,37133384,FALSE,FALSE,FALSE
"2026-08-17","AVGO",52.1,,"PUT",400,392.99,347.9,"2026-12-18","BEAR",3292,0,3292,0,3292,0,17151320,FALSE,FALSE,FALSE
"2026-08-17","QQQ",12.13,,"PUT",730,731.07,717.87,"2026-08-18","BEAR",12692,1851,14543,0,14543,0,17640659,FALSE,FALSE,FALSE
"2026-08-17","WFC",2.25,,"PUT",80,88.82,77.75,"2026-12-18","BEAR",58766,6433,65199,0,65199,0,14669775,FALSE,FALSE,FALSE
"2026-08-17","QQQ",4.28,,"PUT",717,731.07,712.72,"2026-08-21","BEAR",30095,3231,33326,0,33326,0,14263528,FALSE,FALSE,FALSE
"2026-08-17","META",56.42,,"PUT",520,589.85,463.58,"2027-06-17","BEAR",2199,0,2199,0,2199,0,12406758,FALSE,FALSE,FALSE
"2026-08-17","LITE",57.7,,"PUT",920,926.14,862.3,"2026-08-21","BEAR",2111,0,2111,0,2111,0,12180470,FALSE,FALSE,FALSE
"2026-08-17","QQQ",4.65,,"PUT",718,731.07,713.35,"2026-08-21","BEAR",26133,3610,29743,0,29743,0,13830495,FALSE,FALSE,FALSE
"2026-08-17","CRWV",7,,"PUT",35,105.26,28,"2028-12-15","BEAR",16578,0,16578,0,16578,0,11604600,FALSE,FALSE,FALSE
"2026-08-17","COIN",17.02,,"PUT",135,148.47,117.98,"2027-01-15","BEAR",6364,0,6364,0,6364,0,10831528,FALSE,FALSE,FALSE
"2026-08-17","IWM",2.51,,"PUT",289,305.09,286.49,"2026-09-18","BEAR",41242,26298,67540,0,67540,0,16952540,FALSE,FALSE,FALSE
"2026-08-17","LITE",85.34,,"PUT",950,926.14,864.66,"2026-08-21","BEAR",1210,0,1210,0,1210,0,10326140,FALSE,FALSE,FALSE
"2026-08-17","CRWD",52.48,,"CALL",235,216.95,235,"2027-12-17","BEAR",-1931,3029,1098,0,1098,0,5762304,FALSE,FALSE,FALSE
"2026-08-17","COHR",50.2,,"PUT",270,325.83,219.8,"2027-03-19","BEAR",2002,0,2002,0,2002,0,10050040,FALSE,FALSE,FALSE
"2026-08-17","SNDK",82.6,,"PUT",1650,1641.11,1567.4,"2026-08-21","BEAR",1172,264,1436,0,1436,0,11861360,FALSE,FALSE,FALSE
"2026-08-17","IREN",8.14,,"PUT",40,44.06,31.86,"2027-01-15","BEAR",11727,6150,17877,0,17877,0,14551878,FALSE,FALSE,FALSE
"2026-08-17","SPY",9.71,,"PUT",765,776.34,755.29,"2026-09-18","BEAR",9663,13516,23179,0,23179,0,22506809,FALSE,FALSE,FALSE
"2026-08-17","DRAM",13.28,,"CALL",80,,80,"2028-01-21","BEAR",-7001,17891,10890,0,10890,0,14461920,FALSE,FALSE,FALSE
"2026-08-17","XOM",3.23,,"PUT",145,160.1,141.77,"2026-12-18","BEAR",28632,1928,30560,0,30560,0,9870880,FALSE,FALSE,FALSE
"2026-08-17","TLN",20.6,,"PUT",310,362.74,289.4,"2026-12-18","BEAR",4152,0,4152,0,4152,0,8553120,FALSE,FALSE,FALSE
"2026-08-17","ARM",42.45,,"PUT",250,279.44,207.55,"2027-01-15","BEAR",1967,1421,3388,0,3388,0,14382060,FALSE,FALSE,FALSE
"2026-08-17","SPY",3.87,,"PUT",736,776.34,732.13,"2026-09-18","BEAR",19914,2049,21963,0,21963,0,8499681,FALSE,FALSE,FALSE
"2026-08-17","LITE",75.79,,"PUT",940,926.14,864.21,"2026-08-21","BEAR",1005,0,1005,0,1005,0,7616895,FALSE,FALSE,FALSE
"2026-08-17","LITE",49.81,,"PUT",910,926.14,860.19,"2026-08-21","BEAR",1452,0,1452,0,1452,0,7232412,FALSE,FALSE,FALSE
"2026-08-17","SPCX",24.09,,"CALL",120,,120,"2026-08-21","BEAR",-2994,20693,17699,0,17699,0,42636891,FALSE,FALSE,FALSE
"2026-08-17","TSM",17.75,,"PUT",400,426.35,382.25,"2026-10-16","BEAR",3959,0,3959,0,3959,0,7027225,FALSE,FALSE,FALSE
"2026-08-17","LITE",67,,"PUT",930,926.14,863,"2026-08-21","BEAR",1031,295,1326,0,1326,0,8884200,FALSE,FALSE,FALSE
"2026-08-17","SPCX",20.1,,"PUT",115,,94.9,"2027-09-17","BEAR",3091,0,3091,0,3091,0,6212910,FALSE,FALSE,FALSE
"2026-08-17","SPY",4.7,,"PUT",773,776.34,768.3,"2026-08-18","BEAR",13043,0,13043,0,13043,0,6130210,FALSE,FALSE,FALSE
"2026-08-17","PYPL",5.71,,"CALL",60,61.66,60,"2027-01-15","BEAR",-10712,34370,23658,0,23658,0,13508718,FALSE,FALSE,FALSE
"2026-08-17","ABBV",8.1,,"CALL",250,,250,"2026-08-21","BEAR",-6851,12176,5325,0,5325,0,4313250,FALSE,FALSE,FALSE
"2026-08-17","NBIS",11.1,,"PUT",250,277.68,238.9,"2026-08-21","BEAR",4570,5165,9735,0,9735,0,10805850,FALSE,FALSE,FALSE
"2026-08-17","XLI",4.57,,"PUT",180,,175.43,"2026-11-20","BEAR",11046,0,11046,0,11046,0,5048022,FALSE,FALSE,FALSE
"2026-08-17","QQQ",9.17,,"PUT",726,731.07,716.83,"2026-08-21","BEAR",5411,0,5411,0,5411,0,4961887,FALSE,FALSE,FALSE
"2026-08-17","ARM",19.75,,"PUT",250,279.44,230.25,"2026-09-18","BEAR",2482,2790,5272,0,5272,0,10412200,FALSE,FALSE,FALSE
"2026-08-17","VST",7.1,,"PUT",140,148.13,132.9,"2026-09-18","BEAR",6868,2012,8880,0,8880,0,6304800,FALSE,FALSE,FALSE
"2026-08-17","HPQ",2.21,,"PUT",30,30.11,27.79,"2026-09-18","BEAR",21679,0,21679,0,21679,0,4791059,FALSE,FALSE,FALSE
"2026-08-17","OKLO",6.92,,"PUT",45,44.38,38.08,"2026-10-16","BEAR",6844,0,6844,0,6844,0,4736048,FALSE,FALSE,FALSE
"2026-08-17","SPY",6.87,,"PUT",775,776.34,768.13,"2026-08-18","BEAR",6806,5875,12681,0,12681,0,8711847,FALSE,FALSE,FALSE
"2026-08-17","CCJ",1.4,,"PUT",80,97.74,78.6,"2026-10-16","BEAR",30198,0,30198,0,30198,0,4227720,FALSE,FALSE,FALSE
"2026-08-17","ARKK",3.55,,"PUT",80,81.1,76.45,"2026-09-18","BEAR",11393,8749,20142,0,20142,0,7150410,FALSE,FALSE,FALSE
"2026-08-17","SPY",4.77,,"PUT",760,776.34,755.23,"2026-09-04","BEAR",8412,2022,10434,0,10434,0,4977018,FALSE,FALSE,FALSE
"2026-08-17","SPY",5.6,,"PUT",774,776.34,768.4,"2026-08-18","BEAR",7065,0,7065,0,7065,0,3956400,FALSE,FALSE,FALSE
"2026-08-17","IBKR",24.8,,"CALL",70,92.06,70,"2026-09-18","BEAR",-1592,2238,646,0,646,0,1602080,FALSE,FALSE,FALSE
"2026-08-17","KORU",7.5,,"PUT",26,,18.5,"2026-09-18","BEAR",5161,0,5161,0,5161,0,3870750,FALSE,FALSE,FALSE
"2026-08-17","SPY",5.86,,"PUT",774,776.34,768.14,"2026-08-19","BEAR",6100,0,6100,0,6100,0,3574600,FALSE,FALSE,FALSE
"2026-08-17","NOW",6.99,,"PUT",115,124,108.01,"2026-10-16","BEAR",5049,0,5049,0,5049,0,3529251,FALSE,FALSE,FALSE
"2026-08-17","CRWD",16.95,,"PUT",190,216.95,173.05,"2026-12-18","BEAR",2041,0,2041,0,2041,0,3459495,FALSE,FALSE,FALSE
"2026-08-17","EEM",0.58,,"PUT",58,,57.42,"2026-10-16","BEAR",56885,0,56885,0,56885,0,3299330,FALSE,FALSE,FALSE
"2026-08-17","CCL",2.37,,"PUT",27,28.12,24.63,"2026-12-18","BEAR",13754,3353,17107,0,17107,0,4054359,FALSE,FALSE,FALSE
"2026-08-17","NEM",8.11,,"PUT",100,117.76,91.89,"2027-06-17","BEAR",4019,6758,10777,0,10777,0,8740147,FALSE,FALSE,FALSE
"2026-08-17","COHR",33.2,,"PUT",340,325.83,306.8,"2026-08-21","BEAR",881,0,881,0,881,0,2924920,FALSE,FALSE,FALSE
"2026-08-17","FN",45.46,,"PUT",520,570.22,474.54,"2026-08-21","BEAR",642,0,642,0,642,0,2918532,FALSE,FALSE,FALSE
"2026-08-17","ROST",3.1,,"PUT",220,,216.9,"2026-09-18","BEAR",9257,0,9257,0,9257,0,2869670,FALSE,FALSE,FALSE
"2026-08-17","CVNA",6.1,,"PUT",72,75.59,65.9,"2026-08-21","BEAR",4632,0,4632,0,4632,0,2825520,FALSE,FALSE,FALSE
"2026-08-17","TLT",0.46,,"CALL",105,,105,"2028-01-21","BEAR",-61345,264023,202678,0,202678,0,9323188,FALSE,FALSE,FALSE
"2026-08-17","SYK",28.24,,"CALL",330,,330,"2026-12-18","BEAR",-996,2688,1692,0,1692,0,4778208,FALSE,FALSE,FALSE
"2026-08-17","IGV",1.52,,"PUT",97,104.08,95.48,"2026-09-18","BEAR",18367,255,18622,0,18622,0,2830544,FALSE,FALSE,FALSE
"2026-08-17","META",11.5,,"PUT",515,589.85,503.5,"2026-10-02","BEAR",2414,0,2414,0,2414,0,2776100,FALSE,FALSE,FALSE
"2026-08-17","SMCI",3.7,,"CALL",34,39.84,34,"2026-08-21","BEAR",-7254,27152,19898,0,19898,0,7362260,FALSE,FALSE,FALSE
"2026-08-17","MTUM",5.38,,"PUT",315,317.21,309.62,"2026-08-21","BEAR",4975,2896,7871,0,7871,0,4234598,FALSE,FALSE,FALSE
"2026-08-17","DIS",1.79,,"PUT",100,,98.21,"2026-10-16","BEAR",14702,0,14702,0,14702,0,2631658,FALSE,FALSE,FALSE
"2026-08-17","DRAM",3.3,,"PUT",58,,54.7,"2026-08-21","BEAR",7941,0,7941,0,7941,0,2620530,FALSE,FALSE,FALSE
"2026-08-17","STX",24.1,,"PUT",900,973.44,875.9,"2026-08-21","BEAR",1086,0,1086,0,1086,0,2617260,FALSE,FALSE,FALSE
"2026-08-17","MULL",10.4,,"CALL",14,,14,"2026-08-21","BEAR",-2494,2615,121,0,121,0,125840,FALSE,FALSE,FALSE
"2026-08-17","BNO",9.4,,"PUT",60,50.64,50.6,"2026-10-16","BEAR",2748,0,2748,0,2748,0,2583120,FALSE,FALSE,FALSE
"2026-08-17","SPCX",5.15,,"PUT",100,,94.85,"2027-01-15","BEAR",5001,12800,17801,0,17801,0,9167515,FALSE,FALSE,FALSE
"2026-08-17","BBD",1.25,,"PUT",4,,2.75,"2028-01-21","BEAR",20000,8864,28864,0,28864,0,3608000,FALSE,FALSE,FALSE
"2026-08-17","BMY",3.25,,"PUT",62.5,,59.25,"2026-12-18","BEAR",7660,0,7660,0,7660,0,2489500,FALSE,FALSE,FALSE
"2026-08-17","LRCX",9.4,,"PUT",290,332.36,280.6,"2026-09-18","BEAR",2581,0,2581,0,2581,0,2426140,FALSE,FALSE,FALSE
"2026-08-17","SPY",1.55,,"PUT",750,776.34,748.45,"2026-08-28","BEAR",15651,5017,20668,0,20668,0,3203540,FALSE,FALSE,FALSE
"2026-08-17","COHR",15,,"PUT",180,325.83,165,"2027-03-19","BEAR",1601,0,1601,0,1601,0,2401500,FALSE,FALSE,FALSE
"2026-08-17","VST",2.53,,"PUT",125,148.13,122.47,"2026-10-02","BEAR",9396,0,9396,0,9396,0,2377188,FALSE,FALSE,FALSE
"2026-08-17","AMAT",22.31,,"PUT",480,507.18,457.69,"2026-09-18","BEAR",1013,0,1013,0,1013,0,2260003,FALSE,FALSE,FALSE
"2026-08-17","BE",11.1,,"CALL",240,229.94,240,"2026-09-18","BEAR",-2036,10783,8747,0,8747,0,9709170,FALSE,FALSE,FALSE
"2026-08-17","KORU",3.6,,"PUT",20,,16.4,"2026-09-04","BEAR",6125,0,6125,0,6125,0,2205000,FALSE,FALSE,FALSE
"2026-08-17","MU",9.8,,"PUT",400,971.66,390.2,"2027-03-19","BEAR",2237,0,2237,0,2237,0,2192260,FALSE,FALSE,FALSE
"2026-08-17","ARKK",2.67,,"PUT",75,81.1,72.33,"2026-10-16","BEAR",8087,0,8087,0,8087,0,2159229,FALSE,FALSE,FALSE
"2026-08-17","CVNA",3.95,,"PUT",70,75.59,66.05,"2026-08-21","BEAR",5293,0,5293,0,5293,0,2090735,FALSE,FALSE,FALSE
"2026-08-17","HPE",1.76,,"PUT",54,58.71,52.24,"2026-08-28","BEAR",11275,0,11275,0,11275,0,1984400,FALSE,FALSE,FALSE
"2026-08-17","XRT",3.9,,"PUT",85,,81.1,"2027-01-15","BEAR",5002,12518,17520,0,17520,0,6832800,FALSE,FALSE,FALSE
"2026-08-17","DRAM",6.28,,"PUT",61,,54.72,"2026-08-28","BEAR",3082,0,3082,0,3082,0,1935496,FALSE,FALSE,FALSE
"2026-08-17","ORCL",1.73,,"PUT",105,150.52,103.27,"2026-10-16","BEAR",11163,1568,12731,0,12731,0,2202463,FALSE,FALSE,FALSE
"2026-08-17","AXTI",8.9,,"PUT",83,81.64,74.1,"2026-09-04","BEAR",2159,0,2159,0,2159,0,1921510,FALSE,FALSE,FALSE
"2026-08-17","AMGN",18.1,,"PUT",410,415.21,391.9,"2026-11-20","BEAR",1032,0,1032,0,1032,0,1867920,FALSE,FALSE,FALSE
"2026-08-17","BURL",4.8,,"PUT",310,,305.2,"2026-09-04","BEAR",3786,0,3786,0,3786,0,1817280,FALSE,FALSE,FALSE
"2026-08-17","EXE",0.88,,"PUT",85,94.78,84.12,"2026-10-16","BEAR",19623,1355,20978,0,20978,0,1846064,FALSE,FALSE,FALSE
"2026-08-17","CTSH",9.5,,"CALL",47.5,,47.5,"2026-08-21","BEAR",-1814,1816,2,0,2,0,1900,FALSE,FALSE,FALSE
"2026-08-17","SBUX",3.55,,"PUT",100,107.69,96.45,"2026-12-18","BEAR",4715,0,4715,0,4715,0,1673825,FALSE,FALSE,FALSE
"2026-08-17","CRCL",3.01,,"PUT",65,,61.99,"2026-09-18","BEAR",5526,0,5526,0,5526,0,1663326,FALSE,FALSE,FALSE
"2026-08-17","SPCX",4.4,,"PUT",145,,140.6,"2026-08-21","BEAR",3656,8648,12304,0,12304,0,5413760,FALSE,FALSE,FALSE
"2026-08-17","XEL",1.55,,"PUT",65,,63.45,"2027-03-19","BEAR",10348,0,10348,0,10348,0,1603940,FALSE,FALSE,FALSE
"2026-08-17","USO",2.91,,"PUT",116,126.6,113.09,"2026-10-16","BEAR",5503,0,5503,0,5503,0,1601373,FALSE,FALSE,FALSE
"2026-08-17","SMMT",1.59,,"PUT",9,,7.41,"2027-01-15","BEAR",10049,0,10049,0,10049,0,1597791,FALSE,FALSE,FALSE
"2026-08-17","SPCX",6.07,,"CALL",140,,140,"2026-08-21","BEAR",-2570,16380,13810,0,13810,0,8382670,FALSE,FALSE,FALSE
"2026-08-17","FLYW",1.5,,"PUT",17.5,18.81,16,"2026-12-18","BEAR",10350,0,10350,0,10350,0,1552500,FALSE,FALSE,FALSE
"2026-08-17","INTU",7.36,,"PUT",325,345.66,317.64,"2026-08-28","BEAR",2053,0,2053,0,2053,0,1511008,FALSE,FALSE,FALSE
"2026-08-17","GOOG",2.29,,"PUT",315,343.54,312.71,"2026-09-18","BEAR",5926,0,5926,0,5926,0,1357054,FALSE,FALSE,FALSE
"2026-08-17","CDW",4.9,,"PUT",115,,110.1,"2026-12-18","BEAR",2738,0,2738,0,2738,0,1341620,FALSE,FALSE,FALSE
"2026-08-17","SPCX",3.4,,"CALL",145,,145,"2026-08-21","BEAR",-3920,22279,18359,0,18359,0,6242060,FALSE,FALSE,FALSE
"2026-08-17","DRAM",4.1,,"PUT",58,,53.9,"2026-08-28","BEAR",3175,1346,4521,0,4521,0,1853610,FALSE,FALSE,FALSE
"2026-08-17","SPY",0.64,,"PUT",650,776.34,649.36,"2026-09-18","BEAR",20118,73368,93486,0,93486,0,5983104,FALSE,FALSE,FALSE
"2026-08-17","KLAR",2.42,,"PUT",17.5,,15.08,"2026-09-18","BEAR",5172,0,5172,0,5172,0,1251624,FALSE,FALSE,FALSE
"2026-08-17","ROIV",1.85,,"PUT",32,,30.15,"2026-12-18","BEAR",6741,4904,11645,0,11645,0,2154325,FALSE,FALSE,FALSE
"2026-08-17","LION",0.8,,"PUT",12,,11.2,"2026-09-18","BEAR",15234,0,15234,0,15234,0,1218720,FALSE,FALSE,FALSE
"2026-08-17","NBIS",5,,"PUT",185,277.68,180,"2026-09-18","BEAR",2398,0,2398,0,2398,0,1199000,FALSE,FALSE,FALSE
"2026-08-17","BAC",0.94,,"PUT",47,64.49,46.06,"2027-06-17","BEAR",12748,0,12748,0,12748,0,1198312,FALSE,FALSE,FALSE
"2026-08-17","SKHY",7.5,,"PUT",160,,152.5,"2026-08-21","BEAR",1580,2504,4084,0,4084,0,3063000,FALSE,FALSE,FALSE
"2026-08-17","SNXX",3.2,,"PUT",18,,14.8,"2026-08-21","BEAR",3670,0,3670,0,3670,0,1174400,FALSE,FALSE,FALSE
"2026-08-17","TQQQ",2.47,,"PUT",70,76.79,67.53,"2026-09-04","BEAR",4707,0,4707,0,4707,0,1162629,FALSE,FALSE,FALSE
"2026-08-17","GAP",2.17,,"PUT",20,20.6,17.83,"2026-12-18","BEAR",5303,0,5303,0,5303,0,1150751,FALSE,FALSE,FALSE
"2026-08-17","SPY",1.81,,"PUT",770,776.34,768.19,"2026-08-18","BEAR",6288,5272,11560,0,11560,0,2092360,FALSE,FALSE,FALSE
"2026-08-17","DRAM",2.5,,"PUT",55,,52.5,"2026-08-28","BEAR",4534,0,4534,0,4534,0,1133500,FALSE,FALSE,FALSE
"2026-08-17","SOXX",6.31,,"PUT",460,550.42,453.69,"2026-09-18","BEAR",1754,0,1754,0,1754,0,1106774,FALSE,FALSE,FALSE
"2026-08-17","HL",1,,"PUT",10,18.37,9,"2028-01-21","BEAR",10828,71246,82074,0,82074,0,8207400,FALSE,FALSE,FALSE
"2026-08-17","VLO",8.8,,"PUT",330,,321.2,"2026-09-18","BEAR",1229,0,1229,0,1229,0,1081520,FALSE,FALSE,FALSE
"2026-08-17","DRAM",2.85,,"CALL",60,,60,"2026-09-18","BEAR",-3782,37263,33481,0,33481,0,9542085,FALSE,FALSE,FALSE
"2026-08-17","SPCX",4.45,,"PUT",136,,131.55,"2026-09-04","BEAR",2369,0,2369,0,2369,0,1054205,FALSE,FALSE,FALSE
"2026-08-17","BIDU",4.95,,"PUT",97,103.67,92.05,"2026-08-21","BEAR",2100,0,2100,0,2100,0,1039500,FALSE,FALSE,FALSE
"2026-08-17","NBIS",1.8,,"PUT",220,277.68,218.2,"2026-08-21","BEAR",5756,0,5756,0,5756,0,1036080,FALSE,FALSE,FALSE
"2026-08-17","META",4.9,,"PUT",550,589.85,545.1,"2026-08-19","BEAR",2103,344,2447,0,2447,0,1199030,FALSE,FALSE,FALSE
"2026-08-17","APLD",4.02,,"PUT",17,31.2,12.98,"2028-01-21","BEAR",2559,0,2559,0,2559,0,1028718,FALSE,FALSE,FALSE
"2026-08-17","AMAT",5.5,,"PUT",300,507.18,294.5,"2026-12-18","BEAR",1840,0,1840,0,1840,0,1012000,FALSE,FALSE,FALSE
"2026-08-17","BE",3.27,,"PUT",195,229.94,191.73,"2026-08-21","BEAR",3034,0,3034,0,3034,0,992118,FALSE,FALSE,FALSE
"2026-08-17","CRWV",1.07,,"PUT",70,105.26,68.93,"2026-09-25","BEAR",9190,0,9190,0,9190,0,983330,FALSE,FALSE,FALSE
"2026-08-17","KORU",3.17,,"PUT",19.5,,16.33,"2026-09-04","BEAR",3075,0,3075,0,3075,0,974775,FALSE,FALSE,FALSE
"2026-08-17","BRUN",1.6,,"CALL",20,,20,"2026-08-21","BEAR",-6076,17575,11499,0,11499,0,1839840,FALSE,FALSE,FALSE
"2026-08-17","BIDU",2.24,,"PUT",92,103.67,89.76,"2026-08-21","BEAR",4188,0,4188,0,4188,0,938112,FALSE,FALSE,FALSE
"2026-08-17","SPCX",1.47,,"PUT",110,,108.53,"2026-09-25","BEAR",6332,0,6332,0,6332,0,930804,FALSE,FALSE,FALSE
"2026-08-17","BA",2.65,,"PUT",210,231.67,207.35,"2026-09-25","BEAR",3337,0,3337,0,3337,0,884305,FALSE,FALSE,FALSE
"2026-08-17","SMR",2.28,,"PUT",10,9.39,7.72,"2026-11-20","BEAR",3872,0,3872,0,3872,0,882816,FALSE,FALSE,FALSE
"2026-08-17","LCID",1.27,,"PUT",3,6.22,1.73,"2028-01-21","BEAR",6837,0,6837,0,6837,0,868299,FALSE,FALSE,FALSE
"2026-08-17","FIGR",3.05,,"PUT",35,31.43,31.95,"2026-09-18","BEAR",2772,0,2772,0,2772,0,845460,FALSE,FALSE,FALSE
"2026-08-17","UTHR",1.25,,"CALL",580,499.73,580,"2026-08-21","BEAR",-6715,10265,3550,0,3550,0,443750,FALSE,FALSE,FALSE
"2026-08-17","SPY",1.38,,"PUT",490,776.34,488.62,"2026-12-31","BEAR",5978,0,5978,0,5978,0,824964,FALSE,FALSE,FALSE
"2026-08-17","MO",1.02,,"PUT",62.5,,61.48,"2026-09-18","BEAR",8055,18288,26343,0,26343,0,2686986,FALSE,FALSE,FALSE
"2026-08-17","HOOD",1.13,,"PUT",91,95.56,89.87,"2026-08-21","BEAR",6939,0,6939,0,6939,0,784107,FALSE,FALSE,FALSE
"2026-08-17","RDDT",4.5,,"PUT",165,178.09,160.5,"2026-08-21","BEAR",1742,0,1742,0,1742,0,783900,FALSE,FALSE,FALSE
"2026-08-17","UNH",2.05,,"PUT",360,401.73,357.95,"2026-09-18","BEAR",3769,0,3769,0,3769,0,772645,FALSE,FALSE,FALSE
"2026-08-17","CODI",1.54,,"CALL",13,,13,"2026-12-18","BEAR",-4955,13068,8113,0,8113,0,1249402,FALSE,FALSE,FALSE
"2026-08-17","PTEN",0.9,,"PUT",11,11.37,10.1,"2026-11-20","BEAR",8242,0,8242,0,8242,0,741780,FALSE,FALSE,FALSE
"2026-08-17","CARR",0.61,,"PUT",56,62.78,55.39,"2026-09-25","BEAR",12160,0,12160,0,12160,0,741760,FALSE,FALSE,FALSE
"2026-08-17","SOXL",1.79,,"PUT",110,144.95,108.21,"2026-08-21","BEAR",4003,5180,9183,0,9183,0,1643757,FALSE,FALSE,FALSE
"2026-08-17","GILD",3.05,,"PUT",140,,136.95,"2026-09-18","BEAR",2349,0,2349,0,2349,0,716445,FALSE,FALSE,FALSE
"2026-08-17","FLR",2.42,,"CALL",55,52.37,55,"2026-09-18","BEAR",-2927,10159,7232,0,7232,0,1750144,FALSE,FALSE,FALSE
"2026-08-17","SPCX",1.5,,"PUT",130,,128.5,"2026-08-28","BEAR",4559,3314,7873,0,7873,0,1180950,FALSE,FALSE,FALSE
"2026-08-17","FLEX",1.58,,"PUT",100,126.16,98.42,"2026-09-18","BEAR",4297,0,4297,0,4297,0,678926,FALSE,FALSE,FALSE
"2026-08-17","AEM",8.1,,"CALL",220,186.46,220,"2026-11-20","BEAR",-832,10134,9302,0,9302,0,7534620,FALSE,FALSE,FALSE
"2026-08-17","BMY",0.61,,"PUT",62.5,,61.89,"2026-09-18","BEAR",11047,0,11047,0,11047,0,673867,FALSE,FALSE,FALSE
"2026-08-17","C",1.38,,"PUT",105,139.33,103.62,"2027-01-15","BEAR",4857,0,4857,0,4857,0,670266,FALSE,FALSE,FALSE
"2026-08-17","SPCX",2.66,,"PUT",135,,132.34,"2026-08-28","BEAR",2503,0,2503,0,2503,0,665798,FALSE,FALSE,FALSE
"2026-08-17","CVNA",2.41,,"PUT",50,75.59,47.59,"2026-11-20","BEAR",2742,9473,12215,0,12215,0,2943815,FALSE,FALSE,FALSE
"2026-08-17","UPRO",5.01,,"PUT",156,,150.99,"2026-08-21","BEAR",1286,0,1286,0,1286,0,644286,FALSE,FALSE,FALSE
"2026-08-17","NBIS",2.52,,"PUT",225,277.68,222.48,"2026-08-21","BEAR",2529,0,2529,0,2529,0,637308,FALSE,FALSE,FALSE
"2026-08-17","WULF",0.28,,"PUT",12,17.38,11.72,"2026-09-18","BEAR",21683,0,21683,0,21683,0,607124,FALSE,FALSE,FALSE
"2026-08-17","SG",0.77,,"PUT",5,6.28,4.23,"2027-01-15","BEAR",7640,10527,18167,0,18167,0,1398859,FALSE,FALSE,FALSE
"2026-08-17","KORU",6.75,,"CALL",13,,13,"2026-08-21","BEAR",-860,1154,294,0,294,0,198450,FALSE,FALSE,FALSE
"2026-08-17","DRAM",1.49,,"PUT",55,,53.51,"2026-08-21","BEAR",3797,15243,19040,0,19040,0,2836960,FALSE,FALSE,FALSE
"2026-08-17","ORCL",0.98,,"CALL",150,150.52,150,"2026-08-21","BEAR",-5676,24508,18832,0,18832,0,1845536,FALSE,FALSE,FALSE
"2026-08-17","IBKR",2.35,,"CALL",95,92.06,95,"2026-09-18","BEAR",-2363,3742,1379,0,1379,0,324065,FALSE,FALSE,FALSE
"2026-08-17","SPCX",1.79,,"PUT",139,,137.21,"2026-08-21","BEAR",3077,2096,5173,0,5173,0,925967,FALSE,FALSE,FALSE
"2026-08-17","SPCX",1.56,,"PUT",100,,98.44,"2026-10-16","BEAR",3496,44674,48170,0,48170,0,7514520,FALSE,FALSE,FALSE
"2026-08-17","KORU",2.65,,"PUT",19.5,,16.85,"2026-08-28","BEAR",2047,0,2047,0,2047,0,542455,FALSE,FALSE,FALSE
"2026-08-17","CVNA",2.01,,"CALL",66,75.59,66,"2026-08-21","BEAR",-2691,9244,6553,0,6553,0,1317153,FALSE,FALSE,FALSE
"2026-08-17","HD",2.57,,"PUT",315,338.86,312.43,"2026-09-18","BEAR",1922,0,1922,0,1922,0,493954,FALSE,FALSE,FALSE
"2026-08-17","CHYM",0.99,,"PUT",30,32.02,29.01,"2026-09-18","BEAR",4894,0,4894,0,4894,0,484506,FALSE,FALSE,FALSE
"2026-08-17","AXP",3.5,,"PUT",310,,306.5,"2026-10-16","BEAR",1366,0,1366,0,1366,0,478100,FALSE,FALSE,FALSE
"2026-08-17","HD",2.2,,"PUT",335,338.86,332.8,"2026-08-21","BEAR",2173,0,2173,0,2173,0,478060,FALSE,FALSE,FALSE
"2026-08-17","SMR",0.89,,"PUT",9.5,9.39,8.61,"2026-08-21","BEAR",5317,0,5317,0,5317,0,473213,FALSE,FALSE,FALSE
"2026-08-17","ONTO",5.8,,"PUT",340,331.71,334.2,"2026-08-21","BEAR",813,0,813,0,813,0,471540,FALSE,FALSE,FALSE
"2026-08-17","RDDT",2.35,,"PUT",160,178.09,157.65,"2026-08-21","BEAR",1963,1059,3022,0,3022,0,710170,FALSE,FALSE,FALSE
"2026-08-17","BE",1.68,,"CALL",230,229.94,230,"2026-08-21","BEAR",-2683,18919,16236,0,16236,0,2727648,FALSE,FALSE,FALSE
"2026-08-17","CVNA",0.9,,"PUT",64,75.59,63.1,"2026-08-21","BEAR",4998,0,4998,0,4998,0,449820,FALSE,FALSE,FALSE
"2026-08-17","SHAZ",2.1,,"PUT",55,,52.9,"2026-09-18","BEAR",2136,0,2136,0,2136,0,448560,FALSE,FALSE,FALSE
"2026-08-17","CRWD",3.17,,"PUT",185,216.95,181.83,"2026-09-04","BEAR",1369,0,1369,0,1369,0,433973,FALSE,FALSE,FALSE
"2026-08-17","EQT",0.31,,"PUT",49,54.42,48.69,"2026-09-25","BEAR",13942,0,13942,0,13942,0,432202,FALSE,FALSE,FALSE
"2026-08-17","ECHO",4.01,,"CALL",100,91.89,100,"2026-10-16","BEAR",-1020,3990,2970,0,2970,0,1190970,FALSE,FALSE,FALSE
"2026-08-17","VOO",4.5,,"PUT",710,,705.5,"2026-08-21","BEAR",905,350,1255,0,1255,0,564750,FALSE,FALSE,FALSE
"2026-08-17","SONY",1.2,,"PUT",22.5,,21.3,"2026-12-18","BEAR",3386,0,3386,0,3386,0,406320,FALSE,FALSE,FALSE
"2026-08-17","AAOX",2.25,,"PUT",15,,12.75,"2026-09-18","BEAR",1797,0,1797,0,1797,0,404325,FALSE,FALSE,FALSE
"2026-08-17","BRUN",0.5,,"PUT",15,,14.5,"2026-09-18","BEAR",8012,0,8012,0,8012,0,400600,FALSE,FALSE,FALSE
"2026-08-17","SPXS",0.9,,"PUT",23,23.72,22.1,"2026-10-16","BEAR",4348,0,4348,0,4348,0,391320,FALSE,FALSE,FALSE
"2026-08-17","USO",0.53,,"PUT",110,126.6,109.47,"2026-09-18","BEAR",7184,0,7184,0,7184,0,380752,FALSE,FALSE,FALSE
"2026-08-17","QNT",7.7,,"PUT",60,,52.3,"2026-10-16","BEAR",475,0,475,0,475,0,365750,FALSE,FALSE,FALSE
"2026-08-17","NBIS",0.82,,"PUT",210,277.68,209.18,"2026-08-21","BEAR",4431,0,4431,0,4431,0,363342,FALSE,FALSE,FALSE
"2026-08-17","NOK",0.08,,"CALL",14,10.76,14,"2026-09-18","BEAR",-45351,113851,68500,0,68500,0,548000,FALSE,FALSE,FALSE
"2026-08-17","KEEL",0.2,,"PUT",3,,2.8,"2026-09-25","BEAR",18025,0,18025,0,18025,0,360500,FALSE,FALSE,FALSE
"2026-08-17","GIS",0.89,,"PUT",37.5,,36.61,"2026-09-18","BEAR",3862,2375,6237,0,6237,0,555093,FALSE,FALSE,FALSE
"2026-08-17","QNT",4.7,,"PUT",65,,60.3,"2026-08-21","BEAR",717,0,717,0,717,0,336990,FALSE,FALSE,FALSE
"2026-08-17","SNXX",3,,"PUT",17,,14,"2026-08-28","BEAR",1104,0,1104,0,1104,0,331200,FALSE,FALSE,FALSE
"2026-08-17","AS",0.46,,"PUT",30,32.87,29.54,"2026-09-18","BEAR",6958,0,6958,0,6958,0,320068,FALSE,FALSE,FALSE
"2026-08-17","RAM",1.91,,"PUT",14,,12.09,"2026-08-21","BEAR",1649,0,1649,0,1649,0,314959,FALSE,FALSE,FALSE
"2026-08-17","ADBE",0.91,,"PUT",155,264.02,154.09,"2026-12-18","BEAR",3354,0,3354,0,3354,0,305214,FALSE,FALSE,FALSE
"2026-08-17","JETS",0.3,,"PUT",29.5,31.56,29.2,"2026-08-28","BEAR",10069,0,10069,0,10069,0,302070,FALSE,FALSE,FALSE
"2026-08-17","SPY",0.16,,"CALL",780,776.34,780,"2026-08-21","BEAR",-18823,70226,51403,0,51403,0,822448,FALSE,FALSE,FALSE
"2026-08-17","HCA",4.89,,"PUT",365,,360.11,"2026-10-16","BEAR",611,0,611,0,611,0,298779,FALSE,FALSE,FALSE
"2026-08-17","NBIS",1.06,,"PUT",212.5,277.68,211.44,"2026-08-21","BEAR",2546,0,2546,0,2546,0,269876,FALSE,FALSE,FALSE
"2026-08-17","DRAM",0.36,,"CALL",60,,60,"2026-08-21","BEAR",-7353,104754,97401,0,97401,0,3506436,FALSE,FALSE,FALSE
"2026-08-17","IBIT",0.27,,"PUT",35,35.63,34.73,"2026-08-31","BEAR",9522,0,9522,0,9522,0,257094,FALSE,FALSE,FALSE
"2026-08-17","EWY",0.41,,"CALL",185,179.74,185,"2026-08-21","BEAR",-5814,14857,9043,0,9043,0,370763,FALSE,FALSE,FALSE
"2026-08-17","IBKR",0.49,,"PUT",85,92.06,84.51,"2026-08-28","BEAR",4747,0,4747,0,4747,0,232603,FALSE,FALSE,FALSE
"2026-08-17","HD",1,,"PUT",330,338.86,329,"2026-08-21","BEAR",2251,0,2251,0,2251,0,225100,FALSE,FALSE,FALSE
"2026-08-17","STUB",0.45,,"CALL",10,8.08,10,"2027-01-15","BEAR",-4985,7371,2386,0,2386,0,107370,FALSE,FALSE,FALSE
"2026-08-17","RIOT",0.26,,"PUT",17,19.015,16.74,"2026-08-28","BEAR",8378,0,8378,0,8378,0,217828,FALSE,FALSE,FALSE
"2026-08-17","EWY",0.1,,"PUT",150,179.74,149.9,"2026-08-21","BEAR",20589,17070,37659,0,37659,0,376590,FALSE,FALSE,FALSE
"2026-08-17","FRO",0.6,,"PUT",29,,28.4,"2026-11-20","BEAR",3351,0,3351,0,3351,0,201060,FALSE,FALSE,FALSE
"2026-08-17","MSFT",0.4,,"PUT",460,495.4,459.6,"2026-08-21","BEAR",4966,7831,12797,0,12797,0,511880,FALSE,FALSE,FALSE
"2026-08-17","SE",0.7,,"PUT",113,121.94,112.3,"2026-08-21","BEAR",2833,0,2833,0,2833,0,198310,FALSE,FALSE,FALSE
"2026-08-17","EIX",0.17,,"PUT",55,,54.83,"2026-09-18","BEAR",11137,0,11137,0,11137,0,189329,FALSE,FALSE,FALSE
"2026-08-17","AAOX",1.84,,"PUT",14,,12.16,"2026-09-18","BEAR",1017,0,1017,0,1017,0,187128,FALSE,FALSE,FALSE
"2026-08-17","RAM",1.36,,"PUT",11,,9.64,"2026-09-18","BEAR",1362,0,1362,0,1362,0,185232,FALSE,FALSE,FALSE
"2026-08-17","QQQ",0.23,,"PUT",640,731.07,639.77,"2026-08-27","BEAR",8031,0,8031,0,8031,0,184713,FALSE,FALSE,FALSE
"2026-08-17","ASTX",2.05,,"PUT",17,,14.95,"2026-08-21","BEAR",898,0,898,0,898,0,184090,FALSE,FALSE,FALSE
"2026-08-17","LTH",0.45,,"PUT",40,45.26,39.55,"2026-09-18","BEAR",4058,0,4058,0,4058,0,182610,FALSE,FALSE,FALSE
"2026-08-17","SPY",0.21,,"PUT",760,776.34,759.79,"2026-08-19","BEAR",8503,0,8503,0,8503,0,178563,FALSE,FALSE,FALSE
"2026-08-17","OPEN",0.16,,"PUT",3.5,3.64,3.34,"2026-08-21","BEAR",10078,0,10078,0,10078,0,161248,FALSE,FALSE,FALSE
"2026-08-17","LQDA",0.3,,"PUT",60,,59.7,"2026-08-21","BEAR",5367,10002,15369,0,15369,0,461070,FALSE,FALSE,FALSE
"2026-08-17","SPCX",0.28,,"PUT",129,,128.72,"2026-08-21","BEAR",5437,0,5437,0,5437,0,152236,FALSE,FALSE,FALSE
"2026-08-17","BX",0.5,,"PUT",135,143.93,134.5,"2026-08-21","BEAR",3035,0,3035,0,3035,0,151750,FALSE,FALSE,FALSE
"2026-08-17","NSC",3.2,,"PUT",330,,326.8,"2026-09-18","BEAR",446,0,446,0,446,0,142720,FALSE,FALSE,FALSE
"2026-08-17","KORU",0.6,,"CALL",20,,20,"2026-08-21","BEAR",-2323,11521,9198,0,9198,0,551880,FALSE,FALSE,FALSE
"2026-08-17","SKM",0.4,,"CALL",50,38.51,50,"2026-09-18","BEAR",-3472,11146,7674,0,7674,0,306960,FALSE,FALSE,FALSE
"2026-08-17","SMH",0.16,,"PUT",465,587.82,464.84,"2026-08-24","BEAR",8604,0,8604,0,8604,0,137664,FALSE,FALSE,FALSE
"2026-08-17","NEE",0.24,,"PUT",85,86.19,84.76,"2026-08-21","BEAR",5541,2032,7573,0,7573,0,181752,FALSE,FALSE,FALSE
"2026-08-17","NWG",0.65,,"PUT",17.5,,16.85,"2026-11-20","BEAR",2014,0,2014,0,2014,0,130910,FALSE,FALSE,FALSE
"2026-08-17","CAKE",1.72,,"PUT",100,,98.28,"2026-09-18","BEAR",701,0,701,0,701,0,120572,FALSE,FALSE,FALSE
"2026-08-17","RUM",0.24,,"PUT",6.5,7.46,6.26,"2026-09-25","BEAR",5004,0,5004,0,5004,0,120096,FALSE,FALSE,FALSE
"2026-08-17","QQQ",0.06,,"PUT",645,731.07,644.94,"2026-08-21","BEAR",19113,10717,29830,0,29830,0,178980,FALSE,FALSE,FALSE
"2026-08-17","IOVA",0.2,,"PUT",7,,6.8,"2026-08-21","BEAR",5664,0,5664,0,5664,0,113280,FALSE,FALSE,FALSE
"2026-08-17","ECHO",0.75,,"PUT",83,91.89,82.25,"2026-09-11","BEAR",1501,0,1501,0,1501,0,112575,FALSE,FALSE,FALSE
"2026-08-17","SIRI",0.14,,"CALL",33,28.46,33,"2026-09-18","BEAR",-7898,75402,67504,0,67504,0,945056,FALSE,FALSE,FALSE
"2026-08-17","MO",0.27,,"PUT",64,,63.73,"2026-08-21","BEAR",4022,1057,5079,0,5079,0,137133,FALSE,FALSE,FALSE
"2026-08-17","AAOX",1.4,,"PUT",13,,11.6,"2026-09-18","BEAR",774,0,774,0,774,0,108360,FALSE,FALSE,FALSE
"2026-08-17","MUU",2.3,,"CALL",91.25,,91.25,"2026-12-18","BEAR",-467,1751,1284,0,1284,0,295320,FALSE,FALSE,FALSE
"2026-08-17","RAM",1.83,,"PUT",12,,10.17,"2026-09-18","BEAR",579,0,579,0,579,0,105957,FALSE,FALSE,FALSE
"2026-08-17","REZI",0.48,,"PUT",20,,19.52,"2026-09-18","BEAR",2005,0,2005,0,2005,0,96240,FALSE,FALSE,FALSE
"2026-08-17","XEL",0.62,,"PUT",75,,74.38,"2026-09-18","BEAR",1471,1682,3153,0,3153,0,195486,FALSE,FALSE,FALSE
"2026-08-17","NBIZ",1.75,,"CALL",9,4.435,9,"2027-01-15","BEAR",-399,798,399,0,399,0,69825,FALSE,FALSE,FALSE
"2026-08-17","HD",0.47,,"PUT",325,338.86,324.53,"2026-08-21","BEAR",1401,1524,2925,0,2925,0,137475,FALSE,FALSE,FALSE
"2026-08-17","NSC",2.25,,"PUT",320,,317.75,"2026-09-18","BEAR",283,549,832,0,832,0,187200,FALSE,FALSE,FALSE
"2026-08-17","QXO",0.1,,"PUT",11.5,14.51,11.4,"2026-09-04","BEAR",6268,0,6268,0,6268,0,62680,FALSE,FALSE,FALSE
"2026-08-17","SKM",0.2,,"CALL",55,38.51,55,"2026-09-18","BEAR",-3093,7624,4531,0,4531,0,90620,FALSE,FALSE,FALSE
"2026-08-17","SPCH",0.45,,"PUT",9.5,,9.05,"2026-08-21","BEAR",1323,0,1323,0,1323,0,59535,FALSE,FALSE,FALSE
"2026-08-17","SPCX",0.24,,"PUT",128,,127.76,"2026-08-21","BEAR",2300,2414,4714,0,4714,0,113136,FALSE,FALSE,FALSE
"2026-08-17","ECHO",0.8,,"PUT",80,91.89,79.2,"2026-09-18","BEAR",658,2517,3175,0,3175,0,254000,FALSE,FALSE,FALSE
"2026-08-17","AMGN",0.64,,"PUT",405,415.21,404.36,"2026-08-21","BEAR",818,0,818,0,818,0,52352,FALSE,FALSE,FALSE
"2026-08-17","RAM",0.75,,"PUT",6,,5.25,"2026-12-18","BEAR",680,0,680,0,680,0,51000,FALSE,FALSE,FALSE
"2026-08-17","SPYI",1.2,,"PUT",49,,47.8,"2027-03-19","BEAR",412,0,412,0,412,0,49440,FALSE,FALSE,FALSE
"2026-08-17","SPCX",0.21,,"PUT",113,,112.79,"2026-08-28","BEAR",2313,0,2313,0,2313,0,48573,FALSE,FALSE,FALSE
"2026-08-17","MELI",1,,"PUT",1700,1844.58,1699,"2026-08-21","BEAR",433,0,433,0,433,0,43300,FALSE,FALSE,FALSE
"2026-08-17","AXTX",0.73,,"PUT",8,,7.27,"2026-09-18","BEAR",550,0,550,0,550,0,40150,FALSE,FALSE,FALSE
"2026-08-17","AIRJ",1.46,,"CALL",6,6.04,6,"2027-02-19","BEAR",-266,1035,769,0,769,0,112274,FALSE,FALSE,FALSE
"2026-08-17","MU",0.05,,"PUT",600,971.66,599.95,"2026-08-21","BEAR",7320,11708,19028,0,19028,0,95140,FALSE,FALSE,FALSE
"2026-08-17","KR",0.1,,"PUT",55,,54.9,"2026-08-21","BEAR",3615,3318,6933,0,6933,0,69330,FALSE,FALSE,FALSE
"2026-08-17","HD",0.21,,"PUT",320,338.86,319.79,"2026-08-21","BEAR",1565,1043,2608,0,2608,0,54768,FALSE,FALSE,FALSE
"2026-08-17","MUU",0.8,,"CALL",32,,32,"2026-08-21","BEAR",-398,1950,1552,0,1552,0,124160,FALSE,FALSE,FALSE
"2026-08-17","TER",0.35,,"CALL",470,418.79,470,"2026-08-21","BEAR",-863,1448,585,0,585,0,20475,FALSE,FALSE,FALSE
"2026-08-17","ATRC",2.9,,"CALL",40,,40,"2026-08-21","BEAR",-90,427,337,0,337,0,97730,FALSE,FALSE,FALSE
"2026-08-17","CELH",0.09,,"PUT",28,,27.91,"2026-08-21","BEAR",2784,0,2784,0,2784,0,25056,FALSE,FALSE,FALSE
"2026-08-17","VCX",1.15,,"PUT",25,,23.85,"2026-10-16","BEAR",212,0,212,0,212,0,24380,FALSE,FALSE,FALSE
"2026-08-17","SMH",0.04,,"PUT",405,587.82,404.96,"2026-08-21","BEAR",5428,3248,8676,0,8676,0,34704,FALSE,FALSE,FALSE
"2026-08-17","ASST",0.06,,"PUT",11.5,12.315,11.44,"2026-08-21","BEAR",3591,0,3591,0,3591,0,21546,FALSE,FALSE,FALSE
"2026-08-17","NBBK",0.9,,"PUT",22.5,,21.6,"2026-11-20","BEAR",200,400,600,0,600,0,54000,FALSE,FALSE,FALSE
"2026-08-17","ONC",0.8,,"PUT",350,347.48,349.2,"2026-08-21","BEAR",216,0,216,0,216,0,17280,FALSE,FALSE,FALSE
"2026-08-17","SPY",0.03,,"PUT",690,776.34,689.97,"2026-08-21","BEAR",5712,24791,30503,0,30503,0,91509,FALSE,FALSE,FALSE
"2026-08-17","META",0.04,,"CALL",670,589.85,670,"2026-08-21","BEAR",-3988,15708,11720,0,11720,0,46880,FALSE,FALSE,FALSE
"2026-08-17","SKHY",0.01,,"PUT",85,,84.99,"2026-08-21","BEAR",15305,45658,60963,0,60963,0,60963,FALSE,FALSE,FALSE
"2026-08-17","SPY",0.02,,"PUT",691,776.34,690.98,"2026-08-21","BEAR",7359,2921,10280,0,10280,0,20560,FALSE,FALSE,FALSE
"2026-08-17","LABD",0.05,,"PUT",1,,0.95,"2028-01-21","BEAR",2888,335,3223,0,3223,0,16115,FALSE,FALSE,FALSE
"2026-08-17","SNDK",0.04,,"PUT",850,1641.11,849.96,"2026-08-21","BEAR",3425,0,3425,0,3425,0,13700,FALSE,FALSE,FALSE
"2026-08-17","SSPC",0.12,,"PUT",9,,8.88,"2026-08-21","BEAR",1125,0,1125,0,1125,0,13500,FALSE,FALSE,FALSE
"2026-08-17","DRAM",0.04,,"PUT",41,,40.96,"2026-08-28","BEAR",3143,985,4128,0,4128,0,16512,FALSE,FALSE,FALSE
"2026-08-17","PLTR",0.01,,"PUT",50,174.04,49.99,"2026-08-21","BEAR",10420,0,10420,0,10420,0,10420,FALSE,FALSE,FALSE
"2026-08-17","CRCL",0.04,,"PUT",45,,44.96,"2026-09-04","BEAR",2574,0,2574,0,2574,0,10296,FALSE,FALSE,FALSE
"2026-08-17","ORCL",0.02,,"CALL",180,150.52,180,"2026-08-21","BEAR",-4562,20930,16368,0,16368,0,32736,FALSE,FALSE,FALSE
"2026-08-17","RAM",0.21,,"CALL",30,,30,"2026-09-18","BEAR",-423,773,350,0,350,0,7350,FALSE,FALSE,FALSE
"2026-08-17","CPNG",0.01,,"CALL",21,16.12,21,"2026-08-21","BEAR",-8113,22751,14638,0,14638,0,14638,FALSE,FALSE,FALSE
"2026-08-17","MUU",0.1,,"CALL",39,,39,"2026-08-21","BEAR",-615,3048,2433,0,2433,0,24330,FALSE,FALSE,FALSE
"2026-08-17","SPY",0.01,,"PUT",757,776.34,756.99,"2026-08-18","BEAR",5938,1574,7512,0,7512,0,7512,FALSE,FALSE,FALSE
"2026-08-17","KLAC",0.13,,"CALL",230,203.72,230,"2026-08-21","BEAR",-388,1698,1310,0,1310,0,17030,FALSE,FALSE,FALSE
"2026-08-17","SPCU",1,,"CALL",12,,12,"2026-08-21","BEAR",-31,413,382,0,382,0,38200,FALSE,FALSE,FALSE
"2026-08-17","AORT",0.25,,"CALL",30,,30,"2026-08-21","BEAR",-20,1083,1063,0,1063,0,26575,FALSE,FALSE,FALSE
"2026-08-17","MYE",0.05,,"CALL",35,,35,"2026-08-21","BEAR",-36,1128,1092,0,1092,0,5460,FALSE,FALSE,FALSE
"2026-08-17","ECG",0.24,,"CALL",160,,160,"2026-08-21","BEAR",-3,239,236,0,236,0,5664,FALSE,FALSE,FALSE
