"CreatedDate","Symbol","Price","Side","CallPut","Strike","Spot","TargetPrice","ExpirationDate","vecBullBearFlag","FinalNetPrem","NetOITotVol","NetOITotPrem","KeyGroupCount","BuBeCaPu23","BuBe23","BuCBePQut","BuBeAllQut"
"6/9/2025","FLG",2.05,"B","PUT",12,11.955,12,"1/15/2027","BULL","4525560","20604","3737741",1,1,1,1,1
"6/9/2025","COIN",52.2,"B","CALL",360,254.325,360,"1/15/2027","BEAR","1822790","0","0",1,1,1,0,0
"6/10/2025","ARM",49.6,"A","CALL",140,139.42,189.6,"6/17/2027","BULL","8658940","-1581","-2791065",1,1,0,0,0
"6/10/2025","FBTC",3.05,"B","PUT",40,95.125,40,"1/15/2027","BULL","2868125","2302","519825",1,1,1,1,1
"6/11/2025","SMR",22.794,"A","CALL",30,41.66,52.794,"1/15/2027","BULL","1186535","200","10350",1,1,1,1,1
"6/11/2025","JBLU",1.5,"B","PUT",5,4.8963,5,"1/15/2027","BULL","176300","-9175","-573700",1,1,1,1,1
"6/11/2025","MARA",4.11,"B","CALL",32,16.425,32,"6/17/2027","BEAR","1159156","-1935","388531",1,0,0,0,0
"6/12/2025","BILI",7.25,"B","CALL",22,20.7857,22,"12/17/2027","BEAR","1370320","-18","-79680",1,0,0,0,0
"6/12/2025","RBLX",15.7,"A","PUT",85,95.65,69.3,"12/18/2026","BEAR","549500","0","0",1,0,0,0,0
"6/13/2025","APLD",3.85,"B","PUT",10,11.195,10,"1/15/2027","BULL","2058669","-367","141498",1,1,1,1,1
"6/13/2025","COIN",16.35,"B","PUT",120,239.08,120,"12/17/2027","BULL","2643001","960","1008000",1,1,1,0,0
"6/13/2025","FLG",1.373,"BB","PUT",10,11.049,10,"1/15/2027","BULL","-288885","-4935","-752925",1,1,1,1,1
"6/13/2025","APA",1.9,"A","CALL",30,20.965,31.9,"1/15/2027","BULL","495790","16","85580",1,0,0,0,0
"6/13/2025","SILJ",7.2,"A","CALL",9,14.995,16.2,"1/15/2027","BULL","-1730700","-1010","-2090700",1,1,1,1,0
"6/16/2025","ORCL",64.7,"A","CALL",180,210.575,244.7,"6/17/2027","BULL","13231000","535","982500",1,0,0,0,0
"6/17/2025","ASTS",22.347,"BB","PUT",45,39.17,45,"12/17/2027","BULL","4497616","1677","3237266",1,0,0,0,0
"6/17/2025","META",120,"A","CALL",720,699.63,840,"9/18/2026","BULL","9920716","2553","8732716",1,0,0,0,0
"6/17/2025","PCT",3.1,"B","CALL",25,14.505,25,"1/15/2027","BEAR","918140","-13005","-629003",1,0,0,0,0
"6/17/2025","GME",0.4,"A","PUT",3,23.2174,2.6,"12/17/2027","BEAR","-315883","-27276","-839780",1,0,0,0,0
"6/17/2025","UIS",0.3,"A","PUT",2,4.4,1.7,"12/18/2026","BEAR","262500","0","0",1,0,0,0,0
"6/18/2025","ARM",50.5,"A","CALL",145,143.67,195.5,"6/17/2027","BULL","17648952","2036","12737392",1,1,0,0,0
"6/18/2025","META",169.38,"B","CALL",740,696.99,740,"12/17/2027","BEAR","3851192","84","2428400",1,0,0,0,0
"6/18/2025","NVDY",11.703,"B","CALL",5,16.58,5,"1/15/2027","BEAR","1299050","0","0",1,0,0,0,0
"6/18/2025","RDW",6.5,"B","CALL",20,16.98,20,"1/15/2027","BEAR","173356","-1236","72606",1,1,0,1,0
"6/23/2025","FOUR",33.7,"A","CALL",75,92.94,108.7,"1/15/2027","BULL","3875566","166","1701916",1,1,0,1,0
"6/23/2025","ORCL",54.799,"A","CALL",180,206.5,234.799,"12/18/2026","BULL","974007","363","-817925",1,0,0,0,0
"6/23/2025","NVTS",2.7,"A","CALL",10,6.7784,12.7,"1/15/2027","BULL","106250","-1600","-253675",1,1,0,1,0
"6/23/2025","IBIT",19.35,"B","CALL",50,56.745,50,"1/15/2027","BEAR","-975175","2219","-4277595",1,0,0,0,0
"6/23/2025","APP",93.53,"A","PUT",310,331.4,216.47,"1/15/2027","BEAR","1889310","0","0",1,0,0,0,0
"6/24/2025","ARM",55.95,"A","CALL",150,153.1212,205.95,"6/17/2027","BULL","6056660","-188","-3940200",1,1,0,0,0
"6/24/2025","ALAB",43.8,"A","CALL",60,86.78,103.8,"1/15/2027","BULL","976740","0","0",1,1,1,1,0
"6/24/2025","MU",21.36,"B","CALL",160,126.95,160,"1/15/2027","BEAR","2152590","-214","-837810",1,0,0,0,0
"6/24/2025","MA",58.75,"A","PUT",570,553.145,511.25,"1/15/2027","BEAR","1466250","-250","-1177500",1,0,0,0,0
"6/25/2025","SATS",8.2,"B","PUT",25,24.305,25,"1/15/2027","BULL","507701","0","0",1,1,0,1,0
"6/25/2025","ARM",58.15,"B","CALL",155,159.0112,155,"6/17/2027","BEAR","12290998","1342","6467068",1,1,0,0,0
"6/25/2025","TMC",3.281,"A","PUT",7,7.6,3.719,"1/15/2027","BEAR","473475","-172","-49537",1,0,0,0,0
"6/26/2025","ARM",46.167,"B","PUT",165,159,165,"6/17/2027","BULL","2746938","0","0",1,1,0,0,0
"6/26/2025","BHP",2.39,"A","CALL",60,48.355,62.39,"1/15/2027","BULL","-2506509","-2600","-3701500",1,1,1,1,1
"6/26/2025","XLK",17.85,"B","CALL",300,250.61,300,"6/17/2027","BEAR","9094575","0","0",1,1,0,0,0
"6/27/2025","QUBT",4.9,"A","CALL",30,17.5,34.9,"1/15/2027","BULL","1098491","376","61650",1,1,0,0,0
"6/27/2025","BHP",2.04,"A","CALL",62.5,48.715,64.54,"1/15/2027","BULL","-4460089","-4840","-5480054",1,1,1,1,1
"6/27/2025","ARM",65.5,"BB","CALL",125,165.8334,125,"12/18/2026","BEAR","12271267","-201","-717383",1,1,0,0,0
"6/27/2025","XPEV",3.5,"B","CALL",25,18.035,25,"1/15/2027","BEAR","680573","-2107","399521",1,1,1,1,1
"6/30/2025","XLF",4.19,"A","CALL",55,52.24,59.19,"12/18/2026","BULL","4373676","-2977","183676",1,0,0,0,0
"6/30/2025","QBTS",4.3,"A","CALL",30,14.39,34.3,"1/15/2027","BULL","4072940","3325","2782940",1,1,1,1,1
"6/30/2025","CELH",22.8,"A","PUT",65,46.8498,42.2,"1/15/2027","BEAR","949690","0","0",1,0,0,0,0
"7/1/2025","BX",54,"B","PUT",200,148.7,200,"1/15/2027","BULL","1215000","0","0",1,1,1,1,1
"7/1/2025","BX",14.05,"A","CALL",180,152.91,194.05,"1/15/2027","BULL","1124000","0","0",1,1,1,1,1
"7/1/2025","TEM",22.801,"B","PUT",60,58.9,60,"1/15/2027","BULL","907460","0","0",1,1,0,1,0
"7/1/2025","SOFI",6.7,"A","CALL",15,18.415,21.7,"9/18/2026","BULL","747554","1196","77554",1,0,0,0,0
"7/1/2025","CB",33.7,"B","CALL",290,288.08,290,"1/15/2027","BEAR","6740000","0","0",1,0,0,0,0
"7/1/2025","WFC",9.75,"A","PUT",80,80.575,70.25,"1/15/2027","BEAR","-2980555","-4927","-4443055",1,0,0,0,0
"7/1/2025","KKR",46,"A","PUT",175,132.87,129,"1/15/2027","BEAR","800400","0","0",1,0,0,0,0
"7/2/2025","FEZ",4.9,"B","PUT",60,59.8446,60,"1/15/2027","BULL","980000","0","0",1,0,0,0,0
"7/2/2025","PGY",7.998,"A","CALL",25,23.105,32.998,"1/15/2027","BULL","267557","-275","-92366",1,0,0,0,0
"7/2/2025","RIVN",2.94,"A","PUT",12,12.9265,9.06,"1/15/2027","BEAR","4145126","5541","678866",1,0,0,0,0
"7/2/2025","GOOGL",27.33,"B","CALL",200,177.56,200,"6/17/2027","BEAR","7268116","1149","4535116",1,1,0,1,0
"7/2/2025","SPOT",190.5,"B","CALL",700,719.825,700,"1/15/2027","BEAR","1687750","100","259000",1,1,0,0,0
"7/3/2025","SPY",11.23,"A","CALL",730,624.88,741.23,"9/18/2026","BULL","-4348373","-20688","-26530193",1,0,0,0,0
"7/3/2025","OWL",8,"B","PUT",27,19.51,27,"1/15/2027","BULL","800000","0","0",1,0,0,0,0
"7/3/2025","CNC",14.1,"B","CALL",25,33.528,25,"1/15/2027","BEAR","17647685","-13138","-18581050",1,0,0,0,0
"7/3/2025","GOOGL",49.9,"B","CALL",155,178.5933,155,"6/17/2027","BEAR","22350210","0","0",1,1,0,1,0
"7/3/2025","SCHW",18.6,"B","CALL",85,91.785,85,"6/17/2027","BEAR","13148340","0","0",1,0,0,0,0
"7/3/2025","APO",50.5,"A","PUT",190,143.065,139.5,"1/15/2027","BEAR","1262500","0","0",1,0,0,0,0
"7/3/2025","IREN",3.8,"B","CALL",32,17.75,32,"1/15/2027","BEAR","1170220","-1382","30218",1,1,0,1,0
"7/7/2025","IBIT",10.15,"B","PUT",56,61.4436,56,"1/15/2027","BULL","34248","-1355","-1483250",1,0,0,0,0
"7/7/2025","NET",65.95,"A","CALL",165,189.08,230.95,"1/15/2027","BULL","4394300","310","3207200",1,1,0,1,0
"7/7/2025","GOOG",19.15,"B","CALL",200,178.605,200,"9/18/2026","BEAR","-1741260","-1204","-3809460",1,0,0,0,0
"7/7/2025","RUN",3.5,"B","CALL",15,10.81,15,"1/15/2027","BEAR","224606","-966","-189746",1,0,0,0,0
"7/8/2025","ADI",58.328,"BB","CALL",220,244.32,220,"6/17/2027","BEAR","12103031","0","0",1,1,0,1,0
"7/9/2025","AMD",35.6,"A","CALL",125,138.49,160.6,"9/18/2026","BULL","481798","-473","-2745437",1,0,0,0,0
"7/9/2025","NCLH",6.14,"B","PUT",25,21.975,25,"1/15/2027","BULL","2259484","1242","540284",1,0,1,0,0
"7/9/2025","BTBT",1.43,"A","CALL",7,3.61,8.43,"1/15/2027","BULL","-128773","-3933","-528229",1,0,0,0,0
"7/9/2025","TDOC",4.25,"A","CALL",7.5,8.655,11.75,"12/17/2027","BULL","707643","1550","393750",1,0,1,0,0
"7/9/2025","BTBT",1.74,"A","CALL",4.5,3.5689,6.24,"1/15/2027","BULL","299425","1412","125425",1,0,0,0,0
"7/9/2025","AMZN",31.85,"B","CALL",230,222.4646,230,"9/18/2026","BEAR","605344","-2160","-6812722",1,1,1,1,1
"7/9/2025","ADSK",11.8,"A","PUT",230,312.48,218.2,"1/15/2027","BEAR","354000","0","0",1,0,1,0,1
"7/9/2025","SOFI",3.49,"B","CALL",40,20.0597,40,"12/17/2027","BEAR","-1532247","-3171","-1873496",1,0,0,0,0
"7/10/2025","AVGO",90.05,"A","CALL",220,274.5813,310.05,"1/15/2027","BULL","-18556669","-2872","-45660024",1,1,0,0,0
"7/10/2025","BE",5.2,"A","CALL",40,26.02,45.2,"1/15/2027","BULL","2354360","150","213000",1,1,1,1,1
"7/10/2025","EXE",38,"A","CALL",70,104.4888,108,"1/15/2027","BULL","570000","0","0",1,1,1,1,0
"7/10/2025","PGR",28.8,"B","CALL",270,247.709,270,"6/17/2027","BEAR","3756880","400","514000",1,1,0,1,0
"7/11/2025","SNY",10.5,"B","PUT",57.5,48.525,57.5,"1/15/2027","BULL","512400","0","0",1,0,0,0,0
"7/11/2025","STNE",2,"A","CALL",22,15.87,24,"1/15/2027","BULL","458610","202","41410",1,1,1,1,1
"7/11/2025","SPY",29.092,"AA","PUT",595,622.6488,565.908,"9/18/2026","BEAR","4277287","1800","1970295",1,0,0,0,0
"7/11/2025","RBLX",15.1,"B","CALL",150,105.99,150,"1/15/2027","BEAR","3120975","818","2365975",1,0,0,0,0
"7/11/2025","STX",18.3,"A","PUT",130,147.3,111.7,"6/17/2027","BEAR","512400","0","0",1,0,0,0,0
"7/11/2025","STX",26.5,"B","CALL",160,147.41,160,"6/17/2027","BEAR","410753","0","0",1,0,0,0,0
"7/14/2025","EWZ",3.89,"A","CALL",28,27.2933,31.89,"12/18/2026","BULL","1368115","-3139","-2530885",1,1,1,1,1
"7/14/2025","UNH",46.7,"B","CALL",360,300.565,360,"6/17/2027","BEAR","10909020","1089","1569020",1,0,0,0,0
"7/14/2025","UBER",20.1,"B","CALL",95,94.27,95,"1/15/2027","BEAR","6589405","1416","559405",1,1,0,1,0
"7/14/2025","IAU",12.3,"B","CALL",55,63.2385,55,"1/15/2027","BEAR","1789681","266","311220",1,1,0,1,0
"7/14/2025","RIOT",2.275,"B","CALL",25,13.06,25,"1/15/2027","BEAR","-2369037","-8536","-3051537",1,0,0,0,0
"7/14/2025","RIOT",1.9,"B","CALL",27,12.49,27,"1/15/2027","BEAR","-310526","-3166","-823529",1,0,0,0,0
"7/15/2025","C",36.85,"A","CALL",55,89.72,91.85,"1/15/2027","BULL","6318638","0","0",1,1,1,1,1
"7/15/2025","QQQ",53.69,"B","PUT",579.78,558.9301,579.78,"12/18/2026","BULL","8986114","1300","5492064",1,0,0,0,0
"7/15/2025","BK",13.1,"A","CALL",95,95.3083,108.1,"1/15/2027","BULL","1835050","0","0",1,1,0,1,0
"7/15/2025","NET",17.549,"A","CALL",290,186.6899,307.549,"9/18/2026","BULL","1542380","252","594710",1,1,0,1,0
"7/15/2025","CCL",4.25,"B","CALL",35,28.8,35,"1/15/2027","BEAR","5005481","-3332","-866744",1,0,0,0,0
"7/15/2025","TQQQ",10.899,"A","PUT",60,86.2588,49.101,"1/15/2027","BEAR","5879756","2837","2770915",1,1,0,1,0
"7/15/2025","SMCI",11.5,"B","CALL",85,53.21,85,"1/15/2027","BEAR","3087940","1084","787940",1,1,1,0,0
"7/15/2025","SOFI",7.85,"B","CALL",20,21.245,20,"6/17/2027","BEAR","-92104","-3128","-1677104",1,0,0,0,0
"7/15/2025","SOXS",2.75,"A","PUT",6,7.1471,3.25,"1/15/2027","BEAR","278296","-1861","-531736",1,0,0,0,0
"7/16/2025","NOW",272,"A","PUT",1200,963.9,928,"9/18/2026","BEAR","2720000","0","0",1,0,1,0,0
"7/16/2025","MPC",17,"A","PUT",160,173.48,143,"1/15/2027","BEAR","1025675","-425","-349625",1,0,0,0,0
"7/16/2025","ETHU",65.944,"A","PUT",105,88.5,39.056,"1/15/2027","BEAR","1351850","0","0",1,0,0,0,0
"7/16/2025","SOC",4.8,"A","PUT",17.5,22.125,12.7,"1/15/2027","BEAR","-3825792","-800","-4767071",2,0,0,0,0
"7/16/2025","MBLY",4.45,"B","CALL",17,15.95,17,"1/15/2027","BEAR","719040","-321","-175964",1,1,1,1,1
"7/16/2025","FAST",6,"B","CALL",45,44.91,45,"1/15/2027","BEAR","-524120","-1962","-977120",1,,,,
"7/17/2025","SMR",11.35,"B","PUT",35,45.91,35,"1/15/2027","BULL","1652755","182","234005",1,1,1,1,1
"7/17/2025","HIMS",12.315,"B","PUT",40,51.17,40,"1/15/2027","BULL","6563901","4301","5400530",2,1,1,1,1
"7/17/2025","BCS",4.31,"B","PUT",22,18.9596,22,"1/15/2027","BULL","1077500","0","0",1,0,1,0,1
"7/17/2025","INTC",3.45,"B","PUT",22,22.7971,22,"9/18/2026","BULL","1173007","1065","132956",1,1,1,1,1
"7/17/2025","CNC",13,"B","CALL",20,29.235,20,"1/15/2027","BEAR","-22266054","56","-27680764",1,0,0,0,0
"7/17/2025","SOC",4.8,"A","PUT",17.5,22.33,12.7,"1/15/2027","BEAR","-4767071","-11064","-9693791",2,0,0,0,0
"7/17/2025","ROKU",12.5,"B","CALL",120,90.835,120,"9/18/2026","BEAR","315829","-436","-434171",1,1,0,0,0
"7/17/2025","RBLX",30.2,"A","PUT",130,122.1265,99.8,"9/18/2026","BEAR","604000","0","0",1,0,0,0,0
"7/18/2025","PWR",80.958,"A","PUT",450,403.4325,369.042,"1/15/2027","BEAR","809584","0","0",1,0,0,0,0
"7/21/2025","STX",7,"B","PUT",105,149.77,105,"1/15/2027","BULL","3535000","0","0",1,0,0,0,0
"7/21/2025","NFLX",255,"A","CALL",1360,1234.155,1615,"12/17/2027","BULL","2524500","0","0",1,0,0,0,0
"7/21/2025","MT",5,"A","CALL",37,34.035,42,"1/15/2027","BULL","350000","0","0",1,1,1,1,1
"7/21/2025","MP",12.1,"A","PUT",55,62.8712,42.9,"1/15/2027","BEAR","748147","-1123","-643353",1,0,0,0,0
"7/21/2025","SOC",3.85,"A","PUT",20,30.5,16.15,"1/15/2027","BEAR","-2122500","-2507","-3046500",1,0,0,0,0
"7/21/2025","XRX",0.85,"A","PUT",3,5.225,2.15,"12/17/2027","BEAR","1474398","9479","1050843",1,0,0,0,0
"7/22/2025","EXE",7.696,"A","CALL",120,99.9819,127.696,"1/15/2027","BULL","1421627","-250","-117500",1,1,1,1,0
"7/22/2025","TGTX",8.95,"B","PUT",35,37.33,35,"1/15/2027","BULL","1407835","0","0",1,0,1,0,1
"7/22/2025","CBOE",25.1,"A","CALL",250,240.96,275.1,"1/15/2027","BULL","-820490","116","-2012740",1,,,,
"7/22/2025","B",2.03,"B","PUT",20,21.81,20,"1/15/2027","BULL","821128","-2235","-172354",1,0,1,0,0
"7/22/2025","IBKR",21.16,"B","PUT",80,61.46,80,"1/15/2027","BULL","373500","-256","-335360",1,0,1,0,0
"7/22/2025","MARA",6.12,"B","CALL",30,19.665,30,"12/17/2027","BEAR","622971","29","225171",1,0,0,0,0
"7/22/2025","RDW",7.1,"B","CALL",15,16.0101,15,"1/15/2027","BEAR","787046","2793","679836",1,1,0,1,0
"7/23/2025","RUM",0.85,"A","CALL",30,9.59,30.85,"1/15/2027","BULL","292730","0","0",1,1,1,1,1
"7/23/2025","SOC",6.88,"A","PUT",25,28.0388,18.12,"1/15/2027","BEAR","4859600","2000","1419600",1,0,0,0,0
"7/23/2025","JPM",24.35,"A","PUT",280,294.0799,255.65,"1/15/2027","BEAR","-1992949","-1799","-4306199",1,0,0,0,0
"7/23/2025","IEF",0.85,"A","PUT",87,94.7605,86.15,"1/15/2027","BEAR","1525155","0","0",1,0,0,0,0
"7/23/2025","QS",4.2,"B","CALL",20,12.89,20,"1/15/2027","BEAR","1386819","3882","449799",1,0,0,0,0
"7/23/2025","SLS",0.5,"B","CALL",3,1.865,3,"1/15/2027","BEAR","-599934","-15038","-853634",1,1,0,0,0
"7/24/2025","ORCL",47.35,"A","CALL",290,242.26,337.35,"12/17/2027","BULL","11837500","0","0",1,0,0,0,0
"7/24/2025","RSP",10.42,"B","PUT",187,187.06,187,"1/15/2027","BULL","2084000","0","0",1,0,0,0,0
"7/24/2025","SYM",20.1,"B","PUT",55,53.04,55,"1/15/2027","BULL","988921","0","0",1,1,1,1,0
"7/24/2025","APH",36.3,"A","CALL",75,103.87,111.3,"1/15/2027","BULL","726000","0","0",1,1,1,0,0
"7/24/2025","BYND",0.63,"B","PUT",1,4.12,1,"12/17/2027","BULL","245382","-5394","-447618",1,0,0,0,0
"7/24/2025","XIFR",2.25,"A","CALL",10,9.505,12.25,"1/15/2027","BULL","-427268","-2952","-535943",1,1,1,1,1
"7/24/2025","CG",15,"B","CALL",55,62.66,55,"1/15/2027","BEAR","3064933","-1248","-1343068",1,0,0,0,0
"7/24/2025","VST",41.25,"A","PUT",175,199.625,133.75,"12/17/2027","BEAR","2262070","193","818320",1,0,1,0,1
"7/25/2025","EQT",5.45,"B","PUT",47,52.7232,47,"1/15/2027","BULL","862377","-18592","-3605478",1,0,0,0,0
"7/25/2025","RKLB",12.75,"A","CALL",70,47.0168,82.75,"1/15/2027","BULL","2397982","630","1760482",1,0,0,0,0
"7/25/2025","UNFI",1.35,"B","PUT",15,28.18,15,"1/15/2027","BULL","540000","0","0",1,0,1,0,1
"7/25/2025","BYND",1.5,"A","PUT",2,3.7012,0.5,"12/17/2027","BEAR","3630523","1975","264758",1,0,0,0,0
"7/25/2025","FND",29.7,"B","CALL",60,78.59,60,"1/15/2027","BEAR","1190970","0","0",1,0,0,0,0
"7/25/2025","CPNG",3.1,"B","CALL",35,30.32,35,"9/18/2026","BEAR","772634","1402","268611",1,1,1,1,1
"7/28/2025","XLK",64,"AA","CALL",220,263.43,284,"1/15/2027","BULL","19957278","5591","6574830",1,1,0,0,0
"7/28/2025","HOOD",52.25,"A","CALL",80,106.22,132.25,"12/17/2027","BULL","5954835","546","3472960",1,0,0,0,0
"7/29/2025","MARA",0.51,"B","PUT",3,16.845,3,"6/17/2027","BULL","-586744","-9565","-999069",1,0,0,0,0
"7/29/2025","HPQ",2.71,"B","PUT",23,25.745,23,"1/15/2027","BULL","176000","-1000","-95000",1,1,0,0,0
"7/30/2025","RIVN",2.35,"B","PUT",12,13.085,12,"9/18/2026","BULL","2283785","6096","1813785",2,0,0,0,0
"7/30/2025","PGY",11.6,"B","CALL",32,30.18,32,"1/15/2027","BEAR","-31960","-278","-361400",1,0,0,0,0
"7/31/2025","SOFI",5.041,"BB","PUT",20,22.815,20,"12/17/2027","BULL","3039318","1394","803420",1,0,0,0,0
"7/31/2025","UVXY",4.5,"B","PUT",11,14.925,11,"1/15/2027","BULL","1674947","0","0",1,1,1,1,1
"7/31/2025","TECK",5.3,"B","PUT",33,32.486,33,"1/15/2027","BULL","530021","0","0",1,1,1,1,1
"7/31/2025","ATYR",3.22,"B","PUT",5,4.8,5,"1/15/2027","BULL","119140","0","0",1,1,1,1,1
"7/31/2025","NVO",15.5,"B","CALL",45,48.915,45,"12/17/2027","BEAR","3032890","129","-55130",1,1,0,0,0
"7/31/2025","VFC",2.05,"A","PUT",10,11.695,7.95,"1/15/2027","BEAR","1485173","-2232","-358597",1,0,0,0,0
"7/31/2025","BTBT",1.04,"A","PUT",2.5,2.8719,1.46,"1/15/2027","BEAR","95357","-225","-19025",1,0,0,0,0
"8/1/2025","SOXX",45.9,"A","CALL",225,238.73,270.9,"1/15/2027","BULL","-7068784","-1414","-9377554",1,0,0,0,0
"8/1/2025","BKSY",5,"A","CALL",30,18.82,35,"1/15/2027","BULL","94820","-438","-155180",1,0,0,0,0
"8/1/2025","BK",15.7,"B","CALL",97.5,99.81,97.5,"1/15/2027","BEAR","510250","0","0",1,1,0,1,0
"8/1/2025","COMP",0.5,"B","CALL",15,7.63,15,"1/15/2027","BEAR","-611870","-6066","-760420",1,1,1,1,1
"8/4/2025","CLS",42.5,"B","PUT",180,200.075,180,"1/15/2027","BULL","850000","0","0",1,1,0,0,0
"8/4/2025","CG",11.6,"B","CALL",57.5,60.13,57.5,"1/15/2027","BEAR","3899200","1390","1061556",1,0,0,0,0
"8/4/2025","BYND",1.4,"A","PUT",2,2.995,0.6,"6/17/2027","BEAR","967338","248","57338",1,0,0,0,0
"8/6/2025","MP",24.2,"B","PUT",70,66.95,70,"12/17/2027","BULL","2420000","0","0",1,0,0,0,0
"8/6/2025","IBIT",14.55,"B","PUT",65,64.8099,65,"6/17/2027","BULL","3068339","976","1613339",1,0,0,0,0
"8/6/2025","TGTX",6.09,"B","PUT",25,27.315,25,"1/15/2027","BULL","806925","0","0",1,0,1,0,1
"8/6/2025","CRK",3.2,"B","PUT",15,16.23,15,"1/15/2027","BULL","319760","250","50000",1,0,0,0,0
"8/6/2025","SLS",0.3,"A","CALL",2.5,1.595,2.8,"1/15/2027","BULL","852454","17001","739924",2,1,0,0,0
"8/6/2025","HOOD",22.75,"B","CALL",170,103.06,170,"12/17/2027","BEAR","7740770","1468","4328270",1,0,0,0,0
"8/6/2025","UPST",26,"B","CALL",65,66.8105,65,"1/15/2027","BEAR","-55600","-194","-562600",1,0,0,0,0
"8/6/2025","MNKD",1.35,"B","CALL",3,3.47,3,"1/15/2027","BEAR","100215","-462","-34650",1,0,0,0,0
"8/7/2025","COST",116.15,"A","CALL",980,980.5,1096.15,"9/18/2026","BULL","5139923","-107","1655123",1,1,1,1,1
"8/7/2025","GEO",6.165,"A","CALL",22,22.13,28.165,"1/15/2027","BULL","364968","-8192","-2721872",1,1,0,1,0
"8/7/2025","CRDO",28,"A","CALL",175,117.355,203,"1/15/2027","BULL","921200","0","0",1,0,0,0,0
"8/7/2025","RUN",6.2,"B","PUT",15,11.78,15,"1/15/2027","BULL","518250","260","-102370",1,0,0,0,0
"8/7/2025","LYV",19.3,"B","CALL",160,147.8914,160,"1/15/2027","BEAR","2895000","0","0",1,0,0,0,0
"8/7/2025","SNAP",2.59,"B","CALL",7,7.555,7,"1/15/2027","BEAR","1782884","-16263","-290487",1,1,1,1,0
"8/7/2025","BTBT",1.55,"A","PUT",3.5,2.9861,1.95,"1/15/2027","BEAR","822868","1150","158850",1,0,0,0,0
"8/7/2025","CGC",0.12,"B","CALL",10,1.05,10,"1/15/2027","BEAR","474600","11587","229065",1,0,0,0,0
"8/8/2025","MU",19.4,"A","CALL",130,118.9844,149.4,"9/18/2026","BULL","4305055","900","2366995",1,0,0,0,0
"8/8/2025","IBIT",14.92,"B","PUT",70,66.68,70,"1/15/2027","BULL","-48571127","-17843","-50063135",1,0,0,0,0
"8/8/2025","FLG",0.6,"A","CALL",17,11.545,17.6,"1/15/2027","BULL","-9261","-2069","-189261",1,1,1,1,1
"8/8/2025","AU",14.4,"B","CALL",50,56.755,50,"12/18/2026","BEAR","-2589490","-432","-5489490",1,0,1,0,1
"8/8/2025","CRWD",105.995,"BB","CALL",420,432.67,420,"1/15/2027","BEAR","-640093","-200","-2760000",1,1,0,0,0
"8/8/2025","OSCR",7.01,"B","CALL",13,15.3535,13,"1/15/2027","BEAR","843238","-1935","-1259762",1,0,0,0,0
"8/8/2025","DVA",15.3,"A","PUT",125,130.14,109.7,"12/18/2026","BEAR","688500","0","0",1,0,0,0,0
"8/8/2025","DJT",1.46,"B","CALL",40,17.18,40,"1/15/2027","BEAR","577522","-1274","-6478",1,1,0,1,0
"8/11/2025","OKLO",16.264,"B","PUT",55,73.6436,55,"1/15/2027","BULL","1015875","200","284000",1,0,0,0,0
"8/11/2025","AI",3.36,"B","PUT",15,16.845,15,"1/15/2027","BULL","688440","443","184440",1,0,1,0,1
"8/11/2025","HP",4.11,"B","PUT",17.5,17.8,17.5,"12/18/2026","BULL","493200","0","0",1,0,1,0,0
"8/11/2025","RIVN",5.66,"B","PUT",15,12.125,15,"12/17/2027","BULL","1048922","1177","595556",1,0,0,0,0
"8/11/2025","SOUN",6.6,"A","PUT",17,15.5751,10.4,"1/15/2027","BEAR","883669","566","441469",1,0,0,0,0
"8/11/2025","ROIV",1.35,"A","PUT",10,11.205,8.65,"1/15/2027","BEAR","394150","-310","-10850",1,0,0,0,0
"8/12/2025","SOFI",5.95,"B","PUT",22,23.365,22,"12/17/2027","BULL","1430816","246","141450",1,0,0,0,0
"8/12/2025","HOG",4.2,"B","PUT",25,25.46,25,"1/15/2027","BULL","-265270","-2762","-1270165",1,1,0,1,0
"8/12/2025","NBIS",21.55,"A","CALL",85,72.57,106.55,"1/15/2027","BULL","700375","0","0",1,0,0,0,0
"8/12/2025","PINS",2.12,"A","PUT",25,34.545,22.88,"1/15/2027","BEAR","1009866","575","373866",1,0,0,0,0
"8/12/2025","ASTS",12.5,"A","PUT",37,53.4486,24.5,"12/17/2027","BEAR","1539480","676","914480",1,0,0,0,0
"8/13/2025","QXO",6.4,"B","PUT",22,20.72,22,"12/17/2027","BULL","526093","0","0",1,0,0,0,0
"8/13/2025","TDOC",0.83,"B","PUT",5,7.45,5,"1/15/2027","BULL","594643","2864","262643",1,0,1,0,0
"8/13/2025","SPY",13.95,"B","CALL",730,643.99,730,"9/18/2026","BEAR","19233773","-242","-2630062",1,0,0,0,0
"8/13/2025","DNN",0.275,"A","PUT",1.5,2.005,1.225,"1/15/2027","BEAR","315000","5500","150000",1,1,0,0,0
"8/14/2025","PLTR",76.6,"A","CALL",140,180.79,216.6,"6/17/2027","BULL","8915262","-1591","-21797978",1,0,0,0,0
"8/14/2025","GLD",32.5,"A","CALL",307,306.7008,339.5,"1/15/2027","BULL","3075370","-128","-2218880",1,0,0,0,0
"8/14/2025","COIN",22.7,"B","PUT",200,323.1,200,"1/15/2027","BULL","-4793670","-1515","-9408670",1,1,1,0,0
"8/14/2025","BE",11,"B","PUT",40,43.8,40,"1/15/2027","BULL","4454475","-150","54475",1,1,1,1,1
"8/14/2025","SILJ",3.78,"A","CALL",17,16.925,20.78,"1/15/2027","BULL","-693765","-1765","-1072769",1,1,1,1,0
"8/14/2025","LUV",4.29,"A","PUT",30,30.6402,25.71,"1/15/2027","BEAR","984502","456","126502",1,0,0,0,0
"8/14/2025","RUN",5.2,"A","PUT",13,10.47,7.8,"1/15/2027","BEAR","909319","673","181344",1,0,0,0,0
"8/15/2025","HPP",1,"A","CALL",2.5,2.7,3.5,"1/15/2027","BULL","1000000","0","0",1,1,1,0,0
"8/15/2025","ALAB",43.7,"B","CALL",270,186.8097,270,"1/15/2027","BEAR","-1771481","-776","-3733617",1,1,1,1,0
"8/15/2025","GOOGL",17.8,"B","CALL",250,205.87,250,"1/15/2027","BEAR","-1303271","-828","-3233881",1,1,0,1,0
"8/15/2025","FOUR",3.6,"B","CALL",170,90.81,170,"1/15/2027","BEAR","758520","0","0",1,1,0,1,0
"8/15/2025","FOUR",3.2,"B","CALL",175,91.13,175,"1/15/2027","BEAR","688640","0","0",1,1,0,1,0
"8/15/2025","FOUR",3.9,"B","CALL",165,90.745,165,"1/15/2027","BEAR","658514","204","52064",1,1,0,1,0
"8/15/2025","BK",14.6,"B","CALL",100,100.94,100,"1/15/2027","BEAR","410260","0","0",1,1,0,1,0
"8/18/2025","BE",15.6,"A","CALL",50,46.655,65.6,"1/15/2027","BULL","3600480","231","480480",1,1,1,1,1
"8/18/2025","TQQQ",10.482,"AA","CALL",135,92.9682,145.482,"1/15/2027","BULL","1169465","-790","-491855",1,1,0,1,0
"8/18/2025","AR",4.7,"B","PUT",30,30.15,30,"1/15/2027","BULL","315480","-1268","-570555",1,0,1,0,1
"8/18/2025","UBER",24.6,"B","CALL",95,94.0152,95,"12/17/2027","BEAR","25055","-997","-2417725",1,1,0,1,0
"8/18/2025","OUST",12.6,"B","CALL",35,31.58,35,"1/15/2027","BEAR","-567157","-624","-819157",1,0,0,0,0
"8/18/2025","BRBR",3.05,"B","CALL",55,38.725,55,"12/18/2026","BEAR","418616","830","174616",1,1,1,1,1
"8/18/2025","RDW",3,"B","CALL",12,9.0225,12,"1/15/2027","BEAR","-1910898","-6388","-2120898",1,1,0,1,0
"8/19/2025","META",205,"A","CALL",660,750.81,865,"6/17/2027","BULL","-10492126","-918","-16780378",1,0,0,0,0
"8/19/2025","RIVN",2.51,"B","PUT",12,12.21,12,"9/18/2026","BULL","1813785","-242","222947",2,0,0,0,0
"8/19/2025","RIG",1.04,"B","PUT",3.5,2.9126,3.5,"12/18/2026","BULL","549000","600","29000",1,1,0,1,0
"8/19/2025","PTON",0.35,"A","PUT",3,7.825,2.65,"12/17/2027","BEAR","1750000","0","0",1,1,1,0,0
"8/19/2025","UPST",16.35,"B","CALL",80,61.71,80,"1/15/2027","BEAR","1696239","-69","61239",1,0,0,0,0
"8/20/2025","META",190.003,"AA","CALL",680,746.2315,870.002999999999,"6/17/2027","BULL","3596497","-533","-9285567",1,0,0,0,0
"8/20/2025","SHOP",38,"A","CALL",125,135.7236,163,"12/18/2026","BULL","-1560050","-465","-2776050",1,0,0,0,0
"8/20/2025","UBER",18.216,"A","CALL",87.5,91.855,105.716,"9/18/2026","BULL","813805","3212","-231808",1,1,0,1,0
"8/20/2025","SLV",4.48,"B","PUT",36,34.35,36,"1/15/2027","BULL","896000","0","0",1,0,0,0,0
"8/20/2025","KD",1.7,"B","PUT",20,30.59,20,"1/15/2027","BULL","-342021","-9998","-948751",1,0,0,0,0
"8/20/2025","SLS",0.45,"A","CALL",2.5,1.86,2.95,"1/15/2027","BULL","483244","2015","65554",2,1,0,0,0
"8/20/2025","RDDT",52,"B","CALL",300,212.6235,300,"6/17/2027","BEAR","2689520","242","1103520",1,0,0,0,0
"8/20/2025","LAZR",0.48,"A","PUT",1,1.99,0.52,"1/15/2027","BEAR","1314133","14534","737845",1,0,0,0,0
"8/20/2025","GLOB",13.5,"A","PUT",65,67.76,51.5,"10/16/2026","BEAR","217350","0","0",1,0,0,0,0
"8/21/2025","MELI",400,"A","PUT",2320,2324.08,1920,"6/17/2027","BEAR","3999998","0","0",1,0,0,0,0
"8/22/2025","COIN",92,"A","CALL",310,319.68,402,"12/18/2026","BULL","5139753","-473","-3841516",1,1,1,0,0
"8/22/2025","BX",25.15,"A","CALL",170,172.1,195.15,"12/18/2026","BULL","2146800","557","708180",1,1,1,1,1
"8/22/2025","META",36.08,"B","PUT",580,754.61,580,"12/18/2026","BULL","1467681","72","385281",1,0,0,0,0
"8/22/2025","QUBT",5.9,"B","PUT",15,15.36,15,"1/15/2027","BULL","491104","-212","-128396",1,1,0,0,0
"8/22/2025","JOBY",3.25,"B","PUT",12,14.985,12,"1/15/2027","BULL","79963","-761","-245037",1,0,0,0,0
"8/22/2025","UP",1.15,"A","CALL",2,2.04,3.15,"1/15/2027","BULL","173002","2823","130002",1,1,1,1,1
"8/25/2025","GAP",4.7,"B","PUT",22,21.4334,22,"1/15/2027","BULL","352500","0","0",1,0,0,0,0
"8/25/2025","CRWD",87.1,"A","PUT",450,422.285,362.9,"1/15/2027","BEAR","5171250","125","816250",1,1,0,0,0
"8/25/2025","GEO",9.2,"B","CALL",15,21.645,15,"1/15/2027","BEAR","-116351","-1983","-769671",1,1,0,1,0
"8/25/2025","BE",26.1,"A","PUT",65,49.25,38.9,"1/15/2027","BEAR","1692788","2206","1168184",1,1,1,1,1
"8/26/2025","IREN",9.6,"B","PUT",25,23.173,25,"1/15/2027","BULL","4394825","-549","-405175",1,1,0,1,0
"8/26/2025","UBER",9.94,"A","CALL",120,95.64,129.94,"1/15/2027","BULL","11156","-2215","-1267901",1,1,0,1,0
"8/26/2025","XSP",72.1,"A","CALL",620,0,692.1,"9/18/2026","BULL","1189650","0","0",1,0,0,0,0
"8/26/2025","RIVN",2.65,"B","CALL",15,13.235,15,"9/18/2026","BEAR","1437761","-206","-417239",1,0,0,0,0
"8/26/2025","META",46.4,"A","PUT",650,752.28,603.6,"8/21/2026","BEAR","-41256485","-4648","-42648485",1,0,0,0,0
"8/26/2025","NVDA",56.898,"BB","CALL",140,181.075,140,"8/21/2026","BEAR","2090470","200","907000",1,1,0,1,0
"8/26/2025","DKNG",5.65,"B","CALL",55,47.55,55,"9/18/2026","BEAR","1132689","1400","575599",2,1,0,0,0
"8/27/2025","CSX",4.7,"A","CALL",32.5,32.425,37.2,"6/17/2027","BULL","-4424526","-9765","-7147952",1,0,1,0,1
"8/27/2025","V",47.5,"B","PUT",380,351.855,380,"6/17/2027","BULL","1900000","0","0",1,0,0,0,0
"8/27/2025","KDP",6.1,"A","CALL",25,29.375,31.1,"1/15/2027","BULL","378243","-313","-190930",1,1,1,1,1
"8/27/2025","CIFR",1.55,"B","PUT",5,7.15,5,"1/15/2027","BULL","790190","2675","250567",1,0,0,0,0
"8/27/2025","HIVE",0.6,"B","CALL",10,2.99,10,"1/15/2027","BEAR","757985","1560","517768",1,1,0,1,0
"8/28/2025","NTNX",6.3,"B","PUT",57.5,64.76,57.5,"1/15/2027","BULL","-7090858","-5832","-10497898",1,0,1,0,1
"8/28/2025","IBIT",15.75,"A","CALL",64,63.6372,79.75,"1/15/2027","BULL","2118175","-456","-77330",1,0,0,0,0
"8/28/2025","HOOD",17.1,"B","PUT",90,102.99,90,"9/18/2026","BULL","930865","-919","-1069835",1,0,0,0,0
"8/28/2025","IBIT",11.91,"B","PUT",60,63.99,60,"6/17/2027","BULL","1175745","83","-15255",1,0,0,0,0
"8/28/2025","IOT",10.864,"A","CALL",35,36.445,45.864,"1/15/2027","BULL","-106750","-991","-943490",1,1,1,1,1
"8/28/2025","UAA",4.952,"B","PUT",10,5.01,10,"1/15/2027","BULL","583352","0","0",1,0,1,0,1
"8/28/2025","GME",3.6,"A","CALL",35,22.705,38.6,"1/15/2027","BULL","-4273736","-13060","-4813376",1,0,0,0,0
"8/28/2025","RDW",3,"A","CALL",12,9.19,15,"1/15/2027","BULL","2120898","5688","1910898",1,1,0,1,0
"8/28/2025","WULF",3.55,"B","CALL",12,9.465,12,"9/17/2027","BEAR","-62745","-1596","-690809",1,0,0,0,0
"8/28/2025","BKSY",5.8,"A","PUT",17.5,17.97,11.7,"1/15/2027","BEAR","306240","0","0",1,0,0,0,0
"8/29/2025","IREN",12.29,"A","CALL",22,26.27,34.29,"1/15/2027","BULL","4670200","0","0",1,1,0,1,0
"8/29/2025","TEVA",1.89,"A","CALL",22,18.38,23.89,"9/18/2026","BULL","-5862172","-7001","-8697172",1,0,0,0,0
"8/29/2025","LYV",3.27,"B","PUT",110,166.64,110,"1/15/2027","BULL","273800","-2722","-1197700",1,0,0,0,0
"8/29/2025","A",28.75,"A","CALL",110,125.2996,138.75,"1/15/2027","BULL","-4655136","-390","-6057246",1,1,1,1,1
"8/29/2025","QQQ",29.1,"A","PUT",540,570.75,510.9,"9/18/2026","BEAR","3821968","3286","911968",1,0,0,0,0
"8/29/2025","HOOD",22.23,"A","PUT",100,103.4999,77.77,"9/18/2026","BEAR","3733517","977","1065917",1,0,0,0,0
"8/29/2025","LULU",26.35,"B","CALL",270,201.905,270,"1/15/2027","BEAR","1847500","-500","-787500",1,1,0,1,0
"8/29/2025","FL",9.1,"B","CALL",15,24.625,15,"1/15/2027","BEAR","2548000","0","0",1,0,0,0,0
"8/29/2025","GOOG",17.14,"A","PUT",200,212.61,182.86,"9/18/2026","BEAR","1570000","-150","-144000",1,0,0,0,0
"8/29/2025","IBIT",2.45,"A","PUT",34,61.7801,31.55,"1/15/2027","BEAR","6807340","19843","5582340",1,0,0,0,0
"8/29/2025","FL",9.9,"B","CALL",15,24.81,15,"12/18/2026","BEAR","405150","-400","-372000",1,0,0,0,0
"8/29/2025","GME",3.5,"B","CALL",35,22.72,35,"1/15/2027","BEAR","3775176","8109","3070526",1,0,0,0,0
"8/29/2025","AXL",1.2,"B","CALL",7,5.7352,7,"12/18/2026","BEAR","215899","-200","-24101",1,1,0,1,0
"9/2/2025","MRVL",23.4,"BB","PUT",80,62.72,80,"1/15/2027","BULL","2633590","-3423","-2306150",1,0,0,0,0
"9/2/2025","AMD",22.85,"B","PUT",135,160.1491,135,"12/17/2027","BULL","5396920","576","1283920",1,0,0,0,0
"9/2/2025","INTC",4.26,"B","PUT",25,24.05,25,"9/18/2026","BULL","381261","-2030","-470739",1,1,1,1,1
"9/2/2025","COUR",3.38,"A","CALL",10,10.94,13.3799999999999,"1/15/2027","BULL","-9821","-2342","-258279",1,1,1,1,1
"9/2/2025","TSM",24.69,"A","PUT",210,227.645,185.31,"1/15/2027","BEAR","1556586","-720","-1529664",1,1,1,0,0
"9/3/2025","TSM",42,"A","CALL",230,230.91,272,"1/15/2027","BULL","1966875","-125","-1183125",1,1,1,0,0
"9/3/2025","FCX",11.45,"B","PUT",55,46.18,55,"9/18/2026","BULL","465267","-1966","-679733",1,1,1,0,0
"9/3/2025","RELY",6.991,"A","CALL",15,19.28,21.991,"12/18/2026","BULL","121804","-330","-108900",1,,,,
"9/4/2025","META",175,"A","CALL",700,748.53,875,"6/17/2027","BULL","11821778","1179","9161778",2,0,0,0,0
"9/4/2025","FXI",2.62,"B","PUT",35,38.2199,35,"1/15/2027","BULL","3833827","5489","1213827",1,0,0,0,0
"9/4/2025","WDC",13.978,"BB","PUT",90,90.46,90,"1/15/2027","BULL","1916920","0","0",1,0,0,0,0
"9/4/2025","HOOD",11.849,"A","CALL",160,103.74,171.849,"9/18/2026","BULL","736547","1320","-178215",1,0,0,0,0
"9/4/2025","WULF",1.42,"A","CALL",17,8.78,18.42,"12/18/2026","BULL","582802","-935","156802",1,0,0,0,0
"9/5/2025","CNQ",0.9,"A","CALL",40,30.517,40.9,"1/15/2027","BULL","1053484","-1114","-316572",1,1,1,1,1
"9/5/2025","LYFT",2.17,"A","CALL",25,16.8445,27.17,"1/15/2027","BULL","497388","-943","-262112",1,1,0,0,0
"9/5/2025","GD",35.9,"B","CALL",320,322.07,320,"1/15/2027","BEAR","2093630","279","1174590",1,0,0,0,0
"9/5/2025","CRMD",4,"B","CALL",12,12.46,12,"1/15/2027","BEAR","78835","149","-41975",1,0,0,0,0
"9/8/2025","SPOT",149.95,"A","CALL",720,715.06,869.95,"12/18/2026","BULL","4498500","0","0",1,1,0,0,0
"9/8/2025","LULU",31.75,"B","PUT",155,166.5,155,"12/17/2027","BULL","2178050","0","0",1,1,0,1,0
"9/8/2025","CNQ",1.84,"A","CALL",35,30.5002,36.84,"1/15/2027","BULL","954939","150","34950",1,1,1,1,1
"9/8/2025","MU",25.6,"B","CALL",140,131.68,140,"12/18/2026","BEAR","2554880","0","0",1,0,0,0,0
"9/8/2025","WULF",4.77,"A","PUT",12,9.455,7.23,"1/15/2027","BEAR","3322404","4367","1891404",1,0,0,0,0
"9/8/2025","OSCR",11,"B","CALL",17,20.02,17,"12/17/2027","BEAR","455500","150","103500",1,0,0,0,0
"9/9/2025","IREN",10.596,"BB","PUT",30,30.2217,30,"1/15/2027","BULL","-21493658","-25268","-24002094",1,1,0,1,0
"9/9/2025","FCX",9.94,"B","PUT",50,43.89,50,"12/18/2026","BULL","512830","-430","-481170",1,1,1,0,0
"9/9/2025","CLMT",8.187,"AA","CALL",17,17.79,25.1869999999999,"12/17/2027","BULL","736849","0","0",1,1,1,1,1
"9/9/2025","CIFR",5.1,"A","CALL",10,9.2845,15.1,"12/17/2027","BULL","507200","0","0",1,0,0,0,0
"9/9/2025","UUUU",2.433,"A","CALL",25,12.475,27.433,"1/15/2027","BULL","1207207","-607","701347",1,0,0,0,0
"9/9/2025","CLMT",5.6,"B","PUT",17,17.9,17,"12/17/2027","BULL","504000","0","0",1,1,1,1,1
"9/9/2025","HUT",10.35,"AA","CALL",32,26.71,42.35,"6/17/2027","BULL","397444","0","0",1,1,0,0,0
"9/9/2025","SYM",11,"B","PUT",40,47.125,40,"1/15/2027","BULL","130186","-470","-254814",1,1,1,1,0
"9/9/2025","HUT",11.651,"AA","CALL",30,26.71,41.6509999999999,"9/17/2027","BULL","292435","0","0",1,1,0,0,0
"9/9/2025","MRVL",11.7,"B","CALL",80,67.3,80,"1/15/2027","BEAR","2478810","-28","138810",1,0,0,0,0
"9/9/2025","ROKU",11.87,"A","PUT",80,97.9205,68.13,"1/15/2027","BEAR","1187000","0","0",1,1,0,0,0
"9/10/2025","SMH",34.5,"B","PUT",300,299.42,300,"12/18/2026","BULL","3222870","-113","-227130",1,0,0,0,0
"9/10/2025","CDNS",58,"A","CALL",340,335.86,398,"1/15/2027","BULL","1755000","0","0",1,0,0,0,0
"9/10/2025","BITF",1.42,"B","PUT",2.5,1.78,2.5,"1/15/2027","BULL","849164","935","139162",2,1,0,0,0
"9/10/2025","VALE",1.58,"B","PUT",10,10.4467,10,"12/17/2027","BULL","893010","1258","214694",1,1,1,1,1
"9/10/2025","NEXT",1.5,"A","CALL",12,8.125,13.5,"1/15/2027","BULL","317268","-3762","-324374",1,1,0,1,0
"9/10/2025","BTU",3.75,"B","PUT",18,18.38,18,"12/18/2026","BULL","389654","0","0",1,0,0,0,0
"9/10/2025","CNR",8.8,"B","CALL",90,72,90,"12/18/2026","BEAR","4108160","-152","-291840",1,0,0,0,0
"9/10/2025","SATS",15.508,"B","CALL",125,80.95,125,"12/17/2027","BEAR","1164559","-500","-2418270",1,1,0,1,0
"9/10/2025","SHEL",25.3,"B","CALL",47.5,72.27,47.5,"1/15/2027","BEAR","3112060","750","2181020",2,1,1,1,0
"9/10/2025","NVO",8.05,"B","CALL",75,54.435,75,"12/17/2027","BEAR","1349674","348","516460",1,1,0,0,0
"9/10/2025","SATS",18.6,"B","CALL",120,81.255,120,"12/17/2027","BEAR","587761","0","0",1,1,0,1,0
"9/11/2025","SA",6.199,"A","CALL",15,18.5026,21.1989999999999,"1/15/2027","BULL","2009384","2322","627686",1,1,0,1,0
"9/11/2025","ALIT",0.59,"A","CALL",5,3.655,5.59,"1/15/2027","BULL","352446","-1917","-15190",1,1,1,1,1
"9/11/2025","FLG",0.45,"A","CALL",20,12.7023,20.45,"1/15/2027","BULL","-42899","-5270","-171308",1,1,1,1,1
"9/11/2025","ATYR",2.639,"A","CALL",12,5.388,14.639,"1/15/2027","BULL","118774","0","0",1,1,1,1,1
"9/11/2025","GOOGL",21.86,"B","CALL",270,240.0155,270,"9/18/2026","BEAR","3757000","300","1571000",1,1,0,1,0
"9/11/2025","RDDT",77.999,"A","PUT",260,264.1081,182.001,"6/17/2027","BEAR","1934370","0","0",1,0,0,0,0
"9/11/2025","OUST",13,"B","CALL",30,30.784,30,"1/15/2027","BEAR","2199448","1178","1440248",1,0,0,0,0
"9/12/2025","TER",32.121,"AA","CALL",110,109.7272,142.121,"12/17/2027","BULL","-1408350","-1116","-7952629",1,0,0,0,0
"9/12/2025","CRWD",55.05,"A","CALL",550,441.68,605.05,"1/15/2027","BULL","-2900868","-950","-8271512",1,1,0,0,0
"9/12/2025","NVDA",15.66,"B","PUT",160,177.56,160,"8/21/2026","BULL","438209","-3810","-3085291",1,1,0,1,0
"9/12/2025","HWM",33.599,"A","CALL",180,186.8525,213.599,"9/18/2026","BULL","551023","0","0",1,1,1,1,1
"9/12/2025","IMPP",0.9,"A","CALL",5,4.3995,5.9,"1/15/2027","BULL","213829","408","33379",1,0,0,0,0
"9/12/2025","IREN",7.66,"B","CALL",50,33.31,50,"9/18/2026","BEAR","11706142","376","9254942",1,1,0,1,0
"9/12/2025","TSM",39.75,"B","CALL",260,259.1,260,"9/18/2026","BEAR","2278775","0","0",1,1,1,0,0
"9/15/2025","ET",3.35,"A","CALL",15,17.65,18.35,"1/21/2028","BULL","1354855","-4054","-1142570",1,1,1,1,1
"9/15/2025","LULU",25.297,"A","CALL",250,161.8,275.297,"12/17/2027","BULL","2845481","159","465040",1,1,0,1,0
"9/15/2025","UBER",10.85,"B","PUT",90,97.34,90,"1/15/2027","BULL","1428750","-150","-198750",1,1,0,1,0
"9/15/2025","MCHI",7.95,"A","CALL",65,64.4101,72.95,"1/15/2027","BULL","1590000","0","0",1,1,1,1,1
"9/15/2025","BITF",2.2,"A","CALL",0.5,2.475,2.7,"1/15/2027","BULL","186010","-3234","-954030",1,1,0,0,0
"9/15/2025","RKLB",18.201,"B","PUT",50,53.93,50,"1/21/2028","BULL","522914","-260","-319800",1,0,0,0,0
"9/15/2025","OSCR",6.8,"A","CALL",30,18.7786,36.8,"12/17/2027","BULL","338013","-766","-478539",1,0,0,0,0
"9/15/2025","BK",15,"A","CALL",105,106.39,120,"1/15/2027","BULL","56779","-264","-448721",1,1,0,1,0
"9/15/2025","ZETA",8.6,"A","CALL",20,20.355,28.6,"1/21/2028","BULL","1077399","228","635092",1,0,0,0,0
"9/15/2025","PPTA",4.717,"BB","PUT",17.5,17.72,17.5,"1/15/2027","BULL","407996","0","0",1,0,1,0,0
"9/15/2025","GOSS",1.75,"A","CALL",3,3.25,4.75,"1/15/2027","BULL","411535","2351","83010",1,1,1,1,1
"9/15/2025","B",3.25,"B","PUT",25,29.0838,25,"1/21/2028","BULL","1625","-200","-49400",1,0,1,0,0
"9/15/2025","ONON",8.75,"B","CALL",45,43.0147,45,"1/15/2027","BEAR","291734","-6290","-4521562",1,1,1,1,1
"9/15/2025","OKLO",24.8,"B","CALL",110,85.4188,110,"1/15/2027","BEAR","2448223","36","-69019",1,0,0,0,0
"9/15/2025","SPHR",11.05,"B","CALL",80,59.48,80,"1/15/2027","BEAR","5157550","1651","2947550",1,0,0,0,0
"9/15/2025","LYFT",3.62,"B","CALL",30,19.415,30,"12/17/2027","BEAR","1086000","0","0",1,1,0,0,0
"9/15/2025","ASTS",17.8,"A","PUT",42,40.82,24.2,"12/17/2027","BEAR","836600","0","0",1,0,0,0,0
"9/15/2025","NBIS",43.8,"B","CALL",75,90.08,75,"12/17/2027","BEAR","657000","0","0",1,0,0,0,0
"9/15/2025","TSLQ",10,"A","PUT",10,9.1788,0,"1/21/2028","BEAR","467000","0","0",1,0,0,0,0
"9/15/2025","PL",4.4,"B","CALL",10,9.81,10,"1/21/2028","BEAR","-614298","-1700","-956598",1,0,0,0,0
"9/16/2025","SPY",139.7,"A","CALL",550,660.28,689.7,"9/18/2026","BULL","11511280","0","0",1,0,0,0,0
"9/16/2025","BITF",1.8,"A","CALL",3,2.885,4.8,"1/15/2027","BULL","7092180","9745","4212540",1,1,0,0,0
"9/16/2025","UBER",9.9,"B","PUT",87.5,97.875,87.5,"1/15/2027","BULL","990000","0","0",1,1,0,1,0
"9/16/2025","BX",24.7,"B","PUT",185,184.35,185,"1/15/2027","BULL","988000","0","0",1,1,1,1,1
"9/16/2025","BITF",1.39,"B","PUT",2.5,2.815,2.5,"1/15/2027","BULL","540682","315","47926",2,1,0,0,0
"9/16/2025","HIVE",1.795,"A","CALL",4,3.76,5.795,"1/15/2027","BULL","1095131","5718","642694",1,1,0,1,0
"9/16/2025","UAMY",2.114,"B","PUT",5,5.46,5,"1/15/2027","BULL","-479355","-4563","-585375",1,1,1,1,0
"9/16/2025","LFMD",2,"A","CALL",7,5.86,9,"1/15/2027","BULL","-123195","-1059","-210395",1,1,0,1,0
"9/16/2025","GOOG",42.1,"A","PUT",270,251.17,227.9,"1/15/2027","BEAR","3718707","188","350707",1,0,0,0,0
"9/16/2025","RKLB",16.15,"B","CALL",75,47.8588,75,"1/21/2028","BEAR","-6239474","-2607","-7837659",1,0,0,0,0
"9/16/2025","B",7.98,"A","PUT",35,28.7838,27.02,"1/15/2027","BEAR","1061680","-2034","-55520",1,0,1,0,0
"9/16/2025","AMD",61.2,"A","PUT",210,160.1028,148.8,"12/18/2026","BEAR","2710843","500","1792843",1,0,0,0,0
"9/16/2025","SLS",0.6,"B","CALL",4,1.665,4,"1/21/2028","BEAR","43775","569","-76225",1,1,0,0,0
"9/16/2025","PPTA",3.4,"A","PUT",15,17.182,11.6,"1/15/2027","BEAR","113880","0","0",1,0,1,0,0
"9/16/2025","GPRO",0.755,"B","CALL",5,2.24,5,"1/15/2027","BEAR","-201766","-12340","-277217",1,1,1,1,1
"9/17/2025","AAPL",102.496,"A","CALL",145,239.34,247.495999999999,"12/18/2026","BULL","2049920","0","0",1,0,1,0,0
"9/17/2025","GOSS",1.85,"A","CALL",3,3.07,4.85,"1/21/2028","BULL","1883200","800","33200",1,1,1,1,1
"9/17/2025","PLTR",28.37,"B","PUT",130,163.97,130,"1/21/2028","BULL","4885994","1132","3325644",1,0,0,0,0
"9/17/2025","SNAP",3.65,"A","CALL",7,7.9161,10.65,"1/21/2028","BULL","3435461","12815","2340461",1,1,1,1,0
"9/17/2025","PLTR",35.4,"B","PUT",145,165.12,145,"1/21/2028","BULL","-112500","-300","-1174500",1,0,0,0,0
"9/17/2025","PLTR",26.72,"B","PUT",135,164.02,135,"6/17/2027","BULL","-13259705","-6043","-14061305",1,0,0,0,0
"9/17/2025","PACS",3.4,"A","CALL",15,11.07,18.4,"1/15/2027","BULL","-2622431","-1762","-3054425",1,0,0,0,0
"9/17/2025","TTMI",11.75,"A","CALL",50,49.32,61.75,"10/16/2026","BULL","176250","0","0",1,1,1,1,1
"9/17/2025","DPRO",1.45,"A","CALL",5,5.22,6.45,"1/15/2027","BULL","-85700","-418","-114120",1,0,1,0,1
"9/17/2025","LLY",211,"B","CALL",600,765.5274,600,"9/18/2026","BEAR","4088368","-205","-3042000",1,0,0,0,0
"9/17/2025","VRT",31,"B","CALL",135,134.97,135,"9/18/2026","BEAR","-336200","-1100","-3740000",1,1,1,0,0
"9/17/2025","FRPT",11.52,"B","CALL",60,53.63,60,"12/18/2026","BEAR","2416896","0","0",1,0,0,0,0
"9/17/2025","STX",66.4,"A","PUT",260,209.21,193.6,"9/18/2026","BEAR","1328000","0","0",1,0,0,0,0
"9/17/2025","SLV",3.25,"B","CALL",41,38.115,41,"9/18/2026","BEAR","975032","0","0",1,0,0,0,0
"9/17/2025","KSS",5.999,"A","PUT",17,17.87,11.001,"1/21/2028","BEAR","141474","-1200","-578401",1,,,,
"9/17/2025","OSCR",6.845,"B","CALL",25,17.89,25,"1/21/2028","BEAR","1762036","2500","1077500",2,0,0,0,0
"9/17/2025","VSCO",7.7,"B","CALL",27,26.985,27,"1/15/2027","BEAR","-611828","-817","-1266328",1,,,,
"9/17/2025","SQM",4.65,"A","PUT",37.5,43.385,32.85,"1/15/2027","BEAR","651000","0","0",1,0,1,0,1
"9/17/2025","OSCR",6,"B","CALL",30,17.955,30,"1/21/2028","BEAR","368780","-320","-154421",1,0,0,0,0
"9/17/2025","OSCR",4.4,"B","CALL",40,17.295,40,"1/21/2028","BEAR","6426529","32970","5986529",2,0,0,0,0
"9/17/2025","SERV",6,"B","CALL",10,11.4391,10,"1/21/2028","BEAR","-348833","-887","-480835",1,1,0,1,0
"9/18/2025","IBIT",29.6,"A","CALL",50,66.95,79.6,"1/21/2028","BULL","10049896","1826","3537940",1,0,0,0,0
"9/18/2025","JBL",46.35,"B","PUT",230,223.1221,230,"1/21/2028","BULL","4635000","0","0",1,1,1,1,1
"9/18/2025","XLV",7.5,"B","PUT",135,137.505,135,"1/15/2027","BULL","1500000","0","0",1,0,0,0,0
"9/18/2025","HIMS",9.5,"B","PUT",40,54.74,40,"12/18/2026","BULL","-2425005","-1586","-3660005",1,1,1,1,1
"9/18/2025","JBL",11.75,"B","PUT",140,223.165,140,"1/21/2028","BULL","1175000","0","0",1,1,1,1,1
"9/18/2025","WMT",8.65,"A","CALL",110,103.9168,118.65,"9/18/2026","BULL","1716919","1456","761094",1,1,0,0,0
"9/18/2025","ACMR",8.8,"A","CALL",40,35.495,48.8,"1/15/2027","BULL","665270","0","0",1,1,0,0,0
"9/18/2025","SLS",0.5,"A","CALL",2.5,1.644,3,"1/21/2028","BULL","-1510165","-5730","-1809615",1,1,0,0,0
"9/18/2025","RNA",8.599,"A","CALL",55,41.32,63.599,"9/18/2026","BULL","139306","0","0",1,1,1,1,1
"9/18/2025","NVTS",3.1,"A","CALL",10,6.7973,13.1,"1/21/2028","BULL","-1694250","-2331","-1818250",1,1,0,1,0
"9/18/2025","LAES",1.099,"B","CALL",4,3.8271,4,"1/15/2027","BEAR","-178564","445","-268644",1,1,1,1,1
"9/18/2025","SAN",1.45,"A","PUT",10,10.09,8.55,"1/21/2028","BEAR","25549","-222","-36656",1,1,0,0,0
"9/18/2025","OPAD",2.1,"B","CALL",5,4.435,5,"1/15/2027","BEAR","-10690","-250","-55000",1,1,1,1,1
"9/19/2025","XLK",26.25,"A","CALL",305,277.64,331.25,"6/17/2027","BULL","2372819","0","0",1,1,0,0,0
"9/19/2025","FOUR",16.422,"AA","CALL",110,86.76,126.422,"1/21/2028","BULL","1059240","0","0",1,1,0,1,0
"9/19/2025","WDC",17.45,"B","PUT",105,106.35,105,"1/15/2027","BULL","1284992","900","424752",1,0,0,0,0
"9/19/2025","EOSE",5.5,"A","CALL",7,9.3874,12.5,"1/21/2028","BULL","656578","694","272128",1,0,0,0,0
"9/19/2025","ABAT",1.45,"A","CALL",5,3.29,6.45,"1/15/2027","BULL","118336","343","34336",1,1,1,1,0
"9/19/2025","MSFT",45.405,"B","CALL",540,513.55,540,"9/18/2026","BEAR","3456904","-2689","-1060940",1,1,1,1,0
"9/19/2025","DASH",39.749,"A","PUT",260,266.75,220.251,"1/15/2027","BEAR","1613809","0","0",1,1,1,1,0
"9/19/2025","NET",73,"B","CALL",230,222.68,230,"1/21/2028","BEAR","1445400","0","0",1,1,0,1,0
"9/19/2025","BILI",4.7,"B","CALL",37,27.15,37,"1/15/2027","BEAR","-3446","-2350","-944000",1,0,0,0,0
"9/19/2025","SOXS",2.87,"A","PUT",5,5.575,2.13,"1/21/2028","BEAR","535829","0","0",1,0,0,0,0
"9/22/2025","UBS",7.5,"B","PUT",47.5,41.99,47.5,"1/15/2027","BULL","303167","-900","-446083",1,0,1,0,1
"9/22/2025","UBS",9.25,"B","PUT",50,41.975,50,"1/15/2027","BULL","4054026","3680","3591514",2,0,1,0,1
"9/22/2025","QUBT",9.543,"A","CALL",20,19.9712,29.543,"1/21/2028","BULL","485571","140","59015",1,1,0,0,0
"9/22/2025","SPX",154.7,"AA","PUT",5700,0,5545.3,"9/18/2026","BEAR","44966700","1820","30889000",1,0,1,0,1
"9/22/2025","BP",2.15,"B","CALL",37,34.4662,37,"9/18/2026","BEAR","1222577","-6726","-4152423",1,1,1,1,1
"9/22/2025","PLTR",49.15,"B","CALL",180,179.55,180,"1/15/2027","BEAR","4190647","-986","-719438",1,0,0,0,0
"9/22/2025","DASH",41.6,"B","CALL",350,266.15,350,"1/21/2028","BEAR","2100000","-1000","-2060000",1,1,1,1,0
"9/22/2025","LYFT",6.25,"B","CALL",30,22.4986,30,"1/21/2028","BEAR","3093728","29","-31272",1,1,0,0,0
"9/22/2025","GOOG",21.75,"A","PUT",230,253.5053,208.25,"1/15/2027","BEAR","1946412","-267","-228588",1,0,0,0,0
"9/22/2025","PL",4.8,"B","CALL",12,11.0424,12,"1/21/2028","BEAR","168768","-694","-588714",1,0,0,0,0
"9/22/2025","DKNG",8.6,"B","CALL",45,43.2404,45,"1/15/2027","BEAR","-476050","-2762","-1172650",1,1,0,0,0
"9/22/2025","ASTS",22,"B","CALL",50,46.29,50,"1/21/2028","BEAR","660000","0","0",1,0,0,0,0
"9/22/2025","KR",3.2,"B","CALL",75,64.74,75,"9/18/2026","BEAR","464733","503","162013",1,0,0,0,0
"9/22/2025","DPRO",2.05,"B","CALL",5,6.3896,5,"1/15/2027","BEAR","49670","-1274","-235690",1,0,1,0,1
"9/22/2025","LDI",1.25,"B","CALL",5.5,3.43,5.5,"1/15/2027","BEAR","-44735","700","-95935",1,1,1,1,1
"9/22/2025","WT",2.3,"B","CALL",15,14.6151,15,"12/18/2026","BEAR","-52000","-200","-98000",1,1,1,1,1
"9/23/2025","AMD",11.46,"B","PUT",130,161.74,130,"8/21/2026","BULL","3495723","279","58865",1,0,0,0,0
"9/23/2025","PGY",15.4,"A","CALL",60,38.5651,75.4,"1/21/2028","BULL","1422880","558","608220",1,0,0,0,0
"9/23/2025","CNC",13.4,"A","CALL",27.5,33.3,40.9,"1/21/2028","BULL","86030","-493","-583970",1,0,0,0,0
"9/23/2025","XIFR",0.5,"A","CALL",18,9.86,18.5,"1/15/2027","BULL","91050","0","0",1,1,1,1,1
"9/23/2025","APP",186.2,"A","PUT",700,663.64,513.8,"12/18/2026","BEAR","5641860","0","0",1,0,0,0,0
"9/23/2025","HOOD",33.1,"B","CALL",175,125.63,175,"1/21/2028","BEAR","801020","0","0",1,0,0,0,0
"9/23/2025","DKNG",4.2,"B","CALL",55,44.15,55,"9/18/2026","BEAR","504000","0","0",2,1,0,0,0
"9/24/2025","QQQ",42.8,"B","PUT",600,597.99,600,"9/18/2026","BULL","11533340","-17324","-23776660",1,0,0,0,0
"9/24/2025","AVGO",45.1,"A","CALL",420,339.28,465.1,"1/15/2027","BULL","-6540866","-1896","-11729367",1,1,0,0,0
"9/24/2025","AVGO",50.987,"AA","CALL",400,339.3,450.987,"1/15/2027","BULL","-725835","-822","-5897092",1,1,0,0,0
"9/24/2025","UBS",9.5,"B","PUT",50,41.595,50,"1/15/2027","BULL","3591514","1681","1692464",2,0,1,0,1
"9/24/2025","OPAD",1.9,"A","CALL",7.5,4.14,9.4,"1/15/2027","BULL","57000","0","0",1,1,1,1,1
"9/24/2025","MBOT",0.65,"A","CALL",7.5,3.425,8.15,"1/15/2027","BULL","48750","0","0",1,1,1,1,1
"9/24/2025","AMD",80.95,"B","CALL",90,161.8822,90,"1/15/2027","BEAR","58445900","0","0",1,0,0,0,0
"9/24/2025","FCX",3.85,"A","PUT",33,38.06,29.15,"1/15/2027","BEAR","3262243","5478","-155874",1,1,1,0,0
"9/24/2025","AMD",4.45,"A","PUT",90,161.86,85.55,"1/15/2027","BEAR","3212900","0","0",1,0,0,0,0
"9/24/2025","AAPL",21.352,"AA","PUT",250,251.625,228.648,"9/18/2026","BEAR","-2924164","-2268","-5059403",1,0,1,0,0
"9/24/2025","SYY",5.55,"B","CALL",85,81.825,85,"9/18/2026","BEAR","815295","0","0",1,0,0,0,0
"9/24/2025","PL",6.1,"A","PUT",15,12.05,8.9,"1/15/2027","BEAR","535509","-1148","-251391",1,0,0,0,0
"9/25/2025","ALAB",70.15,"B","PUT",210,201.3285,210,"1/15/2027","BULL","1669570","0","0",1,1,1,1,0
"9/25/2025","ISRG",56.45,"B","PUT",440,438.92,440,"1/15/2027","BULL","1099390","-100","-379600",1,0,0,0,0
"9/25/2025","RKLB",11.1,"B","PUT",40,48.32,40,"1/15/2027","BULL","2111100","802","1001100",1,0,0,0,0
"9/25/2025","LTBR",6.399,"A","CALL",30,19.7799,36.399,"1/15/2027","BULL","204144","0","0",1,1,1,1,1
"9/25/2025","V",24.25,"B","CALL",420,335.18,420,"1/21/2028","BEAR","7275000","0","0",1,0,0,0,0
"9/25/2025","META",101.14,"A","PUT",750,750.005,648.86,"1/15/2027","BEAR","70995","-153","-1476450",1,0,0,0,0
"9/25/2025","XPEV",3,"B","CALL",35,21.905,35,"1/15/2027","BEAR","459405","-711","-438495",1,1,1,1,1
"9/26/2025","SNPS",43.37,"B","PUT",420,487.79,420,"9/18/2026","BULL","3332084","-152","-506156",1,0,1,0,0
"9/26/2025","SMCI",12.6,"A","CALL",45,45.765,57.6,"9/18/2026","BULL","3210567","0","322327",1,1,1,0,0
"9/26/2025","FCX",6.196,"A","CALL",38,35.775,44.196,"1/15/2027","BULL","2198071","-370","-290851",1,1,1,0,0
"9/26/2025","GLOB",11.74,"AA","CALL",70,57.75,81.74,"10/16/2026","BULL","30200","-480","-556800",1,0,0,0,0
"9/26/2025","DPRO",1.15,"A","CALL",7.5,6.2641,8.65,"1/15/2027","BULL","-11658","-1435","-162308",1,0,1,0,1
"9/26/2025","BFLY",0.6,"A","CALL",3,1.935,3.6,"1/15/2027","BULL","112606","-150","-7334",1,1,1,1,1
"9/26/2025","DIA",18.8,"A","PUT",440,461.62,421.2,"1/15/2027","BEAR","2538000","0","0",1,0,0,0,0
"9/26/2025","VNQ",11.4,"A","PUT",100,91.02,88.6,"1/15/2027","BEAR","-944127","-2963","-2469248",1,,,,
"9/26/2025","B",2.75,"B","CALL",47,34.33,47,"12/18/2026","BEAR","268352","-156","-37998",1,0,1,0,0
"9/26/2025","B",4.45,"B","CALL",37,33.8797,37,"9/18/2026","BEAR","1125434","1326","1033764",1,0,1,0,0
"9/29/2025","IBIT",13.18,"A","CALL",80,64.75,93.18,"6/17/2027","BULL","477603","-2455","-1505680",1,0,0,0,0
"9/29/2025","XP",2.71,"A","CALL",22,18.945,24.71,"1/15/2027","BULL","2136465","1316","239465",1,1,1,1,1
"9/29/2025","DHI",30,"A","CALL",170,170.04,200,"1/15/2027","BULL","1657350","279","460350",1,1,1,1,1
"9/29/2025","APA",1.08,"A","CALL",37.5,23.896,38.58,"1/15/2027","BULL","1007250","-344","-72750",1,0,0,0,0
"9/29/2025","FLUT",34.74,"A","CALL",370,283.28,404.74,"1/21/2028","BULL","694800","0","0",1,1,1,1,1
"9/29/2025","UGL",6.5,"A","CALL",65,45.23,71.5,"1/21/2028","BULL","205105","158","107605",1,1,1,1,1
"9/29/2025","GOOGL",15.471,"B","CALL",320,244.54,320,"12/18/2026","BEAR","-524051","-874","-2663750",1,1,0,1,0
"9/29/2025","CIFR",5.1,"A","PUT",12,12.3112,6.9,"1/15/2027","BEAR","3779428","8065","2657428",2,0,0,0,0
"9/29/2025","NVO",9.6,"B","CALL",75,55.205,75,"1/21/2028","BEAR","1123847","63","163847",1,1,0,0,0
"9/29/2025","NFE",0.7,"A","PUT",1,2.035,0.3,"1/15/2027","BEAR","1037385","5781","396994",1,0,0,0,0
"9/29/2025","INFY",2.17,"A","PUT",15,16.315,12.83,"1/15/2027","BEAR","-1033213","-5933","-1467213",1,1,1,1,1
"9/29/2025","SA",9.6,"A","PUT",30,22.67,20.4,"1/15/2027","BEAR","250559","0","0",1,1,0,1,0
"9/29/2025","PDYN",3.439,"B","CALL",7,8.615,7,"1/15/2027","BEAR","14671","-417","-155205",1,,,,
"9/30/2025","NBIS",26.85,"A","CALL",170,114.805,196.85,"1/15/2027","BULL","6027850","663","3745600",1,0,0,0,0
"9/30/2025","B",7.47,"B","PUT",37,33.375,37,"1/15/2027","BULL","1938425","3486","444425",1,0,1,0,0
"9/30/2025","CE",4.3,"B","PUT",30,41.54,30,"1/15/2027","BULL","977140","734","135200",1,0,0,0,0
"9/30/2025","KVYO",5.7,"A","CALL",35,29.055,40.7,"1/15/2027","BULL","610740","3416","-73260",1,1,1,1,0
"9/30/2025","BTBT",1.15,"B","PUT",3,2.935,3,"1/15/2027","BULL","649635","-333","-31050",1,0,0,0,0
"9/30/2025","BOX",2.4,"A","CALL",40,32.533,42.4,"1/15/2027","BULL","409779","-2069","-80421",1,1,1,1,1
"9/30/2025","UUUU",2.35,"B","PUT",10,15.59,10,"1/15/2027","BULL","991020","3246","642045",1,0,0,0,0
"9/30/2025","ALTS",1.3,"A","CALL",4,2.65,5.3,"1/15/2027","BULL","44000","-1600","-216000",1,0,0,0,0
"9/30/2025","GILT",2.23,"A","CALL",15,12.8599,17.23,"1/15/2027","BULL","44600","0","0",1,1,1,1,1
"9/30/2025","DELL",21.44,"A","PUT",135,140.86,113.56,"12/18/2026","BEAR","-3749750","-4350","-6965750",1,0,0,0,0
"9/30/2025","CORZ",6.9,"B","CALL",22,18.025,22,"12/17/2027","BEAR","4067250","170","934650",1,0,0,0,0
"9/30/2025","COIN",114.1,"A","PUT",390,332.02,275.9,"1/15/2027","BEAR","1141000","0","0",1,1,1,0,0
"10/1/2025","CRWD",116.9,"A","CALL",470,497.0685,586.9,"1/15/2027","BULL","3906800","-595","-7833650",1,1,0,0,0
"10/1/2025","UPST",10.57,"B","PUT",45,51.6836,45,"9/18/2026","BULL","2834500","596","720500",1,0,0,0,0
"10/1/2025","WDC",14.7,"A","CALL",165,124.15,179.7,"9/18/2026","BULL","876103","0","0",1,0,0,0,0
"10/1/2025","CSIQ",2.5,"A","CALL",20,14.95,22.5,"1/15/2027","BULL","1532237","1895","657237",1,1,1,1,1
"10/1/2025","BIRK",12.657,"A","CALL",40,46.23,52.657,"1/15/2027","BULL","632830","0","0",1,1,1,1,1
"10/1/2025","TEVA",3.889,"B","PUT",22,20.135,22,"9/18/2026","BULL","540711","200","39200",1,0,0,0,0
"10/1/2025","GRAL",21.3,"A","CALL",65,61.76,86.3,"1/15/2027","BULL","-538880","-225","-1018130",1,,,,
"10/1/2025","GILT",5.249,"A","CALL",10,13.6673,15.2489999999999,"1/15/2027","BULL","262471","0","0",1,1,1,1,1
"10/1/2025","DPRO",1.55,"B","PUT",5,9.225,5,"1/15/2027","BULL","173160","1018","142160",1,0,1,0,1
"10/1/2025","TSM",16.1,"B","CALL",420,288.22,420,"12/18/2026","BEAR","-171270","-998","-1776440",1,1,1,0,0
"10/1/2025","WELL",23.572,"B","CALL",175,180.04,175,"1/15/2027","BEAR","513867","0","0",1,1,0,0,0
"10/1/2025","ONDS",2.15,"B","CALL",17,7.2651,17,"1/15/2027","BEAR","-431456","-3002","-669676",1,0,1,0,0
"10/2/2025","GDS",14.25,"B","PUT",40,42,40,"1/21/2028","BULL","1425000","0","0",1,1,1,1,1
"10/2/2025","BKKT",22.5,"A","CALL",50,48.56,72.5,"12/18/2026","BULL","1570000","500","700000",1,1,1,1,1
"10/2/2025","KBWB",5.3,"A","CALL",88,77.04,93.3,"1/15/2027","BULL","875419","494","96359",1,1,1,1,1
"10/2/2025","VOD",1.15,"A","CALL",12,11.38,13.15,"1/15/2027","BULL","-4064424","-17342","-4786483",1,0,0,0,0
"10/2/2025","ICLN",0.9,"A","CALL",18,15.8298,18.9,"1/15/2027","BULL","469700","1097","109700",1,1,1,1,1
"10/2/2025","LDI",1.85,"A","CALL",2.5,2.975,4.35,"1/21/2028","BULL","78625","0","0",1,1,1,1,1
"10/2/2025","TSM",71.55,"B","CALL",290,287.61,290,"12/17/2027","BEAR","8586000","0","0",1,1,1,0,0
"10/2/2025","GOOGL",27.88,"B","CALL",260,244.3517,260,"8/21/2026","BEAR","2695978","880","-100522",1,1,0,1,0
"10/2/2025","PL",2.4,"A","PUT",10,14.9,7.6,"1/15/2027","BEAR","969987","0","0",1,0,0,0,0
"10/3/2025","EWZ",1.21,"A","CALL",42,30.23,43.21,"12/18/2026","BULL","3934734","8618","1091346",1,1,1,1,1
"10/3/2025","SMCI",20.68,"A","CALL",42,52.54,62.68,"1/15/2027","BULL","2569400","299","-15650",1,1,1,0,0
"10/3/2025","FLUT",28.5,"A","CALL",300,255.45,328.5,"1/15/2027","BULL","2508000","0","0",1,1,1,1,1
"10/3/2025","DKNG",5.85,"A","CALL",43,35.175,48.85,"12/18/2026","BULL","2635966","1156","138016",1,1,0,0,0
"10/3/2025","BTDR",5,"B","PUT",15,19.34,15,"1/15/2027","BULL","2220408","-560","-252420",1,1,0,0,0
"10/3/2025","CVNA",76,"A","CALL",450,376.76,526,"12/18/2026","BULL","1892400","0","0",1,1,0,0,0
"10/3/2025","NBIS",45.1,"A","CALL",145,132.76,190.1,"1/15/2027","BULL","1673203","0","0",1,0,0,0,0
"10/3/2025","BTDR",4.1,"A","CALL",35,18.23,39.1,"1/15/2027","BULL","1242780","0","0",1,1,0,0,0
"10/3/2025","ITB",12.32,"B","PUT",110,109.48,110,"1/15/2027","BULL","1232000","0","0",1,0,1,0,1
"10/3/2025","NBIS",32,"A","CALL",180,128.6415,212,"12/18/2026","BULL","2149727","385","981727",1,0,0,0,0
"10/3/2025","OSCR",10.6,"A","CALL",20,21.105,30.6,"1/21/2028","BULL","-522191","-2003","-1666991",1,0,0,0,0
"10/3/2025","NBIS",30.6,"A","CALL",180,132.9133,210.6,"9/18/2026","BULL","-490765","-731","-1558700",1,0,0,0,0
"10/3/2025","LAES",2.15,"A","CALL",4,4.765,6.15,"1/21/2028","BULL","1192572","1552","798768",1,1,1,1,1
"10/3/2025","RKT",3.65,"B","PUT",16.2,17.83,16.2,"1/15/2027","BULL","-773754","-3876","-1131454",2,0,0,0,0
"10/3/2025","PPTA",3.597,"A","CALL",35,21.81,38.597,"8/21/2026","BULL","899873","-765","657074",1,0,1,0,0
"10/3/2025","QXO",5,"A","CALL",30,20.425,35,"1/21/2028","BULL","60230","-96","-64770",1,0,0,0,0
"10/3/2025","SRAD",6.156,"A","CALL",27.5,26.62,33.656,"1/15/2027","BULL","235120","200","112000",1,1,1,1,1
"10/3/2025","OPAD",2.2,"A","CALL",5,4.19,7.2,"1/15/2027","BULL","55000","0","0",1,1,1,1,1
"10/3/2025","SOFI",13.1,"B","CALL",17,25.1101,17,"12/17/2027","BEAR","8237181","1582","3179181",1,0,0,0,0
"10/3/2025","HOOD",47.76,"B","CALL",180,149.57,180,"1/21/2028","BEAR","4776000","0","0",1,0,0,0,0
"10/3/2025","LYV",16.6,"A","PUT",145,155.045,128.4,"1/21/2028","BEAR","4150000","0","0",1,0,0,0,0
"10/3/2025","QBTS",11.5,"B","CALL",40,31.845,40,"1/15/2027","BEAR","-600605","-2699","-3587158",1,1,1,1,1
"10/3/2025","NCLH",6.31,"B","CALL",27,24.445,27,"1/21/2028","BEAR","421881","-4810","-1155619",1,0,1,0,0
"10/3/2025","UPWK",1.5,"A","PUT",12.5,17.3,11,"1/15/2027","BEAR","503000","-200","-22000",1,0,0,0,0
"10/3/2025","SCCO",6,"B","CALL",180,128.48,180,"11/20/2026","BEAR","460140","2490","100140",2,0,0,0,0
"10/3/2025","AMTX",1,"B","CALL",5,2.725,5,"1/21/2028","BEAR","187925","861","87445",1,0,0,0,0
"10/6/2025","NFLX",277.5,"B","PUT",1300,1148.3549,1300,"1/21/2028","BULL","5550000","0","0",1,0,0,0,0
"10/6/2025","CCL",4.3,"B","PUT",25,28.895,25,"1/21/2028","BULL","-2750695","-9068","-4599695",1,0,0,0,0
"10/6/2025","ALAB",27.9,"B","PUT",155,223.68,155,"8/21/2026","BULL","1222810","-200","-564000",1,1,1,1,0
"10/6/2025","ALK",13.4,"A","CALL",42.5,48.36,55.9,"1/15/2027","BULL","751780","0","0",1,1,0,1,0
"10/6/2025","WMB",7.4,"B","PUT",65,64.91,65,"1/15/2027","BULL","42463","-2176","-524377",1,0,0,0,0
"10/6/2025","COTY",1.15,"A","CALL",5,4.045,6.15,"1/21/2028","BULL","19265","-2201","-210725",1,,,,
"10/6/2025","SA",6.6,"A","CALL",25,24.82,31.6,"1/15/2027","BULL","339144","200","113424",1,1,0,1,0
"10/6/2025","BIDU",27.1,"A","PUT",150,149.13,122.9,"1/15/2027","BEAR","5661760","-160","252600",1,0,0,0,0
"10/6/2025","DASH",23.089,"A","PUT",190,279.147,166.911,"1/21/2028","BEAR","1892989","0","0",1,1,1,1,0
"10/6/2025","LRCX",31.9,"A","PUT",160,151.366,128.1,"1/15/2027","BEAR","1160334","-54","-431470",1,0,0,0,0
"10/7/2025","GLW",10.5,"B","PUT",80,85.8305,80,"1/15/2027","BULL","2016430","1387","1491430",2,1,1,1,1
"10/7/2025","MSTR",33.19,"A","PUT",240,335.3624,206.81,"9/18/2026","BEAR","740699","-500","-2180000",1,0,0,0,0
"10/7/2025","NBIS",53.151,"BB","CALL",135,119.3,135,"1/21/2028","BEAR","2508722","0","0",1,0,0,0,0
"10/7/2025","NVO",10.5,"B","CALL",80,59.135,80,"1/21/2028","BEAR","2578552","5148","1528552",2,1,0,0,0
"10/7/2025","ARES",47.3,"B","CALL",110,147.665,110,"1/15/2027","BEAR","-697030","-250","-1643030",1,0,0,0,0
"10/7/2025","B",3.74,"A","PUT",30,33.325,26.2599999999999,"1/15/2027","BEAR","1098649","1017","163649",1,0,1,0,0
"10/7/2025","AMTX",0.65,"B","CALL",7.5,2.99,7.5,"1/15/2027","BEAR","31325","-2340","-123600",1,0,0,0,0
"10/8/2025","PLTR",48,"A","CALL",190,182.51,238,"1/15/2027","BULL","5065753","1809","3323357",1,0,0,0,0
"10/8/2025","XP",3.25,"A","CALL",17,16.3389,20.25,"1/15/2027","BULL","6985833","24243","5263333",2,1,1,1,1
"10/8/2025","RKT",4.05,"B","PUT",16.2,16.425,16.2,"1/15/2027","BULL","-1131454","-6876","-2346454",2,0,0,0,0
"10/8/2025","GME",5.55,"B","PUT",25,24.925,25,"1/15/2027","BULL","24564","-1283","-632256",1,0,0,0,0
"10/8/2025","GAP",6.249,"A","CALL",20,20.785,26.249,"1/21/2028","BULL","114688","-66","-197784",1,0,0,0,0
"10/8/2025","SILJ",12,"A","CALL",20,24.495,32,"1/21/2028","BULL","2251400","649","2011400",1,1,1,1,0
"10/8/2025","CVNA",11.9,"A","PUT",150,363.445,138.1,"1/15/2027","BEAR","2727186","1347","1643090",1,1,0,0,0
"10/8/2025","MT",9.6,"A","PUT",47,40.7858,37.4,"1/15/2027","BEAR","147840","-189","-181440",1,1,1,1,1
"10/8/2025","MARA",7.65,"A","PUT",20,20.36,12.35,"1/21/2028","BEAR","452000","200","150000",1,0,0,0,0
"10/9/2025","CSIQ",3.5,"A","CALL",20,15.665,23.5,"1/21/2028","BULL","3820290","883","589100",1,1,1,1,1
"10/9/2025","POET",1.8,"A","CALL",17,9.0299,18.8,"1/21/2028","BULL","-650430","-10202","-1826420",1,1,1,1,0
"10/9/2025","NCLH",4.25,"A","CALL",32,23.59,36.25,"1/21/2028","BULL","1365500","1200","303000",1,0,1,0,0
"10/9/2025","RCAT",5.9,"A","CALL",20,15.03,25.9,"1/15/2027","BULL","379944","-40","-92056",1,1,1,1,1
"10/9/2025","DPRO",5.434,"B","PUT",10,12.2276,10,"1/21/2028","BULL","277690","0","0",1,0,1,0,1
"10/9/2025","UNH",40.75,"B","CALL",520,369.6589,520,"1/21/2028","BEAR","3615120","-1469","-2138185",1,0,0,0,0
"10/9/2025","SCCO",6.899,"B","CALL",180,131.105,180,"11/20/2026","BEAR","150540","544","-1241770",2,0,0,0,0
"10/9/2025","NNE",8.389,"A","PUT",27,48.165,18.611,"1/15/2027","BEAR","1135936","0","0",1,0,0,0,0
"10/9/2025","NBIS",50,"B","CALL",170,128.0352,170,"12/17/2027","BEAR","900000","0","0",1,0,0,0,0
"10/9/2025","VFC",2.04,"A","PUT",10,13.775,7.96,"12/17/2027","BEAR","921907","-378","34240",1,0,0,0,0
"10/9/2025","GME",8.15,"B","CALL",20,23.96,20,"1/15/2027","BEAR","400267","-434","-158823",1,0,0,0,0
"10/9/2025","GME",5.95,"B","CALL",25,23.94,25,"1/15/2027","BEAR","1170206","-762","670451",1,0,0,0,0
"10/9/2025","SES",1.3,"B","CALL",5,2.875,5,"1/15/2027","BEAR","423826","1109","156441",1,1,0,1,0
"10/9/2025","HUMA",0.85,"B","CALL",3.5,1.6,3.5,"1/21/2028","BEAR","379251","1898","152411",1,0,0,0,0
"10/10/2025","AMD",40.96,"B","PUT",210,219.34,210,"1/15/2027","BULL","13609269","1105","4086069",1,0,0,0,0
"10/10/2025","CRDO",45.8,"A","CALL",170,140.9519,215.8,"1/15/2027","BULL","168079","-157","-518921",1,0,0,0,0
"10/10/2025","MAGS",14.95,"A","CALL",55,63.19,69.95,"1/15/2027","BULL","411125","0","0",1,0,0,0,0
"10/10/2025","BKKT",21,"A","CALL",38,35.52,59,"1/21/2028","BULL","375900","0","0",1,1,1,1,1
"10/10/2025","PPTA",6.9,"A","CALL",30,26.1829,36.9,"8/21/2026","BULL","322980","-667","4893",1,0,1,0,0
"10/10/2025","GEVO",0.3,"A","CALL",5,2.1899,5.3,"1/15/2027","BULL","61161","-1349","-58511",1,1,1,1,1
"10/10/2025","B",5.5,"B","PUT",35,33.1099,35,"10/16/2026","BULL","288500","700","178500",1,0,1,0,0
"10/10/2025","BITF",2.5,"B","CALL",4,4.1663,4,"1/15/2027","BEAR","3730102","-12903","-591728",1,1,0,0,0
"10/10/2025","GOOGL",19.4,"A","PUT",190,238.6752,170.6,"1/21/2028","BEAR","2107000","200","167000",1,1,0,1,0
"10/10/2025","AAL",0.95,"B","CALL",17,11.665,17,"1/15/2027","BEAR","-277931","-2770","-1037931",1,1,1,1,0
"10/10/2025","UAMY",4.6,"B","CALL",20,12.0455,20,"1/15/2027","BEAR","806168","-665","95997",1,1,1,1,0
"10/10/2025","IMPP",0.4,"A","PUT",3,4.2714,2.6,"1/15/2027","BEAR","445293","-2868","165453",1,0,0,0,0
"10/10/2025","WY",2.25,"B","CALL",27,24.16,27,"1/15/2027","BEAR","299584","116","42379",1,1,1,1,1
"10/10/2025","QXO",7.337,"BB","CALL",18,18.835,18,"1/21/2028","BEAR","68929","-124","-77811",1,0,0,0,0
"10/13/2025","TWLO",27.9,"B","PUT",110,110.045,110,"1/21/2028","BULL","1395000","0","0",1,0,0,0,0
"10/13/2025","ITB",11.3,"B","PUT",100,100,100,"1/15/2027","BULL","1130000","0","0",1,0,1,0,1
"10/13/2025","FCEL",4.1,"A","CALL",10,10.14,14.1,"1/15/2027","BULL","-694971","-2584","-1243971",1,1,1,1,1
"10/13/2025","BHP",2.87,"A","CALL",67.5,56,70.37,"1/15/2027","BULL","557675","355","84125",1,1,1,1,1
"10/13/2025","BOX",4.6,"A","CALL",35,32.935,39.6,"1/15/2027","BULL","256680","0","0",1,1,1,1,1
"10/13/2025","LAES",1.28,"A","CALL",12,5.9912,13.28,"1/15/2027","BULL","40389","16093","-87611",1,1,1,1,1
"10/13/2025","ASTS",39.3,"B","CALL",90,90.6416,90,"3/19/2027","BEAR","1905000","-3000","-9885000",1,0,0,0,0
"10/13/2025","XLV",9.95,"A","PUT",145,142.105,135.05,"1/15/2027","BEAR","1990000","0","0",1,0,0,0,0
"10/13/2025","TNA",11.806,"B","CALL",46,44.95,46,"1/15/2027","BEAR","3196144","1040","1600796",1,1,0,1,0
"10/13/2025","NXE",2.35,"B","CALL",15,8.82,15,"1/21/2028","BEAR","-956192","-7000","-1627577",1,1,1,1,1
"10/13/2025","HP",5.3,"A","PUT",20,22.155,14.7,"1/21/2028","BEAR","279000","300","120000",1,0,1,0,0
"10/14/2025","NBIS",80.29,"A","CALL",90,132.71,170.29,"1/21/2028","BULL","3239216","-168","244410",1,0,0,0,0
"10/14/2025","VALE",1.39,"B","PUT",10,10.975,10,"1/21/2028","BULL","1063866","-21064","-1003274",1,1,1,1,1
"10/14/2025","SKYT",10.094,"A","CALL",17,18.667,27.094,"1/21/2028","BULL","1202159","0","0",1,1,1,1,1
"10/14/2025","RNA",7.75,"A","CALL",70,47.8719,77.75,"9/18/2026","BULL","713000","0","0",1,1,1,1,1
"10/14/2025","UUUU",9.91,"A","CALL",37,24.4444,46.91,"1/15/2027","BULL","454050","-50","156750",1,0,0,0,0
"10/14/2025","TAC",3.6,"A","CALL",20,16.51,23.6,"11/20/2026","BULL","681446","1082","519447",1,1,1,1,1
"10/14/2025","BBAI",5.01,"B","CALL",10,9.11,10,"1/21/2028","BEAR","5126922","744","116922",1,0,0,0,0
"10/14/2025","XLK",3.6,"A","PUT",175,283.52,171.4,"12/18/2026","BEAR","3600000","0","0",1,1,0,0,0
"10/14/2025","PINS",6.1,"B","CALL",35,33.5,35,"9/18/2026","BEAR","1128500","0","0",1,0,0,0,0
"10/14/2025","XPEV",11.2,"B","CALL",13,20.825,13,"1/21/2028","BEAR","311564","-350","-114036",1,1,1,1,1
"10/15/2025","FE",5.6,"A","CALL",47,47.655,52.6,"1/21/2028","BULL","-242518","-1343","-679320",1,1,0,1,0
"10/15/2025","DAR",2.55,"A","CALL",55,32.22,57.55,"1/15/2027","BULL","88315","-1300","-305500",1,1,0,1,0
"10/15/2025","MREO",1,"B","PUT",2,2,2,"1/15/2027","BULL","101735","449","51635",1,0,1,0,1
"10/15/2025","DOW",2.9,"B","CALL",25,22.1,25,"9/18/2026","BEAR","3471768","1750","571768",1,0,0,0,0
"10/15/2025","XLK",2.7,"A","PUT",175,285.78,172.3,"9/18/2026","BEAR","4290454","2008","1590454",1,1,0,0,0
"10/15/2025","WMT",18.9,"B","CALL",105,108.9264,105,"6/17/2027","BEAR","134700","-1087","-1891380",1,1,0,0,0
"10/15/2025","MRVL",30.75,"B","CALL",85,88.415,85,"12/17/2027","BEAR","-272650","-329","-1348900",1,0,0,0,0
"10/15/2025","RKLB",17.674,"BB","CALL",110,68.09,110,"1/15/2027","BEAR","-4174871","-1586","-4881838",1,0,0,0,0
"10/15/2025","RITM",0.54,"A","PUT",8,10.945,7.46,"1/15/2027","BEAR","572785","300","15000",1,0,0,0,0
"10/16/2025","PLUG",4.47,"B","PUT",7,3.595,7,"1/15/2027","BULL","670500","0","0",1,0,0,0,0
"10/16/2025","LYFT",2.85,"A","CALL",32,19.955,34.85,"1/15/2027","BULL","598500","0","0",1,1,0,0,0
"10/16/2025","GME",7.84,"A","CALL",23,22.935,30.84,"12/17/2027","BULL","59815","-506","-414180",1,0,0,0,0
"10/16/2025","CPB",5,"B","PUT",30,30.612,30,"1/21/2028","BULL","200000","0","0",1,0,0,0,0
"10/16/2025","AVGO",160.174,"BB","CALL",230,354.705,230,"6/17/2027","BEAR","30413489","377","6691750",1,1,0,0,0
"10/16/2025","MRVL",30,"B","CALL",90,89.81,90,"12/17/2027","BEAR","481675","-99","-568325",1,0,0,0,0
"10/16/2025","XRX",1.47,"A","PUT",3,3.17,1.53,"1/21/2028","BEAR","2482678","12025","1894678",1,0,0,0,0
"10/16/2025","KEY",1.27,"A","PUT",15,17.135,13.73,"9/18/2026","BEAR","508000","0","0",1,0,0,0,0
"10/16/2025","FHN",1.8,"A","PUT",18,20.585,16.2,"1/15/2027","BEAR","663000","0","213000",2,0,0,0,0
"10/16/2025","XPEV",5.65,"B","CALL",20,21.285,20,"9/18/2026","BEAR","279146","-902","-2224",1,1,1,1,1
"10/16/2025","DNUT",1.7,"B","CALL",3,3.335,3,"1/21/2028","BEAR","574755","1500","330005",1,1,0,1,0
"10/17/2025","GDX",13.15,"B","PUT",75,77.48,75,"1/21/2028","BULL","7511300","-150","-207750",1,0,0,0,0
"10/17/2025","TSM",75.45,"B","PUT",340,300.51,340,"1/15/2027","BULL","12653550","1782","9595615",1,1,1,0,0
"10/17/2025","META",142,"A","CALL",740,716.02,882,"6/17/2027","BULL","82919","-171","-2373681",1,0,0,0,0
"10/17/2025","GLW",10.753,"B","PUT",80,86.29,80,"1/15/2027","BULL","1491430","0","0",2,1,1,1,1
"10/17/2025","TSM",70,"B","PUT",330,297.2225,330,"1/15/2027","BULL","1266366","-286","-189634",1,1,1,0,0
"10/17/2025","VRT",21.25,"A","CALL",270,172.6301,291.25,"1/15/2027","BULL","1062500","0","0",1,1,1,0,0
"10/17/2025","WDC",40.25,"AA","CALL",125,124.79,165.25,"1/21/2028","BULL","1050527","0","0",1,0,0,0,0
"10/17/2025","SHOP",26.05,"B","PUT",150,156.195,150,"9/18/2026","BULL","781500","0","0",1,0,0,0,0
"10/17/2025","JMIA",5.609,"B","PUT",12,10.8203,12,"1/21/2028","BULL","112180","0","0",1,0,1,0,1
"10/17/2025","SPY",251.13,"A","PUT",915,664.83,663.87,"12/17/2027","BEAR","35833400","830","20514470",2,0,0,0,0
"10/17/2025","MSFT",96.09,"A","PUT",570,511.82,473.909999999999,"1/21/2028","BEAR","9609000","0","0",1,1,1,1,0
"10/17/2025","GLD",14.65,"B","CALL",460,389.06,460,"9/18/2026","BEAR","-38074279","-12157","-44558229",1,0,0,0,0
"10/17/2025","BITF",4.15,"A","PUT",7,4.8781,2.84999999999999,"1/15/2027","BEAR","2395244","0","0",1,1,0,0,0
"10/17/2025","LEU",51.35,"A","PUT",220,379.1715,168.65,"1/15/2027","BEAR","1273486","0","0",1,1,1,1,0
"10/17/2025","BILI",3.1,"B","CALL",47,27.018,47,"1/15/2027","BEAR","798288","519","146358",1,0,0,0,0
"10/17/2025","SERV",6.689,"B","CALL",22,14.1398,22,"1/21/2028","BEAR","623951","494","281723",1,1,0,1,0
"10/20/2025","OKLO",53.105,"B","PUT",125,157.726,125,"12/17/2027","BULL","-227526","-250","-1555160",1,0,0,0,0
"10/20/2025","TSLL",7.25,"A","CALL",30.7,20.73,37.95,"1/15/2027","BULL","-2009400","-5505","-3293080",1,0,0,0,0
"10/20/2025","MU",23.95,"A","CALL",330,208.8428,353.95,"12/18/2026","BULL","959000","0","0",1,0,0,0,0
"10/20/2025","NVO",11.6,"B","PUT",55,55.2,55,"12/17/2027","BULL","445540","-374","-482460",1,1,0,0,0
"10/20/2025","HOOD",9.75,"A","CALL",290,135.91,299.75,"12/18/2026","BULL","900140","928","22640",1,0,0,0,0
"10/20/2025","WULF",2.82,"B","PUT",10,14.53,10,"12/18/2026","BULL","1682831","3465","836831",1,0,0,0,0
"10/20/2025","PLTR",36.55,"B","PUT",160,182.1836,160,"6/17/2027","BULL","5045815","960","4340400",1,0,0,0,0
"10/20/2025","NFLX",198,"A","PUT",1300,1232.4322,1102,"1/15/2027","BEAR","5940000","0","0",1,0,0,0,0
"10/20/2025","ASTS",34.8,"B","CALL",145,87.3888,145,"1/21/2028","BEAR","1670996","-455","-1131484",2,0,0,0,0
"10/20/2025","QURE",18.1,"B","CALL",90,63.93,90,"1/15/2027","BEAR","2746112","1160","1844732",2,0,0,0,0
"10/20/2025","MNMD",4.192,"BB","CALL",22,13.005,22,"1/15/2027","BEAR","294312","201","126466",1,0,0,0,0
"10/20/2025","ABAT",3.636,"B","CALL",7,6.035,7,"1/15/2027","BEAR","85399","306","30862",1,1,1,1,0
"10/20/2025","GPRO",1.186,"BB","CALL",2,2.225,2,"1/15/2027","BEAR","-657588","-7865","-710970",1,1,1,1,1
"10/21/2025","PLTR",58,"A","CALL",180,180.9019,238,"6/17/2027","BULL","12811537","-829","-3182773",1,0,0,0,0
"10/21/2025","ORCL",14,"B","PUT",195,279.665,195,"9/18/2026","BULL","1324670","-541","-355330",1,0,0,0,0
"10/21/2025","TSM",18.2,"B","PUT",220,294.3221,220,"12/18/2026","BULL","4852063","3504","3396063",1,1,1,0,0
"10/21/2025","MU",56.25,"B","PUT",220,203.53,220,"1/15/2027","BULL","1815375","150","426000",1,0,0,0,0
"10/21/2025","AGQ",23.5,"A","CALL",90,79.34,113.5,"1/15/2027","BULL","-332500","-200","-920000",1,1,1,1,1
"10/21/2025","OPEN",2.43,"A","CALL",17,6.94,19.43,"1/15/2027","BULL","1396136","3981","1153136",1,1,0,1,0
"10/21/2025","VRT",38.15,"B","CALL",260,172.28,260,"1/21/2028","BEAR","-911500","-800","-3491720",1,1,1,0,0
"10/21/2025","ASTS",29.28,"B","CALL",145,78.86,145,"1/21/2028","BEAR","599966","-689","-1834510",2,0,0,0,0
"10/21/2025","SHOP",44,"B","CALL",155,162.68,155,"1/15/2027","BEAR","3456999","516","1673748",1,0,0,0,0
"10/21/2025","QURE",16.226,"B","CALL",90,62.95,90,"1/15/2027","BEAR","1061332","200","250014",2,0,0,0,0
"10/21/2025","PATH",2.92,"B","CALL",27,16.405,27,"1/15/2027","BEAR","-98676","-1910","-538876",1,0,0,0,0
"10/22/2025","SMH",47.81,"B","PUT",360,339.22,360,"9/18/2026","BULL","1154485","-1721","-3626515",1,0,0,0,0
"10/22/2025","GDX",10.9,"B","PUT",75,72.415,75,"9/18/2026","BULL","5311117","3432","1255227",1,0,0,0,0
"10/22/2025","HAL",2.97,"A","CALL",37,25.96,39.97,"1/21/2028","BULL","791865","-4935","-1541398",1,1,0,1,0
"10/22/2025","QBTS",11.3,"B","PUT",28,27.5248,28,"9/18/2026","BULL","1386510","0","0",1,1,1,1,1
"10/22/2025","LNC",5.27,"B","PUT",40,39.32,40,"9/18/2026","BULL","203445","-2265","-932240",1,0,1,0,1
"10/22/2025","CAKE",8.09,"A","CALL",62.5,56.65,70.59,"1/15/2027","BULL","12964","-188","-139120",1,0,0,0,0
"10/22/2025","SKYT",5.4,"A","CALL",20,15.475,25.4,"1/15/2027","BULL","112320","0","0",1,1,1,1,1
"10/22/2025","HOOD",24.35,"A","PUT",115,123.755,90.65,"9/18/2026","BEAR","6342390","1054","1472390",1,0,0,0,0
"10/22/2025","GPRE",3,"B","CALL",10,9.645,10,"1/15/2027","BEAR","2751507","1277","344410",1,0,0,0,0
"10/22/2025","STX",17.5,"B","CALL",310,211.92,310,"9/18/2026","BEAR","2536000","200","2102000",1,0,0,0,0
"10/22/2025","GNL",1.15,"A","PUT",7.5,7.51,6.35,"1/15/2027","BEAR","155000","1000","40000",1,0,0,0,0
"10/23/2025","AVGO",144,"A","CALL",240,345.37,384,"6/17/2027","BULL","9553391","-516","-8777901",1,1,0,0,0
"10/23/2025","COIN",94,"A","CALL",320,321.07,414,"1/15/2027","BULL","-711097","-898","-7252805",1,1,1,0,0
"10/23/2025","HIMS",12.18,"B","PUT",40,47.46,40,"1/15/2027","BULL","5400530","301","528530",2,1,1,1,1
"10/23/2025","IONQ",14.65,"A","CALL",100,61.351,114.65,"9/18/2026","BULL","204916","-1507","-2734289",1,0,0,0,0
"10/23/2025","MOH",30,"B","PUT",145,160.8,145,"1/21/2028","BULL","2325000","0","0",1,0,1,0,1
"10/23/2025","OKLO",40,"A","CALL",160,124.7,200,"9/18/2026","BULL","3966417","829","2539967",1,0,0,0,0
"10/23/2025","APLD",12.5,"A","CALL",45,33.03,57.5,"1/15/2027","BULL","7206712","5468","6437962",1,1,1,1,1
"10/23/2025","SILJ",2.04,"A","CALL",39,22.94,41.04,"1/15/2027","BULL","1139010","3000","525000",1,1,1,1,0
"10/23/2025","SNDL",0.5,"B","PUT",2,2.23,2,"1/21/2028","BULL","210341","1707","98541",1,1,1,1,1
"10/23/2025","MSFT",155.05,"A","PUT",675,522.805,519.95,"1/15/2027","BEAR","5581800","0","0",1,1,1,1,0
"10/23/2025","MU",75.6,"A","PUT",250,205.4005,174.4,"1/15/2027","BEAR","-3017302","-1120","-5285302",1,0,0,0,0
"10/23/2025","XME",9.07,"A","PUT",80,99.74,70.93,"1/21/2028","BEAR","2267500","0","0",1,0,0,0,0
"10/23/2025","IAU",7.134,"B","CALL",81,77.87,81,"1/15/2027","BEAR","584930","-1161","-634990",1,1,0,1,0
"10/23/2025","SOFI",7.829,"A","PUT",30,28.285,22.171,"9/18/2026","BEAR","697447","0","0",1,0,0,0,0
"10/23/2025","TPG",21.34,"A","PUT",75,56.25,53.66,"1/15/2027","BEAR","448150","0","0",1,0,1,0,0
"10/24/2025","HUT",14.049,"A","CALL",75,43.95,89.049,"1/15/2027","BULL","1820791","0","0",1,1,0,0,0
"10/24/2025","IBIT",12.88,"B","PUT",55,62.5853,55,"12/17/2027","BULL","1288000","0","0",1,0,0,0,0
"10/24/2025","AFRM",26.1,"B","PUT",75,76.1919,75,"1/21/2028","BULL","45200","-310","-737800",1,0,0,0,0
"10/24/2025","SNDK",33.6,"B","PUT",130,184.51,130,"1/15/2027","BULL","672000","0","0",1,1,1,0,0
"10/24/2025","IAG",3.33,"A","CALL",12,11.93,15.33,"1/15/2027","BULL","666000","0","0",1,1,1,1,1
"10/24/2025","METC",18.7,"A","CALL",35,35.2795,53.7,"1/21/2028","BULL","561000","0","0",1,1,1,1,1
"10/24/2025","NVO",9.85,"B","CALL",70,53.3199,70,"1/21/2028","BEAR","3700531","624","482031",1,1,0,0,0
"10/24/2025","GOOGL",54.447,"A","PUT",300,260.9,245.553,"9/18/2026","BEAR","5233180","6357","2550491",1,1,0,1,0
"10/24/2025","RGTI",16.6,"B","CALL",60,42.195,60,"1/15/2027","BEAR","1033838","318","118338",1,1,0,1,0
"10/24/2025","HP",10.8,"B","CALL",17.5,25.875,17.5,"1/21/2028","BEAR","-179160","-372","-409200",1,0,1,0,0
"10/27/2025","ORCL",41,"A","CALL",350,283.23,391,"12/18/2026","BULL","1948634","2348","312384",1,0,0,0,0
"10/27/2025","LMND",12.685,"A","CALL",90,56.87,102.685,"1/15/2027","BULL","-2091354","-1648","-2587307",1,0,0,0,0
"10/27/2025","PCVX",10.15,"B","PUT",45,43.42,45,"12/18/2026","BULL","5080795","-639","4827045",1,0,0,0,0
"10/27/2025","GOOG",17.57,"B","CALL",360,269.4,360,"12/18/2026","BEAR","12056888","3479","9456520",1,0,0,0,0
"10/27/2025","CRWD",158,"B","CALL",520,528.9,520,"1/21/2028","BEAR","1580000","0","0",1,1,0,0,0
"10/27/2025","CRWD",153,"B","CALL",530,528.335,530,"1/21/2028","BEAR","0","-100","-1530000",1,1,0,0,0
"10/27/2025","MU",76.35,"B","CALL",230,220.995,230,"1/21/2028","BEAR","-2614200","-493","-4141200",1,0,0,0,0
"10/27/2025","KGC",1.61,"A","PUT",17,22.755,15.39,"1/15/2027","BEAR","414500","-1000","-149000",1,1,1,1,1
"10/28/2025","IREN",19.1,"B","PUT",50,62.98,50,"1/15/2027","BULL","6870290","2193","3050290",1,1,0,1,0
"10/28/2025","QFIN",2.6,"B","PUT",17.5,20.7887,17.5,"12/18/2026","BULL","780000","0","0",1,0,1,0,0
"10/28/2025","GPRO",1.1,"A","CALL",2,2.065,3.1,"1/15/2027","BULL","665970","750","-2940",1,1,1,1,1
"10/28/2025","KNSA",16,"A","CALL",30,40.5636,46,"12/18/2026","BULL","465000","150","225000",1,1,1,1,1
"10/28/2025","AXON",33,"A","PUT",400,756.09,367,"1/21/2028","BEAR","1524600","0","0",1,0,0,0,0
"10/28/2025","SLV",4.45,"A","PUT",42.5,42.8008,38.05,"9/18/2026","BEAR","890000","0","0",1,0,0,0,0
"10/28/2025","URGN",5.9,"A","PUT",20,20.4578,14.1,"1/15/2027","BEAR","90630","-200","-120000",1,0,1,0,0
"10/28/2025","QXO",3.5,"B","CALL",32,17.98,32,"1/21/2028","BEAR","70000","0","0",1,0,0,0,0
"10/29/2025","VST",48.82,"B","PUT",195,198.8501,195,"12/17/2027","BULL","60292700","0","0",1,0,1,0,1
"10/29/2025","VST",39.4,"B","PUT",195,198.64,195,"1/15/2027","BULL","11938200","0","0",1,0,1,0,1
"10/29/2025","AMT",15.1,"B","PUT",170,182.1311,170,"1/15/2027","BULL","3594750","-246","-369000",1,0,1,0,1
"10/29/2025","NOK",1.27,"B","PUT",7,7.478,7,"1/21/2028","BULL","3237711","-173","-12090",1,1,1,1,1
"10/29/2025","W",24.75,"A","CALL",125,106.57,149.75,"1/15/2027","BULL","2733520","380","258520",1,1,0,1,0
"10/29/2025","FUBO",0.68,"B","PUT",3,3.9066,3,"1/15/2027","BULL","1146280","-3973","-284160",1,0,1,0,1
"10/29/2025","WULF",4.5,"B","PUT",12,15.815,12,"1/21/2028","BULL","955650","210","55650",1,0,0,0,0
"10/29/2025","FHN",2.32,"B","PUT",20,21.05,20,"1/15/2027","BULL","580000","0","0",1,0,0,0,0
"10/29/2025","URGN",6,"B","PUT",20,20.1,20,"1/15/2027","BULL","216000","0","0",1,0,1,0,0
"10/29/2025","SPY",58.289,"A","PUT",690,688.495,631.711,"12/17/2027","BEAR","36890971","1229","7169508",1,0,0,0,0
"10/29/2025","FXI",1.2,"A","PUT",32,41.036,30.8,"12/18/2026","BEAR","6585000","32500","4005000",1,0,0,0,0
"10/29/2025","CAKE",17.9,"B","CALL",40,50.15,40,"1/21/2028","BEAR","1295960","0","0",1,0,0,0,0
"10/29/2025","INDI",1.51,"B","CALL",10,5.685,10,"1/15/2027","BEAR","1236352","-724","-47148",1,1,0,1,0
"10/29/2025","QBTS",15.75,"B","CALL",35,33.7601,35,"11/20/2026","BEAR","104457","-2038","-377493",1,1,1,1,1
"10/29/2025","PRME",3,"B","CALL",5,4.515,5,"1/21/2028","BEAR","105000","-1000","-345000",1,0,0,0,0
"10/29/2025","DNN",0.8,"B","CALL",5,3.2,5,"1/15/2027","BEAR","-658732","-16552","-1058732",1,1,0,0,0
"10/29/2025","HROW",7.009,"A","PUT",30,36.47,22.991,"1/15/2027","BEAR","510454","200","160000",1,0,0,0,0
"10/29/2025","IE",3,"A","PUT",12.5,14.34,9.5,"1/15/2027","BEAR","630000","1000","330000",1,0,0,0,0
"10/29/2025","MSTY",7.4,"A","PUT",10,11.5052,2.59999999999999,"1/21/2028","BEAR","278240","0","0",1,0,0,0,0
"10/29/2025","IE",1.95,"A","PUT",10,14.315,8.05,"1/15/2027","BEAR","585635","1753","388130",1,0,0,0,0
"10/29/2025","DOC",3,"B","CALL",17.5,17.8744,17.5,"1/21/2028","BEAR","-74300","-523","-124400",1,1,1,1,1
"10/30/2025","SNOW",30.5,"B","PUT",230,270.0543,230,"1/15/2027","BULL","6100000","0","0",1,1,1,1,1
"10/30/2025","MU",67.901,"B","PUT",250,225.62,250,"1/15/2027","BULL","5285302","718","2555667",1,0,0,0,0
"10/30/2025","TTE",4.2,"A","CALL",65,60.9525,69.2,"1/15/2027","BULL","441480","-180","-93600",1,1,1,1,1
"10/30/2025","REAL",2.6,"B","PUT",10,12.075,10,"1/15/2027","BULL","462886","874","107120",1,1,1,1,1
"10/30/2025","AKBA",1.4,"A","CALL",2.5,2.276,3.9,"1/21/2028","BULL","83000","200","13000",1,1,1,1,1
"10/30/2025","CSGP",16.52,"B","CALL",70,68.635,70,"1/21/2028","BEAR","3021420","3202","832520",1,1,1,1,0
"10/30/2025","ORCL",23.7,"A","PUT",220,259.5399,196.3,"8/21/2026","BEAR","2863250","350","1202250",1,0,0,0,0
"10/30/2025","SCO",7,"B","CALL",15,18.215,15,"1/21/2028","BEAR","210000","0","0",1,0,0,0,0
"10/31/2025","IBIT",15.36,"B","PUT",67,62.055,67,"1/15/2027","BULL","5690000","0","0",1,0,0,0,0
"10/31/2025","NET",40.1,"A","CALL",310,248.94,350.1,"1/15/2027","BULL","2005000","0","0",1,1,0,1,0
"10/31/2025","BE",57.2,"A","CALL",200,129.3101,257.2,"1/21/2028","BULL","-4806700","-820","-6608500",1,1,1,1,1
"10/31/2025","COIN",78.9,"B","PUT",300,350.81,300,"1/21/2028","BULL","-3947000","-500","-5525000",1,1,1,0,0
"10/31/2025","BE",45.541,"AA","CALL",200,133.77,245.541,"1/15/2027","BULL","1111190","0","0",1,1,1,1,1
"10/31/2025","GME",3.55,"B","PUT",20,22.645,20,"1/15/2027","BULL","327665","-50","-31950",1,0,0,0,0
"10/31/2025","NRGV",1.6,"A","CALL",4,3.515,5.6,"1/15/2027","BULL","2616812","21585","2496812",1,0,0,0,0
"10/31/2025","SES",1.4,"A","CALL",3,2.35,4.4,"1/21/2028","BULL","158400","400","67400",1,1,0,1,0
"10/31/2025","BITO",2.67,"B","CALL",15,17.97,15,"1/15/2027","BEAR","8616315","-3855","-1074985",1,0,0,0,0
"10/31/2025","INTC",6.5,"B","CALL",60,40.39,60,"3/19/2027","BEAR","2033996","1310","733996",1,1,1,1,1
"10/31/2025","NVO",6.7,"B","CALL",80,48.9666,80,"1/21/2028","BEAR","1929176","4587","1158676",2,1,0,0,0
"10/31/2025","IONS",18.606,"B","CALL",72.5,75.25,72.5,"1/15/2027","BEAR","896280","-441","140880",1,,,,
"10/31/2025","SOFI",14.25,"B","CALL",25,28.945,25,"6/16/2028","BEAR","-334721","-2234","-1047221",1,0,0,0,0
"10/31/2025","CNR",11,"A","PUT",70,77.8,59,"12/18/2026","BEAR","550000","0","0",1,0,0,0,0
"11/3/2025","PLTR",74.1,"A","CALL",190,206.31,264.1,"6/17/2027","BULL","1685515","-3358","-13215247",2,0,0,0,0
"11/3/2025","SNAP",1.099,"A","CALL",12,7.79,13.099,"9/18/2026","BULL","1421204","4849","828228",2,1,1,1,0
"11/3/2025","CRGY",2.3,"A","CALL",7.5,8.43,9.8,"12/18/2026","BULL","-98000","-400","-236000",1,1,1,1,1
"11/3/2025","JMIA",3.1,"A","CALL",25,10.8523,28.1,"1/21/2028","BULL","54350","-459","-55080",1,0,1,0,1
"11/3/2025","GOOG",48.15,"A","PUT",280,284.5795,231.85,"1/21/2028","BEAR","4211725","504","2261650",1,0,0,0,0
"11/3/2025","XME",12.2,"B","CALL",102,94.615,102,"1/15/2027","BEAR","1220000","0","0",1,0,0,0,0
"11/3/2025","RGTI",12.6,"B","CALL",75,40.125,75,"1/15/2027","BEAR","733561","-138","-28739",1,1,0,1,0
"11/3/2025","EOSE",13.05,"A","PUT",22,15.9405,8.95,"1/21/2028","BEAR","391500","0","0",1,0,0,0,0
"11/4/2025","SNDK",90.1,"B","PUT",230,199.33,230,"1/15/2027","BULL","4712231","0","0",1,1,1,0,0
"11/4/2025","IP",4,"B","PUT",32.5,36.59,32.5,"1/15/2027","BULL","2969475","-11347","-1359537",1,,,,
"11/4/2025","GDX",8.25,"B","PUT",65,68.525,65,"3/19/2027","BULL","2150608","0","0",1,0,0,0,0
"11/4/2025","SG",3.3,"A","CALL",5,6.46,8.3,"1/15/2027","BULL","3247005","4612","1597005",1,1,1,1,1
"11/4/2025","ORCL",37,"B","PUT",230,248.68,230,"12/18/2026","BULL","1480000","0","0",1,0,0,0,0
"11/4/2025","EXAS",11.6,"B","PUT",70,72.1669,70,"1/15/2027","BULL","580000","0","0",1,0,1,0,1
"11/4/2025","MUX",6.2,"A","CALL",17,17.29,23.2,"1/15/2027","BULL","412920","0","0",1,1,1,1,1
"11/4/2025","CPER",4.6,"A","CALL",31,30.62,35.6,"1/15/2027","BULL","277835","0","0",1,1,1,0,0
"11/4/2025","MATX",3.15,"A","PUT",60,98.2151,56.85,"1/15/2027","BEAR","945000","0","0",1,0,0,0,0
"11/4/2025","SLV",5.55,"A","PUT",44.5,42.92,38.95,"9/30/2026","BEAR","887490","0","0",1,0,0,0,0
"11/4/2025","HIVE",2.538,"B","CALL",7,5.005,7,"1/21/2028","BEAR","874535","115","1425",1,1,0,1,0
"11/4/2025","HUT",3.55,"A","PUT",20,50.31,16.45,"1/15/2027","BEAR","434250","350","180500",1,1,0,0,0
"11/5/2025","RUN",2.95,"B","PUT",15,20.545,15,"9/18/2026","BULL","-3273786","-40847","-15073786",1,0,0,0,0
"11/5/2025","PLTR",55.5,"A","CALL",200,185.7,255.5,"6/17/2027","BULL","21532101","7647","15643526",2,0,0,0,0
"11/5/2025","NBIS",56.5,"A","CALL",95,116.265,151.5,"1/15/2027","BULL","3955000","0","0",1,0,0,0,0
"11/5/2025","IONQ",13,"A","CALL",90,56.2346,103,"9/18/2026","BULL","1487740","-1454","-1268305",1,0,0,0,0
"11/5/2025","PLTR",46.4,"B","PUT",170,188.895,170,"1/21/2028","BULL","3057194","200","969194",1,0,0,0,0
"11/5/2025","GDXJ",12.6,"B","PUT",85,89.2676,85,"1/15/2027","BULL","1890000","0","0",1,0,1,0,1
"11/5/2025","PWR",44.2,"B","PUT",430,457.12,430,"9/18/2026","BULL","835380","0","0",1,0,0,0,0
"11/5/2025","TTMI",13.199,"A","CALL",90,70.1,103.199,"10/16/2026","BULL","199310","0","0",1,1,1,1,1
"11/5/2025","FFIV",38.419,"AA","PUT",260,249,221.581,"12/18/2026","BEAR","595490","0","0",1,0,0,0,0
"11/5/2025","FFIV",33.001,"B","CALL",270,249.035,270,"12/18/2026","BEAR","-1711738","-155","-2239750",1,0,0,0,0
"11/5/2025","DKNG",4.3,"B","CALL",35,28.0607,35,"9/18/2026","BEAR","385955","195","-13620",1,1,0,0,0
"11/5/2025","SLDP",4,"B","CALL",12.5,8.3914,12.5,"1/21/2028","BEAR","64862","-200","-15140",1,,,,
"11/6/2025","PLTR",45,"A","CALL",210,175.83,255,"6/17/2027","BULL","18217358","1978","12745358",3,0,0,0,0
"11/6/2025","GDX",9.2,"B","PUT",70,71.44,70,"1/15/2027","BULL","-799716","-6845","-4111716",1,0,0,0,0
"11/6/2025","WULF",5.57,"A","CALL",20,14.725,25.57,"6/17/2027","BULL","139270","-3049","-1531730",1,0,0,0,0
"11/6/2025","FI",12.4,"B","PUT",60,61.7188,60,"1/15/2027","BULL","806000","0","0",1,0,1,0,1
"11/6/2025","JBLU",0.5,"B","PUT",3,4.295,3,"1/15/2027","BULL","-55779","-18855","-529690",1,1,1,1,1
"11/6/2025","SKYT",4.5,"A","CALL",35,17.9,39.5,"1/15/2027","BULL","450390","-92","3990",2,1,1,1,1
"11/6/2025","TAC",3.3,"A","CALL",15,13.875,18.3,"11/20/2026","BULL","661710","2017","355710",1,1,1,1,1
"11/6/2025","GOOGL",57.13,"B","CALL",295,285.39,295,"6/17/2027","BEAR","9481839","780","6484049",1,1,0,1,0
"11/6/2025","XLU",0.24,"A","PUT",50,88.87,49.76,"12/18/2026","BEAR","1680000","0","0",1,0,0,0,0
"11/6/2025","CNR",13.5,"A","PUT",80,85.8,66.5,"12/18/2026","BEAR","732360","-586","-617640",1,0,0,0,0
"11/6/2025","IAU",6.38,"B","CALL",78,74.98,78,"1/15/2027","BEAR","-1480209","-1403","-2595544",1,1,0,1,0
"11/6/2025","SLV",5.65,"A","PUT",45.5,43.76,39.85,"9/30/2026","BEAR","749296","-794","-188178",1,0,0,0,0
"11/6/2025","TEM",6.1,"A","PUT",45,72.55,38.9,"9/18/2026","BEAR","375719","-561","-290426",2,1,0,1,0
"11/6/2025","BW",2,"B","CALL",7.5,5.115,7.5,"1/15/2027","BEAR","1068592","1734","868592",1,1,0,1,0
"11/6/2025","HNST",0.7,"B","CALL",5,2.5058,5,"1/21/2028","BEAR","-12262","-499","-45617",1,,,,
"11/7/2025","C",18.8,"A","CALL",90,98.2081,108.8,"1/15/2027","BULL","5094152","-146","-545850",1,1,1,1,1
"11/7/2025","RZLV",1.65,"A","CALL",12,3.865,13.65,"1/21/2028","BULL","-55790","-774","-123770",1,0,0,0,0
"11/7/2025","NVDA",22.35,"B","CALL",300,180.188,300,"1/21/2028","BEAR","105151252","6124","9151197",1,1,0,1,0
"11/7/2025","AVGO",25,"A","PUT",250,339.985,225,"12/18/2026","BEAR","3984885","1492","1734885",1,1,0,0,0
"11/7/2025","SHOP",23.892,"A","PUT",120,147.73,96.108,"12/17/2027","BEAR","1076018","0","0",1,0,0,0,0
"11/7/2025","GRPN",4.2,"A","PUT",15,17.66,10.8,"1/15/2027","BEAR","322862","-1308","-517138",1,0,0,0,0
"11/7/2025","RKLB",29.2,"B","CALL",40,51.5779,40,"1/21/2028","BEAR","584000","0","0",1,0,0,0,0
"11/7/2025","MATX",2.65,"A","PUT",65,112.475,62.35,"1/15/2027","BEAR","503494","0","0",1,0,0,0,0
"11/10/2025","QQQ",64.45,"A","CALL",640,622.1581,704.45,"1/15/2027","BULL","18828596","970","2716096",1,0,0,0,0
"11/10/2025","AMZN",47,"A","CALL",255,246.35,302,"6/17/2027","BULL","18547500","1271","4296682",1,1,1,1,1
"11/10/2025","ORCL",37.95,"B","PUT",240,238.99,240,"8/21/2026","BULL","6387250","500","1453750",1,0,0,0,0
"11/10/2025","SPY",54.73,"A","CALL",725,680.1001,779.73,"6/17/2027","BULL","2935030","-111","-130425",1,0,0,0,0
"11/10/2025","CRDO",8.1,"B","PUT",65,165.955,65,"1/15/2027","BULL","810000","0","0",1,0,0,0,0
"11/10/2025","NXE",3.5,"A","CALL",10,8.71,13.5,"1/21/2028","BULL","1354644","3144","938954",1,1,1,1,1
"11/10/2025","XIFR",2.05,"A","CALL",12,9.4488,14.05,"1/21/2028","BULL","30416","-1937","-366440",1,1,1,1,1
"11/10/2025","XEL",6,"B","PUT",80,80.74,80,"11/20/2026","BULL","210000","0","0",1,0,0,0,0
"11/10/2025","ARWR",13,"A","CALL",45,41.27,58,"1/15/2027","BULL","195000","0","0",1,1,1,0,0
"11/10/2025","COGT",8.201,"B","PUT",30,33.26,30,"1/15/2027","BULL","171402","0","0",1,0,0,0,0
"11/10/2025","B",4.75,"B","PUT",33,35.08,33,"1/15/2027","BULL","513355","1249","440680",1,0,1,0,0
"11/10/2025","MSFT",70,"B","CALL",505,505.33,505,"1/15/2027","BEAR","4981749","1032","1488749",1,1,1,1,0
"11/10/2025","SPOT",33.5,"A","PUT",450,622.39,416.5,"1/15/2027","BEAR","1340000","0","0",1,1,0,0,0
"11/10/2025","CELH",8.2,"B","CALL",55,44.23,55,"1/15/2027","BEAR","3311395","2529","2081395",1,0,0,0,0
"11/10/2025","UPST",11.75,"B","CALL",80,39.455,80,"1/21/2028","BEAR","811909","0","0",1,0,0,0,0
"11/10/2025","OSCR",3.7,"B","CALL",40,14.84,40,"1/21/2028","BEAR","5474679","30360","5010879",2,0,0,0,0
"11/10/2025","ONDS",4.4,"A","PUT",7,6.0654,2.59999999999999,"1/21/2028","BEAR","-70002","-755","-246002",1,0,1,0,0
"11/11/2025","MRVL",20.95,"A","CALL",95,89.775,115.95,"12/18/2026","BULL","1361750","0","0",1,0,0,0,0
"11/11/2025","SHAK",10.7,"B","PUT",80,92.94,80,"1/15/2027","BULL","481500","0","0",1,0,1,0,1
"11/11/2025","OKLO",28.388,"B","CALL",155,107.4849,155,"9/18/2026","BEAR","1058860","0","0",1,0,0,0,0
"11/11/2025","OSCR",4.3,"B","CALL",35,15.3685,35,"12/17/2027","BEAR","1188105","2250","487605",1,0,0,0,0
"11/11/2025","BK",15.5,"B","CALL",110,111.7475,110,"1/15/2027","BEAR","1818190","873","1333040",1,1,0,1,0
"11/11/2025","KGC",2.85,"B","CALL",35,25.16,35,"1/15/2027","BEAR","148078","-1782","-267737",1,1,1,1,1
"11/11/2025","CLSK",3.5,"A","PUT",10,13.5601,6.5,"1/21/2028","BEAR","1237898","2660","832948",1,0,0,0,0
"11/11/2025","FUN",6,"AA","PUT",15,14.9,9,"1/21/2028","BEAR","253220","0","0",1,0,0,0,0
"11/11/2025","KVYO",10.1,"B","CALL",32.5,29.8275,32.5,"1/21/2028","BEAR","202000","0","0",1,1,1,1,0
"11/11/2025","LAES",1.05,"B","CALL",10,5.545,10,"1/21/2028","BEAR","-558855","-21402","-630360",2,1,1,1,1
"11/12/2025","WRBY",3.017,"AA","CALL",25,17.56,28.017,"12/18/2026","BULL","2544145","-317","129170",1,1,1,1,1
"11/12/2025","QBTS",11.25,"B","PUT",27,26.78,27,"1/15/2027","BULL","1905106","174","155730",1,1,1,1,1
"11/12/2025","IAG",1.55,"A","CALL",25,14.585,26.55,"1/15/2027","BULL","573500","0","0",1,1,1,1,1
"11/12/2025","AKBA",1.1,"A","CALL",2,1.775,3.1,"1/21/2028","BULL","110000","0","0",1,1,1,1,1
"11/12/2025","CCOI",2.65,"B","PUT",12.5,18.94,12.5,"1/21/2028","BULL","85815","0","0",1,0,0,0,0
"11/12/2025","MSTR",16.51,"A","PUT",100,220.8,83.49,"6/17/2027","BEAR","3123300","270","646800",1,0,0,0,0
"11/12/2025","OKLO",41.148,"A","PUT",115,112.8,73.852,"9/18/2026","BEAR","798270","0","0",1,0,0,0,0
"11/12/2025","PINS",7.5,"B","CALL",30,27.405,30,"1/21/2028","BEAR","715280","26","530",1,0,0,0,0
"11/12/2025","PL",5.017,"B","CALL",17,12.4878,17,"1/21/2028","BEAR","445708","291","71427",1,0,0,0,0
"11/13/2025","GOOGL",84.048,"BB","PUT",350,279.355,350,"12/18/2026","BULL","10486669","-406","6275847",2,1,0,1,0
"11/13/2025","META",51.4,"A","CALL",1050,608.43,1101.4,"1/21/2028","BULL","3126595","-247","-856905",1,0,0,0,0
"11/13/2025","AAPL",37.9,"B","PUT",300,272.4015,300,"9/18/2026","BULL","-13582863","-15435","-15477863",1,0,1,0,0
"11/13/2025","BGS",0.8,"A","CALL",5,4.585,5.8,"1/15/2027","BULL","758700","-413","-41300",1,1,1,1,1
"11/13/2025","WULF",1.86,"A","CALL",30,11.81,31.86,"12/18/2026","BULL","3504984","8602","2941226",1,0,0,0,0
"11/13/2025","WULF",2.33,"A","CALL",27,11.715,29.33,"1/15/2027","BULL","1259351","2105","701465",1,0,0,0,0
"11/13/2025","BKKT",6.8,"A","CALL",45,20.13,51.8,"12/18/2026","BULL","354280","0","0",1,1,1,1,1
"11/13/2025","WULF",6.992,"A","CALL",7,11.605,13.992,"1/15/2027","BULL","-139100","-750","-453750",1,0,0,0,0
"11/13/2025","BW",2.4,"A","CALL",10,6.82,12.4,"1/15/2027","BULL","531985","1671","291985",1,1,0,1,0
"11/13/2025","GDX",9.9,"A","PUT",70,78.345,60.1,"1/21/2028","BEAR","16919599","-1000","-900401",1,0,0,0,0
"11/13/2025","MARA",2.72,"A","PUT",8,12.82,5.27999999999999,"12/17/2027","BEAR","2346250","-1250","-393750",1,0,0,0,0
"11/13/2025","WST",37.7,"A","PUT",270,268.0079,232.3,"12/18/2026","BEAR","1885000","0","0",1,0,0,0,0
"11/13/2025","ASTS",8.75,"A","PUT",30,63.8999,21.25,"1/21/2028","BEAR","3081161","1449","1544661",1,0,0,0,0
"11/13/2025","BTDR",2.9,"B","CALL",35,11.37,35,"1/21/2028","BEAR","1450000","0","0",1,1,0,0,0
"11/13/2025","GME",2.86,"B","CALL",32,21.105,32,"1/15/2027","BEAR","3450522","8203","2668999",1,0,0,0,0
"11/13/2025","FLNC",8.1,"A","PUT",18,16.83,9.9,"1/15/2027","BEAR","729789","0","0",1,1,0,1,0
"11/13/2025","TEM",6.6,"A","PUT",45,67.6338,38.4,"9/18/2026","BEAR","138914","-873","-502806",2,1,0,1,0
"11/13/2025","QBTS",11.2,"A","PUT",22,23.28,10.8,"1/21/2028","BEAR","390649","-33","-13670",1,1,1,1,1
"11/13/2025","BKR",6.4,"B","CALL",50,48.25,50,"12/18/2026","BEAR","539220","199","157220",1,0,0,0,0
"11/13/2025","LBRT",3.3,"A","PUT",15,15.89,11.7,"1/15/2027","BEAR","304920","0","0",1,1,1,0,0
"11/13/2025","CNR",12,"A","PUT",75,82.945,63,"12/18/2026","BEAR","571200","200","270000",1,0,0,0,0
"11/13/2025","UAMY",3.502,"B","CALL",30,7.59,30,"1/21/2028","BEAR","157602","0","0",1,1,1,1,0
"11/14/2025","SMH",53.5,"B","PUT",370,344.6799,370,"9/18/2026","BULL","3698915","43","488915",1,0,0,0,0
"11/14/2025","BE",32.5,"B","PUT",95,114.325,95,"9/18/2026","BULL","1137500","0","0",1,1,1,1,1
"11/14/2025","U",9.45,"B","PUT",37,36.91,37,"1/15/2027","BULL","756000","0","0",1,0,0,0,0
"11/14/2025","ALC",8.1,"A","CALL",85,78.075,93.1,"1/15/2027","BULL","404984","0","0",1,1,1,1,1
"11/14/2025","QXO",1.3,"A","CALL",35,17.58,36.3,"1/15/2027","BULL","748137","10682","683007",1,0,0,0,0
"11/14/2025","NFLX",282.1,"B","CALL",1120,1125.3099,1120,"1/21/2028","BEAR","4231500","0","0",1,0,0,0,0
"11/14/2025","PL",3.1,"B","CALL",30,11.535,30,"1/21/2028","BEAR","6260010","5313","4710010",1,0,0,0,0
"11/14/2025","SHEL",28.9,"B","CALL",47.5,75.77,47.5,"1/15/2027","BEAR","1628880","32","87400",2,1,1,1,0
"11/14/2025","HROW",9.5,"B","CALL",55,40.33,55,"1/15/2027","BEAR","9300","-405","-309900",1,0,0,0,0
"11/14/2025","AMN",6.3,"B","CALL",12.5,15.42,12.5,"12/18/2026","BEAR","665000","500","350000",1,1,0,1,0
"11/14/2025","SOC",2.55,"B","CALL",5,4.5054,5,"1/15/2027","BEAR","-145047","-1882","-400047",1,0,0,0,0
"11/14/2025","LAES",0.7,"B","CALL",10,4.51,10,"1/21/2028","BEAR","-813795","-24739","-873155",2,1,1,1,1
"11/17/2025","LITE",60.43,"A","CALL",300,243.6188,360.43,"9/18/2026","BULL","-4034735","-600","-7251938",1,0,0,0,0
"11/17/2025","MSTR",41.25,"A","CALL",430,192.865,471.25,"1/21/2028","BULL","859000","-400","-1620000",1,0,0,0,0
"11/17/2025","SLV",6.85,"A","CALL",47,46.015,53.85,"1/15/2027","BULL","1381800","-93","11800",1,0,0,0,0
"11/17/2025","COMP",2.41,"B","PUT",10,9.435,10,"1/15/2027","BULL","637720","-537","-85280",1,1,1,1,1
"11/17/2025","NCLH",4.404,"AA","CALL",20,17.855,24.404,"1/21/2028","BULL","551033","-176","-55440",1,0,1,0,0
"11/17/2025","CRGY",1.58,"A","CALL",10,8.795,11.58,"12/18/2026","BULL","100150","316","37582",1,1,1,1,1
"11/17/2025","MDGL",158,"B","CALL",500,547.2,500,"12/18/2026","BEAR","6095304","-254","2966904",1,,,,
"11/17/2025","KKR",21.7,"A","PUT",115,115.03,93.3,"1/21/2028","BEAR","1927822","0","0",1,0,0,0,0
"11/17/2025","AMD",38.249,"A","PUT",230,238.88,191.751,"8/21/2026","BEAR","213059","-1850","-1072117",1,0,0,0,0
"11/17/2025","CLSK",3.38,"A","PUT",10,10.6965,6.62,"1/15/2027","BEAR","566004","-1299","-447996",1,0,0,0,0
"11/17/2025","NVS",18.9,"B","CALL",130,131.97,130,"1/21/2028","BEAR","-317610","-438","-1090620",1,0,0,0,0
"11/17/2025","CLSK",0.68,"A","PUT",3,10.5497,2.32,"1/21/2028","BEAR","910257","9157","311052",1,0,0,0,0
"11/17/2025","UL",13.4,"B","CALL",47.5,59.435,47.5,"12/18/2026","BEAR","477040","0","0",1,1,0,1,0
"11/17/2025","PCT",4.7,"B","CALL",7,8.7138,7,"1/15/2027","BEAR","-83633","-3142","-553163",1,0,0,0,0
"11/17/2025","HIVE",0.6,"B","CALL",12,3.55,12,"1/15/2027","BEAR","265704","-837","-34296",1,1,0,1,0
"11/17/2025","HPE",2.32,"A","PUT",18,21.11,15.68,"12/18/2026","BEAR","-191212","-8780","-481908",1,0,0,0,0
"11/18/2025","XLK",27.35,"B","PUT",280,281.41,280,"1/15/2027","BULL","3295000","0","0",1,1,0,0,0
"11/18/2025","ENTG",15,"A","CALL",110,72.19,125,"1/21/2028","BULL","2280570","497","1151070",1,1,1,1,0
"11/18/2025","WRBY",3.7,"A","CALL",20,17.0013,23.7,"12/18/2026","BULL","1106130","0","0",1,1,1,1,1
"11/18/2025","SOC",2.5,"B","PUT",5,4.555,5,"1/15/2027","BULL","238100","0","0",1,0,0,0,0
"11/18/2025","ABCL",2.1,"A","CALL",4,3.6655,6.1,"1/21/2028","BULL","-68811","-1370","-278601",1,1,0,1,0
"11/18/2025","PRMB",0.824,"B","PUT",10,15.5777,10,"12/18/2026","BULL","82388","0","0",1,0,1,0,1
"11/18/2025","AMD",33.14,"A","PUT",210,229.61,176.86,"9/18/2026","BEAR","11604502","2516","5639302",1,0,0,0,0
"11/18/2025","RDDT",55,"A","PUT",200,184.12,145,"9/18/2026","BEAR","5500000","0","0",1,0,0,0,0
"11/18/2025","ASTS",22.65,"A","PUT",50,55.211,27.35,"1/21/2028","BEAR","5357233","1660","3506728",1,0,0,0,0
"11/18/2025","WULF",4.6,"B","CALL",20,12.295,20,"1/21/2028","BEAR","203040","-2801","-1504710",1,0,0,0,0
"11/18/2025","FTAI",25.5,"B","CALL",200,153.955,200,"1/15/2027","BEAR","-1934500","-773","-3209500",1,1,1,1,1
"11/18/2025","HOOD",48,"B","CALL",90,114.5608,90,"3/19/2027","BEAR","173840","1","-786160",1,0,0,0,0
"11/18/2025","QBTS",9.7,"B","CALL",42,22.59,42,"1/21/2028","BEAR","245820","-250","-245000",1,1,1,1,1
"11/18/2025","PCT",4.8,"B","CALL",8,8.2342,8,"1/21/2028","BEAR","779240","522","325640",1,0,0,0,0
"11/18/2025","AFRM",23.2,"A","PUT",67.5,66.95,44.3,"1/21/2028","BEAR","17000","-170","-377400",1,0,0,0,0
"11/18/2025","CXW",1.75,"B","CALL",25,16.05,25,"1/21/2028","BEAR","328170","0","0",1,1,1,1,0
"11/18/2025","MVIS",0.2,"B","CALL",2,0.9231,2,"1/15/2027","BEAR","245001","3000","85001",1,1,0,1,0
"11/18/2025","LFMD",0.9,"B","CALL",5,3.5788,5,"1/15/2027","BEAR","393716","3618","291711",1,1,0,1,0
"11/19/2025","PLTR",32.96,"B","PUT",155,164.1,155,"12/18/2026","BULL","339200","-1600","-4934400",1,0,0,0,0
"11/19/2025","SOXX",50.1,"A","CALL",275,278.83,325.1,"1/15/2027","BULL","-5223440","-1518","-9983870",1,0,0,0,0
"11/19/2025","COIN",58.335,"B","PUT",210,250.19,210,"1/21/2028","BULL","4704632","350","3158750",1,1,1,0,0
"11/19/2025","CLS",115.4,"A","CALL",320,321.23,435.4,"1/15/2027","BULL","1154005","0","0",1,1,0,0,0
"11/19/2025","FBIN",6.9,"A","CALL",60,44.625,66.9,"1/21/2028","BULL","5104193","6011","4552193",1,1,1,1,1
"11/19/2025","WELL",29,"A","CALL",190,196.46,219,"1/15/2027","BULL","-393090","-229","-941190",1,1,0,0,0
"11/19/2025","JBLU",0.95,"A","CALL",7,4.175,7.95,"1/21/2028","BULL","657858","416","182858",1,1,1,1,1
"11/19/2025","GME",5.45,"B","PUT",20,20.245,20,"12/17/2027","BULL","174125","-750","-272775",1,0,0,0,0
"11/19/2025","AFRM",11.35,"B","PUT",52.5,64,52.5,"1/15/2027","BULL","-399400","-920","-830700",1,0,0,0,0
"11/19/2025","ANNX",1.45,"A","CALL",5,3.7963,6.45,"12/18/2026","BULL","296683","-30","6750",1,0,0,0,0
"11/19/2025","ANNX",1.1,"A","CALL",7,3.8333,8.1,"12/18/2026","BULL","33640","-649","-86370",1,0,0,0,0
"11/19/2025","NVDA",47.85,"B","CALL",185,184.95,185,"6/17/2027","BEAR","29829083","4660","19198368",1,1,0,1,0
"11/19/2025","PBR",1.26,"A","PUT",12,13,10.74,"9/18/2026","BEAR","-81996","-5849","-1341996",1,1,1,0,0
"11/19/2025","BAX",6.1,"B","CALL",15,17.615,15,"1/21/2028","BEAR","610000","0","0",1,0,0,0,0
"11/19/2025","ARES",3.4,"A","PUT",75,144.15,71.6,"1/15/2027","BEAR","481740","-157","-28260",1,0,0,0,0
"11/19/2025","OSCR",2.5,"A","PUT",8,14.24,5.5,"1/21/2028","BEAR","1759800","5200","1259800",2,0,0,0,0
"11/19/2025","BTBT",0.98,"A","PUT",2,2.1481,1.02,"1/21/2028","BEAR","510000","200","20000",1,0,0,0,0
"11/19/2025","CRK",3.3,"A","PUT",22,24.6447,18.7,"8/21/2026","BEAR","330000","0","0",1,0,0,0,0
"11/19/2025","AS",15.234,"B","CALL",22.5,35.0146,22.5,"1/15/2027","BEAR","254409","0","0",1,1,1,1,1
"11/19/2025","B",4.893,"A","PUT",35,37.745,30.107,"12/18/2026","BEAR","-5800","-308","-92400",1,0,1,0,0
"11/20/2025","PLTR",24.4,"B","PUT",110,157.76,110,"1/21/2028","BULL","-1641604","-4276","-9327604",1,0,0,0,0
"11/20/2025","BKNG",696,"B","PUT",4700,4632.555,4700,"9/17/2027","BULL","7656000","0","0",1,0,1,0,1
"11/20/2025","HOOD",23.5,"B","PUT",100,108.8825,100,"12/18/2026","BULL","7113020","-266","-406980",1,0,0,0,0
"11/20/2025","HOOD",46.25,"A","CALL",85,108.8799,131.25,"3/19/2027","BULL","2833500","0","58500",1,0,0,0,0
"11/20/2025","UAMY",1.6,"A","CALL",35,6.155,36.6,"1/15/2027","BULL","-119993","-2638","-151993",1,1,1,1,0
"11/20/2025","AAPL",39.651,"B","CALL",280,268.87,280,"6/17/2027","BEAR","-126385","-4647","-11347619",1,0,1,0,0
"11/20/2025","AGIO",5.9,"B","CALL",30,24.47,30,"12/18/2026","BEAR","18394737","14353","11935397",1,0,0,0,0
"11/20/2025","ASTS",26.35,"A","PUT",55,53.96,28.65,"1/21/2028","BEAR","4182655","0","0",1,0,0,0,0
"11/20/2025","AAPL",44.314,"B","CALL",270,268.74,270,"6/17/2027","BEAR","943341","-174","-1398300",1,0,1,0,0
"11/20/2025","ORCL",25.7,"B","CALL",320,229.85,320,"1/15/2027","BEAR","1375793","-2699","-423207",1,0,0,0,0
"11/20/2025","RIVN",3.25,"A","PUT",15,14.825,11.75,"9/18/2026","BEAR","2870498","9792","1115498",1,0,0,0,0
"11/20/2025","RIVN",2.06,"B","CALL",25,15.14,25,"12/18/2026","BEAR","752181","-5623","-722532",1,0,0,0,0
"11/20/2025","NBIS",52.5,"B","CALL",75,89.95,75,"1/21/2028","BEAR","1134000","0","0",1,0,0,0,0
"11/20/2025","WELL",16.199,"A","PUT",190,199.94,173.801,"1/15/2027","BEAR","526364","309","195896",1,1,0,0,0
"11/20/2025","BTBT",0.65,"A","PUT",1.5,2.1,0.85,"1/21/2028","BEAR","442022","3176","212866",1,0,0,0,0
"11/21/2025","AMZN",31,"A","CALL",260,220.81,291,"6/17/2027","BULL","9564990","1485","3960190",1,1,1,1,1
"11/21/2025","GOOGL",42.306,"AA","CALL",330,301.06,372.306,"12/18/2026","BULL","4104848","-114","-227328",1,1,0,1,0
"11/21/2025","ARM",8,"B","PUT",80,126.035,80,"1/15/2027","BULL","3613796","-667","-146204",1,1,0,0,0
"11/21/2025","AFRM",16.75,"B","PUT",55,64.445,55,"1/21/2028","BULL","1174070","379","504070",1,0,0,0,0
"11/21/2025","RKT",4.55,"A","CALL",25,17.235,29.55,"1/21/2028","BULL","-7611535","-49852","-7977930",1,0,0,0,0
"11/21/2025","OPEN",3.55,"A","CALL",10,6.835,13.55,"1/21/2028","BULL","2024782","11371","1722277",1,1,0,1,0
"11/21/2025","URGN",7,"B","PUT",25,25.75,25,"1/15/2027","BULL","129501","0","0",1,0,1,0,0
"11/21/2025","B",1.125,"B","PUT",25,36.595,25,"10/16/2026","BULL","96870","-233","-15611",1,0,1,0,0
"11/21/2025","COGT",6.6,"B","CALL",50,34.97,50,"1/15/2027","BEAR","345250","0","0",1,0,0,0,0
"11/21/2025","SVM",0.9,"A","PUT",5,6.22,4.1,"1/15/2027","BEAR","112340","0","0",1,0,0,0,0
"11/24/2025","AVGO",92,"A","CALL",390,373.68,482,"6/17/2027","BULL","2285352","-1072","-13089143",1,1,0,0,0
"11/24/2025","CRWD",102.5,"A","CALL",540,503.65,642.5,"3/19/2027","BULL","-10323340","-2221","-16012065",1,1,0,0,0
"11/24/2025","COIN",42.5,"A","CALL",340,251.975,382.5,"12/18/2026","BULL","1452805","-564","-2117195",1,1,1,0,0
"11/24/2025","OKLO",20.7,"A","CALL",140,91.73,160.7,"9/18/2026","BULL","3445449","178","447367",1,0,0,0,0
"11/24/2025","IONQ",7.5,"A","CALL",80,43.8672,87.5,"9/18/2026","BULL","2827703","946","420803",1,0,0,0,0
"11/24/2025","JEF",8.9,"B","PUT",55,55.28,55,"1/15/2027","BULL","1780000","0","0",1,0,1,0,1
"11/24/2025","IBIT",8.26,"B","PUT",40,50.56,40,"12/17/2027","BULL","989310","-224","-332290",1,0,0,0,0
"11/24/2025","CLS",89.5,"A","CALL",390,318.6183,479.5,"1/15/2027","BULL","1000","-100","-894000",1,1,0,0,0
"11/24/2025","INFY",3.6,"B","PUT",17,17.445,17,"1/21/2028","BULL","1650000","1500","930000",1,1,1,1,1
"11/24/2025","MVIS",0.3,"A","CALL",2.5,0.9661,2.8,"1/21/2028","BULL","-69718","-1970","-129720",1,1,0,1,0
"11/24/2025","QQQ",53.83,"A","PUT",615,605.2201,561.17,"12/18/2026","BEAR","21628902","785","2250102",1,0,0,0,0
"11/24/2025","ORCL",35.1,"A","PUT",170,199.51,134.9,"1/21/2028","BEAR","-896500","-640","-2651500",1,0,0,0,0
"11/24/2025","GME",4.1,"B","CALL",32,20.385,32,"1/21/2028","BEAR","1501736","-929","-233135",1,0,0,0,0
"11/24/2025","RGTI",8.15,"B","CALL",75,25.3952,75,"1/21/2028","BEAR","814185","0","0",1,1,0,1,0
"11/24/2025","RGTI",8.45,"B","CALL",70,25.265,70,"1/21/2028","BEAR","496015","0","0",1,1,0,1,0
"11/24/2025","UL",11.9,"B","CALL",50,59.545,50,"6/17/2027","BEAR","462910","0","0",1,1,0,1,0
"11/24/2025","CLOV",0.98,"B","CALL",5,2.3968,5,"1/21/2028","BEAR","129025","-1709","-177154",1,0,0,0,0
"11/25/2025","GOOGL",62,"B","PUT",350,320.1272,350,"12/18/2026","BULL","8178752","-7257","-35096418",2,1,0,1,0
"11/25/2025","META",98.15,"BB","PUT",650,623.1561,650,"12/18/2026","BULL","3930470","-1202","-10735410",1,0,0,0,0
"11/25/2025","AMZN",41.2,"BB","PUT",250,227.05,250,"12/18/2026","BULL","7462432","-12","1282432",1,1,1,1,1
"11/25/2025","MU",13.398,"B","PUT",130,221.592,130,"1/15/2027","BULL","3766584","-527","-246846",1,0,0,0,0
"11/25/2025","COIN",39.561,"AA","CALL",350,251.1999,389.561,"12/18/2026","BULL","1029699","-477","-1597145",1,1,1,0,0
"11/25/2025","MU",24,"A","CALL",470,221.6717,494,"6/17/2027","BULL","1080000","0","0",1,0,0,0,0
"11/25/2025","OKLO",31.1,"A","CALL",85,84.71,116.1,"9/18/2026","BULL","862680","457","91400",1,0,0,0,0
"11/25/2025","QQQ",53.6,"A","PUT",610,601.02,556.4,"12/18/2026","BEAR","11527103","564","807103",1,0,0,0,0
"11/25/2025","NVDX",4.6,"B","CALL",20,16.5201,20,"1/15/2027","BEAR","1845515","0","0",1,0,0,0,0
"11/25/2025","CNC",4.55,"A","PUT",35,38.861,30.45,"9/18/2026","BEAR","534004","-1200","-528000",1,0,0,0,0
"11/25/2025","LAES",1,"B","CALL",4.5,4.065,4.5,"1/15/2027","BEAR","-485964","-9256","-549764",1,1,1,1,1
"11/26/2025","GOOGL",60.51,"B","PUT",320,319.44,320,"1/21/2028","BULL","4228489","-864","-3032711",1,1,0,1,0
"11/26/2025","MSFT",70.2,"A","CALL",505,487.55,575.2,"6/17/2027","BULL","1883660","-648","-4430658",1,1,1,1,0
"11/26/2025","CRDO",93.3,"B","PUT",195,166.88,195,"1/21/2028","BULL","5598016","0","0",1,0,0,0,0
"11/26/2025","TER",51.3,"B","PUT",185,180.53,185,"1/21/2028","BULL","969570","0","0",1,0,0,0,0
"11/26/2025","BTDR",1.85,"A","CALL",30,11.88,31.85,"9/18/2026","BULL","726226","-2834","-198774",1,1,0,0,0
"11/26/2025","POET",1.707,"B","PUT",4,4.865,4,"1/21/2028","BULL","202195","-192","-19200",1,1,1,1,0
"11/26/2025","PL",4,"A","CALL",20,11.77,24,"1/21/2028","BULL","-214250","-720","-394250",1,0,0,0,0
"11/26/2025","QQQ",44.4,"B","CALL",660,615.17,660,"12/18/2026","BEAR","34924581","-1024","-3925419",1,0,0,0,0
"11/26/2025","CRK",2.96,"B","CALL",35,25.955,35,"11/20/2026","BEAR","5613000","-37900","-5635000",1,0,0,0,0
"11/26/2025","LULU",33.3,"B","CALL",210,183.25,210,"1/15/2027","BEAR","6245000","500","1250000",1,1,0,1,0
"11/26/2025","AAPL",26.64,"A","PUT",280,278.8872,253.36,"12/18/2026","BEAR","-12298993","-4617","-15229393",1,0,1,0,0
"11/26/2025","ORCL",8.1,"A","PUT",125,206.4104,116.9,"12/18/2026","BEAR","2709845","1501","1089845",1,0,0,0,0
"11/26/2025","NVTS",2.82,"B","CALL",12,8.485,12,"1/15/2027","BEAR","810310","-1862","-599690",1,1,0,1,0
"11/26/2025","AMTM",6.7,"A","PUT",30,29.59,23.3,"1/15/2027","BEAR","278050","0","0",1,1,1,0,0
"11/26/2025","AMDL",12.6,"A","PUT",21,16.025,8.4,"1/21/2028","BEAR","214200","0","0",1,1,0,0,0
"11/28/2025","GOOGL",29.65,"B","PUT",300,319.385,300,"9/18/2026","BULL","-3182891","-8057","-7630391",1,1,0,1,0
"11/28/2025","LYFT",4.25,"A","PUT",20,20.8459,15.75,"12/18/2026","BEAR","863190","0","0",1,1,0,0,0
"11/28/2025","VIG",10.8,"A","PUT",220,222.17,209.2,"12/18/2026","BEAR","432000","0","0",1,0,0,0,0
"12/1/2025","AAPL",30.046,"BB","PUT",300,282.565,300,"8/21/2026","BULL","-4398151","-33228","-27067805",1,0,1,0,0
"12/1/2025","XPEV",10.993,"A","CALL",15,21.37,25.993,"1/21/2028","BULL","10196038","6894","7698594",1,1,1,1,1
"12/1/2025","FINV",1.1,"B","PUT",5,5.035,5,"12/18/2026","BULL","55000","0","0",1,0,1,0,1
"12/1/2025","TSM",34.9,"A","PUT",240,288.1,205.1,"12/17/2027","BEAR","4029965","1072","2633965",1,1,1,0,0
"12/1/2025","WMT",16.9,"B","CALL",110,111.495,110,"6/17/2027","BEAR","624882","-827","-619290",1,1,0,0,0
"12/1/2025","COPX",18.7,"B","CALL",50,65.0824,50,"1/15/2027","BEAR","1500780","551","737820",2,0,0,0,0
"12/1/2025","SOC",1.15,"A","PUT",2.5,4.365,1.35,"1/15/2027","BEAR","372173","-1010","55923",1,0,0,0,0
"12/2/2025","KBE",6.3,"B","PUT",56,59.3,56,"1/21/2028","BULL","15750000","0","0",1,0,1,0,1
"12/2/2025","GOOG",76.6,"B","PUT",350,316.555,350,"1/21/2028","BULL","18916550","1200","9341550",1,0,0,0,0
"12/2/2025","COHR",34.5,"A","CALL",200,170.4,234.5,"9/18/2026","BULL","-173462","-521","-3752200",2,0,0,0,0
"12/2/2025","GOOG",54.9,"B","PUT",310,314.51,310,"1/21/2028","BULL","1853800","-90","-891200",1,0,0,0,0
"12/2/2025","CVNA",125.577,"A","CALL",380,382.9201,505.577,"6/17/2027","BULL","1255773","0","0",1,1,0,0,0
"12/2/2025","WDC",34.7,"B","PUT",160,162.2999,160,"9/18/2026","BULL","1041000","0","0",1,0,0,0,0
"12/2/2025","TSM",31.5,"B","CALL",450,291.272,450,"1/21/2028","BEAR","6662564","718","779228",1,1,1,0,0
"12/2/2025","NET",67,"B","CALL",210,202.205,210,"1/21/2028","BEAR","-5553577","-1760","-6839977",1,1,0,1,0
"12/2/2025","LITE",45.248,"A","PUT",200,308,154.752,"1/15/2027","BEAR","2452147","332","1529085",1,0,0,0,0
"12/2/2025","FCX",15,"B","CALL",35,43.295,35,"1/21/2028","BEAR","900000","0","0",1,1,1,0,0
"12/2/2025","COPX",18.1,"B","CALL",50,64.125,50,"1/15/2027","BEAR","169720","-160","-576000",2,0,0,0,0
"12/2/2025","VNET",2.3,"B","CALL",20,8.775,20,"1/21/2028","BEAR","223560","0","0",1,1,1,1,1
"12/2/2025","SRAD",4.8,"B","CALL",30,22.2044,30,"1/21/2028","BEAR","-6000","-200","-102000",1,1,1,1,1
"12/3/2025","AMZN",34.45,"B","PUT",250,232.25,250,"8/21/2026","BULL","7701955","15415","4256955",1,1,1,1,1
"12/3/2025","FTNT",15.65,"B","PUT",90,82.75,90,"1/15/2027","BULL","2347500","0","0",1,0,0,0,0
"12/3/2025","NVO",6.4,"B","PUT",40,47.4093,40,"12/17/2027","BULL","5340586","5312","3740586",1,1,0,0,0
"12/3/2025","FHN",2.55,"B","PUT",22,22.64,22,"1/15/2027","BULL","840462","1293","330462",1,0,0,0,0
"12/3/2025","OMF",7.199,"A","CALL",65,64.14,72.199,"8/21/2026","BULL","380830","0","0",1,1,1,1,1
"12/3/2025","IREN",14.85,"B","CALL",110,43.52,110,"1/21/2028","BEAR","25120751","3868","-785649",1,1,0,1,0
"12/3/2025","AMD",17.7,"A","PUT",130,214.25,112.3,"12/17/2027","BEAR","8426594","4939","3780344",1,0,0,0,0
"12/3/2025","GDX",11.1,"A","PUT",75,81.73,63.9,"12/17/2027","BEAR","2443500","300","223500",1,0,0,0,0
"12/3/2025","STX",49.7,"A","PUT",250,257.22,200.3,"9/18/2026","BEAR","1242500","0","0",1,0,0,0,0
"12/3/2025","ENTG",23,"B","CALL",70,82.565,70,"1/15/2027","BEAR","924600","0","0",1,1,1,1,0
"12/3/2025","IREN",8.51,"A","PUT",32,43.455,23.49,"9/18/2026","BEAR","2193657","3408","1342657",1,1,0,1,0
"12/3/2025","FTI",4.4,"B","CALL",50,46.055,50,"1/15/2027","BEAR","440000","0","0",1,0,0,0,0
"12/3/2025","GME",3.25,"B","CALL",47,22.955,47,"1/21/2028","BEAR","302250","0","0",1,0,0,0,0
"12/3/2025","AS",6.7,"B","CALL",40,36.925,40,"1/15/2027","BEAR","242540","0","0",1,1,1,1,1
"12/4/2025","DELL",20.4,"A","CALL",160,138.3488,180.4,"12/18/2026","BULL","2040000","0","0",1,0,0,0,0
"12/4/2025","SHOP",43.5,"B","PUT",180,159.43,180,"1/15/2027","BULL","1957500","0","0",1,0,0,0,0
"12/4/2025","IREN",28.2,"B","PUT",60,45.4514,60,"1/15/2027","BULL","5756005","1923","4188085",1,1,0,1,0
"12/4/2025","GME",3.104,"B","PUT",20,23,20,"10/16/2026","BULL","1285882","-1790","-266338",1,0,0,0,0
"12/4/2025","GE",69.901,"AA","CALL",280,293.01,349.901,"1/21/2028","BULL","1370065","0","0",1,0,0,0,0
"12/4/2025","MARA",3.9,"A","CALL",15,12.495,18.9,"12/18/2026","BULL","869377","-390","-57653",1,0,0,0,0
"12/4/2025","IBKR",9.501,"B","PUT",65,65.56,65,"12/18/2026","BULL","812350","0","0",1,0,1,0,0
"12/4/2025","GOOGL",64.95,"A","PUT",330,316.92,265.05,"1/21/2028","BEAR","1047000","-600","-2850000",1,1,0,1,0
"12/4/2025","CIFR",7.5,"B","CALL",40,19.545,40,"1/21/2028","BEAR","2502210","-2336","-1255490",1,0,0,0,0
"12/4/2025","WDC",32,"A","PUT",150,157.815,118,"9/18/2026","BEAR","147500","-250","-652500",1,0,0,0,0
"12/4/2025","NFE",0.8,"A","PUT",1,1.44,0.199999999999999,"1/21/2028","BEAR","805684","580","44450",1,0,0,0,0
"12/4/2025","GRPN",5.7,"B","CALL",20,18.49,20,"1/15/2027","BEAR","130860","-839","-601210",1,0,0,0,0
"12/4/2025","MMYT",6.3,"B","CALL",90,73.555,90,"8/21/2026","BEAR","424175","152","20975",1,0,0,0,0
"12/4/2025","RZLV",1.6,"B","CALL",2.5,2.87,2.5,"1/15/2027","BEAR","-76538","-1057","-116543",1,0,0,0,0
"12/5/2025","TSLA",98.9,"B","PUT",470,456.4956,470,"12/18/2026","BULL","30642954","545","5075030",1,0,0,0,0
"12/5/2025","COHR",31.159,"A","CALL",250,186.735,281.159,"9/18/2026","BULL","5195971","474","2080087",2,0,0,0,0
"12/5/2025","SOFI",3.43,"B","PUT",22,27.595,22,"9/18/2026","BULL","-2232592","-10840","-4989632",1,0,0,0,0
"12/5/2025","JMIA",1.32,"B","PUT",5,12.5399,5,"1/21/2028","BULL","79200","0","0",1,0,1,0,1
"12/5/2025","DOC",2,"A","CALL",17.5,17.0999,19.5,"1/21/2028","BULL","124400","353","90400",1,1,1,1,1
"12/5/2025","SMH",40.35,"A","PUT",350,365.405,309.65,"1/15/2027","BEAR","11694523","2362","9280083",1,0,0,0,0
"12/5/2025","XLV",0.38,"A","PUT",95,153.18,94.62,"1/15/2027","BEAR","1356600","0","0",1,0,0,0,0
"12/5/2025","MVIS",0.2,"B","CALL",1.5,0.9262,1.5,"1/15/2027","BEAR","163268","5000","103268",1,1,0,1,0
"12/8/2025","AAOI",2.25,"B","PUT",12.5,27.5,12.5,"1/15/2027","BULL","5331798","19202","1376963",1,0,0,0,0
"12/8/2025","FXI",3.05,"B","PUT",38,39.375,38,"12/18/2026","BULL","1056000","-7000","-2604000",1,0,0,0,0
"12/8/2025","SPY",117.533,"A","CALL",605,682.675,722.533,"12/18/2026","BULL","3268992","-12","-186486",1,0,0,0,0
"12/8/2025","CVNA",140.2,"A","CALL",500,439.4276,640.2,"1/21/2028","BULL","2789980","0","0",1,1,0,0,0
"12/8/2025","CMPS",2.45,"A","CALL",12,6.06,14.45,"1/21/2028","BULL","-928379","-3835","-1210374",1,1,1,0,0
"12/8/2025","INDV",9.53,"B","PUT",40,36.76,40,"12/18/2026","BULL","244927","0","0",1,0,0,0,0
"12/8/2025","TSLL",5.3,"B","CALL",29.7,18.98,29.7,"1/15/2027","BEAR","909030","-740","-543170",2,0,0,0,0
"12/8/2025","CSX",3.49,"A","PUT",37.5,36.6174,34.01,"1/15/2027","BEAR","359460","-3257","-338540",1,0,1,0,1
"12/8/2025","WEN",2.17,"B","CALL",8,8.385,8,"12/17/2027","BEAR","114450","-1900","-352100",1,1,1,1,1
"12/9/2025","DELL",35.7,"A","CALL",135,138.1888,170.7,"6/17/2027","BULL","1785000","0","0",1,0,0,0,0
"12/9/2025","NVO",9.12,"B","PUT",45,46.345,45,"12/17/2027","BULL","1530737","50","162737",1,1,0,0,0
"12/9/2025","WMT",10.95,"B","PUT",115,0,115,"1/15/2027","BULL","2916028","2454","1697293",1,1,0,0,0
"12/9/2025","IBIT",8.1,"B","PUT",48,51.4,48,"1/15/2027","BULL","1347790","377","132790",1,0,0,0,0
"12/9/2025","PHR",2.4,"A","CALL",20,15.9349,22.4,"12/18/2026","BULL","506320","-2000","-26000",1,1,1,1,1
"12/9/2025","FULC",6,"A","CALL",15,14.05,21,"1/15/2027","BULL","28664","-700","-389930",1,,,,
"12/9/2025","PAAS",7.927,"B","PUT",45,47.8729,45,"1/15/2027","BULL","-136549","-759","-532890",1,0,1,0,0
"12/9/2025","KMB",3.23,"A","CALL",130,102.42,133.23,"12/18/2026","BULL","387548","0","0",1,1,1,1,1
"12/9/2025","SHOP",52,"B","CALL",165,161.03,165,"1/21/2028","BEAR","2886076","396","852876",1,0,0,0,0
"12/9/2025","ARES",11.45,"A","PUT",140,177.6061,128.55,"1/15/2027","BEAR","1610000","0","0",1,0,0,0,0
"12/9/2025","TSLL",6.189,"B","CALL",29.7,19.93,29.7,"1/15/2027","BEAR","1237830","0","0",2,0,0,0,0
"12/9/2025","HUT",27,"B","CALL",40,45.48,40,"1/21/2028","BEAR","750","-150","-404250",1,1,0,0,0
"12/9/2025","BTG",2,"B","CALL",3.5,4.5,3.5,"1/21/2028","BEAR","237500","-1000","-162500",1,1,1,1,1
"12/9/2025","AMDL",4,"B","CALL",38,16.8438,38,"1/15/2027","BEAR","120000","0","0",1,1,0,0,0
"12/10/2025","MU",41.9,"A","CALL",360,260.995,401.9,"12/18/2026","BULL","4277720","400","2652000",1,0,0,0,0
"12/10/2025","CLS",69.663,"A","CALL",500,343.425,569.663,"1/15/2027","BULL","31825","-240","-664800",1,1,0,0,0
"12/10/2025","CLS",67.5,"A","CALL",510,342.53,577.5,"1/15/2027","BULL","675000","0","0",1,1,0,0,0
"12/10/2025","BILI",5.05,"B","PUT",25,25.175,25,"1/15/2027","BULL","480251","-293","-149484",1,0,0,0,0
"12/10/2025","SCO",5.9,"A","CALL",20,19.27,25.9,"1/21/2028","BULL","295000","0","0",1,0,0,0,0
"12/10/2025","OMC",6.5,"AA","CALL",82.5,76.75,89,"12/18/2026","BULL","176805","0","0",1,0,0,0,0
"12/10/2025","GOOGL",79.282,"A","PUT",370,318.1529,290.718,"6/17/2027","BEAR","1265774","-170","-724200",1,1,0,1,0
"12/10/2025","SATS",24.296,"BB","CALL",100,99.885,100,"12/18/2026","BEAR","1330642","0","0",1,1,0,1,0
"12/10/2025","EQT",2.99,"A","PUT",45,57.53,42.01,"1/15/2027","BEAR","1769741","3644","1170741",1,0,0,0,0
"12/10/2025","RDW",4.3,"B","CALL",7,7.385,7,"1/21/2028","BEAR","1858270","3191","1337360",1,1,0,1,0
"12/10/2025","AMPX",6.2,"B","CALL",10,11.005,10,"1/21/2028","BEAR","517700","0","0",1,0,1,0,1
"12/10/2025","DNN",1.2,"B","CALL",3,2.6155,3,"1/21/2028","BEAR","561131","1556","186971",1,1,0,0,0
"12/11/2025","SPY",77.48,"B","PUT",760,687.47,760,"12/18/2026","BULL","2442458","-4303","-15158442",1,0,0,0,0
"12/11/2025","XBI",39,"B","PUT",160,123.22,160,"12/18/2026","BULL","8108133","529","1663583",1,0,0,0,0
"12/11/2025","SPY",71.6,"B","PUT",750,686.024,750,"12/18/2026","BULL","7448006","-1762","2434506",1,0,0,0,0
"12/11/2025","MSFT",28.76,"B","PUT",440,485.6387,440,"12/18/2026","BULL","3772000","200","177000",1,1,1,1,0
"12/11/2025","GDX",9.41,"B","PUT",80,86.78,80,"1/15/2027","BULL","4983296","1788","1854471",1,0,0,0,0
"12/11/2025","URA",9,"B","PUT",48,48.84,48,"1/15/2027","BULL","2543250","1850","1193250",1,1,1,1,0
"12/11/2025","MU",26,"A","CALL",400,261.065,426,"9/18/2026","BULL","14589536","654","13289536",1,0,0,0,0
"12/11/2025","EGO",4.9,"A","CALL",40,34.18,44.9,"12/18/2026","BULL","938040","0","0",1,0,0,0,0
"12/11/2025","BTDR",3,"B","PUT",10,11.51,10,"9/18/2026","BULL","785436","-1237","-114564",1,1,0,0,0
"12/11/2025","BYD",6.8,"A","CALL",92.5,83.76,99.3,"1/15/2027","BULL","679320","0","0",1,1,1,1,1
"12/11/2025","B",6.552,"B","PUT",42,43.4788,42,"1/15/2027","BULL","1033979","500","378775",1,0,1,0,0
"12/11/2025","BK",16.6,"A","CALL",115,119.22,131.6,"1/15/2027","BULL","582490","-32","-51630",1,1,0,1,0
"12/11/2025","TMF",2.03,"B","PUT",30,39.295,30,"1/15/2027","BULL","754600","800","145600",1,0,0,0,0
"12/11/2025","BK",10.197,"BB","PUT",115,119.135,115,"1/15/2027","BULL","1530051","1108","950880",1,1,0,1,0
"12/11/2025","PTON",0.55,"A","CALL",15,6.665,15.55,"1/15/2027","BULL","619164","33538","69164",1,1,1,0,0
"12/11/2025","JEF",7,"B","PUT",57.5,63.3,57.5,"1/15/2027","BULL","392700","0","0",1,0,1,0,1
"12/11/2025","EXE",10.5,"B","PUT",105,114.215,105,"1/15/2027","BULL","373800","0","0",1,1,1,1,0
"12/11/2025","V",31.4,"B","CALL",380,342.72,380,"6/17/2027","BEAR","943837","-713","-2395727",1,0,0,0,0
"12/11/2025","GLW",32.466,"BB","CALL",67.5,94.82,67.5,"9/18/2026","BEAR","1892740","0","0",1,1,1,1,1
"12/11/2025","OWL",2.44,"A","PUT",15,16.2065,12.56,"1/15/2027","BEAR","1605496","-700","-184000",1,0,0,0,0
"12/11/2025","CLS",85.2,"A","PUT",320,345.685,234.8,"1/15/2027","BEAR","1695480","0","0",1,1,0,0,0
"12/11/2025","HLF",4.22,"A","PUT",15,14.14,10.78,"1/15/2027","BEAR","1127162","0","0",1,0,0,0,0
"12/11/2025","AU",14.5,"A","PUT",80,85.79,65.5,"1/15/2027","BEAR","627642","-801","-417808",2,0,1,0,1
"12/11/2025","ALAB",43.8,"A","PUT",155,169.61,111.2,"1/15/2027","BEAR","941700","0","0",1,1,1,1,0
"12/11/2025","AZN",4.56,"A","PUT",80,90.55,75.44,"1/15/2027","BEAR","912000","0","0",1,1,0,0,0
"12/11/2025","GLW",13.9,"B","CALL",105,96.44,105,"12/18/2026","BEAR","-1685548","-753","-2483408",1,1,1,1,1
"12/11/2025","WPM",22.686,"A","PUT",120,118.31,97.314,"1/21/2028","BEAR","789470","0","0",1,0,0,0,0
"12/11/2025","CE",15,"B","CALL",45,42.5,45,"1/21/2028","BEAR","-33600","-298","-581100",1,0,0,0,0
"12/11/2025","EOSE",7.653,"B","CALL",20,15.69,20,"1/21/2028","BEAR","-1073378","-4181","-1505508",1,0,0,0,0
"12/11/2025","IMPP",0.53,"B","CALL",7,4.2614,7,"1/15/2027","BEAR","-184611","-5043","-343611",1,0,0,0,0
"12/11/2025","MERC",0.5,"A","PUT",2,2.085,1.5,"12/18/2026","BEAR","232205","3129","179719",1,0,0,0,0
"12/12/2025","AMZN",77.45,"B","PUT",290,227.415,290,"1/21/2028","BULL","29698937","2654","18081437",1,1,1,1,1
"12/12/2025","PBR",2.591,"AA","CALL",10,12.2203,12.591,"1/15/2027","BULL","1306599","45","33686",1,1,1,0,0
"12/12/2025","IAG",6.18,"A","CALL",15,15.745,21.18,"1/21/2028","BULL","247200","0","0",1,1,1,1,1
"12/12/2025","NEM",11.944,"BB","CALL",120,101.1111,120,"1/15/2027","BEAR","9781150","3148","6138320",1,1,0,1,0
"12/12/2025","OKLO",1.64,"A","PUT",20,92.7888,18.36,"1/15/2027","BEAR","1105442","423","54858",1,0,0,0,0
"12/12/2025","COPX",26,"B","CALL",45,69.18,45,"1/15/2027","BEAR","-128000","-200","-596000",1,0,0,0,0
"12/12/2025","SILJ",11.4,"A","PUT",35,28.28,23.6,"1/15/2027","BEAR","494000","304","266000",1,1,1,1,0
"12/15/2025","MU",45.4,"A","CALL",320,244.8723,365.4,"1/15/2027","BULL","2953736","-570","-2494264",1,0,0,0,0
"12/15/2025","GOOG",45.412,"A","CALL",350,307.1,395.412,"6/17/2027","BULL","220879","-1027","-4655258",1,0,0,0,0
"12/15/2025","NVO",28.66,"B","PUT",75,49.693,75,"1/21/2028","BULL","3582500","0","0",1,1,0,0,0
"12/15/2025","IREN",9.05,"A","CALL",50,35.49,59.05,"9/18/2026","BULL","-9254942","-2376","-11065050",1,1,0,1,0
"12/15/2025","MBLY",1.84,"B","PUT",10,10.655,10,"1/15/2027","BULL","779247","1297","227247",1,1,1,1,1
"12/15/2025","FE",2.746,"A","CALL",45,44.365,47.746,"9/18/2026","BULL","555326","364","92736",1,1,0,1,0
"12/15/2025","MARA",6.8,"A","CALL",8,11.2016,14.8,"1/21/2028","BULL","562585","565","258625",1,0,0,0,0
"12/15/2025","WEAT",2.65,"A","CALL",20,20.245,22.65,"1/15/2027","BULL","-51500","-190","-104500",1,0,0,0,0
"12/15/2025","SMH",50.25,"B","CALL",370,354.65,370,"1/15/2027","BEAR","2512500","0","0",1,0,0,0,0
"12/15/2025","GM",10.63,"A","PUT",82.5,81.45,71.87,"1/15/2027","BEAR","263626","-1708","-1862374",1,0,0,0,0
"12/15/2025","SILJ",3.5,"B","CALL",42,27.48,42,"1/15/2027","BEAR","943636","1170","264636",1,1,1,1,0
"12/15/2025","OLMA",10.8,"A","PUT",32,35.08,21.2,"12/18/2026","BEAR","289440","0","0",1,0,0,0,0
"12/15/2025","MSTZ",10.7,"A","PUT",17,14.9936,6.3,"1/15/2027","BEAR","172270","0","0",1,0,0,0,0
"12/16/2025","IREN",9,"A","CALL",60,36.5431,69,"12/18/2026","BULL","9149041","13099","7933141",1,1,0,1,0
"12/16/2025","WDC",26.1,"B","PUT",150,174.6616,150,"9/18/2026","BULL","652500","0","0",1,0,0,0,0
"12/16/2025","OUST",8,"A","CALL",60,22.7121,68,"1/21/2028","BULL","110000","-150","-90000",1,0,0,0,0
"12/16/2025","CRK",6.3,"A","CALL",25,21.015,31.3,"1/21/2028","BULL","-14101","-330","-171601",1,0,0,0,0
"12/16/2025","AVGO",62.563,"BB","CALL",410,341.095,410,"6/17/2027","BEAR","23842772","3193","16231477",1,1,0,0,0
"12/16/2025","AVGO",31.69,"A","PUT",280,340.8192,248.31,"12/18/2026","BEAR","4881211","272","603061",1,1,0,0,0
"12/16/2025","RIVN",3.2,"B","CALL",22,17.935,22,"9/18/2026","BEAR","-481861","-22604","-1761861",1,0,0,0,0
"12/16/2025","CNM",5.6,"B","CALL",65,55.26,65,"1/15/2027","BEAR","102000","-1200","-570000",1,,,,
"12/17/2025","SPY",18.4,"A","CALL",755,672.642,773.4,"1/15/2027","BULL","5118308","1423","1963195",1,0,0,0,0
"12/17/2025","XME",14.72,"B","PUT",100,100.7501,100,"1/21/2028","BULL","3385310","350","470750",1,0,0,0,0
"12/17/2025","CIEN",61.19,"B","PUT",220,205.0063,220,"1/15/2027","BULL","1903001","0","0",1,0,0,0,0
"12/17/2025","GOOG",19.3,"B","CALL",360,300.63,360,"9/18/2026","BEAR","2787453","-2059","-120613",1,0,0,0,0
"12/17/2025","QQQ",132.565,"B","CALL",545,603.6,545,"12/17/2027","BEAR","2636719","0","0",1,0,0,0,0
"12/17/2025","CCL",4,"A","PUT",27,28.2123,23,"1/15/2027","BEAR","1274123","854","274123",1,0,0,0,0
"12/17/2025","OSCR",2.92,"A","PUT",10,15.55,7.08,"1/21/2028","BEAR","622782","337","126382",1,0,0,0,0
"12/17/2025","JMIA",3.1,"B","CALL",20,12.15,20,"1/15/2027","BEAR","465000","0","0",1,0,1,0,1
"12/18/2025","APLD",18.2,"A","CALL",8,23.755,26.2,"1/21/2028","BULL","118862380","0","0",1,1,1,1,1
"12/18/2025","MSFT",102,"A","CALL",490,485.57,592,"6/16/2028","BULL","4483168","-1749","-8776832",1,1,1,1,0
"12/18/2025","UBER",20.8,"A","CALL",80,79.82,100.8,"1/21/2028","BULL","1268427","-164","-291573",1,1,0,1,0
"12/18/2025","OKLO",8.45,"B","PUT",42,77.0542,42,"1/15/2027","BULL","1044250","-550","-434500",1,0,0,0,0
"12/18/2025","WING",17.8,"B","PUT",165,252.345,165,"1/15/2027","BULL","890000","0","0",1,0,0,0,0
"12/18/2025","AI",3.9,"B","PUT",12.5,13.8614,12.5,"1/21/2028","BULL","721500","0","0",1,0,1,0,1
"12/18/2025","CPNG",4.2,"A","CALL",28,22.85,32.2,"1/21/2028","BULL","575440","32","4670",1,1,1,1,1
"12/18/2025","SMCI",1.55,"A","PUT",10,29.8637,8.45,"1/21/2028","BEAR","6613640","22331","4106230",1,1,1,0,0
"12/18/2025","DASH",12.95,"A","PUT",155,227.24,142.05,"12/18/2026","BEAR","1890700","0","0",1,1,1,1,0
"12/18/2025","PGY",5.4,"B","CALL",37,23.32,37,"1/15/2027","BEAR","810000","0","0",1,0,0,0,0
"12/18/2025","XLC",4.9,"A","PUT",110,116.8856,105.1,"1/15/2027","BEAR","1581000","2000","846000",1,0,1,0,0
"12/18/2025","KR",12.15,"B","CALL",60,63.1796,60,"1/21/2028","BEAR","717000","0","0",1,0,0,0,0
"12/18/2025","CTLP",0.4,"A","PUT",7.5,10.585,7.1,"1/15/2027","BEAR","162000","0","0",1,0,0,0,0
"12/19/2025","GFI",13.9,"A","CALL",40,45.66,53.9,"1/15/2027","BULL","1547000","0","18000",1,0,0,0,0
"12/19/2025","HMY",6.3,"B","PUT",25,20.855,25,"1/15/2027","BULL","1431360","0","0",1,0,1,0,1
"12/19/2025","OKLO",16.1,"A","CALL",130,84.77,146.1,"9/18/2026","BULL","-681101","-1534","-1711501",1,0,0,0,0
"12/19/2025","GLNG",7.1,"A","CALL",37,38.01,44.1,"1/15/2027","BULL","923000","0","0",1,1,1,1,1
"12/19/2025","DKNG",4.25,"A","CALL",45,34.465,49.25,"1/15/2027","BULL","1172650","762","322650",1,1,0,0,0
"12/19/2025","FISV",8.85,"A","CALL",120,67.82,128.85,"1/21/2028","BULL","619500","0","0",1,0,0,0,0
"12/19/2025","PWR",51,"A","CALL",480,429.5268,531,"12/18/2026","BULL","-1662500","-140","-2198000",1,0,0,0,0
"12/19/2025","FTI",11.6,"B","PUT",55,44.755,55,"1/15/2027","BULL","408320","0","0",1,0,0,0,0
"12/19/2025","XLK",20.31,"B","CALL",145,144.03,145,"6/17/2027","BEAR","21821163","7014","11737240",1,1,0,0,0
"12/19/2025","CPB",11.6,"A","PUT",37,28.615,25.4,"1/21/2028","BEAR","1856000","0","0",1,0,0,0,0
"12/19/2025","APA",8.35,"A","PUT",30,24.0703,21.65,"1/15/2027","BEAR","1528050","0","0",1,0,0,0,0
"12/19/2025","CE",18.6,"A","PUT",55,41.87,36.4,"1/15/2027","BEAR","1060200","0","0",1,0,0,0,0
"12/22/2025","IREN",9.1,"A","CALL",60,42.015,69.1,"9/18/2026","BULL","199450","-1511","-1978570",1,1,0,1,0
"12/22/2025","RKT",3.92,"B","PUT",19.2,19.045,19.2,"1/15/2027","BULL","1048255","-1781","-911745",1,0,0,0,0
"12/22/2025","RIO",3.19,"A","CALL",90,79.7913,93.19,"9/18/2026","BULL","451500","-1750","-665000",1,1,1,1,1
"12/22/2025","GEO",1.9,"A","CALL",25,16.5533,26.9,"1/15/2027","BULL","135575","-6078","-818713",1,1,0,1,0
"12/22/2025","XP",3,"A","CALL",17,16.005,20,"1/15/2027","BULL","6805330","25755","6019930",2,1,1,1,1
"12/22/2025","TERN",12.1,"B","PUT",40,40.6494,40,"1/15/2027","BULL","765930","0","0",1,0,1,0,1
"12/22/2025","MBLY",1.67,"B","PUT",8,10.26,8,"1/21/2028","BULL","648272","343","63772",1,1,1,1,1
"12/22/2025","BYD",7,"A","CALL",95,87.34,102,"1/15/2027","BULL","500000","200","150000",1,1,1,1,1
"12/22/2025","TSM",34.55,"B","CALL",440,293.34,440,"1/21/2028","BEAR","-1283410","-857","-6440970",1,1,1,0,0
"12/22/2025","QQQ",62.4,"A","PUT",670,619.48,607.6,"9/18/2026","BEAR","13185054","2594","8654405",1,0,0,0,0
"12/22/2025","TSSI",1.72,"B","CALL",17.5,7.735,17.5,"1/15/2027","BEAR","-10966","-165","-57750",1,,,,
"12/23/2025","PLTR",52.9,"A","CALL",210,193.23,262.9,"6/17/2027","BULL","12456514","-737","-1091657",3,0,0,0,0
"12/23/2025","NBIS",26.6,"B","PUT",85,90.8027,85,"1/15/2027","BULL","7980000","0","0",1,0,0,0,0
"12/23/2025","XLY",9.49,"A","CALL",127.5,122.08,136.99,"12/18/2026","BULL","5697000","0","0",1,1,1,1,1
"12/23/2025","DIA",32.96,"B","PUT",480,484.2072,480,"1/21/2028","BULL","2390950","-1250","-2556250",1,0,0,0,0
"12/23/2025","SHOP",48.625,"AA","CALL",160,168.105,208.625,"6/17/2027","BULL","887911","-721","-2851385",1,0,0,0,0
"12/23/2025","ET",3.7,"A","CALL",13,16.375,16.7,"1/21/2028","BULL","3447982","-500","-251790",1,1,1,1,1
"12/23/2025","GTLB",5.7,"B","PUT",35,37.3733,35,"1/15/2027","BULL","1885050","-350","-346500",1,0,0,0,0
"12/23/2025","GLW",14.05,"B","PUT",90,89.2323,90,"12/18/2026","BULL","1264500","0","0",1,1,1,1,1
"12/23/2025","MOH",34.2,"B","PUT",170,164.13,170,"1/15/2027","BULL","855000","0","0",1,0,1,0,1
"12/23/2025","SILJ",4.5,"A","CALL",41,29.5,45.5,"1/15/2027","BULL","449550","0","0",1,1,1,1,0
"12/23/2025","JMIA",2.25,"B","PUT",7,13.11,7,"1/21/2028","BULL","255750","0","0",1,0,1,0,1
"12/23/2025","SRAD",3.12,"A","CALL",25,23.16,28.12,"8/21/2026","BULL","198397","0","0",1,1,1,1,1
"12/23/2025","JPM",49.742,"B","CALL",315,326.75,315,"6/17/2027","BEAR","2118994","0","0",1,0,0,0,0
"12/23/2025","CG",9.103,"B","CALL",62.5,61.285,62.5,"1/15/2027","BEAR","-286745","-3020","-1875495",1,0,0,0,0
"12/23/2025","INTC",5.3,"B","CALL",65,36.179,65,"1/21/2028","BEAR","399169","-920","-660831",1,1,1,1,1
"12/23/2025","AFRM",23.8,"A","PUT",75,75.43,51.2,"1/21/2028","BEAR","737800","0","0",1,0,0,0,0
"12/23/2025","GME",0.5,"A","PUT",5,21.425,4.5,"1/21/2028","BEAR","650554","17300","275704",1,0,0,0,0
"12/23/2025","WGO",1.75,"A","PUT",22.5,42.7,20.75,"12/18/2026","BEAR","350000","0","0",1,0,0,0,0
"12/23/2025","QFIN",3,"B","CALL",22.5,19.395,22.5,"12/18/2026","BEAR","282000","0","0",1,0,1,0,0
"12/24/2025","OLMA",8.3,"B","PUT",25,26.63,25,"12/18/2026","BULL","166000","0","0",1,0,0,0,0
"12/24/2025","QQQ",100,"A","PUT",720,622.28,620,"12/18/2026","BEAR","24741853","4591","19747853",1,0,0,0,0
"12/24/2025","SPY",50.31,"A","PUT",710,690.4373,659.69,"3/19/2027","BEAR","7766949","2897","4755926",1,0,0,0,0
"12/24/2025","PCVX",7,"B","CALL",60,47.29,60,"12/18/2026","BEAR","245700","0","0",1,0,0,0,0
"12/26/2025","ZSL",1.65,"A","CALL",4,4.76,5.65,"8/21/2026","BULL","66000","0","0",1,1,1,1,1
"12/26/2025","HUT",17,"B","CALL",100,49.53,100,"1/21/2028","BEAR","5780150","0","0",1,1,0,0,0
"12/26/2025","LUNR",4.8,"B","CALL",20,15.195,20,"1/15/2027","BEAR","-6607095","-11713","-7592151",1,0,0,0,0
"12/26/2025","SIRI",0.95,"A","PUT",15,20.6503,14.05,"1/15/2027","BEAR","315841","-5165","-254159",1,1,1,1,1
"12/26/2025","GME",8,"B","CALL",20,21.075,20,"6/16/2028","BEAR","1130000","1000","730000",2,0,0,0,0
"12/29/2025","GOOGL",54,"A","CALL",330,313.245,384,"6/17/2027","BULL","-2480188","-1858","-9327540",1,1,0,1,0
"12/29/2025","EXPE",42.2,"A","CALL",290,286.08,332.2,"9/18/2026","BULL","2110000","0","0",1,0,0,0,0
"12/29/2025","AAPL",12.95,"A","CALL",300,273.48,312.95,"8/21/2026","BULL","17620563","14544","15836878",1,0,1,0,0
"12/29/2025","MRVL",13.9,"B","PUT",75,85.575,75,"6/17/2027","BULL","1668000","0","0",1,0,0,0,0
"12/29/2025","JMIA",6.47,"B","PUT",15,11.67,15,"1/15/2027","BULL","1196950","0","0",1,0,1,0,1
"12/29/2025","ASTS",6.45,"B","PUT",25,73.27,25,"1/21/2028","BULL","545935","-500","-190000",1,0,0,0,0
"12/29/2025","HUT",18.75,"A","CALL",55,49.645,73.75,"1/15/2027","BULL","1409035","569","940285",1,1,0,0,0
"12/29/2025","MAGS",7.886,"B","PUT",72,67.335,72,"1/15/2027","BULL","157711","0","0",1,0,0,0,0
"12/29/2025","GOOG",48.14,"A","PUT",330,312.755,281.86,"1/15/2027","BEAR","61519","-916","-5715281",1,0,0,0,0
"12/29/2025","RSP",10.45,"A","PUT",178,193.385,167.55,"1/21/2028","BEAR","2090000","0","0",1,0,0,0,0
"12/29/2025","OKLO",10.998,"BB","CALL",130,73.952,130,"9/18/2026","BEAR","1533301","667","757880",2,0,0,0,0
"12/29/2025","VALE",0.26,"A","PUT",8,12.955,7.74,"1/15/2027","BEAR","-323415","-64804","-972890",1,1,1,1,1
"12/29/2025","CRON",0.4,"B","CALL",5.5,2.655,5.5,"1/21/2028","BEAR","221442","1000","30000",1,0,0,0,0
"12/30/2025","NVDA",78.9,"AA","CALL",140,187.7,218.9,"1/21/2028","BULL","27765790","0","0",1,1,0,1,0
"12/30/2025","SPY",28.1,"A","CALL",850,687.6199,878.1,"6/16/2028","BULL","11514106","2970","5900106",1,0,0,0,0
"12/30/2025","MOH",32.5,"B","PUT",175,172.715,175,"1/15/2027","BULL","4387500","0","0",1,0,1,0,1
"12/30/2025","GDX",11.15,"B","PUT",85,87.67,85,"12/18/2026","BULL","3031586","1288","244086",1,0,0,0,0
"12/30/2025","SPY",29.15,"B","PUT",675,687.61,675,"9/30/2026","BULL","-1827061","-8848","-4328371",1,0,0,0,0
"12/30/2025","OKLO",12.45,"B","PUT",40,72.29,40,"1/21/2028","BULL","1938525","198","195525",1,0,0,0,0
"12/30/2025","CORT",15.4,"A","CALL",85,74.02,100.4,"8/21/2026","BULL","1267020","-1283","-76980",1,1,1,1,1
"12/30/2025","HIMS",3.003,"B","PUT",20,34.09,20,"1/15/2027","BULL","1055124","-488","-4517",1,1,1,1,1
"12/30/2025","NBIS",43.799,"BB","CALL",85,86.46,85,"1/21/2028","BEAR","1274550","0","0",1,0,0,0,0
"12/31/2025","PGR",79.3,"A","CALL",150,229.28,229.3,"9/18/2026","BULL","1348100","0","0",1,1,0,1,0
"12/31/2025","PLTR",35.692,"B","PUT",180,180.0915,180,"11/20/2026","BULL","-908103","-414","-1489880",1,0,0,0,0
"12/31/2025","XPEV",6.6,"A","CALL",17,20.045,23.6,"1/15/2027","BULL","396328","189","-20132",1,1,1,1,1
"12/31/2025","SPY",22.137,"AA","PUT",615,683.325,592.863,"12/31/2026","BEAR","10209248","-390","-135463",1,0,0,0,0
"12/31/2025","GME",7.3,"B","CALL",20,20.1739,20,"6/16/2028","BEAR","365000","0","0",2,0,0,0,0
"12/31/2025","ARBE",0.107,"B","CALL",3,1.175,3,"8/21/2026","BEAR","-560918","-16727","-614524",1,1,1,1,1
"1/2/2026","UNH",13.636,"B","PUT",280,330.562,280,"8/21/2026","BULL","2090476","-5764","-1913193",1,0,0,0,0
"1/2/2026","QQQ",52.13,"B","PUT",645,614.0733,645,"9/30/2026","BULL","537471","-402","-1808379",1,0,0,0,0
"1/2/2026","CRWD",130,"A","CALL",450,453.01,580,"1/21/2028","BULL","1820000","0","0",1,1,0,0,0
"1/2/2026","AMAT",80.88,"A","CALL",210,266.595,290.88,"12/18/2026","BULL","1617600","0","0",1,0,0,0,0
"1/2/2026","SLV",12.323,"A","CALL",62,65.735,74.323,"9/30/2026","BULL","1136867","617","-280233",1,0,0,0,0
"1/2/2026","CCJ",14.05,"B","PUT",90,98.27,90,"1/15/2027","BULL","1086826","-292","-14694",1,0,0,0,0
"1/2/2026","RBLX",10.86,"A","CALL",110,80.48,120.86,"1/15/2027","BULL","539416","-645","-552438",1,0,0,0,0
"1/2/2026","PATH",6.033,"B","PUT",17,15.525,17,"1/21/2028","BULL","318492","0","0",1,0,0,0,0
"1/2/2026","CPER",1.45,"A","CALL",50,35.02,51.45,"1/15/2027","BULL","252500","-249","-37355",1,1,1,0,0
"1/2/2026","ROIV",2.7,"B","PUT",20,22.075,20,"1/15/2027","BULL","216000","0","0",1,0,0,0,0
"1/2/2026","UAMY",1.66,"B","PUT",5,5.468,5,"8/21/2026","BULL","61854","214","28654",1,1,1,1,0
"1/2/2026","CIFR",7.731,"B","CALL",20,16.255,20,"1/21/2028","BEAR","3540030","-400","-317000",1,0,0,0,0
"1/2/2026","AVGO",150.44,"B","CALL",250,348.235,250,"1/21/2028","BEAR","3430032","0","0",1,1,0,0,0
"1/2/2026","MSFT",53.732,"BB","CALL",600,480.42,600,"6/16/2028","BEAR","-482781","-834","-2902795",1,1,1,1,0
"1/2/2026","GOOG",20.5,"B","CALL",370,315.0529,370,"9/18/2026","BEAR","233442","-1979","-1660758",1,0,0,0,0
"1/2/2026","EU",0.85,"B","CALL",5,2.66,5,"1/21/2028","BEAR","1208443","2000","180000",1,0,0,0,0
"1/2/2026","INTC",8.35,"B","CALL",42,39.35,42,"1/15/2027","BEAR","-3393185","-3813","-4249895",1,1,1,1,1
"1/2/2026","EOSE",3.3,"B","CALL",37,12.9233,37,"1/21/2028","BEAR","1156102","3561","591080",1,0,0,0,0
"1/2/2026","WULF",2.1,"B","CALL",18,12.565,18,"8/21/2026","BEAR","164130","-4700","-360870",1,0,0,0,0
"1/2/2026","AMZU",10.77,"B","CALL",37.8,33.84,37.8,"1/21/2028","BEAR","215400","0","0",1,0,0,0,0
"1/2/2026","VTEB",0.95,"A","PUT",51,50.348,50.05,"8/21/2026","BEAR","20805","0","0",1,0,0,0,0
"1/5/2026","KWEB",2.73,"A","CALL",40,36.44,42.73,"8/21/2026","BULL","17416605","-81933","-3587853",1,1,1,1,1
"1/5/2026","KRE",3.48,"B","PUT",58,66.665,58,"1/15/2027","BULL","9979690","-3377","-1156310",1,0,1,0,1
"1/5/2026","C",17.964,"B","PUT",130,121.94,130,"1/15/2027","BULL","9697941","2191","4290737",1,1,1,1,1
"1/5/2026","PTON",0.9,"A","CALL",10,6.41,10.9,"1/15/2027","BULL","3208264","23248","1147670",1,1,1,0,0
"1/5/2026","FCX",3.6,"A","CALL",65,54.305,68.6,"8/21/2026","BULL","3998803","7311","2948333",1,1,1,0,0
"1/5/2026","MT",19.5,"B","PUT",65,46.515,65,"1/15/2027","BULL","673290","-159","-157410",1,1,1,1,1
"1/5/2026","SYM",11.4,"A","CALL",95,68.9575,106.4,"8/21/2026","BULL","396000","-600","-288000",1,1,1,1,0
"1/5/2026","TPC",12.5,"A","CALL",80,71.7882,92.5,"12/18/2026","BULL","23192","-708","-601808",1,1,0,0,0
"1/5/2026","TECL",34,"A","CALL",120,122.2,154,"1/15/2027","BULL","510000","0","0",1,1,0,1,0
"1/5/2026","CIFR",6.05,"B","PUT",18,18.265,18,"10/16/2026","BULL","-48797","-810","-335567",1,0,0,0,0
"1/5/2026","CWEN",1.1,"A","CALL",40,32.2072,41.1,"11/20/2026","BULL","220000","0","0",1,1,1,1,0
"1/5/2026","NPWR",0.65,"A","CALL",5,2.685,5.65,"8/21/2026","BULL","194545","0","0",1,1,1,1,1
"1/5/2026","TMC",1.9,"A","CALL",10,7.27,11.9,"8/21/2026","BULL","252858","4853","161658",1,0,0,0,0
"1/5/2026","RUTW",271.326,"B","CALL",2500,0,2500,"12/31/2026","BEAR","5426518","0","0",1,1,0,1,0
"1/5/2026","XLF",3.56,"A","PUT",58,56.45,54.44,"9/18/2026","BEAR","4152500","7500","592500",1,0,0,0,0
"1/5/2026","COIN",72.5,"A","PUT",250,254.0482,177.5,"12/17/2027","BEAR","-1401030","-398","-3576030",1,1,1,0,0
"1/5/2026","TSM",9.05,"A","PUT",200,325.7801,190.95,"1/15/2027","BEAR","2275791","694","465791",1,1,1,0,0
"1/5/2026","OKLO",15.35,"B","CALL",130,85.409,130,"9/18/2026","BEAR","1203030","473","460090",2,0,0,0,0
"1/5/2026","DNN",0.8,"B","CALL",5.5,3.2255,5.5,"1/21/2028","BEAR","728160","4468","488160",1,1,0,0,0
"1/5/2026","ASPI",3.2,"B","CALL",7,6.485,7,"1/15/2027","BEAR","-222756","-1571","-382116",1,,,,
"1/5/2026","NUVB",2.5,"B","CALL",10,8.09,10,"1/15/2027","BEAR","166710","-26","41710",1,0,0,0,0
"1/6/2026","PLTR",42.5,"A","CALL",210,179.66,252.5,"6/17/2027","BULL","2625833","-2008","-6446857",3,0,0,0,0
"1/6/2026","LRCX",79.5,"A","CALL",150,208.9025,229.5,"12/18/2026","BULL","2777250","0","0",1,0,0,0,0
"1/6/2026","USB",1.45,"A","CALL",65,56.045,66.45,"9/18/2026","BULL","516341","-3337","-208659",1,0,0,0,0
"1/6/2026","TIGR",1.57,"A","CALL",15,10.415,16.57,"1/15/2027","BULL","770137","1705","261132",1,1,1,1,1
"1/6/2026","BKSY",5.48,"A","CALL",45,23.68,50.48,"1/15/2027","BULL","-6000","-500","-280000",1,0,0,0,0
"1/6/2026","TMC",1.5,"A","CALL",11,7.255,12.5,"8/21/2026","BULL","251765","1113","26765",1,0,0,0,0
"1/6/2026","QXO",2.05,"B","PUT",20,23.905,20,"8/21/2026","BULL","300105","1100","189200",1,0,0,0,0
"1/6/2026","SLS",0.9,"B","PUT",2,4.71,2,"9/18/2026","BULL","98355","543","13575",1,1,0,0,0
"1/6/2026","OPTT",0.2,"A","CALL",0.5,0.4265,0.7,"8/21/2026","BULL","57372","-634","9372",1,1,1,1,1
"1/6/2026","META",138.9,"A","PUT",700,655.7075,561.1,"1/21/2028","BEAR","6573250","-300","-5580500",1,0,0,0,0
"1/6/2026","URA",14.41,"B","CALL",49,49.305,49,"1/21/2028","BEAR","1769050","0","0",1,1,1,1,0
"1/6/2026","BE",32,"B","CALL",150,103.83,150,"1/15/2027","BEAR","-518700","-281","-1657900",1,1,1,1,1
"1/6/2026","ROKU",13.8,"A","PUT",95,112.3149,81.2,"1/15/2027","BEAR","445800","-300","-465000",1,1,0,0,0
"1/6/2026","PGY",2.1,"A","PUT",15,23.465,12.9,"8/21/2026","BEAR","1130019","1453","392310",1,0,0,0,0
"1/6/2026","MAGS",23,"B","CALL",50,65.67,50,"1/21/2028","BEAR","830747","200","370747",1,0,0,0,0
"1/6/2026","KMI",2.15,"A","PUT",25,26.675,22.85,"6/17/2027","BEAR","389980","355","24480",1,0,0,0,0
"1/6/2026","MARA",1.95,"B","CALL",32,10.345,32,"1/21/2028","BEAR","860400","2700","528900",1,0,0,0,0
"1/6/2026","SAN",2.112,"B","CALL",12,11.91,12,"1/21/2028","BEAR","229347","-133","-22573",1,1,0,0,0
"1/7/2026","A",15.25,"A","CALL",150,146.015,165.25,"9/18/2026","BULL","4696613","-5262","-3385887",1,1,1,1,1
"1/7/2026","AMD",80.22,"B","PUT",250,210.26,250,"1/21/2028","BULL","6741130","-315","-1280870",1,0,0,0,0
"1/7/2026","GDX",11.76,"B","PUT",90,90.46,90,"9/18/2026","BULL","-313888","-3583","-2322496",1,0,0,0,0
"1/7/2026","APLD",10,"B","PUT",27,30.3899,27,"6/17/2027","BULL","1140196","0","0",1,1,1,1,1
"1/7/2026","SNAP",1.1,"A","CALL",12,9.065,13.1,"9/18/2026","BULL","1140278","-201","40278",2,1,1,1,0
"1/7/2026","KWEB",2.41,"A","CALL",41,35.56,43.41,"9/18/2026","BULL","903125","-4250","-121125",1,1,1,1,1
"1/7/2026","SMR",3,"A","CALL",35,19.47,38,"8/21/2026","BULL","640238","-2198","-105562",1,1,1,1,1
"1/7/2026","HL",6.59,"B","PUT",22,20.975,22,"1/15/2027","BULL","2062841","2000","1403827",1,0,0,0,0
"1/7/2026","COMP",1.5,"A","CALL",17,12.0337,18.5,"1/15/2027","BULL","655660","1466","154292",1,1,1,1,1
"1/7/2026","BFLY",2.4,"A","CALL",4,4.2433,6.4,"1/21/2028","BULL","11835","-1656","-463680",1,1,1,1,1
"1/7/2026","SMR",6.66,"B","PUT",21,19.725,21,"8/21/2026","BULL","333000","0","0",1,1,1,1,1
"1/7/2026","BKSY",10,"A","CALL",45,25.125,55,"1/21/2028","BULL","-6140","-200","-206140",1,0,0,0,0
"1/7/2026","COMP",4.58,"A","CALL",12,11.95,16.58,"1/21/2028","BULL","371200","400","188000",1,1,1,1,1
"1/7/2026","W",12.95,"B","CALL",160,109.46,160,"12/18/2026","BEAR","2266250","0","0",1,1,0,1,0
"1/7/2026","SNPS",56.4,"A","PUT",500,521.5917,443.6,"9/18/2026","BEAR","1551000","0","0",1,0,1,0,0
"1/7/2026","CENX",8.012,"B","CALL",47,40.52,47,"1/15/2027","BEAR","906990","0","0",1,0,0,0,0
"1/7/2026","CENX",7,"A","PUT",37,41.01,30,"1/15/2027","BEAR","308000","0","0",1,0,0,0,0
"1/7/2026","ICHR",5,"B","CALL",30,23.21,30,"12/18/2026","BEAR","249500","0","0",1,0,0,0,0
"1/7/2026","SVM",1.52,"B","CALL",12.5,8.8,12.5,"1/15/2027","BEAR","405083","683","253083",1,0,0,0,0
"1/8/2026","GOOGL",68.4,"A","CALL",400,325.28,468.4,"12/15/2028","BULL","5686405","362","2950405",1,1,0,1,0
"1/8/2026","SHOP",61.379,"B","PUT",200,165.2799,200,"1/21/2028","BULL","1227573","0","0",1,0,0,0,0
"1/8/2026","KWEB",6.001,"B","PUT",36,35.885,36,"1/21/2028","BULL","1140160","0","0",1,1,1,1,1
"1/8/2026","AMTM",8.1,"A","CALL",35,31.8613,43.1,"12/17/2027","BULL","1039560","733","621600",1,1,1,0,0
"1/8/2026","BBBY",2.9,"A","CALL",10,6.785,12.9,"1/21/2028","BULL","31230","-734","-113770",1,0,0,0,0
"1/8/2026","RGP",0.5,"A","CALL",5,4.4455,5.5,"8/21/2026","BULL","51250","250","16250",1,1,1,1,1
"1/8/2026","GLD",47.66,"B","CALL",385,409.065,385,"9/18/2026","BEAR","10870985","-2730","-2235515",1,0,0,0,0
"1/9/2026","AAPL",59.35,"A","CALL",240,259.4899,299.35,"1/21/2028","BULL","694426","-2307","-13080690",1,0,1,0,0
"1/9/2026","BILI",4.1,"A","CALL",37,29.05,41.1,"1/15/2027","BULL","944000","-150","-81000",1,0,0,0,0
"1/9/2026","QTUM",8.2,"A","CALL",135,116.64,143.2,"12/18/2026","BULL","728207","230","-25793",1,1,1,1,1
"1/9/2026","OKLO",37.765,"A","CALL",230,113.372,267.765,"12/17/2027","BULL","691095","0","0",1,0,0,0,0
"1/9/2026","SMR",6.9,"B","PUT",22,20.8101,22,"8/21/2026","BULL","669300","0","0",1,1,1,1,1
"1/9/2026","VMC",8.8,"A","CALL",350,306.15,358.8,"8/21/2026","BULL","-30000","-750","-690000",1,,,,
"1/9/2026","HPQ",0.87,"B","PUT",15,21.28,15,"12/18/2026","BULL","365236","0","-26264",1,1,0,0,0
"1/9/2026","B",6.8,"A","CALL",55,48.08,61.8,"1/15/2027","BULL","-1160344","-7404","-1262344",1,0,1,0,0
"1/9/2026","UAMY",2.45,"A","CALL",10,7.6537,12.45,"8/21/2026","BULL","1934356","11849","1873106",1,1,1,1,0
"1/9/2026","UAMY",1.99,"A","CALL",12.5,7.58,14.49,"8/21/2026","BULL","-601765","-3699","-651515",1,1,1,1,0
"1/9/2026","RBLX",5.69,"A","PUT",55,73.118,49.31,"9/18/2026","BEAR","-876528","-1761","-3541723",1,0,0,0,0
"1/9/2026","INTC",6,"B","CALL",65,43.6774,65,"3/19/2027","BEAR","2579565","-62","299329",1,1,1,1,1
"1/9/2026","XLV",0.42,"A","PUT",100,158.57,99.58,"12/18/2026","BEAR","1680000","0","0",1,0,0,0,0
"1/9/2026","LRCX",55.8,"A","PUT",250,218.265,194.2,"9/18/2026","BEAR","1706318","1063","261098",1,0,0,0,0
"1/9/2026","CSTM",3.4,"A","PUT",20,20.85,16.6,"1/15/2027","BEAR","41810","-1000","-297850",1,0,0,0,0
"1/12/2026","SOFI",14.05,"A","CALL",20,27.005,34.05,"6/16/2028","BULL","6287598","2881","1726362",1,0,0,0,0
"1/12/2026","POWL",98.7,"A","CALL",390,390.53,488.7,"12/18/2026","BULL","-323230","-188","-3948520",1,1,1,1,1
"1/12/2026","COHR",25.9,"A","CALL",250,183.5999,275.9,"9/18/2026","BULL","1522549","-1126","-1824297",2,0,0,0,0
"1/12/2026","BBWI",5.6,"B","PUT",25,22.865,25,"1/15/2027","BULL","687000","0","15000",1,0,1,0,1
"1/12/2026","ALIT",0.32,"B","PUT",1.5,1.635,1.5,"8/21/2026","BULL","640000","0","0",1,1,1,1,1
"1/12/2026","B",5.9,"B","PUT",47,49.485,47,"9/18/2026","BULL","118000","0","0",1,0,1,0,0
"1/12/2026","MU",118.15,"B","CALL",260,344.16,260,"8/21/2026","BEAR","-2686515","-599","-9763700",1,0,0,0,0
"1/12/2026","SPY",220.989,"A","PUT",915,695.15,694.011,"12/17/2027","BEAR","4419780","0","0",2,0,0,0,0
"1/12/2026","CPER",13.5,"B","CALL",25,37.035,25,"1/15/2027","BEAR","270000","0","0",1,1,1,0,0
"1/12/2026","ASAN",4.056,"A","PUT",15,13.165,10.9439999999999,"1/15/2027","BEAR","197521","0","0",1,0,0,0,0
"1/12/2026","DPRO",2.25,"B","CALL",25,10.2535,25,"1/15/2027","BEAR","42090","-236","-14160",1,0,1,0,1
"1/13/2026","PTON",1.27,"A","CALL",15,6.785,16.27,"1/21/2028","BULL","2561647","354","21647",1,1,1,0,0
"1/13/2026","FLUT",24.5,"A","CALL",230,201.4725,254.5,"1/15/2027","BULL","1225000","0","0",1,1,1,1,1
"1/13/2026","AG",1,"B","PUT",10,20.257,10,"1/15/2027","BULL","94296","-68599","-989282",1,1,1,1,1
"1/13/2026","RGLD",18.5,"A","CALL",320,254.095,338.5,"12/18/2026","BULL","1032300","0","0",1,1,1,1,1
"1/13/2026","FTAI",30.2,"A","CALL",310,253.8025,340.2,"9/18/2026","BULL","906000","0","0",1,1,1,1,1
"1/13/2026","SATS",2.9,"B","PUT",70,122.77,70,"9/18/2026","BULL","527085","0","0",1,1,0,1,0
"1/13/2026","CNP",1.542,"A","CALL",42,38.2258,43.542,"12/18/2026","BULL","545801","1630","245070",1,1,1,1,1
"1/13/2026","CLOV",0.24,"B","PUT",1.5,2.551,1.5,"1/15/2027","BULL","95952","0","0",1,0,0,0,0
"1/13/2026","ATI",23.5,"B","CALL",125,124.17,125,"1/15/2027","BEAR","352500","0","0",1,0,0,0,0
"1/13/2026","EXK",3,"B","CALL",12.5,11.495,12.5,"8/21/2026","BEAR","845328","1100","545328",1,1,0,1,0
"1/13/2026","PAGS",3.5,"B","CALL",7,10.09,7,"8/21/2026","BEAR","288440","0","0",1,0,0,0,0
"1/13/2026","SVM",1.7,"B","CALL",15,9.925,15,"1/15/2027","BEAR","118970","-293","-28725",1,0,0,0,0
"1/14/2026","PDD",15.75,"B","PUT",105,108.345,105,"6/17/2027","BULL","12000815","2907","4362595",1,0,0,0,0
"1/14/2026","CSGP",12.1,"A","CALL",75,62.195,87.1,"1/21/2028","BULL","11266694","12","6158074",1,1,1,1,0
"1/14/2026","AIG",9.7,"B","PUT",77.5,72.98,77.5,"1/15/2027","BULL","4850000","0","0",1,1,1,1,1
"1/14/2026","BAC",6.1,"B","PUT",50,51.87,50,"1/21/2028","BULL","2072286","-2773","-1736655",1,0,0,0,0
"1/14/2026","CLF",1.5,"A","CALL",22,13.85,23.5,"1/15/2027","BULL","2270278","-8859","-819722",1,1,1,1,1
"1/14/2026","AGQ",156.6,"A","CALL",170,250.2,326.6,"1/21/2028","BULL","2489940","0","0",1,1,1,1,1
"1/14/2026","URA",15.916,"A","CALL",45,52.915,60.916,"1/15/2027","BULL","2517784","181","122967",1,1,1,1,0
"1/14/2026","MRVL",9.04,"B","PUT",67.5,79.485,67.5,"12/18/2026","BULL","1356000","0","0",1,0,0,0,0
"1/14/2026","IMVT",6.968,"A","CALL",30,26.69,36.968,"12/18/2026","BULL","-4109215","-5080","-4852650",1,1,0,1,0
"1/14/2026","CSGP",14.776,"A","CALL",65,62.136,79.776,"1/21/2028","BULL","611730","0","0",1,1,1,1,0
"1/14/2026","MLCO",1.28,"B","PUT",7,6.795,7,"1/15/2027","BULL","833930","1766","309258",1,1,1,1,1
"1/14/2026","CHRW",18.7,"B","PUT",170,173.91,170,"1/15/2027","BULL","402050","0","0",1,0,1,0,1
"1/14/2026","CVNA",25.861,"B","CALL",700,452.1225,700,"9/18/2026","BEAR","5691150","-3976","-5152419",1,1,0,0,0
"1/14/2026","ADBE",138.3,"B","CALL",200,307.54,200,"1/21/2028","BEAR","104428380","8638","96700680",2,0,0,0,0
"1/14/2026","AAPL",16.65,"B","CALL",350,260.98,350,"1/21/2028","BEAR","-2884080","-3004","-5881080",2,0,1,0,0
"1/14/2026","TVTX",8.65,"B","CALL",30,28.785,30,"1/15/2027","BEAR","2377020","0","0",1,0,0,0,0
"1/14/2026","APP",79,"B","CALL",900,602.5642,900,"12/18/2026","BEAR","2370000","0","0",1,0,0,0,0
"1/14/2026","GOOGL",30.901,"AA","PUT",310,335.85,279.099,"1/15/2027","BEAR","1471355","235","-849335",1,1,0,1,0
"1/14/2026","LEU",112.894,"BB","CALL",310,311.77,310,"1/15/2027","BEAR","2075770","25","66250",1,1,1,1,0
"1/14/2026","FANG",14.9,"B","CALL",170,156.62,170,"1/15/2027","BEAR","1811600","0","0",1,0,0,0,0
"1/14/2026","AAPL",23.595,"A","PUT",250,260.0499,226.405,"6/17/2027","BEAR","2303495","255","533885",1,0,1,0,0
"1/14/2026","BLDR",18.6,"B","CALL",180,127.0912,180,"1/21/2028","BEAR","1767000","0","0",1,0,0,0,0
"1/14/2026","MU",149.3,"B","CALL",340,332.305,340,"12/15/2028","BEAR","-187000","-100","-1680000",1,0,0,0,0
"1/14/2026","SATS",44.286,"BB","CALL",140,130.1961,140,"1/21/2028","BEAR","266580","-300","-1062000",1,1,0,1,0
"1/14/2026","RIVN",4.85,"A","PUT",15,17.35,10.15,"1/21/2028","BEAR","57750","-2050","-912250",1,0,0,0,0
"1/14/2026","NVO",9.58,"A","PUT",60,59.2676,50.42,"12/18/2026","BEAR","1264460","199","306460",1,1,0,0,0
"1/14/2026","USB",6.19,"A","PUT",55,53.51,48.81,"1/15/2027","BEAR","495540","-682","-432960",1,0,0,0,0
"1/14/2026","MSTU",7.9,"B","CALL",5,11.205,5,"1/21/2028","BEAR","175190","-1746","-696180",1,,,,
"1/14/2026","OPEN",3.5,"B","CALL",4,6.465,4,"1/15/2027","BEAR","-13046","-5475","-538046",1,1,0,1,0
"1/14/2026","MCO",41.6,"A","PUT",550,532.055,508.4,"8/21/2026","BEAR","416000","0","0",1,1,1,1,1
"1/14/2026","ABAT",2.25,"B","CALL",4,4.99,4,"8/21/2026","BEAR","61191","884","20241",1,1,1,1,0
"1/15/2026","MP",31,"B","PUT",80,66.44,80,"1/21/2028","BULL","1860000","0","0",1,0,0,0,0
"1/15/2026","ARES",65.721,"AA","CALL",110,171.05,175.721,"1/15/2027","BULL","1643030","0","0",1,0,0,0,0
"1/15/2026","HAL",5.75,"B","PUT",32,32.715,32,"1/21/2028","BULL","920000","0","0",1,1,0,1,0
"1/15/2026","ELVN",6.4,"B","PUT",25,24.87,25,"12/18/2026","BULL","246400","0","0",1,0,0,0,0
"1/15/2026","ADBE",134.45,"B","CALL",200,302.0899,200,"1/21/2028","BEAR","79576385","5915","60100845",2,0,0,0,0
"1/15/2026","AAPL",16.2,"B","CALL",350,259.93,350,"1/21/2028","BEAR","-4905840","-5550","-10005600",2,0,1,0,0
"1/15/2026","W",22.3,"B","CALL",125,118.03,125,"9/18/2026","BEAR","2508798","-817","-278702",1,1,0,1,0
"1/15/2026","IBRX",2.05,"B","CALL",3,3.7088,3,"1/21/2028","BEAR","5423435","8163","2759110",1,0,0,0,0
"1/15/2026","IBRX",2,"B","CALL",3.5,3.8866,3.5,"1/21/2028","BEAR","8220000","20000","7220000",2,0,0,0,0
"1/15/2026","DJT",5.851,"B","CALL",10,13.7386,10,"1/15/2027","BEAR","937313","388","191280",1,1,0,1,0
"1/15/2026","KEY",3.9,"A","PUT",22,21.245,18.1,"12/17/2027","BEAR","505000","0","0",1,0,0,0,0
"1/15/2026","VIAV",0.8,"B","CALL",35,18.95,35,"12/18/2026","BEAR","-722505","-1500","-962505",1,0,0,0,0
"1/16/2026","GLD",19.56,"B","PUT",410,421.6972,410,"10/16/2026","BULL","4736955","-115","-244845",1,0,0,0,0
"1/16/2026","WMT",7.15,"A","CALL",135,118.235,142.15,"1/15/2027","BULL","610931","-742","-1961639",1,1,0,0,0
"1/16/2026","MSFT",46.7,"A","CALL",515,462.5105,561.7,"6/17/2027","BULL","4501030","428","2180040",1,1,1,1,0
"1/16/2026","CSGP",9.8,"A","CALL",70,65.1567,79.8,"1/15/2027","BULL","432570","-3268","-849700",1,1,1,1,0
"1/16/2026","MUX",7,"B","PUT",27,22.385,27,"8/21/2026","BULL","700000","0","0",1,1,1,1,1
"1/16/2026","MUX",6.592,"B","PUT",26,22.38,26,"8/21/2026","BULL","972496","481","315352",1,1,1,1,1
"1/16/2026","TPC",12.5,"A","CALL",85,76.05,97.5,"12/18/2026","BULL","625000","0","0",1,1,0,0,0
"1/16/2026","BW",2.7,"A","CALL",12.5,8.565,15.2,"1/15/2027","BULL","540270","0","0",1,1,0,1,0
"1/16/2026","CENX",10.7,"A","CALL",55,47.6125,65.7,"1/15/2027","BULL","1027310","847","492310",1,0,0,0,0
"1/16/2026","B",12.55,"B","PUT",50,48.5734,50,"1/21/2028","BULL","268570","0","0",1,0,1,0,0
"1/16/2026","RZLV",1.45,"B","PUT",4.5,4.8,4.5,"8/21/2026","BULL","29000","0","0",1,0,0,0,0
"1/16/2026","IBRX",2.7,"B","CALL",3.5,5.115,3.5,"1/21/2028","BEAR","7220000","10000","4520000",2,0,0,0,0
"1/16/2026","XLK",10,"B","CALL",160,146.01,160,"1/15/2027","BEAR","2446936","42","-31064",1,1,0,0,0
"1/16/2026","AVGO",17.53,"A","PUT",240,347.146,222.47,"1/15/2027","BEAR","2089890","-9","-13710",1,1,0,0,0
"1/16/2026","ONON",5.2,"A","PUT",40,45.5121,34.8,"1/15/2027","BEAR","613620","-548","-426380",1,1,1,1,1
"1/16/2026","SLS",2.03,"B","CALL",2.5,4.0168,2.5,"9/18/2026","BEAR","1015000","0","0",1,1,0,0,0
"1/16/2026","XPO",5.5,"A","PUT",105,150.34,99.5,"1/15/2027","BEAR","825000","0","0",1,0,0,0,0
"1/16/2026","IBRX",2.8,"B","CALL",3.5,5.275,3.5,"1/15/2027","BEAR","676200","0","0",1,0,0,0,0
"1/16/2026","IBRX",3,"B","CALL",3,5.24,3,"1/15/2027","BEAR","845570","416","170570",1,0,0,0,0
"1/16/2026","RIOT",4.85,"B","CALL",22,18.83,22,"12/18/2026","BEAR","-968311","-2889","-1453311",1,0,0,0,0
"1/16/2026","LMND",23,"A","PUT",80,81.165,57,"1/15/2027","BEAR","460000","0","0",1,0,0,0,0
"1/16/2026","FLNG",0.65,"A","PUT",20,26.96,19.35,"8/21/2026","BEAR","101246","-250","-12500",1,0,0,0,0
"1/16/2026","ECH",3,"B","CALL",45,43.39,45,"8/21/2026","BEAR","60000","0","0",1,0,0,0,0
"1/16/2026","ALTS",0.9,"B","CALL",5,2.585,5,"1/15/2027","BEAR","36000","0","0",1,0,0,0,0
"1/20/2026","ORCL",48.487,"BB","PUT",190,183.16,190,"12/17/2027","BULL","4260816","0","0",1,0,0,0,0
"1/20/2026","ARM",39.4,"AA","CALL",100,107.23,139.4,"1/21/2028","BULL","5191700","268","1179200",1,1,0,0,0
"1/20/2026","NFLX",69.29,"A","CALL",20,88.305,89.29,"12/18/2026","BULL","15253498","1710","11291408",2,0,0,0,0
"1/20/2026","AVGO",135.01,"AA","CALL",290,332.525,425.01,"12/15/2028","BULL","2848705","0","0",1,1,0,0,0
"1/20/2026","NOW",10.45,"A","CALL",160,126.04,170.45,"12/18/2026","BULL","2974385","188","988885",1,0,1,0,0
"1/20/2026","TQQQ",18,"A","CALL",53,52.29,71,"1/21/2028","BULL","-764855","800","-2384855",2,1,0,1,0
"1/20/2026","MBLY",1.79,"A","CALL",15,11.025,16.79,"1/15/2027","BULL","2710145","12038","1284594",2,1,1,1,1
"1/20/2026","TQQQ",17.82,"A","CALL",52,51.58,69.82,"1/21/2028","BULL","742102","-200","-435800",1,1,0,1,0
"1/20/2026","COPX",11.5,"B","PUT",80,82.52,80,"1/15/2027","BULL","548360","1","-26640",1,0,0,0,0
"1/20/2026","NRGV",2.65,"A","CALL",5,5.475,7.65,"1/15/2027","BULL","-788889","-11403","-1053889",1,0,0,0,0
"1/20/2026","GILT",3.75,"A","CALL",20,18.13,23.75,"1/15/2027","BULL","124600","992","49600",1,1,1,1,1
"1/20/2026","SNDL",0.39,"A","CALL",2.5,1.5783,2.89,"1/21/2028","BULL","49124","0","0",1,1,1,1,1
"1/20/2026","LNG",12.05,"B","CALL",240,203.55,240,"1/15/2027","BEAR","-6965019","-3568","-12990019",1,0,0,0,0
"1/20/2026","PLTR",23.29,"A","PUT",150,170.1643,126.71,"11/20/2026","BEAR","9516757","1936","5324557",1,0,0,0,0
"1/20/2026","HOOD",23.45,"A","PUT",90,105.81,66.55,"1/21/2028","BEAR","3165750","0","0",1,0,0,0,0
"1/20/2026","GOOGL",36.1,"A","PUT",260,323.365,223.9,"12/15/2028","BEAR","2324890","0","0",1,1,0,1,0
"1/20/2026","CLSK",5.56,"BB","CALL",15,12.745,15,"1/21/2028","BEAR","2536090","1748","945564",1,0,0,0,0
"1/20/2026","GENI",1.35,"B","CALL",12.5,9.865,12.5,"1/15/2027","BEAR","1078920","0","0",1,1,1,1,1
"1/20/2026","MTCH",2.9,"A","PUT",27.5,30.7947,24.6,"1/15/2027","BEAR","580000","0","0",1,0,0,0,0
"1/20/2026","HPE",1.79,"A","PUT",17,20.3149,15.21,"1/15/2027","BEAR","145944","-2190","-331476",1,0,0,0,0
"1/20/2026","HPP",2.5,"A","PUT",7.5,9.225,5,"1/21/2028","BEAR","448396","0","0",1,1,1,0,0
"1/20/2026","FLG",1.25,"B","CALL",17,12.805,17,"1/21/2028","BEAR","274000","400","76000",1,1,1,1,1
"1/20/2026","BNL",1.75,"B","CALL",17.5,18.655,17.5,"8/21/2026","BEAR","-127900","-744","-256650",1,,,,
"1/20/2026","SAN",1.649,"A","PUT",13,12.015,11.3509999999999,"9/18/2026","BEAR","7364","-601","-57436",1,1,0,0,0
"1/20/2026","RZLV",2.2,"B","CALL",4,3.59,4,"1/21/2028","BEAR","350177","2239","306177",1,0,0,0,0
"1/21/2026","RKLB",15,"A","CALL",145,83.36,160,"12/18/2026","BULL","14408705","-2894","-1664619",1,0,0,0,0
"1/21/2026","NOW",12.7,"B","PUT",120,124.54,120,"8/21/2026","BULL","3673259","-646","-136741",1,0,1,0,0
"1/21/2026","PLTR",25.86,"B","PUT",150,162.83,150,"12/18/2026","BULL","1922200","-620","-1568900",1,0,0,0,0
"1/21/2026","GDXJ",20,"B","PUT",130,134.81,130,"1/15/2027","BULL","800000","0","0",1,0,1,0,1
"1/21/2026","HL",8.15,"A","CALL",30,28.655,38.15,"9/18/2026","BULL","1176247","225","409247",1,0,0,0,0
"1/21/2026","UUUU",9.5,"B","PUT",25,22.3965,25,"1/15/2027","BULL","138695","-292","-275925",1,0,0,0,0
"1/21/2026","FNKO",1.05,"A","CALL",5,3.625,6.05,"1/15/2027","BULL","273359","-257","-68105",1,1,1,1,1
"1/21/2026","SOFI",1.76,"B","PUT",19,25.1888,19,"8/21/2026","BULL","-124787","-1893","-459187",1,0,0,0,0
"1/21/2026","MRAM",3.78,"A","CALL",20,15.905,23.78,"9/18/2026","BULL","365855","810","60740",1,1,0,1,0
"1/21/2026","HPQ",2.54,"B","PUT",19,19.484,19,"9/18/2026","BULL","223784","-18","-5070",1,1,0,0,0
"1/21/2026","NFLX",4.05,"A","PUT",73,84.2699,68.95,"8/21/2026","BEAR","10734862","5624","2295253",1,0,0,0,0
"1/21/2026","IBRX",3.2,"B","CALL",4,6.5101,4,"8/21/2026","BEAR","6405000","0","0",1,0,0,0,0
"1/21/2026","PAAS",15,"B","CALL",70,58.18,70,"1/21/2028","BEAR","191000","-2643","-4285000",1,0,1,0,0
"1/21/2026","BLDR",14.3,"B","CALL",195,125.4756,195,"1/21/2028","BEAR","3003000","0","0",1,0,0,0,0
"1/21/2026","OSCR",5.6,"A","PUT",15,15.075,9.4,"1/21/2028","BEAR","917790","-398","-211170",1,0,0,0,0
"1/21/2026","IBRX",3.4,"B","CALL",5,6.715,5,"1/21/2028","BEAR","1178006","800","158006",1,0,0,0,0
"1/21/2026","EGO",5.1,"A","PUT",40,44.74,34.9,"12/18/2026","BEAR","829890","0","0",1,0,0,0,0
"1/21/2026","SCCO",32.001,"B","CALL",190,190.31,190,"1/15/2027","BEAR","483220","0","0",1,0,0,0,0
"1/21/2026","RRX",15.6,"B","CALL",170,156.9448,170,"8/21/2026","BEAR","-267000","-300","-735000",1,1,1,1,1
"1/21/2026","HBAN",0.65,"B","CALL",22,18.605,22,"1/15/2027","BEAR","325000","0","0",1,0,0,0,0
"1/21/2026","RDW",2.3,"B","CALL",15,10.26,15,"8/21/2026","BEAR","164469","-548","49469",1,1,0,1,0
"1/21/2026","RDW",3.1,"B","CALL",11,10.2694,11,"8/21/2026","BEAR","70228","-388","-28972",1,1,0,1,0
"1/22/2026","TSM",77,"A","CALL",350,330.555,427,"12/17/2027","BULL","4427500","0","0",1,1,1,0,0
"1/22/2026","AXON",232.5,"B","PUT",750,607.9195,750,"1/21/2028","BULL","3487500","0","0",1,0,0,0,0
"1/22/2026","GDX",10.8,"B","PUT",100,105.585,100,"9/18/2026","BULL","6918264","4770","4758264",1,0,0,0,0
"1/22/2026","SSRM",4.3,"A","CALL",35,25.84,39.3,"1/15/2027","BULL","1166968","0","0",1,1,1,1,1
"1/22/2026","SHOP",54.9,"BB","PUT",170,137.6277,170,"1/21/2028","BULL","905845","0","0",1,0,0,0,0
"1/22/2026","EXK",5.8,"A","CALL",17.5,13.545,23.3,"1/21/2028","BULL","926902","200","49963",1,1,0,1,0
"1/22/2026","MUX",7.5,"B","PUT",30,26.15,30,"8/21/2026","BULL","750000","0","0",1,1,1,1,1
"1/22/2026","IT",25.12,"B","PUT",220,236.93,220,"12/18/2026","BULL","376800","0","0",1,0,0,0,0
"1/22/2026","EXK",5.4,"A","CALL",20,13.545,25.4,"1/21/2028","BULL","305639","0","0",1,1,0,1,0
"1/22/2026","CPER",8.3,"A","CALL",36,35.66,44.3,"1/21/2028","BULL","307120","168","141120",1,1,1,0,0
"1/22/2026","BTU",5.15,"B","CALL",45,38.62,45,"9/18/2026","BEAR","12540600","-21233","-8072196",1,0,0,0,0
"1/22/2026","AMD",37.39,"A","PUT",250,255.27,212.61,"8/21/2026","BEAR","8900816","4180","1422816",1,0,0,0,0
"1/22/2026","UBER",12.7,"B","CALL",105,82.48,105,"1/21/2028","BEAR","3400656","2606","2312166",1,1,0,1,0
"1/22/2026","TSLL",4.35,"B","CALL",30,18.6614,30,"1/15/2027","BEAR","-1053361","-6408","-2019061",1,0,0,0,0
"1/22/2026","DUOL",6.75,"A","PUT",75,154.7736,68.25,"1/15/2027","BEAR","-498125","-802","-1002500",1,,,,
"1/22/2026","APH",17.22,"B","CALL",160,150.285,160,"9/18/2026","BEAR","-847518","-1002","-1262520",1,1,1,0,0
"1/22/2026","CIFR",5.75,"B","CALL",22,17.3612,22,"12/18/2026","BEAR","310946","-152","23446",1,0,0,0,0
"1/22/2026","APH",7.5,"A","PUT",120,150.21,112.5,"9/18/2026","BEAR","336855","206","63855",1,1,1,0,0
"1/22/2026","API",1.28,"B","CALL",5,4.52,5,"9/18/2026","BEAR","40976","-1000","-87000",1,,,,
"1/22/2026","GREK",2.3,"A","PUT",65,72.1,62.7,"9/18/2026","BEAR","-155810","-501","-270580",1,,,,
"1/22/2026","PRA",0.4,"A","PUT",22.5,24.12,22.1,"8/21/2026","BEAR","76000","0","0",1,0,0,0,0
"1/23/2026","NFLX",66.581,"A","CALL",20,85.5461,86.581,"12/18/2026","BULL","5532225","200","1271045",2,0,0,0,0
"1/23/2026","INTC",8.2,"B","PUT",45,45.35,45,"11/20/2026","BULL","1913155","-737","-448425",1,1,1,1,1
"1/23/2026","AU",18.1,"B","PUT",100,104.1723,100,"1/15/2027","BULL","4790000","2000","2980000",2,0,1,0,1
"1/23/2026","XPEV",2.89,"B","PUT",17,19.3,17,"1/15/2027","BULL","1891207","487","156340",1,1,1,1,1
"1/23/2026","XLU",3.35,"B","PUT",42,42.48,42,"1/21/2028","BULL","1675000","0","0",1,0,0,0,0
"1/23/2026","HIMS",4.85,"A","CALL",40,29.535,44.85,"9/18/2026","BULL","2026573","1361","435830",1,1,1,1,1
"1/23/2026","PLTR",32.75,"A","CALL",220,170.065,252.75,"6/17/2027","BULL","-3058375","-1669","-4112925",1,0,0,0,0
"1/23/2026","VIXM",0.85,"A","CALL",30,14.949,30.85,"12/18/2026","BULL","785460","0","0",1,1,1,1,1
"1/23/2026","SLS",3.8,"A","CALL",0.5,4.285,4.3,"1/15/2027","BULL","2544000","1500","1784000",1,1,0,0,0
"1/23/2026","GEHC",4.3,"A","CALL",90,79.745,94.3,"9/18/2026","BULL","746480","0","0",1,1,1,1,1
"1/23/2026","PTEN",1.2,"B","PUT",7,7.45,7,"1/15/2027","BULL","498000","-6000","-222000",1,1,1,1,1
"1/23/2026","METC",8.2,"A","CALL",37,27.7931,45.2,"1/15/2027","BULL","551020","0","0",1,1,1,1,1
"1/23/2026","INDI",0.81,"A","CALL",7.5,4.615,8.31,"1/15/2027","BULL","374636","116","11996",1,1,0,1,0
"1/23/2026","HPQ",3.65,"A","CALL",20,19.28,23.65,"1/21/2028","BULL","858528","260","566528",1,1,0,0,0
"1/23/2026","OPEN",3.92,"A","CALL",4,6.1091,7.92,"1/21/2028","BULL","283574","283","9174",1,1,0,1,0
"1/23/2026","B",3.6,"A","CALL",75,51.03,78.6,"1/15/2027","BULL","383640","555","222000",1,0,1,0,0
"1/23/2026","EC",0.55,"A","CALL",15,12.525,15.55,"8/21/2026","BULL","521751","4697","411806",1,1,1,1,1
"1/23/2026","TMC",3.8,"A","CALL",20,9.555,23.8,"1/21/2028","BULL","329152","2141","253152",1,0,0,0,0
"1/23/2026","NVO",11.12,"A","PUT",65,63.205,53.88,"12/18/2026","BEAR","2224000","0","0",1,1,0,0,0
"1/23/2026","COIN",43.7,"A","PUT",200,221.15,156.3,"5/21/2027","BEAR","1748000","0","0",1,1,1,0,0
"1/23/2026","NCLH",3.33,"A","PUT",20,20.84,16.67,"1/15/2027","BEAR","2290000","2250","791500",1,0,1,0,0
"1/23/2026","RIVN",1.24,"A","PUT",5,15.8568,3.76,"12/15/2028","BEAR","5896935","37948","4532935",1,0,0,0,0
"1/23/2026","NVAX",3.07,"B","CALL",12,9.42,12,"1/21/2028","BEAR","843560","-17","13310",1,0,0,0,0
"1/23/2026","BB",0.95,"B","CALL",5,3.8446,5,"1/21/2028","BEAR","780350","25","105850",1,1,1,1,0
"1/23/2026","PGY",3,"A","PUT",15,21.88,12,"1/15/2027","BEAR","598500","0","0",1,0,0,0,0
"1/23/2026","VOD",0.4,"B","CALL",20,14.17,20,"1/15/2027","BEAR","321382","-2368","-126698",1,0,0,0,0
"1/23/2026","EXK",3.1,"A","PUT",12.5,13.72,9.4,"8/21/2026","BEAR","248720","-8","16950",1,1,0,1,0
"1/26/2026","MU",161.7,"A","CALL",250,385.6795,411.7,"8/21/2026","BULL","2712330","-400","-6973500",1,0,0,0,0
"1/26/2026","SOXX",80.733,"AA","CALL",295,343.13,375.733,"1/15/2027","BULL","8490286","350","2113770",1,0,0,0,0
"1/26/2026","AVGO",50.11,"B","PUT",250,323.09,250,"12/15/2028","BULL","5011000","0","0",1,1,0,0,0
"1/26/2026","BHP",4.387,"AA","CALL",80,68.77,84.387,"1/15/2027","BULL","-2753006","-10241","-7088630",1,1,1,1,1
"1/26/2026","XHB",9.55,"B","PUT",109,111.16,109,"1/15/2027","BULL","2626250","0","0",1,0,1,0,1
"1/26/2026","META",82.031,"A","CALL",930,667.42,1012.031,"1/21/2028","BULL","1435535","0","0",1,0,0,0,0
"1/26/2026","RIO",3.55,"A","CALL",115,91.3912,118.55,"1/15/2027","BULL","1555000","150","135000",1,1,1,1,1
"1/26/2026","CPB",2.55,"B","PUT",23,26.83,23,"1/21/2028","BULL","424665","-2043","-469065",1,0,0,0,0
"1/26/2026","DUST",1.75,"A","CALL",4,4.615,5.75,"1/15/2027","BULL","524018","-999","-160962",1,1,1,1,1
"1/26/2026","PGY",4.9,"A","CALL",25,21.59,29.9,"8/21/2026","BULL","317964","-198","72964",1,0,0,0,0
"1/26/2026","FSM",0.978,"A","CALL",20,12.29,20.978,"9/18/2026","BULL","120236","-990","-85150",1,1,1,1,1
"1/26/2026","RDW",4.9,"B","PUT",10,10.895,10,"1/21/2028","BULL","93620","-157","-53380",1,1,0,1,0
"1/26/2026","CRVS",5.5,"A","CALL",30,23.0354,35.5,"1/15/2027","BULL","100100","0","0",1,1,1,1,1
"1/26/2026","OPTT",0.2,"A","CALL",2,0.6775,2.2,"8/21/2026","BULL","52240","-500","-10000",1,1,1,1,1
"1/26/2026","OPTT",0.25,"A","CALL",1.5,0.6516,1.75,"8/21/2026","BULL","55979","0","0",1,1,1,1,1
"1/26/2026","AMD",79.99,"A","PUT",300,254.1,220.01,"1/15/2027","BEAR","26191960","6044","18192960",1,0,0,0,0
"1/26/2026","GME",7.5,"B","CALL",30,24.51,30,"12/15/2028","BEAR","4994893","968","569893",1,0,0,0,0
"1/26/2026","MMYT",11.9,"A","PUT",70,63.4,58.1,"8/21/2026","BEAR","759988","-177","-265512",1,0,0,0,0
"1/26/2026","KKR",9.1,"B","CALL",130,117.44,130,"9/18/2026","BEAR","2587759","2029","1799677",1,0,0,0,0
"1/26/2026","MMYT",4.6,"B","CALL",80,63.32,80,"8/21/2026","BEAR","108940","-1496","-395960",1,0,0,0,0
"1/26/2026","BTG",1.35,"B","CALL",5,5.465,5,"8/21/2026","BEAR","24168","-10853","-245832",1,1,1,1,1
"1/26/2026","ALTS",0.4,"A","PUT",1.5,2.0015,1.1,"8/21/2026","BEAR","191640","0","0",1,0,0,0,0
"1/26/2026","SAN",1.9,"A","PUT",14,12.635,12.1,"9/18/2026","BEAR","125210","0","0",1,1,0,0,0
"1/27/2026","ASML",211.7,"BB","PUT",1500,1456.8274,1500,"9/18/2026","BULL","6351000","0","0",1,1,1,1,1
"1/27/2026","KWEB",4.56,"A","CALL",38,35.935,42.56,"1/15/2027","BULL","2385507","1443","470307",1,1,1,1,1
"1/27/2026","PBR",0.55,"A","CALL",20,15.025,20.55,"1/15/2027","BULL","5455757","24951","3582503",1,1,1,0,0
"1/27/2026","NBIS",21.533,"A","CALL",120,96.94,141.533,"9/18/2026","BULL","-2060178","-1500","-3134548",1,0,0,0,0
"1/27/2026","ESTC",11.9,"A","CALL",75,74.26,86.9,"8/21/2026","BULL","1368663","1300","321500",1,1,1,1,1
"1/27/2026","CLS",65.25,"A","CALL",470,333.4176,535.25,"1/15/2027","BULL","652500","0","0",1,1,0,0,0
"1/27/2026","LAES",2.04,"B","PUT",4.5,4.735,4.5,"1/15/2027","BULL","345342","0","0",1,1,1,1,1
"1/27/2026","GPK",2.07,"A","CALL",15,15.04,17.07,"9/18/2026","BULL","-109612","-2184","-273644",1,,,,
"1/27/2026","NGG",1.45,"A","CALL",95,84.05,96.45,"9/18/2026","BULL","-18000","-900","-148500",1,0,0,0,0
"1/27/2026","DNOW",1.21,"A","CALL",17.5,14.7753,18.71,"8/21/2026","BULL","-2000","-500","-62500",1,1,0,1,0
"1/27/2026","ARBE",0.6,"A","CALL",1.5,1.475,2.1,"8/21/2026","BULL","345429","6222","291369",1,1,1,1,1
"1/27/2026","CNC",21.2,"B","CALL",25,41.49,25,"1/21/2028","BEAR","3401640","200","440000",1,0,0,0,0
"1/27/2026","AMD",8.45,"A","PUT",170,250.3,161.55,"8/21/2026","BEAR","13134191","8476","10600036",1,0,0,0,0
"1/27/2026","GE",37.55,"B","CALL",360,297.925,360,"1/21/2028","BEAR","1877500","0","0",1,0,0,0,0
"1/27/2026","AAL",4.05,"B","CALL",12,14.2477,12,"1/15/2027","BEAR","1582668","-161","165168",1,1,1,1,0
"1/27/2026","CW",51.5,"A","PUT",610,660.81,558.5,"11/20/2026","BEAR","1287500","0","0",1,0,0,0,0
"1/27/2026","FSLY",2.13,"B","CALL",12.5,10.3139,12.5,"1/15/2027","BEAR","-7127500","-5000","-8192500",1,1,1,1,1
"1/27/2026","TECL",39.4,"BB","CALL",111.96,124.46,111.96,"1/15/2027","BEAR","788000","0","0",1,1,0,1,0
"1/27/2026","RIVN",1.92,"A","PUT",13,15.26,11.08,"9/18/2026","BEAR","1361045","4762","689045",1,0,0,0,0
"1/27/2026","GAP",1.15,"A","PUT",13,26.77,11.85,"1/21/2028","BEAR","621500","300","46500",1,0,0,0,0
"1/27/2026","SOFI",4.65,"B","CALL",45,25.43,45,"12/17/2027","BEAR","217171","-3890","-210209",1,0,0,0,0
"1/27/2026","BRZU",9.7,"A","PUT",90,110.902,80.3,"9/18/2026","BEAR","711740","599","323740",1,0,0,0,0
"1/27/2026","FLNG",2.3,"A","PUT",25,26.36,22.7,"8/21/2026","BEAR","202470","-315","-27520",1,0,0,0,0
"1/28/2026","HAL",3.73,"A","CALL",35,33.705,38.73,"9/18/2026","BULL","19392336","5347","2607336",1,1,0,1,0
"1/28/2026","CVNA",29.35,"B","PUT",200,396.0199,200,"6/17/2027","BULL","8278033","-161","-652007",1,1,0,0,0
"1/28/2026","GDX",22.3,"B","PUT",110,110.235,110,"1/21/2028","BULL","2230000","0","0",1,0,0,0,0
"1/28/2026","ALAB",36.4,"B","PUT",145,168.2931,145,"1/15/2027","BULL","1132000","200","222000",1,1,1,1,0
"1/28/2026","GLBE",3.8,"A","CALL",50,38.37,53.8,"1/15/2027","BULL","824600","0","0",1,1,1,1,1
"1/28/2026","VALE",2.44,"B","PUT",17,16.555,17,"12/18/2026","BULL","1018421","1468","286421",1,1,1,1,1
"1/28/2026","PDS",5.699,"A","CALL",90,79.56,95.699,"9/18/2026","BULL","427434","0","0",1,1,1,1,1
"1/28/2026","CARR",3.399,"A","CALL",67.5,58.24,70.899,"9/18/2026","BULL","375641","0","0",1,1,0,1,0
"1/28/2026","NKTR",6.3,"A","CALL",70,36.99,76.3,"1/15/2027","BULL","199080","0","0",1,1,1,1,1
"1/28/2026","RPRX",1.54,"BB","PUT",32.5,40.235,32.5,"12/18/2026","BULL","119786","0","0",1,1,1,1,1
"1/28/2026","STGW",1.3,"A","CALL",7,6.285,8.3,"9/18/2026","BULL","90100","350","44000",1,1,1,1,1
"1/28/2026","CCJ",50,"B","CALL",90,129.08,90,"1/15/2027","BEAR","2500990","1","990",1,0,0,0,0
"1/28/2026","WDC",31.1,"A","PUT",210,279.4,178.9,"9/18/2026","BEAR","2407140","0","0",1,0,0,0,0
"1/28/2026","CCJ",24.195,"A","PUT",130,131.42,105.805,"12/18/2026","BEAR","3664517","603","2207105",1,0,0,0,0
"1/28/2026","UGL",13.6,"A","PUT",80,82.6588,66.4,"1/15/2027","BEAR","1304229","0","0",1,1,1,1,1
"1/28/2026","SNDK",158,"A","PUT",500,523,342,"12/18/2026","BEAR","91800","-90","-1188000",1,1,1,0,0
"1/28/2026","SHAK",22,"B","CALL",100,88.56,100,"1/21/2028","BEAR","308660","-297","-778140",1,0,1,0,1
"1/28/2026","CNR",16.7,"A","PUT",90,93.99,73.3,"12/18/2026","BEAR","136550","-379","-698450",1,0,0,0,0
"1/28/2026","CPNG",2.3,"B","CALL",35,20.705,35,"1/21/2028","BEAR","321099","0","0",1,1,1,1,1
"1/28/2026","EXK",3.202,"B","CALL",17.5,13.56,17.5,"8/21/2026","BEAR","421000","4266","244900",1,1,0,1,0
"1/29/2026","WULF",15.2,"B","PUT",27,14.575,27,"12/17/2027","BULL","6755038","0","0",1,0,0,0,0
"1/29/2026","PLTR",22.45,"B","PUT",100,150.63,100,"12/15/2028","BULL","1142175","-2850","-5424450",1,0,0,0,0
"1/29/2026","AAOI",3.728,"BB","PUT",20,37.92,20,"1/15/2027","BULL","3686095","8128","769903",1,0,0,0,0
"1/29/2026","FCX",10.65,"B","PUT",65,64.125,65,"1/15/2027","BULL","-80140","-915","-1142640",1,1,1,0,0
"1/29/2026","PAAS",14.5,"B","PUT",65,62.82,65,"11/20/2026","BULL","658300","0","0",1,0,1,0,0
"1/29/2026","AU",9.3,"B","PUT",80,105.175,80,"12/18/2026","BULL","372000","0","0",1,0,1,0,1
"1/29/2026","LODE",0.75,"B","PUT",2.5,3.125,2.5,"12/18/2026","BULL","930716","11725","765638",1,1,1,1,1
"1/29/2026","SGOL",2.4,"B","PUT",46,51.02,46,"9/18/2026","BULL","96000","0","0",1,0,1,0,1
"1/29/2026","SMH",34.75,"A","PUT",370,414.71,335.25,"1/15/2027","BEAR","10462890","-1122","-5174610",1,0,0,0,0
"1/29/2026","MSTR",30.2,"A","PUT",140,143.4788,109.8,"9/18/2026","BEAR","7523860","1411","3611160",1,0,0,0,0
"1/29/2026","COIN",70,"B","CALL",150,202.38,150,"9/18/2026","BEAR","-980000","-500","-3080000",1,1,1,0,0
"1/29/2026","GE",40.2,"A","PUT",310,298.0315,269.8,"1/15/2027","BEAR","2167000","100","157000",1,0,0,0,0
"1/29/2026","GDX",17.25,"A","PUT",105,106.52,87.75,"1/15/2027","BEAR","1725000","0","0",1,0,0,0,0
"1/29/2026","AXON",58.168,"A","PUT",460,513.83,401.832,"9/18/2026","BEAR","1378579","0","0",1,0,0,0,0
"1/29/2026","ENVX",3.28,"A","PUT",7,6.93,3.72,"1/21/2028","BEAR","820000","0","0",1,0,0,0,0
"1/29/2026","HAL",3.8,"A","PUT",34,34.435,30.2,"9/18/2026","BEAR","747514","-1041","-12486",1,1,0,1,0
"1/29/2026","FNV",41.3,"B","CALL",270,259.95,270,"1/15/2027","BEAR","685581","0","0",1,0,0,0,0
"1/29/2026","SFM",10.28,"A","PUT",60,70.6536,49.72,"1/21/2028","BEAR","854890","150","180000",1,0,0,0,0
"1/29/2026","AFRM",10,"A","PUT",52.5,61.92,42.5,"1/15/2027","BEAR","540000","0","0",1,0,0,0,0
"1/29/2026","LBRT",4.2,"A","PUT",25,26.82,20.8,"1/15/2027","BEAR","888100","1000","460000",1,1,1,0,0
"1/29/2026","RZLV",1.18,"B","CALL",3,3.03,3,"8/21/2026","BEAR","107156","815","48156",1,0,0,0,0
"1/30/2026","TQQQ",18.62,"A","CALL",53,53.45,71.62,"1/21/2028","BULL","-2384855","-4199","-11692993",2,1,0,1,0
"1/30/2026","PLTR",20.2,"B","PUT",140,146.605,140,"8/21/2026","BULL","-7068878","-11326","-13128878",1,0,0,0,0
"1/30/2026","AA",9.95,"A","CALL",65,56.7,74.95,"1/15/2027","BULL","2018046","-526","-469454",1,1,1,1,0
"1/30/2026","GDX",6.23,"B","PUT",80,93.92,80,"9/18/2026","BULL","-4663700","-17368","-6532700",1,0,0,0,0
"1/30/2026","RBLX",17.22,"A","CALL",67.5,65.91,84.72,"1/15/2027","BULL","1722000","0","0",1,0,0,0,0
"1/30/2026","B",15.9,"B","PUT",60,48.22,60,"12/18/2026","BULL","795000","0","0",1,0,1,0,0
"1/30/2026","GDXJ",17.15,"B","PUT",115,125.7475,115,"1/15/2027","BULL","686000","0","0",1,0,1,0,1
"1/30/2026","AFRM",13.25,"B","PUT",50,60.075,50,"1/21/2028","BULL","527050","-370","36800",1,0,0,0,0
"1/30/2026","AG",2.45,"B","PUT",15,22.85,15,"1/15/2027","BULL","1545000","4000","1055000",2,1,1,1,1
"1/30/2026","SCCO",25.4,"B","PUT",170,192.2494,170,"1/15/2027","BULL","398780","0","0",1,0,0,0,0
"1/30/2026","CPA",6.55,"A","CALL",160,135.7,166.55,"12/18/2026","BULL","97500","-500","-230000",1,1,1,1,1
"1/30/2026","AXL",0.8,"A","CALL",12,8.025,12.8,"1/15/2027","BULL","240000","0","0",1,1,0,1,0
"1/30/2026","SPTL",2.58,"A","CALL",24,26.4969,26.58,"8/21/2026","BULL","125750","250","61250",1,1,1,1,1
"1/30/2026","TTWO",31.2,"B","CALL",230,220.21,230,"12/18/2026","BEAR","3418040","-489","-1736180",1,1,0,1,0
"1/30/2026","U",7.5,"A","PUT",30,29.65,22.5,"1/15/2027","BEAR","4586720","0","0",1,0,0,0,0
"1/30/2026","CDNS",26.7,"B","CALL",350,296.2871,350,"1/15/2027","BEAR","4005000","0","0",1,0,0,0,0
"1/30/2026","CIFR",3.45,"A","PUT",12,15.9769,8.55,"1/15/2027","BEAR","2710789","1573","400839",2,0,0,0,0
"1/30/2026","NXPI",23.25,"A","PUT",210,226.9327,186.75,"12/18/2026","BEAR","992500","-250","-751250",1,0,0,0,0
"1/30/2026","HOOD",25.1,"B","CALL",100,102.09,100,"11/20/2026","BEAR","-404574","-1021","-1408574",1,0,0,0,0
"1/30/2026","XRX",0.77,"B","CALL",3,2.0699,3,"1/21/2028","BEAR","985600","0","0",1,0,0,0,0
"1/30/2026","ASTS",42,"B","CALL",175,108.9435,175,"12/17/2027","BEAR","840000","0","0",1,0,0,0,0
"1/30/2026","DUOL",32,"B","CALL",140,136.28,140,"8/21/2026","BEAR","429874","-200","-210126",1,,,,
"1/30/2026","PAAS",7.1,"A","PUT",50,54.765,42.9,"8/21/2026","BEAR","482800","0","0",1,0,1,0,0
"1/30/2026","DKNG",5.55,"B","CALL",37.5,27.36,37.5,"1/21/2028","BEAR","-103992","-954","-546492",1,1,0,0,0
"1/30/2026","UROY",1.35,"B","CALL",10,4.91,10,"1/21/2028","BEAR","157242","250","22500",1,0,0,0,0
"1/30/2026","BXSL",1,"A","PUT",22.5,25.73,21.5,"8/21/2026","BEAR","380735","4021","280735",1,0,0,0,0
"1/30/2026","UAMY",3.3,"B","CALL",20,7.475,20,"1/21/2028","BEAR","66660","0","0",1,1,1,1,0
"2/2/2026","GLD",38.8,"B","PUT",430,427.58,430,"1/15/2027","BULL","8561150","1558","4718150",1,0,0,0,0
"2/2/2026","IT",40.354,"A","CALL",190,203.64,230.353999999999,"9/18/2026","BULL","487970","-415","-319100",1,0,0,0,0
"2/2/2026","LMND",35,"A","CALL",100,81.49,135,"1/21/2028","BULL","700000","0","0",1,0,0,0,0
"2/2/2026","SOXS",1.1,"A","CALL",1,1.83,2.1,"1/15/2027","BULL","550000","0","0",1,0,0,0,0
"2/2/2026","PCAR",3.5,"A","CALL",155.6,123.42,159.1,"1/15/2027","BULL","251450","-1260","-245700",1,1,1,1,1
"2/2/2026","WULF",3.45,"B","PUT",12,13.3403,12,"12/18/2026","BULL","146121","-2300","-344369",1,0,0,0,0
"2/2/2026","REMX",19.9,"A","CALL",80,85.8607,99.9,"12/18/2026","BULL","630411","400","300071",1,1,1,1,1
"2/2/2026","COIN",19.476,"A","PUT",125,188.74,105.524,"5/21/2027","BEAR","17813580","906","2079350",1,1,1,0,0
"2/2/2026","META",34,"B","CALL",850,708.98,850,"9/18/2026","BEAR","4716847","-241","-383153",1,0,0,0,0
"2/2/2026","GOOGL",28.85,"B","CALL",410,343.5,410,"1/15/2027","BEAR","2347187","-2252","-1980313",1,1,0,1,0
"2/2/2026","SPY",66.42,"A","PUT",690,695.38,623.58,"12/15/2028","BEAR","4203520","101","191752",1,0,0,0,0
"2/2/2026","BULL",3.45,"B","CALL",5,6.715,5,"1/21/2028","BEAR","2928963","2361","858951",1,1,0,1,0
"2/2/2026","TTWO",7,"A","PUT",160,222.985,153,"1/15/2027","BEAR","-1188560","-2911","-3252060",1,1,0,1,0
"2/2/2026","HOOD",30.1,"B","CALL",100,89.59,100,"1/21/2028","BEAR","8023698","3316","6518698",1,0,0,0,0
"2/2/2026","HOOD",21.8,"B","CALL",95,93.08,95,"11/20/2026","BEAR","1395940","290","194300",1,0,0,0,0
"2/2/2026","CLSK",5.65,"B","CALL",10,10.97,10,"1/21/2028","BEAR","881000","550","316000",1,0,0,0,0
"2/2/2026","LIND",3,"B","CALL",17.5,17.455,17.5,"8/21/2026","BEAR","120600","0","0",1,0,0,0,0
"2/3/2026","C",21.82,"B","PUT",130,117.39,130,"6/17/2027","BULL","3122424","-900","-1239394",1,1,1,1,1
"2/3/2026","MRVL",17.2,"A","CALL",75,74.5,92.2,"1/15/2027","BULL","2408000","0","0",1,0,0,0,0
"2/3/2026","OKLO",16.4,"A","CALL",120,77.77,136.4,"12/18/2026","BULL","2688751","918","443596",1,0,0,0,0
"2/3/2026","MCO",131.7,"A","CALL",360,480.01,491.7,"8/21/2026","BULL","-29888","-200","-2005388",1,1,1,1,1
"2/3/2026","MRVL",12.24,"B","PUT",60,73.35,60,"1/21/2028","BULL","1989750","250","153750",1,0,0,0,0
"2/3/2026","LEU",93,"A","CALL",310,281.33,403,"1/15/2027","BULL","1395000","0","0",1,1,1,1,0
"2/3/2026","AG",2.6,"B","PUT",15,21.84,15,"1/15/2027","BULL","1055000","-1000","-245000",2,1,1,1,1
"2/3/2026","AG",5.16,"B","PUT",20,21.835,20,"1/15/2027","BULL","340430","-1822","-691570",1,1,1,1,1
"2/3/2026","JBS",0.3,"A","CALL",20,16.0121,20.3,"9/18/2026","BULL","1492459","18626","561459",1,1,1,1,1
"2/3/2026","VALE",0.79,"A","CALL",20,16.89,20.79,"9/18/2026","BULL","700394","-174","-10606",1,1,1,1,1
"2/3/2026","EXP",15.2,"A","CALL",250,221.54,265.2,"11/20/2026","BULL","608000","0","0",1,1,1,1,1
"2/3/2026","NVTS",2.49,"A","CALL",30,8.86,32.49,"1/21/2028","BULL","884201","340","374000",1,1,0,1,0
"2/3/2026","RPRX",3,"A","CALL",45,42.615,48,"12/18/2026","BULL","507100","812","284200",1,1,1,1,1
"2/3/2026","TMF",5.3,"A","PUT",37,36.765,31.7,"1/15/2027","BEAR","5474450","-2352","-1595200",1,0,0,0,0
"2/3/2026","DIA",18.3,"A","PUT",480,489.7,461.7,"9/18/2026","BEAR","5653125","125","163125",1,0,0,0,0
"2/3/2026","PL",7.5,"B","CALL",45,23.7701,45,"1/21/2028","BEAR","4334580","0","0",1,0,0,0,0
"2/3/2026","TMF",7.15,"A","PUT",40,36.7101,32.85,"1/15/2027","BEAR","2729620","400","250000",1,0,0,0,0
"2/3/2026","GOOG",122.1,"A","PUT",440,339.0751,317.9,"12/17/2027","BEAR","1672770","0","0",1,0,0,0,0
"2/3/2026","ADSK",13.1,"A","PUT",155,240.6,141.9,"1/21/2028","BEAR","-2974070","-4192","-4602400",1,0,1,0,1
"2/3/2026","INDA",3.8,"B","CALL",55,53.31,55,"1/15/2027","BEAR","1520000","0","0",1,0,0,0,0
"2/3/2026","U",7.7,"A","PUT",25,25.84,17.3,"1/21/2028","BEAR","24950","-998","-743510",1,0,0,0,0
"2/3/2026","ASTX",33.91,"B","CALL",140,78.63,140,"9/18/2026","BEAR","620559","0","0",1,0,0,0,0
"2/3/2026","KLAR",6.599,"A","PUT",22.5,21.2205,15.901,"1/15/2027","BEAR","554309","0","0",1,0,0,0,0
"2/3/2026","UL",26.7,"B","CALL",42.5,68.91,42.5,"12/17/2027","BEAR","427200","0","0",1,1,0,1,0
"2/3/2026","PTC",5.3,"A","PUT",120,149.6,114.7,"11/20/2026","BEAR","318000","0","0",1,0,0,0,0
"2/3/2026","ASAN",2.086,"A","PUT",10,9.1487,7.914,"8/21/2026","BEAR","316031","0","0",1,0,0,0,0
"2/3/2026","LOAR",6,"B","CALL",90,66.6,90,"1/15/2027","BEAR","199802","0","0",1,0,0,0,0
"2/3/2026","EEFT",4.5,"A","PUT",60,67.25,55.5,"8/21/2026","BEAR","81450","0","0",1,0,0,0,0
"2/4/2026","NVO",21.45,"A","CALL",30,47.995,51.45,"12/17/2027","BULL","10426845","0","0",1,1,0,0,0
"2/4/2026","META",158.5,"A","CALL",560,668.91,718.5,"11/20/2026","BULL","-4419178","-929","-7319728",1,0,0,0,0
"2/4/2026","NET",39,"A","CALL",220,163.29,259,"1/21/2028","BULL","2268190","104","-360410",1,1,0,1,0
"2/4/2026","DIA",23.8,"B","PUT",490,495.51,490,"1/15/2027","BULL","1199460","-555","-1180540",1,0,0,0,0
"2/4/2026","LEU",41,"A","CALL",450,235.51,491,"1/15/2027","BULL","2003000","500","650000",1,1,1,1,0
"2/4/2026","BW",3.1,"A","CALL",15,10.085,18.1,"1/15/2027","BULL","1399548","3160","1089548",1,1,0,1,0
"2/4/2026","BTC",7,"A","CALL",35,33.2,42,"1/15/2027","BULL","139990","0","0",1,1,1,1,1
"2/4/2026","GOOGL",17.972,"B","CALL",445,332.44,445,"1/15/2027","BEAR","524104","-920","-1273120",1,1,0,1,0
"2/4/2026","LRCX",21.4,"A","PUT",165,209.025,143.6,"12/18/2026","BEAR","1527890","0","0",1,0,0,0,0
"2/4/2026","AAPU",11.5,"B","CALL",27.83,34.135,27.83,"1/21/2028","BEAR","1045970","-24","-102880",1,0,0,0,0
"2/4/2026","IONQ",7.8,"B","CALL",50,34.3,50,"12/18/2026","BEAR","990000","-586","-123160",1,0,0,0,0
"2/4/2026","CELH",11.05,"A","PUT",50,48.6,38.95,"1/15/2027","BEAR","1501000","400","396000",1,0,0,0,0
"2/4/2026","JOBY",1.75,"B","CALL",32,10.11,32,"1/21/2028","BEAR","940590","640","65590",1,0,0,0,0
"2/4/2026","TSLT",13,"B","CALL",14,20.57,14,"1/21/2028","BEAR","822900","0","0",1,1,0,1,0
"2/4/2026","ABSI",1.65,"B","CALL",3,2.905,3,"1/21/2028","BEAR","-1496350","-1500","-2073685",1,0,0,0,0
"2/4/2026","FLYW",2.75,"B","CALL",10,11.15,10,"9/18/2026","BEAR","275000","0","0",1,0,0,0,0
"2/4/2026","IREX",8.4,"A","PUT",14,14.155,5.6,"9/18/2026","BEAR","211670","0","0",1,0,0,0,0
"2/4/2026","OBE",1.35,"B","CALL",7.5,7.515,7.5,"12/18/2026","BEAR","1044107","500","990107",1,1,0,1,0
"2/5/2026","ARM",38.25,"B","PUT",125,109.14,125,"12/17/2027","BULL","11786050","-72","-243575",1,1,0,0,0
"2/5/2026","PLTR",17.51,"B","PUT",90,129.8799,90,"1/21/2028","BULL","6059583","-150","-244017",1,0,0,0,0
"2/5/2026","GENI",1.2,"A","CALL",7.5,6.2,8.7,"1/15/2027","BULL","5096991","2334","296991",1,1,1,1,1
"2/5/2026","POWL",192.2,"A","CALL",420,527.4,612.2,"12/18/2026","BULL","3217400","23","430500",1,1,1,1,1
"2/5/2026","DT",6.35,"A","CALL",35,34.21,41.35,"1/15/2027","BULL","1270000","0","0",1,1,1,1,1
"2/5/2026","HOOD",35.225,"A","CALL",60,74.52,95.225,"1/21/2028","BULL","1285159","-1","228395",1,0,0,0,0
"2/5/2026","SIRI",0.95,"B","PUT",13,23,13,"1/21/2028","BULL","950000","0","0",1,1,1,1,1
"2/5/2026","U",7.1,"B","PUT",27,23.88,27,"8/21/2026","BULL","697735","-572","-77585",1,0,0,0,0
"2/5/2026","CLSK",3.3,"B","PUT",8,8.835,8,"1/21/2028","BULL","622000","-200","-38000",1,0,0,0,0
"2/5/2026","ATEX",4.446,"A","CALL",30,26.83,34.446,"8/21/2026","BULL","1058659","657","479320",1,1,1,1,0
"2/5/2026","HP",5.2,"A","CALL",35,34,40.2,"12/18/2026","BULL","520000","0","0",1,0,1,0,0
"2/5/2026","BULL",1.46,"A","CALL",10,5.7921,11.46,"1/21/2028","BULL","-736201","-7042","-1250791",1,1,0,1,0
"2/5/2026","MVST",1,"B","PUT",2.5,2.405,2.5,"1/15/2027","BULL","461016","0","0",1,0,1,0,1
"2/5/2026","PEW",0.907,"B","PUT",2.5,2.88,2.5,"1/21/2028","BULL","272171","0","0",1,0,1,0,1
"2/5/2026","MU",85.5,"BB","CALL",420,376.0874,420,"12/18/2026","BEAR","1879112","-1092","-11403910",1,0,0,0,0
"2/5/2026","NVDA",38.8,"B","CALL",170,174.48,170,"3/19/2027","BEAR","9537696","-252","-1231274",1,1,0,1,0
"2/5/2026","TQQQ",17.16,"B","CALL",48,48.59,48,"1/21/2028","BEAR","-5797952","-5805","-14120552",1,1,0,1,0
"2/5/2026","CRWD",120.007,"B","CALL",350,398.11,350,"6/17/2027","BEAR","5632848","-30","-367500",1,1,0,0,0
"2/5/2026","AZN",63.5,"B","CALL",130,188.2951,130,"1/15/2027","BEAR","2349500","0","0",1,1,0,0,0
"2/5/2026","SHOP",34.4,"A","PUT",115,110.0233,80.6,"1/21/2028","BEAR","-444465","-667","-2167890",1,0,0,0,0
"2/5/2026","UBER",7.802,"B","CALL",87.5,75.145,87.5,"1/15/2027","BEAR","1083646","-228","-86620",1,1,0,1,0
"2/5/2026","XRX",0.98,"A","PUT",2,2.15,1.02,"12/17/2027","BEAR","735000","0","0",1,0,0,0,0
"2/5/2026","ABSI",1.264,"B","CALL",4,2.675,4,"1/21/2028","BEAR","-57800","-4001","-500175",1,0,0,0,0
"2/5/2026","CSTM",3.5,"B","CALL",27,23.64,27,"1/15/2027","BEAR","-714997","-3500","-1065000",1,0,0,0,0
"2/5/2026","NYT",3.464,"B","CALL",75,68.535,75,"10/16/2026","BEAR","161068","0","0",1,0,0,0,0
"2/5/2026","GBDC",1.1,"A","PUT",12.5,12.425,11.4,"8/21/2026","BEAR","47098","-1000","-51900",1,0,0,0,0
"2/6/2026","TQQQ",17.3,"A","CALL",48,48.46,65.3,"1/21/2028","BULL","24602552","-3194","-1345718",1,1,0,1,0
"2/6/2026","SNOW",42.84,"B","PUT",180,165.2504,180,"3/19/2027","BULL","10200098","-3072","-4392838",1,1,1,1,1
"2/6/2026","NET",44.5,"A","CALL",210,167.58,254.5,"1/21/2028","BULL","6839977","528","1357577",1,1,0,1,0
"2/6/2026","AAL",6.36,"B","PUT",20,15.235,20,"12/17/2027","BULL","4452000","0","0",1,1,1,1,0
"2/6/2026","PLTR",21.1,"A","CALL",200,136.81,221.1,"6/17/2027","BULL","10142005","3226","6930585",2,0,0,0,0
"2/6/2026","CRWD",52.1,"A","CALL",490,393.46,542.1,"3/19/2027","BULL","1613925","-239","-893160",1,1,0,0,0
"2/6/2026","PLTR",48,"A","CALL",160,135.805,208,"12/15/2028","BULL","1680000","0","0",1,0,0,0,0
"2/6/2026","HOOD",10.5,"B","PUT",70,82.01,70,"9/18/2026","BULL","1048745","-1175","-526255",1,0,0,0,0
"2/6/2026","DOCN",4.9,"A","CALL",90,60.84,94.9,"8/21/2026","BULL","2778800","-517","1313510",1,1,1,0,0
"2/6/2026","ETHA",2.72,"A","CALL",18,15.0787,20.72,"9/18/2026","BULL","1346922","2140","285734",1,1,1,1,1
"2/6/2026","NBIS",29.9,"A","CALL",115,79.4622,144.9,"12/17/2027","BULL","1040520","0","0",1,0,0,0,0
"2/6/2026","FBTC",9.5,"A","CALL",104,61.02,113.5,"1/21/2028","BULL","901550","0","0",1,1,1,1,1
"2/6/2026","HPQ",2.32,"B","PUT",15,19.6464,15,"1/21/2028","BULL","258800","-1390","-344400",1,1,0,0,0
"2/6/2026","UGL",13,"B","PUT",70,70.7,70,"1/15/2027","BULL","548600","0","0",1,1,1,1,1
"2/6/2026","QQQ",22.55,"A","PUT",555,603.88,532.45,"9/18/2026","BEAR","17102056","1266","3572056",1,0,0,0,0
"2/6/2026","ARM",40.6,"A","PUT",150,123.42,109.4,"12/18/2026","BEAR","5481000","0","0",1,1,0,0,0
"2/6/2026","ARM",15.7,"B","CALL",130,119.12,130,"8/21/2026","BEAR","5086860","200","380000",1,1,0,0,0
"2/6/2026","CORZ",1.75,"B","CALL",35,16.225,35,"1/15/2027","BEAR","2549804","-3984","-1305621",1,0,0,0,0
"2/6/2026","CAT",72,"B","CALL",760,724.085,760,"9/18/2026","BEAR","3600000","0","0",1,1,1,1,0
"2/6/2026","GE",32.01,"B","CALL",350,322.6601,350,"1/15/2027","BEAR","1596000","-500","-1605000",1,0,0,0,0
"2/6/2026","STEP",2.07,"B","CALL",75,61.26,75,"9/18/2026","BEAR","1035000","0","0",1,0,0,0,0
"2/6/2026","DKNG",2.2,"B","CALL",60,26.6817,60,"1/21/2028","BEAR","546423","0","0",1,1,0,0,0
"2/6/2026","WELL",21.2,"A","PUT",200,193.2783,178.8,"1/15/2027","BEAR","276920","257","-253080",1,1,0,0,0
"2/6/2026","TLRY",3.35,"A","PUT",7,7.425,3.65,"1/21/2028","BEAR","211708","-247","-73041",1,0,0,0,0
"2/6/2026","KOD",8.1,"B","CALL",30,22.935,30,"12/18/2026","BEAR","121500","0","0",1,1,1,1,0
"2/9/2026","SNDK",136.425,"A","CALL",800,599.799,936.425,"9/18/2026","BULL","-815358","-450","-6506364",1,1,1,0,0
"2/9/2026","RUTW",252.2,"A","CALL",2660,0,2912.2,"12/31/2026","BULL","5044000","0","0",1,1,0,1,0
"2/9/2026","COHR",47.046,"AA","CALL",300,244.23,347.046,"9/18/2026","BULL","2110784","-67","-1600908",1,0,0,0,0
"2/9/2026","WDC",71,"A","CALL",300,287.97,371,"9/18/2026","BULL","6574600","463","3287300",1,0,0,0,0
"2/9/2026","POWL",145.2,"A","CALL",560,561.03,705.2,"12/18/2026","BULL","1727180","-124","-1541320",1,1,1,1,1
"2/9/2026","ADSK",11.5,"B","PUT",155,241.19,155,"1/21/2028","BULL","5538400","2408","2769200",1,0,1,0,1
"2/9/2026","INTC",8.2,"B","PUT",47,50.97,47,"12/18/2026","BULL","2515205","98","465205",1,1,1,1,1
"2/9/2026","RBLX",7.8,"B","PUT",55,73.4857,55,"12/18/2026","BULL","1996305","0","0",1,0,0,0,0
"2/9/2026","XLC",2.3,"B","PUT",104,116.96,104,"9/18/2026","BULL","2291325","7238","1187325",1,0,1,0,0
"2/9/2026","SHOP",19,"A","CALL",140,117.635,159,"12/18/2026","BULL","1056400","0","0",1,0,0,0,0
"2/9/2026","XLC",1.1,"B","PUT",95,116.96,95,"9/18/2026","BULL","-22324955","-118763","-23204955",1,0,1,0,0
"2/9/2026","WPM",39.5,"A","CALL",140,140.44,179.5,"1/21/2028","BULL","1689000","182","946400",1,0,0,0,0
"2/9/2026","AIG",15.1,"A","CALL",70,75.41,85.1,"1/21/2028","BULL","453000","0","0",1,1,1,1,1
"2/9/2026","QQQ",19.95,"A","PUT",530,614.82,510.05,"12/18/2026","BEAR","17585450","1050","2622950",1,0,0,0,0
"2/9/2026","ARM",20.101,"B","CALL",125,121.24,125,"9/18/2026","BEAR","6439740","0","-106190",1,1,0,0,0
"2/9/2026","TER",63.308,"AA","PUT",310,313.1297,246.692,"11/20/2026","BEAR","3958640","-194","-751950",1,0,0,0,0
"2/9/2026","IGV",10.1,"B","CALL",90,84.9925,90,"1/15/2027","BEAR","531935","-2078","-2883065",1,0,0,0,0
"2/9/2026","BE",60.5,"A","PUT",160,153.41,99.5,"11/20/2026","BEAR","2456299","0","0",1,1,1,1,1
"2/9/2026","LRCX",91.65,"B","CALL",160,228.4975,160,"1/15/2027","BEAR","1833000","0","0",1,0,0,0,0
"2/9/2026","OSCR",2.44,"A","PUT",8,12.145,5.56,"1/21/2028","BEAR","1220000","0","0",2,0,0,0,0
"2/9/2026","KD",2.5,"B","CALL",13,10.43,13,"1/15/2027","BEAR","513500","-490","-73500",1,0,0,0,0
"2/9/2026","ESI",7.1,"B","CALL",25,30.6835,25,"8/21/2026","BEAR","-152000","-400","-436000",1,,,,
"2/9/2026","SOYB",1.158,"BB","CALL",24,22.99,24,"8/21/2026","BEAR","184734","-203","-23345",1,1,0,1,0
"2/10/2026","TSM",35.35,"A","CALL",450,364.23,485.35,"1/15/2027","BULL","12174111","-749","-5500889",1,1,1,0,0
"2/10/2026","AMZN",24.2,"A","CALL",350,207.6599,374.2,"12/15/2028","BULL","6521900","0","0",1,1,1,1,1
"2/10/2026","CIFR",6.3,"B","PUT",18,17.3901,18,"11/20/2026","BULL","5197722","0","0",1,0,0,0,0
"2/10/2026","AMZN",41.58,"A","CALL",205,207.505,246.579999999999,"6/17/2027","BULL","4158000","0","0",1,1,1,1,1
"2/10/2026","AMZN",27.4,"A","CALL",330,207.5612,357.4,"12/15/2028","BULL","3836000","0","0",1,1,1,1,1
"2/10/2026","VYX",1.2,"A","CALL",12.5,9.8262,13.7,"12/18/2026","BULL","3078700","1374","78700",1,1,1,1,1
"2/10/2026","MCO",127.9,"A","CALL",300,415.89,427.9,"8/21/2026","BULL","1918500","0","0",1,1,1,1,1
"2/10/2026","VRT",29,"A","CALL",250,200.85,279,"12/18/2026","BULL","2645629","-208","1015829",1,1,1,0,0
"2/10/2026","BWXT",30.3,"A","CALL",280,200.6418,310.3,"1/21/2028","BULL","1515000","0","0",1,1,1,1,1
"2/10/2026","GPI",45.5,"A","CALL",330,332.4,375.5,"11/20/2026","BULL","2504720","247","1148820",1,1,1,1,1
"2/10/2026","CENX",12.2,"A","CALL",60,53.27,72.2,"1/15/2027","BULL","419999","-1000","-800001",1,0,0,0,0
"2/10/2026","BSX",4.8,"A","CALL",90,74.86,94.8,"1/15/2027","BULL","717716","-694","-333127",1,1,1,1,1
"2/10/2026","HOG",4.53,"B","PUT",20,20.175,20,"1/21/2028","BULL","320060","85","-222190",1,1,0,1,0
"2/10/2026","XPER",1.3,"A","CALL",5,5.715,6.3,"9/18/2026","BULL","101565","331","36565",1,1,1,1,1
"2/10/2026","WPP",2.458,"A","CALL",20,19.325,22.458,"12/18/2026","BULL","26216","-200","-22944",1,1,1,1,1
"2/10/2026","SKM",1.589,"B","PUT",22.5,28.85,22.5,"9/18/2026","BULL","-80714","-1722","-112494",1,1,0,0,0
"2/10/2026","AMD",66.35,"A","PUT",230,215.34,163.65,"12/17/2027","BEAR","9952500","0","0",1,0,0,0,0
"2/10/2026","WDAY",14.31,"B","CALL",195,154.485,195,"1/15/2027","BEAR","7172550","0","0",1,0,0,0,0
"2/10/2026","GOOGL",115.282,"A","PUT",415,318.4789,299.718,"12/17/2027","BEAR","3773380","0","0",1,1,0,1,0
"2/10/2026","GE",33,"B","CALL",340,317.5488,340,"1/15/2027","BEAR","1498029","-185","-481971",1,0,0,0,0
"2/10/2026","MSCI",27.4,"A","PUT",470,535.86,442.6,"12/18/2026","BEAR","1096000","0","0",1,0,0,0,0
"2/10/2026","DKNG",3.95,"B","CALL",45,27,45,"12/17/2027","BEAR","709235","-529","-122565",1,1,0,0,0
"2/10/2026","ARRY",4.6,"B","CALL",10,11.7103,10,"1/15/2027","BEAR","865100","340","78960",1,1,0,1,0
"2/10/2026","CABA",0.85,"B","CALL",2.5,2.655,2.5,"8/21/2026","BEAR","1188545","11740","837820",1,0,0,0,0
"2/11/2026","XLF",6.26,"B","PUT",58,52.8523,58,"1/15/2027","BULL","9390000","0","0",1,0,0,0,0
"2/11/2026","NEM",24.85,"A","CALL",150,122.27,174.85,"1/21/2028","BULL","2349830","-2082","-3634190",1,1,0,1,0
"2/11/2026","JETS",4.3,"B","PUT",32,29.94,32,"1/15/2027","BULL","1075000","0","0",1,0,1,0,1
"2/11/2026","GTLB",8.41,"B","PUT",30,29.72,30,"1/21/2028","BULL","841000","0","0",1,0,0,0,0
"2/11/2026","JMIA",3.3,"B","PUT",11,9.8,11,"8/21/2026","BULL","792000","0","0",1,0,1,0,1
"2/11/2026","AFRM",13.3,"B","PUT",47.5,55.4034,47.5,"1/21/2028","BULL","665000","0","0",1,0,0,0,0
"2/11/2026","FSLY",1.4,"A","CALL",12.5,9.32,13.9,"9/18/2026","BULL","438364.5","-668","-93520",1,1,1,1,1
"2/11/2026","SNAP",0.95,"B","PUT",5,5.015,5,"9/18/2026","BULL","550995","1176","37995",1,1,1,1,0
"2/11/2026","ARLP",1.06,"B","PUT",22.5,25.5798,22.5,"9/18/2026","BULL","137800","0","0",1,1,1,1,1
"2/11/2026","OM",1,"A","CALL",5,4.5,6,"8/21/2026","BULL","51400","0","0",1,1,1,1,1
"2/11/2026","RELL",2.45,"A","CALL",17.5,14.05,19.95,"9/18/2026","BULL","86000","200","37000",1,1,1,1,1
"2/11/2026","QQQ",22.37,"A","PUT",540,613.53,517.63,"12/18/2026","BEAR","20475513","335","-1894487",1,0,0,0,0
"2/11/2026","DASH",27.7,"B","CALL",200,176.695,200,"1/15/2027","BEAR","5125938","-188","-414062",1,1,1,1,0
"2/11/2026","TSM",173.944,"A","PUT",500,375.2,326.056,"12/15/2028","BEAR","3026630","0","0",1,1,1,0,0
"2/11/2026","SLV",115.549,"A","PUT",190,75.9,74.451,"12/31/2026","BEAR","2172330","0","0",1,0,0,0,0
"2/11/2026","LNG",20.6,"A","PUT",220,219.21,199.4,"1/15/2027","BEAR","1956000","-175","-106500",1,0,0,0,0
"2/11/2026","VALE",0.46,"B","CALL",25,17.265,25,"1/15/2027","BEAR","468900","-3699","-214660",1,1,1,1,1
"2/11/2026","STLA",1.349,"A","PUT",8,7.605,6.651,"9/18/2026","BEAR","647221","-250","-27500",1,0,0,0,0
"2/11/2026","FTRE",1.4,"B","CALL",17.5,11.695,17.5,"8/21/2026","BEAR","419300","0","0",1,1,0,0,0
"2/11/2026","LDOS",4.8,"A","PUT",140,178.8374,135.2,"12/18/2026","BEAR","336000","0","0",1,0,0,0,0
"2/11/2026","PBR.A",1.95,"A","PUT",12.5,14.83,10.55,"1/21/2028","BEAR","123045","-258","-50310",1,0,0,0,0
"2/12/2026","QQQ",228.581,"B","PUT",830,601.35,830,"12/18/2026","BULL","-10956766","-1220","-27643160",1,0,0,0,0
"2/12/2026","COIN",28.8,"A","CALL",160,147.5401,188.8,"9/18/2026","BULL","4464000","0","0",1,1,1,0,0
"2/12/2026","SVM",1.25,"B","PUT",7.5,10.58,7.5,"1/15/2027","BULL","327500","200","15000",1,0,0,0,0
"2/12/2026","UTZ",1.55,"B","PUT",10,9.19,10,"9/18/2026","BULL","59055","0","0",1,0,1,0,1
"2/12/2026","IGV",12.25,"A","PUT",80,80.15,67.75,"1/21/2028","BEAR","3583049","-1400","-1929451",1,0,0,0,0
"2/12/2026","HOOD",10.97,"A","PUT",60,71.14,49.03,"12/18/2026","BEAR","3219971","-43","-71029",1,0,0,0,0
"2/12/2026","ASTS",35.5,"B","CALL",120,83.87,120,"1/21/2028","BEAR","2840000","0","0",1,0,0,0,0
"2/12/2026","JPM",22.44,"A","PUT",300,303.25,277.56,"8/21/2026","BEAR","2244000","0","0",1,0,0,0,0
"2/12/2026","U",4.4,"A","PUT",18,19.55,13.6,"1/15/2027","BEAR","856500","-2500","-903500",1,0,0,0,0
"2/12/2026","FICO",145.001,"AA","PUT",1200,1293.688,1054.999,"12/18/2026","BEAR","1537013","0","0",1,0,0,0,0
"2/12/2026","AFRM",3.805,"A","PUT",32.5,50.75,28.695,"12/18/2026","BEAR","1197297","0","0",1,0,0,0,0
"2/12/2026","TE",6.5,"A","PUT",10,6.0864,3.5,"1/21/2028","BEAR","1039990","0","0",1,0,0,0,0
"2/12/2026","WMT",25.9,"B","CALL",130,132.3,130,"1/21/2028","BEAR","1835559","499","895389",1,1,0,0,0
"2/12/2026","SOFI",1.58,"B","CALL",45,20.065,45,"6/17/2027","BEAR","598759","-696","-72741",1,0,0,0,0
"2/12/2026","PCT",2.4,"A","PUT",9,8.935,6.6,"8/21/2026","BEAR","760420","787","139983",1,0,0,0,0
"2/12/2026","CGNX",14.9,"B","CALL",45,57.16,45,"8/21/2026","BEAR","734230","200","396000",1,0,0,0,0
"2/13/2026","SLV",11.85,"A","CALL",70,70.59,81.85,"9/18/2026","BULL","8459166","2231","-1365649",1,0,0,0,0
"2/13/2026","TSM",28.298,"A","CALL",510,366.19,538.298,"1/15/2027","BULL","16520800","4185","11777044",1,1,1,0,0
"2/13/2026","TSM",22.733,"A","CALL",550,365.825,572.733,"1/15/2027","BULL","3859470","-65","-84261",1,1,1,0,0
"2/13/2026","DAL",9,"B","PUT",70,69.13,70,"9/18/2026","BULL","3857440","-157","-12560",1,0,0,0,0
"2/13/2026","IBIT",5.74,"A","CALL",55,38.835,60.74,"6/17/2027","BULL","1570296","-2324","-1299704",1,0,0,0,0
"2/13/2026","DKNG",2.61,"B","PUT",20,22.0098,20,"8/21/2026","BULL","2226100","-947","-122900",1,1,0,0,0
"2/13/2026","ARKK",21.7,"B","PUT",88,70.56,88,"1/15/2027","BULL","2251460","504","729960",1,0,0,0,0
"2/13/2026","PLTR",20.2,"A","CALL",190,131.3,210.2,"6/17/2027","BULL","-5590417","-2916","-7105417",2,0,0,0,0
"2/13/2026","SHOP",33.2,"B","PUT",130,112.1509,130,"12/18/2026","BULL","1328000","0","0",1,0,0,0,0
"2/13/2026","AG",4.42,"B","PUT",20,22.855,20,"12/18/2026","BULL","625750","-1000","-479250",1,1,1,1,1
"2/13/2026","EPD",0.91,"A","CALL",42,37.0385,42.91,"1/15/2027","BULL","314924","-9870","-584493",1,1,1,1,1
"2/13/2026","COUR",1.66,"A","CALL",5,5.915,6.66,"8/21/2026","BULL","1588605","6098","841605",1,1,1,1,1
"2/13/2026","KMI",0.836,"A","CALL",40,32.275,40.836,"1/15/2027","BULL","-5127","-8020","-520503",1,0,0,0,0
"2/13/2026","RF",1.35,"B","PUT",25,29.8366,25,"1/15/2027","BULL","-670420","-4548","-1075420",1,0,0,0,0
"2/13/2026","UWMC",1.05,"A","CALL",5,4.955,6.05,"12/18/2026","BULL","62546","-2464","-252604",1,1,0,1,0
"2/13/2026","PBI",1.35,"A","CALL",22,10.275,23.35,"1/21/2028","BULL","265872","0","0",1,1,1,1,1
"2/13/2026","TPH",2.95,"AA","CALL",45,46.365,47.95,"11/20/2026","BULL","118000","0","0",1,1,1,1,1
"2/13/2026","SID",0.095,"A","CALL",2.5,1.65,2.595,"9/18/2026","BULL","95000","0","0",1,1,1,1,1
"2/13/2026","RIG",1.92,"B","CALL",7,6.4934,7,"1/21/2028","BEAR","3599596","-2396","-240404",1,1,0,1,0
"2/13/2026","CIFR",6.954,"BB","CALL",15,16.785,15,"12/18/2026","BEAR","-1452465","-3439","-3139170",1,0,0,0,0
"2/13/2026","TYL",25,"B","CALL",350,301.13,350,"9/18/2026","BEAR","267782","-358","-911468",1,0,0,0,0
"2/13/2026","DLR",7.6,"A","PUT",150,179.579,142.4,"9/18/2026","BEAR","1569982","-32","430164",1,0,0,0,0
"2/13/2026","HTGC",2.66,"A","PUT",17,15.65,14.34,"8/21/2026","BEAR","158866","0","0",1,0,0,0,0
"2/13/2026","HXL",4.6,"B","CALL",110,89.45,110,"12/18/2026","BEAR","123280","0","0",1,0,0,0,0
"2/17/2026","CAT",168.5,"A","CALL",780,753.865,948.5,"12/17/2027","BULL","6336500","120","2124000",1,1,1,1,0
"2/17/2026","AMD",14.75,"B","PUT",100,202.0858,100,"12/15/2028","BULL","3318750","0","0",1,0,0,0,0
"2/17/2026","IGV",6.6,"B","PUT",75,81.0468,75,"1/15/2027","BULL","594375","-2084","-1781625",1,0,0,0,0
"2/17/2026","TSM",23.204,"AA","CALL",540,363.804,563.204,"1/15/2027","BULL","9514266","3040","7175192",1,1,1,0,0
"2/17/2026","VRT",40.2,"B","PUT",240,240.994,240,"9/18/2026","BULL","-518942","-1899","-2770142",1,1,1,0,0
"2/17/2026","VRT",45.3,"B","PUT",240,240.7712,240,"11/20/2026","BULL","2582195","250","625235",1,1,1,0,0
"2/17/2026","HOOD",5.25,"B","PUT",55,74.89,55,"8/21/2026","BULL","2268791","-7008","693791",1,0,0,0,0
"2/17/2026","BRBR",9,"A","CALL",12.5,18.1229,21.5,"1/21/2028","BULL","3894870","2760","2354070",1,1,1,1,1
"2/17/2026","BRBR",7.593,"A","CALL",12.5,17.89,20.093,"1/15/2027","BULL","2940465","1799","1421210",1,1,1,1,1
"2/17/2026","EXE",6.5,"A","CALL",125,101.385,131.5,"1/15/2027","BULL","1124995","-800","-175005",1,1,1,1,0
"2/17/2026","AG",3.35,"B","PUT",17,21.39,17,"1/15/2027","BULL","542034","-2173","-730966",1,1,1,1,1
"2/17/2026","RRX",12.7,"B","PUT",170,218.77,170,"12/18/2026","BULL","1270000","0","0",1,1,1,1,1
"2/17/2026","COUR",1.3,"A","CALL",7,6.1006,8.3,"1/15/2027","BULL","670827","-5036","-541573",1,1,1,1,1
"2/17/2026","PTON",0.79,"A","CALL",10,4.18,10.79,"1/21/2028","BULL","790367","60","367",1,1,1,0,0
"2/17/2026","WELL",26.168,"A","CALL",210,214.19,236.168,"1/15/2027","BULL","1095873","179","425982",1,1,0,0,0
"2/17/2026","SKM",4.49,"A","CALL",45,33.67,49.49,"12/18/2026","BULL","270594","609","180794",1,1,0,0,0
"2/17/2026","CORN",0.6,"A","CALL",19,17.4799,19.6,"8/21/2026","BULL","202270","903","112865",1,1,0,1,0
"2/17/2026","NVDA",9.83,"A","PUT",90,183.6001,80.17,"12/15/2028","BEAR","5510200","200","202000",1,1,0,1,0
"2/17/2026","MSFT",14.735,"BB","CALL",510,397.44,510,"1/15/2027","BEAR","5016135","-511","1674175",1,1,1,1,0
"2/17/2026","IBIT",8.3,"B","CALL",65,38.355,65,"6/16/2028","BEAR","3339272","0","0",1,0,0,0,0
"2/17/2026","FISV",15,"A","PUT",70,63.665,55,"1/15/2027","BEAR","3000000","0","0",1,0,0,0,0
"2/17/2026","EMR",7.4,"A","PUT",130,146.56,122.6,"9/18/2026","BEAR","-1111620","-3846","-4071620",1,,,,
"2/17/2026","FTV",3.15,"A","PUT",50,56.655,46.85,"9/18/2026","BEAR","1605000","-7500","-757500",1,0,0,0,0
"2/17/2026","MOD",29.5,"B","CALL",260,218.71,260,"8/21/2026","BEAR","-119050","-835","-2479050",1,1,1,0,0
"2/17/2026","CNH",1,"B","CALL",15,13.1339,15,"1/15/2027","BEAR","2239500","-300","-10500",1,0,0,0,0
"2/17/2026","HL",6.2,"B","CALL",20,21.45,20,"9/18/2026","BEAR","965013","-6762","-894367",1,0,0,0,0
"2/17/2026","WSM",20.5,"B","CALL",230,207.36,230,"9/18/2026","BEAR","1537500","0","0",1,1,0,1,0
"2/17/2026","LW",5,"B","CALL",52.5,46.6285,52.5,"1/15/2027","BEAR","2084000","2000","1084000",1,0,0,0,0
"2/17/2026","ZIM",3.1,"A","PUT",27,27.95,23.9,"12/18/2026","BEAR","369240","-300","-120000",1,1,0,0,0
"2/17/2026","FTV",4.8,"A","PUT",55,56.525,50.2,"9/18/2026","BEAR","156639","-300","-67500",1,0,0,0,0
"2/18/2026","GOOGL",38.3,"A","CALL",350,305.15,388.3,"6/17/2027","BULL","10838899","1550","8379969",1,1,0,1,0
"2/18/2026","IGV",7.55,"B","PUT",75,82.02,75,"6/17/2027","BULL","4767900","2700","2502900",1,0,0,0,0
"2/18/2026","IGV",7.55,"B","PUT",77,82.05,77,"6/17/2027","BULL","2265000","0","0",1,0,0,0,0
"2/18/2026","SHEL",6.69,"A","CALL",80,79.68,86.69,"1/15/2027","BULL","2007000","0","0",1,1,1,1,0
"2/18/2026","UL",6.65,"A","CALL",70,72.415,76.65,"1/15/2027","BULL","1995000","0","0",1,1,0,1,0
"2/18/2026","INTC",5.58,"B","PUT",42,46.5686,42,"9/18/2026","BULL","1931529","-222","300495",1,1,1,1,1
"2/18/2026","VDE",9.2,"A","CALL",160,153.86,169.2,"9/18/2026","BULL","644920","0","0",1,1,1,1,1
"2/18/2026","BK",19,"B","PUT",120,119.7,120,"1/21/2028","BULL","568100","0","0",1,1,0,1,0
"2/18/2026","AEO",3.09,"B","PUT",23,24.97,23,"8/21/2026","BULL","382233","0","0",1,0,0,0,0
"2/18/2026","FCG",0.65,"A","CALL",35,26.855,35.65,"9/18/2026","BULL","259996","0","0",1,1,1,1,1
"2/18/2026","RXT",0.35,"B","PUT",1,1.4576,1,"8/21/2026","BULL","-129565","-7276","-234565",1,1,1,1,1
"2/18/2026","WMT",9.8,"B","CALL",140,127.83,140,"12/18/2026","BEAR","4723446","3372","2763446",1,1,0,0,0
"2/18/2026","MDY",11.3,"A","PUT",530,657.745,518.7,"1/15/2027","BEAR","1469000","0","0",1,0,0,0,0
"2/18/2026","CIFR",6.5,"A","PUT",17,15.85174,10.5,"1/15/2027","BEAR","1112500","0","0",1,0,0,0,0
"2/18/2026","GLXY",7.2,"B","CALL",20,22.03,20,"9/18/2026","BEAR","873945","205","156825",1,0,0,0,0
"2/18/2026","WEN",0.51,"B","CALL",15,8.085,15,"1/21/2028","BEAR","-362600","-13900","-872600",1,1,1,1,1
"2/18/2026","SOYB",1.645,"BB","CALL",23,23.435,23,"8/21/2026","BEAR","356719","500","110039",1,1,0,1,0
"2/18/2026","USAU",4,"B","CALL",15,16.39,15,"8/21/2026","BEAR","4430","-601","-55570",1,,,,
"2/19/2026","RUTW",217,"A","CALL",2730,0,2947,"12/31/2026","BULL","4340000","0","0",1,1,0,1,0
"2/19/2026","WDC",65,"B","PUT",260,285.805,260,"1/15/2027","BULL","3776500","0","0",1,0,0,0,0
"2/19/2026","INTC",7.54,"B","PUT",42,44.605,42,"1/15/2027","BULL","5436613","2979","3151239",1,1,1,1,1
"2/19/2026","MOD",29.65,"A","CALL",310,218.16,339.65,"1/15/2027","BULL","895430","0","0",1,1,1,0,0
"2/19/2026","TDW",14.3,"A","CALL",75,71.625,89.3,"1/15/2027","BULL","1149000","300","720000",1,0,0,0,0
"2/19/2026","VIST",5.5,"B","PUT",55,58.6438,55,"8/21/2026","BULL","294250","0","0",1,0,0,0,0
"2/19/2026","FLUX",0.55,"A","CALL",2.5,1.485,3.05,"10/16/2026","BULL","205510","0","0",1,1,1,1,1
"2/19/2026","CORN",1,"A","CALL",18,17.43,19,"8/21/2026","BULL","139698","0","0",1,1,0,1,0
"2/19/2026","VAL",9.26,"B","CALL",120,93.035,120,"12/18/2026","BEAR","5451100","-7550","-8531500",1,0,0,0,0
"2/19/2026","HOOD",15.75,"B","CALL",85,74.935,85,"12/18/2026","BEAR","2283577","551","866982",1,0,0,0,0
"2/19/2026","IBKR",21.293,"A","PUT",90,73.39,68.707,"1/15/2027","BEAR","961780","-279","-326430",1,0,1,0,0
"2/19/2026","STX",122.7,"B","CALL",510,408.86,510,"1/21/2028","BEAR","42000","-100","-1185000",1,0,0,0,0
"2/19/2026","HL",0.75,"A","PUT",10,22.585,9.25,"1/15/2027","BEAR","3394863","101112","2543613",1,0,0,0,0
"2/19/2026","RNG",1.7,"A","PUT",15,29.44,13.3,"1/21/2028","BEAR","782975","-175","-24500",1,0,0,0,0
"2/19/2026","RIG",0.43,"B","CALL",10,6.2252,10,"1/15/2027","BEAR","8200754","129076","7555754",2,1,0,1,0
"2/19/2026","BTDR",2.15,"B","CALL",10,7.655,10,"1/15/2027","BEAR","299025","-1460","-307450",1,1,0,0,0
"2/19/2026","RIG",0.37,"B","CALL",10,6.26,10,"12/18/2026","BEAR","529621","1549","58698",1,1,0,1,0
"2/19/2026","DHT",1.06,"B","CALL",20,16.655,20,"1/15/2027","BEAR","-258758","-1969","-482075",1,1,1,1,1
"2/20/2026","TSM",30.05,"A","CALL",500,368.635,530.05,"1/15/2027","BULL","18855961","4966","15989603",1,1,1,0,0
"2/20/2026","SHOP",30.85,"B","PUT",140,130.13,140,"12/18/2026","BULL","1234000","0","0",1,0,0,0,0
"2/20/2026","MT",9.8,"A","CALL",85,64.92,94.8,"1/21/2028","BULL","539970","0","0",1,1,1,1,1
"2/20/2026","BCAX",6.2,"B","PUT",20,16.1715,20,"1/15/2027","BULL","217000","0","0",1,0,1,0,1
"2/20/2026","FUBO",0.293,"BB","PUT",1,1.26,1,"1/21/2028","BULL","202786","0","0",1,0,1,0,1
"2/20/2026","WPP",3.668,"A","CALL",17.5,18.835,21.168,"12/18/2026","BULL","73358","0","0",1,1,1,1,1
"2/20/2026","VALE",1.04,"B","CALL",20,16.365,20,"1/15/2027","BEAR","658615","-10818","-838985",1,1,1,1,1
"2/20/2026","UPST",4.24,"A","PUT",25,29.41,20.7599999999999,"9/18/2026","BEAR","236937","-29","-823063",1,0,0,0,0
"2/20/2026","SOFI",4.1,"A","PUT",20,18.9599,15.9,"9/18/2026","BEAR","1196599","1609","581599",1,0,0,0,0
"2/20/2026","RPD",0.649,"A","PUT",3,6.65,2.351,"1/21/2028","BEAR","507944","0","0",1,0,0,0,0
"2/20/2026","MARA",1.02,"A","PUT",3,8.105,1.98,"1/21/2028","BEAR","134623","-4914","-334577",1,0,0,0,0
"2/20/2026","OLN",3.9,"B","CALL",25,24.315,25,"8/21/2026","BEAR","333892","-691","33850",1,0,0,0,0
"2/20/2026","DRN",0.6,"B","CALL",12,10.35,12,"8/21/2026","BEAR","264217","0","0",1,0,0,0,0
"2/20/2026","DBA",1.7,"B","CALL",26,25.965,26,"10/16/2026","BEAR","-310523","-1510","-393663",1,1,0,0,0
"2/20/2026","GBDC",0.5,"B","CALL",12.5,12.085,12.5,"8/21/2026","BEAR","49009","490","24009",1,0,0,0,0
"2/23/2026","ASTS",26.7,"B","PUT",80,81.51,80,"1/15/2027","BULL","5966400","-300","-441600",1,0,0,0,0
"2/23/2026","COIN",30.209,"AA","CALL",195,159.35,225.209,"1/15/2027","BULL","49441","-753","-4442700",1,1,1,0,0
"2/23/2026","VRT",25.65,"B","PUT",210,242.76,210,"9/18/2026","BULL","1826163","-734","-738837",1,1,1,0,0
"2/23/2026","GOOG",47.4,"A","CALL",380,310.69,427.4,"1/21/2028","BULL","3794993","449","1903733",1,0,0,0,0
"2/23/2026","CG",4.646,"A","CALL",55,49.66,59.646,"9/18/2026","BULL","1577527","-374","-129424",1,0,0,0,0
"2/23/2026","TEM",7.81,"B","PUT",50,57.16,50,"9/18/2026","BULL","1562000","0","0",1,1,0,1,0
"2/23/2026","ONC",60.5,"B","PUT",400,365.18,400,"8/21/2026","BULL","605000","0","0",1,0,1,0,1
"2/23/2026","CRML",4.123,"AA","CALL",10,10.21,14.123,"1/15/2027","BULL","565652","6023","-8036",1,0,0,0,0
"2/23/2026","RIG",1.78,"A","CALL",7,6.815,8.78,"6/17/2027","BULL","482176","644","37176",1,1,0,1,0
"2/23/2026","IGV",10.999,"A","PUT",80,76.7545,69.001,"1/15/2027","BEAR","10265261","6717","-77355",1,0,0,0,0
"2/23/2026","MDB",100,"B","CALL",250,299.095,250,"12/18/2026","BEAR","10880000","500","5880000",1,0,0,0,0
"2/23/2026","VST",16.8,"A","PUT",150,166.125,133.2,"9/18/2026","BEAR","2916775","-496","-443225",1,0,1,0,1
"2/23/2026","GEV",85.4,"A","PUT",750,818.99,664.6,"9/18/2026","BEAR","2412800","23","-576200",1,1,1,0,1
"2/23/2026","TPL",61,"B","CALL",600,526.32,600,"10/16/2026","BEAR","861124","-198","-1006660",1,1,0,1,0
"2/23/2026","STLD",22.8,"B","CALL",200,192.5265,200,"9/18/2026","BEAR","1220060","0","0",1,1,0,1,0
"2/23/2026","VFC",1.05,"A","PUT",15,19.655,13.95,"9/18/2026","BEAR","-1473719","-18006","-2515949",1,0,0,0,0
"2/23/2026","UBER",4.12,"A","PUT",57.5,70.5695,53.38,"12/18/2026","BEAR","929500","-300","-100500",1,1,0,1,0
"2/23/2026","PPL",0.9,"A","PUT",30,36.59,29.1,"1/15/2027","BEAR","983485","5567","466285",1,0,0,0,0
"2/23/2026","EQH",8.8,"A","PUT",47.5,39.9824,38.7,"9/18/2026","BEAR","264000","0","0",1,0,0,0,0
"2/23/2026","TSLZ",2.49,"BB","CALL",19,14.07,19,"9/18/2026","BEAR","59500","0","0",1,0,0,0,0
"2/23/2026","TXO",0.3,"B","CALL",15,12.6671,15,"8/21/2026","BEAR","56000","0","0",1,0,0,0,0
"2/24/2026","APP",86.6,"B","PUT",360,391.09,360,"1/15/2027","BULL","5048780","0","0",1,0,0,0,0
"2/24/2026","KRE",6.5,"B","PUT",60,68.5164,60,"1/21/2028","BULL","3637000","-800","-464000",1,0,1,0,1
"2/24/2026","IREN",13.65,"A","CALL",47,43.85,60.65,"10/16/2026","BULL","3825000","-200","-270000",1,1,0,1,0
"2/24/2026","CAT",46.3,"B","PUT",690,769.055,690,"8/21/2026","BULL","-1440000","-750","-4912500",1,1,1,1,0
"2/24/2026","RKLB",18.7,"B","PUT",65,68.61,65,"1/15/2027","BULL","172880","-1382","-2188930",1,0,0,0,0
"2/24/2026","NET",17.2,"A","CALL",240,164.19,257.2,"1/15/2027","BULL","1892000","0","0",1,1,0,1,0
"2/24/2026","AXTI",10.7,"A","CALL",45,34.19,55.7,"8/21/2026","BULL","-736778","-1260","-1716778",1,1,1,1,1
"2/24/2026","LNC",4.82,"B","PUT",30,35.98,30,"1/21/2028","BULL","964000","0","0",1,0,1,0,1
"2/24/2026","LMND",11.7,"B","PUT",50,49.595,50,"9/18/2026","BULL","226098","-1773","-669532",1,0,0,0,0
"2/24/2026","SCHD",5.7,"A","CALL",28,31.585,33.7,"1/21/2028","BULL","751262","-202","-103738",1,1,1,0,0
"2/24/2026","PBR",0.9,"A","CALL",18,16.515,18.9,"9/18/2026","BULL","2274923","16547","1461838",1,1,1,0,0
"2/24/2026","HUT",8.1,"A","CALL",95,56.7,103.1,"9/18/2026","BULL","5325950","1140","4524050",1,1,0,0,0
"2/24/2026","FRT",3.5,"A","CALL",115,108.36,118.5,"8/21/2026","BULL","350000","0","0",1,1,1,1,1
"2/24/2026","TROX",3.9,"A","CALL",5,7.25,8.9,"1/21/2028","BULL","783390","1400","478800",1,1,1,0,0
"2/24/2026","FCEL",2.509,"A","CALL",9,8.74,11.509,"10/16/2026","BULL","250940","0","0",1,1,1,1,1
"2/24/2026","HOOD",15.64,"A","PUT",70,73.07,54.36,"1/15/2027","BEAR","2057308","-350","-479500",1,0,0,0,0
"2/24/2026","IONQ",5.202,"B","CALL",55,31.82,55,"12/18/2026","BEAR","361671","-3402","-1435220",1,0,0,0,0
"2/24/2026","ITRI",7.85,"A","PUT",85,97.835,77.15,"8/21/2026","BEAR","981250","0","0",1,0,0,0,0
"2/24/2026","EGO",7.412,"B","CALL",47,42.71,47,"1/15/2027","BEAR","970547","332","10680",1,0,0,0,0
"2/24/2026","SOFI",2.82,"A","PUT",18,18.645,15.18,"8/21/2026","BEAR","1155224","7300","750824",1,0,0,0,0
"2/24/2026","UTI",2.361,"B","CALL",40,33.14,40,"10/16/2026","BEAR","118036","0","0",1,1,1,1,1
"2/24/2026","WIT",0.49,"A","PUT",2.5,2.155,2.01,"9/18/2026","BEAR","85681","499","36685",1,0,0,0,0
"2/25/2026","AMD",27.14,"A","CALL",260,211.54,287.14,"11/20/2026","BULL","10856000","0","0",1,0,0,0,0
"2/25/2026","GLD",17.7,"B","PUT",435,476.7148,435,"9/18/2026","BULL","-83152605","-14143","-90763605",1,0,0,0,0
"2/25/2026","COIN",49.65,"A","CALL",160,172.615,209.65,"12/18/2026","BULL","4900455","0","0",1,1,1,0,0
"2/25/2026","CAVA",4.4,"A","CALL",135,83.2032,139.4,"12/18/2026","BULL","2132160","0","0",1,1,1,1,1
"2/25/2026","VRT",34.75,"A","CALL",330,263.5695,364.75,"11/20/2026","BULL","572440","-200","-1165060",1,1,1,0,0
"2/25/2026","AEIS",42.8,"B","PUT",300,342.475,300,"12/18/2026","BULL","770400","0","0",1,1,1,1,1
"2/25/2026","RUN",5.72,"B","PUT",20,19.54,20,"1/15/2027","BULL","686400","0","0",1,0,0,0,0
"2/25/2026","VIAV",6.498,"A","CALL",30,30.0829,36.498,"12/18/2026","BULL","69809","-400","-450000",1,0,0,0,0
"2/25/2026","SHLD",9.07,"A","CALL",70,74.125,79.07,"9/18/2026","BULL","330428","415","-123087",1,1,1,1,1
"2/25/2026","MVIS",0.27,"A","CALL",1,0.8414,1.27,"1/15/2027","BULL","296198","4989","94238",1,1,0,1,0
"2/25/2026","OSG",0.7,"B","PUT",5,5.13,5,"8/21/2026","BULL","128235","-701","-52575",1,0,1,0,1
"2/25/2026","VTSI",0.9,"A","CALL",5,4.365,5.9,"8/21/2026","BULL","89978","0","0",1,1,1,1,1
"2/25/2026","CRCG",0.822,"AA","CALL",3,2.225,3.822,"9/18/2026","BULL","82201","0","0",1,1,1,1,1
"2/25/2026","AMAT",43.9,"B","CALL",500,394.12,500,"1/15/2027","BEAR","5547335","749","3132835",1,0,0,0,0
"2/25/2026","ARE",12.5,"A","PUT",60,53.595,47.5,"1/15/2027","BEAR","521412","-450","-566088",1,0,0,0,0
"2/25/2026","TIGO",5.4,"B","CALL",75,67.21,75,"10/16/2026","BEAR","648000","0","0",1,1,1,1,0
"2/25/2026","WBD",1.05,"B","CALL",30,29.045,30,"9/18/2026","BEAR","442240","-5900","-13460",1,0,0,0,0
"2/25/2026","SM",7.7,"B","CALL",15,21.83,15,"8/21/2026","BEAR","-545500","-900","-969000",1,1,0,1,0
"2/25/2026","NESR",2.36,"B","CALL",30,26.0086,30,"9/18/2026","BEAR","89400","-50","-5000",1,0,0,0,0
"2/25/2026","BTCS",0.53,"A","PUT",1.5,1.7,0.97,"1/15/2027","BEAR","53000","0","0",1,0,0,0,0
"2/26/2026","SLNO",5.7,"A","CALL",50,37.155,55.7,"9/18/2026","BULL","1425000","0","0",1,1,1,1,1
"2/26/2026","FIGR",9.3,"B","PUT",35,34.32,35,"8/21/2026","BULL","1032800","167","101870",1,1,1,0,0
"2/26/2026","TXG",1.75,"A","CALL",30,22.04,31.75,"8/21/2026","BULL","417664","-1042","-104200",1,1,1,1,1
"2/26/2026","IPI",4.38,"A","CALL",40,34.8975,44.38,"9/18/2026","BULL","-285800","-1000","-680000",1,,,,
"2/26/2026","NG",3.5,"A","CALL",12,12.42,15.5,"12/18/2026","BULL","-395615","-3520","-745615",1,1,1,1,0
"2/26/2026","UCTT",13.9,"A","CALL",65,61.5431,78.9,"9/18/2026","BULL","941500","490","663500",1,0,0,0,0
"2/26/2026","PHVS",7.83,"B","PUT",25,27.2,25,"1/15/2027","BULL","223155","0","0",1,0,1,0,1
"2/26/2026","GOLF",2.45,"B","PUT",85,99.71,85,"9/18/2026","BULL","49000","0","0",1,0,1,0,1
"2/26/2026","AMZN",16.82,"A","PUT",150,208.3384,133.18,"12/15/2028","BEAR","4205000","0","0",1,1,1,1,1
"2/26/2026","SIMO",22.206,"B","CALL",140,131.38,140,"9/18/2026","BEAR","4057575","694","1305930",1,1,0,1,0
"2/26/2026","PLUG",0.461,"BB","CALL",2.5,1.87,2.5,"1/15/2027","BEAR","2319466","-71","14260",1,0,0,0,0
"2/26/2026","CYTK",20.6,"B","CALL",55,62,55,"8/21/2026","BEAR","372320","-885","-1681500",1,0,0,0,0
"2/26/2026","ENVX",2.25,"A","PUT",5,5.94,2.75,"1/21/2028","BEAR","1687500","0","0",1,0,0,0,0
"2/26/2026","NKTR",9.75,"B","CALL",85,67.8293,85,"8/21/2026","BEAR","363750","-350","-172500",1,1,1,1,1
"2/26/2026","BBIO",23.848,"B","CALL",60,64.91,60,"1/21/2028","BEAR","476967","0","0",1,0,0,0,0
"2/26/2026","ABCL",2.1,"B","CALL",3,3.595,3,"1/21/2028","BEAR","810852","2599","436950",1,1,0,1,0
"2/26/2026","WEAT",2,"B","CALL",23,21.68,23,"1/15/2027","BEAR","528400","1499","328400",1,0,0,0,0
"2/26/2026","CANE",1.122,"BB","CALL",10,9.38,10,"10/16/2026","BEAR","247630","1450","73125",2,0,0,0,0
"2/27/2026","ORCL",36.5,"B","PUT",160,144.19,160,"11/20/2026","BULL","6633000","1500","1158000",1,0,0,0,0
"2/27/2026","ITA",17.4,"B","PUT",240,242.525,240,"12/18/2026","BULL","3480000","0","0",1,0,1,0,1
"2/27/2026","GOOGL",38,"A","CALL",360,309.22,398,"6/17/2027","BULL","-2537584","563","-4942984",1,1,0,1,0
"2/27/2026","PBR.A",0.577,"A","CALL",20,15.3726,20.5769999999999,"1/15/2027","BULL","2203411","6972","807821",1,0,0,0,0
"2/27/2026","PVH",1.65,"B","PUT",50,69.0783,50,"9/18/2026","BULL","1345989","0","0",1,0,1,0,1
"2/27/2026","FLNC",2.8,"B","PUT",13,15.36,13,"8/21/2026","BULL","389900","-390","-30100",1,1,0,1,0
"2/27/2026","LODE",0.55,"B","PUT",2.5,3.065,2.5,"10/16/2026","BULL","883855","10759","469979",1,1,1,1,1
"2/27/2026","MARA",1.23,"A","CALL",20,9.765,21.23,"12/18/2026","BULL","795063","3030","468129",1,0,0,0,0
"2/27/2026","CXW",1.5,"A","CALL",20,17.53,21.5,"9/18/2026","BULL","47585","-938","-144865",1,1,1,1,0
"2/27/2026","VTS",1.6,"B","PUT",17.5,19.29,17.5,"10/16/2026","BULL","11000","-150","-21000",1,1,1,1,1
"2/27/2026","ONDS",1.85,"A","PUT",5,9.885,3.15,"1/21/2028","BEAR","-7804","-53096","-9121644",1,0,1,0,0
"2/27/2026","RUN",2.441,"B","CALL",20,13.2855,20,"1/15/2027","BEAR","2726577","5975","1506071",1,0,0,0,0
"2/27/2026","PENN",2.7,"B","CALL",16,15.594,16,"9/18/2026","BEAR","2642123","9148","2039469",1,0,0,0,0
"2/27/2026","PAGP",1.548,"A","PUT",22,22.495,20.4519999999999,"11/20/2026","BEAR","208954","0","0",1,1,1,0,0
"2/27/2026","IMMX",2.9,"B","CALL",10,7.952,10,"8/21/2026","BEAR","202000","0","0",1,0,0,0,0
"2/27/2026","EVER",4,"A","PUT",17.5,15.685,13.5,"9/18/2026","BEAR","93200","0","0",1,1,1,0,0
"2/27/2026","LASE",0.33,"B","CALL",1,1.0099,1,"10/16/2026","BEAR","129213","1262","46713",1,0,0,0,0
"2/27/2026","GDOT",1.25,"B","CALL",12.5,11.56,12.5,"9/18/2026","BEAR","92375","300","30000",1,0,0,0,0
"3/2/2026","GOOG",52.699,"A","CALL",350,304.76,402.699,"1/21/2028","BULL","13828336","400","3024980",1,0,0,0,0
"3/2/2026","IREN",10,"B","PUT",35,41.575,35,"12/18/2026","BULL","6938685","1937","938685",1,1,0,1,0
"3/2/2026","SHOP",12.58,"B","PUT",85,119.965,85,"6/17/2027","BULL","5032000","0","0",1,0,0,0,0
"3/2/2026","AI",2.71,"B","PUT",10,8.5036,10,"9/18/2026","BULL","1583200","-750","-124100",1,0,1,0,1
"3/2/2026","AI",3.13,"B","PUT",10,8.5175,10,"1/15/2027","BULL","1408500","0","0",1,0,1,0,1
"3/2/2026","MP",5.25,"A","CALL",95,62.7757,100.25,"9/18/2026","BULL","-49075","-1972","-959420",1,0,0,0,0
"3/2/2026","HBM",4.2,"B","PUT",25,26.4556,25,"11/20/2026","BULL","840000","0","0",1,0,1,0,1
"3/2/2026","HOG",2.49,"A","CALL",23,17.61,25.49,"1/21/2028","BULL","697527","-200","-106000",1,1,0,1,0
"3/2/2026","NOK",0.975,"A","CALL",10,7.924,10.975,"6/17/2027","BULL","684089","10572","-46544",1,1,1,1,1
"3/2/2026","TPG",4,"B","PUT",40,44.3119,40,"8/21/2026","BULL","2463658","3845","1847258",1,0,1,0,0
"3/2/2026","CPER",3.5,"A","CALL",60,36.39,63.5,"1/21/2028","BULL","92944","-816","-266156",1,1,1,0,0
"3/2/2026","VYGR",1.25,"A","CALL",5,4.23,6.25,"10/16/2026","BULL","187498","0","0",1,1,1,1,1
"3/2/2026","ATEN",1.4,"A","CALL",25,19.735,26.4,"12/18/2026","BULL","170676","488","80517",1,1,1,1,1
"3/2/2026","IGV",9.65,"A","PUT",80,82.83,70.35,"6/17/2027","BEAR","5645250","0","0",1,0,0,0,0
"3/2/2026","COIN",36.81,"B","CALL",185,184.83,185,"8/21/2026","BEAR","4294640","-1623","-122560",1,1,1,0,0
"3/2/2026","DAKT",6.45,"B","CALL",22.5,26.055,22.5,"10/16/2026","BEAR","3225000","0","0",1,0,0,0,0
"3/2/2026","INTC",7,"B","CALL",50,45.005,50,"10/16/2026","BEAR","885435","-792","-864565",1,1,1,1,1
"3/2/2026","TPL",106,"B","CALL",480,526.28,480,"10/16/2026","BEAR","1060000","0","0",1,1,0,1,0
"3/2/2026","TJX",24.247,"B","CALL",160,159.75,160,"1/21/2028","BEAR","1001400","0","0",1,0,0,0,0
"3/2/2026","CORZ",1.79,"B","CALL",27,16.39,27,"9/18/2026","BEAR","-9320738","-38457","-10294665",1,0,0,0,0
"3/2/2026","IR",7,"B","CALL",100,94.3482,100,"9/18/2026","BEAR","765100","0","0",1,0,0,0,0
"3/2/2026","DNN",1.6,"B","CALL",4.5,4.2915,4.5,"1/21/2028","BEAR","714840","-196","-16660",1,1,0,0,0
"3/2/2026","BIZD",1.544,"BB","CALL",12,12.805,12,"12/18/2026","BEAR","-30340","-1498","-184770",1,,,,
"3/2/2026","TOI",0.75,"B","CALL",3,2.9597,3,"8/21/2026","BEAR","295022","1600","144000",2,0,0,0,0
"3/3/2026","MSFT",5.114,"A","CALL",625,403.65,630.114,"1/15/2027","BULL","50461471","-272","-89673",1,1,1,1,0
"3/3/2026","MET",11.9,"B","PUT",77.5,70.55,77.5,"1/15/2027","BULL","7140000","0","0",1,0,1,0,1
"3/3/2026","AMPX",3.05,"B","PUT",10,11.4,10,"1/15/2027","BULL","1525000","0","0",1,0,1,0,1
"3/3/2026","MGK",14.5,"A","CALL",420,385.9668,434.5,"10/16/2026","BULL","1450000","0","0",1,1,1,1,1
"3/3/2026","COHR",41,"B","PUT",200,285.54,200,"1/15/2027","BULL","4240000","400","3010000",1,0,0,0,0
"3/3/2026","GH",49.893,"AA","CALL",60,94.9,109.893,"1/21/2028","BULL","997860","0","0",1,0,0,0,0
"3/3/2026","FSLY",4.61,"B","PUT",17.5,19.68,17.5,"1/15/2027","BULL","761900","160","70400",1,1,1,1,1
"3/3/2026","AG",5.75,"B","PUT",25,28.68,25,"1/15/2027","BULL","3580062","3946","3005062",2,1,1,1,1
"3/3/2026","MUX",11,"B","PUT",35,25.2,35,"8/21/2026","BULL","550000","0","0",1,1,1,1,1
"3/3/2026","TPL",62,"A","CALL",570,520.3168,632,"10/16/2026","BULL","1158400","100","650000",1,1,0,1,0
"3/3/2026","KGS",4.1,"A","CALL",75,58.03,79.1,"1/15/2027","BULL","328000","0","0",1,0,0,0,0
"3/3/2026","LEVI",2,"B","PUT",20,20.71,20,"10/16/2026","BULL","315200","0","0",1,0,0,0,0
"3/3/2026","LYG",0.3,"A","CALL",6,5.19,6.3,"10/16/2026","BULL","158443","-4163","-112005",1,0,0,0,0
"3/3/2026","MEOH",6.3,"A","CALL",60,52.44,66.3,"12/18/2026","BULL","-189800","-750","-399500",1,,,,
"3/3/2026","AMD",21.85,"B","CALL",240,192.075,240,"11/20/2026","BEAR","6727500","-100","-920000",1,0,0,0,0
"3/3/2026","AMD",12.95,"A","PUT",130,190.96,117.05,"3/19/2027","BEAR","2110993","168","38993",1,0,0,0,0
"3/3/2026","WDC",49.051,"B","CALL",340,250.445,340,"1/15/2027","BEAR","1903172","0","0",1,0,0,0,0
"3/3/2026","AMD",17.55,"A","PUT",120,191.285,102.45,"1/21/2028","BEAR","1284000","100","55500",1,0,0,0,0
"3/3/2026","WPM",11.8,"A","PUT",120,147.07,108.2,"1/15/2027","BEAR","2060410","564","880410",1,0,0,0,0
"3/3/2026","INTC",8.7,"B","CALL",45,43.515,45,"11/20/2026","BEAR","-1996246","-2708","-3079765",1,1,1,1,1
"3/3/2026","HL",1.02,"B","CALL",50,20.94,50,"9/18/2026","BEAR","787372","400","13600",1,0,0,0,0
"3/3/2026","TSLX",0.3,"A","PUT",10,17.6796,9.7,"9/18/2026","BEAR","22478","0","0",1,0,0,0,0
"3/4/2026","GGAL",23.47,"B","PUT",65,43.5153,65,"10/16/2026","BULL","5574125","0","0",1,0,1,0,1
"3/4/2026","VISN",0.8,"B","PUT",15,17.465,15,"1/21/2028","BULL","578103","0","0",1,0,0,0,0
"3/4/2026","SKM",4.8,"A","CALL",40,30.92,44.8,"1/15/2027","BULL","887129","978","695129",1,1,0,0,0
"3/4/2026","MITK",1.547,"A","CALL",20,15.52,21.547,"10/16/2026","BULL","262849","589","125819",1,1,1,1,1
"3/4/2026","RXT",0.45,"B","PUT",1.5,2.3162,1.5,"8/21/2026","BULL","314085","-4028","186240",1,1,1,1,1
"3/4/2026","TNGX",4.01,"B","PUT",12,12.1,12,"1/15/2027","BULL","101854","0","0",1,0,0,0,0
"3/4/2026","SPY",138.241,"B","CALL",575,684.9395,575,"1/15/2027","BEAR","4769604","0","0",1,0,0,0,0
"3/4/2026","POWL",174.686,"B","CALL",440,515.855,440,"12/18/2026","BEAR","-1906865","-233","-4038030",1,1,1,1,1
"3/4/2026","HUT",7.22,"B","CALL",80,51.29,80,"9/18/2026","BEAR","3238265","2796","1922780",2,1,0,0,0
"3/4/2026","IEI",1.19,"A","PUT",120,119.685,118.81,"10/16/2026","BEAR","1190000","0","0",1,0,0,0,0
"3/4/2026","TPL",39.8,"B","CALL",650,534.355,650,"10/16/2026","BEAR","1202520","108","32400",1,1,0,1,0
"3/4/2026","NBIS",47.9,"B","CALL",90,95.2,90,"1/21/2028","BEAR","934050","0","0",1,0,0,0,0
"3/4/2026","INV",0.25,"B","CALL",10,3.36,10,"8/21/2026","BEAR","-185602","-3327","-279627",1,1,1,1,0
"3/4/2026","DNOW",1.65,"B","CALL",12.5,12.34,12.5,"8/21/2026","BEAR","82500","0","0",1,1,0,1,0
"3/4/2026","DTCR",2.15,"B","CALL",26,25.32,26,"10/16/2026","BEAR","53750","0","0",1,0,0,0,0
"3/5/2026","NFLX",12.3,"B","PUT",98,98.665,98,"1/15/2027","BULL","13800000","6000","7650000",1,0,0,0,0
"3/5/2026","POWL",132,"A","CALL",520,504.85,652,"12/18/2026","BULL","5527100","0","0",1,1,1,1,1
"3/5/2026","MOS",3.4,"A","CALL",30,27.06,33.4,"1/15/2027","BULL","2923184","-1505","-594803",1,1,1,1,1
"3/5/2026","CF",10.5,"A","CALL",130,111.015,140.5,"1/15/2027","BULL","3765432","500","615500",1,1,1,1,1
"3/5/2026","POWL",173.1,"A","CALL",440,512.365,613.1,"12/18/2026","BULL","2648430","0","0",1,1,1,1,1
"3/5/2026","KWEB",1.79,"A","CALL",33,29.41,34.79,"9/18/2026","BULL","3318755","7566","711560",1,1,1,1,1
"3/5/2026","TECK",7.06,"B","PUT",55,54.18,55,"8/21/2026","BULL","1235500","0","0",1,1,1,1,1
"3/5/2026","DY",63.2,"A","CALL",370,359.785,433.2,"12/18/2026","BULL","859520","0","0",1,1,1,1,1
"3/5/2026","UNG",1.21,"A","CALL",17,12.165,18.21,"10/16/2026","BULL","699259","0","0",1,1,1,1,1
"3/5/2026","UNG",0.82,"A","CALL",20,12.165,20.82,"10/16/2026","BULL","475108","0","0",1,1,1,1,1
"3/5/2026","MRAM",2.68,"A","CALL",10,9.71,12.68,"9/18/2026","BULL","161250","-464","-106720",1,1,0,1,0
"3/5/2026","RYAAY",6.9,"B","PUT",65,63.17,65,"9/18/2026","BULL","207000","0","0",1,0,1,0,1
"3/5/2026","ABTC",0.3,"B","PUT",1,1.14,1,"9/18/2026","BULL","212012","2100","47000",1,0,1,0,1
"3/5/2026","AGRO",1.1,"A","CALL",10,9.66,11.1,"9/18/2026","BULL","-528991","58","-666197",1,1,0,1,0
"3/5/2026","NOAH",0.78,"B","PUT",10,11.33,10,"9/18/2026","BULL","78000","0","0",1,0,1,0,1
"3/5/2026","GPRK",0.96,"A","CALL",10,8.72,10.96,"9/18/2026","BULL","38400","0","0",1,1,1,1,1
"3/5/2026","MSFT",33.94,"A","PUT",410,409.73,376.06,"8/21/2026","BEAR","6734971","2392","2322771",1,1,1,1,0
"3/5/2026","LITE",352,"A","PUT",700,654.2,348,"12/15/2028","BEAR","3379200","0","0",1,0,0,0,0
"3/5/2026","TSM",24.5,"B","CALL",430,357.0882,430,"9/18/2026","BEAR","3348434","-462","898434",1,1,1,0,0
"3/5/2026","TSM",46.25,"B","CALL",540,352.69,540,"1/21/2028","BEAR","3067000","150","699000",1,1,1,0,0
"3/5/2026","LITE",223.9,"A","PUT",640,622.43,416.1,"1/15/2027","BEAR","2350950","0","0",1,0,0,0,0
"3/5/2026","LITE",216.6,"A","PUT",630,624.61,413.4,"1/15/2027","BEAR","2122678","0","0",1,0,0,0,0
"3/5/2026","MPC",37.5,"B","CALL",240,222.8095,240,"1/21/2028","BEAR","1577930","0","0",1,0,0,0,0
"3/5/2026","BMNR",7.85,"B","CALL",15,20.1676,15,"8/21/2026","BEAR","-976285","-4973","-2488990",1,0,0,0,0
"3/5/2026","NXPI",32,"A","PUT",190,213.5527,158,"1/21/2028","BEAR","1280000","0","0",1,0,0,0,0
"3/5/2026","NBIS",11,"B","CALL",195,98.42,195,"12/18/2026","BEAR","990000","0","0",1,0,0,0,0
"3/5/2026","GME",6.1,"B","CALL",27,23.605,27,"12/17/2027","BEAR","696267","-56","-35733",1,0,0,0,0
"3/5/2026","APPX",6.45,"B","CALL",13.35,14.73,13.35,"9/18/2026","BEAR","129000","0","0",1,1,1,1,0
"3/5/2026","ATOM",1.7,"B","CALL",5,4.48,5,"10/16/2026","BEAR","-5000","-500","-90000",1,1,1,1,1
"3/6/2026","CF",11.62,"A","CALL",140,117.78,151.62,"1/15/2027","BULL","1967999","-200","-356001",1,1,1,1,1
"3/6/2026","XPEV",5.17,"A","CALL",15,17.225,20.17,"1/15/2027","BULL","3229097","6182","1631552",1,1,1,1,1
"3/6/2026","PL",7.843,"B","PUT",25,26.39,25,"1/15/2027","BULL","626365","-1854","-942195",1,0,0,0,0
"3/6/2026","AAOI",32.5,"A","CALL",150,113.87,182.5,"9/18/2026","BULL","1530650","200","-4000",1,0,0,0,0
"3/6/2026","CF",14,"A","CALL",120,115.705,134,"9/18/2026","BULL","-109771","-1410","-1509771",1,1,1,1,1
"3/6/2026","MBLY",1.35,"A","CALL",8,8.0027,9.35,"8/21/2026","BULL","1386233","780","36233",1,1,1,1,1
"3/6/2026","RCAT",4.65,"A","CALL",28,18.27,32.65,"10/16/2026","BULL","830950","0","0",1,1,1,1,1
"3/6/2026","UVIX",2.4,"A","CALL",20,8.285,22.4,"9/18/2026","BULL","480000","0","0",1,1,1,1,1
"3/6/2026","BW",4,"A","CALL",17.5,13.52,21.5,"1/15/2027","BULL","19980","-845","-380020",1,1,0,1,0
"3/6/2026","MTW",1.65,"A","CALL",15,13.43,16.65,"9/18/2026","BULL","540000","500","210000",1,1,1,1,1
"3/6/2026","RCAT",4.999,"A","CALL",26,18.27,30.999,"10/16/2026","BULL","324441","0","0",1,1,1,1,1
"3/6/2026","AGRO",0.698,"A","CALL",12.5,10.185,13.198,"9/18/2026","BULL","303844","2998","230784",1,1,0,1,0
"3/6/2026","QQQ",231,"A","PUT",830,599.14,599,"12/18/2026","BEAR","24817830","590","13729830",2,0,0,0,0
"3/6/2026","PFE",1.35,"B","CALL",28,26.53,28,"9/18/2026","BEAR","9292483","56517","2683397",1,0,0,0,0
"3/6/2026","CAPR",20.5,"B","CALL",7,25.42,7,"1/21/2028","BEAR","-2200670","-4265","-8350670",1,0,0,0,0
"3/6/2026","MRVL",16.5,"A","PUT",95,90.5,78.5,"9/18/2026","BEAR","1636761","950","-13239",1,0,0,0,0
"3/6/2026","UAL",9.05,"A","PUT",80,91.14,70.95,"9/18/2026","BEAR","1357500","0","0",1,0,0,0,0
"3/6/2026","RF",2.3,"A","PUT",25,27.0689,22.7,"1/15/2027","BEAR","1150000","0","0",1,0,0,0,0
"3/6/2026","WBD",1.05,"A","PUT",25,27.8955,23.95,"10/16/2026","BEAR","12284104","119300","11570104",2,0,0,0,0
"3/6/2026","BN",2.04,"A","PUT",35,41.29,32.96,"10/16/2026","BEAR","-87282","-2500","-549975",1,,,,
"3/6/2026","UDMY",0.8,"A","PUT",5,4.78,4.2,"8/21/2026","BEAR","197125","0","0",1,0,0,0,0
"3/6/2026","CANE",0.65,"B","CALL",10,9.5,10,"10/16/2026","BEAR","123240","0","0",2,0,0,0,0
"3/6/2026","SKM",4.201,"B","CALL",35,28.67,35,"12/18/2026","BEAR","-204128","-542","-268404",1,1,0,0,0
"3/9/2026","JBLU",1.05,"A","CALL",4,4.21,5.05,"9/18/2026","BULL","171645","-4301","-421605",1,1,1,1,1
"3/9/2026","AFL",3.4,"B","PUT",85,108.62,85,"6/17/2027","BULL","510000","0","0",1,0,1,0,1
"3/9/2026","SKM",5.5,"B","PUT",30,29.0348,30,"9/18/2026","BULL","-1128098","-6033","-1389348",1,1,0,0,0
"3/9/2026","PBR.A",1.55,"A","CALL",20,16.845,21.55,"1/21/2028","BULL","-35455","-1269","-267800",1,0,0,0,0
"3/9/2026","MGY",2.25,"A","CALL",35,29.06,37.25,"12/18/2026","BULL","253775","400","29000",1,1,1,0,0
"3/9/2026","THRY",0.5,"A","CALL",5,3.3999,5.5,"8/21/2026","BULL","146879","2000","71913",1,1,1,1,1
"3/9/2026","MRVL",25.75,"B","CALL",100,92.52,100,"1/21/2028","BEAR","3862500","0","0",1,0,0,0,0
"3/9/2026","DKNG",3.5,"B","CALL",30,24.37,30,"12/18/2026","BEAR","3500000","0","0",1,1,0,0,0
"3/9/2026","PBR",1.4,"B","CALL",22,18.2201,22,"3/19/2027","BEAR","1740364","746","216224",1,1,1,0,0
"3/9/2026","PBR",2.02,"A","PUT",17,18.16,14.98,"1/15/2027","BEAR","-1305026","-18491","-2497535",1,1,1,0,0
"3/9/2026","AMD",50.8,"A","PUT",175,192.51,124.2,"12/15/2028","BEAR","1420535","117","252135",1,0,0,0,0
"3/9/2026","LEVI",1.69,"A","PUT",17,18.495,15.31,"10/16/2026","BEAR","676000","0","0",1,0,0,0,0
"3/9/2026","FHN",0.85,"A","PUT",13,22.2914,12.15,"1/21/2028","BEAR","637500","0","0",1,0,0,0,0
"3/9/2026","VISN",1.43,"A","PUT",17,17.425,15.57,"8/21/2026","BEAR","768080","2810","339080",1,0,0,0,0
"3/9/2026","ECPG",4.9,"A","PUT",55,68.84,50.1,"12/18/2026","BEAR","294000","0","0",1,0,0,0,0
"3/9/2026","RCAT",5.2,"B","CALL",14,13.8999,14,"10/16/2026","BEAR","-28690","-426","-240690",1,1,1,1,1
"3/10/2026","CORZ",4,"A","CALL",30,15.52,34,"1/21/2028","BULL","12218384","-83","308385",1,0,0,0,0
"3/10/2026","TSM",29.15,"B","PUT",320,349.39,320,"9/18/2026","BULL","4144668","-540","310305",1,1,1,0,0
"3/10/2026","GEV",96.2,"A","CALL",1050,842.48,1146.2,"1/15/2027","BULL","2934720","0","0",1,1,1,0,1
"3/10/2026","TSM",44,"B","PUT",350,346.2337,350,"9/18/2026","BULL","3550483","426","994883",1,1,1,0,0
"3/10/2026","ERAS",7.1,"A","CALL",15,15.985,22.1,"12/18/2026","BULL","2220566","-5204","201453",1,1,1,1,1
"3/10/2026","WDC",74.85,"B","PUT",280,278.98,280,"1/15/2027","BULL","6155375","750","5032625",2,0,0,0,0
"3/10/2026","MP",14.45,"A","CALL",60,62.765,74.45,"9/18/2026","BULL","606016","-240","-113570",1,0,0,0,0
"3/10/2026","AFRM",20,"A","CALL",50,50.25,70,"1/21/2028","BULL","569705","9","-30295",2,0,0,0,0
"3/10/2026","AMPX",4.3,"B","PUT",15,18.54,15,"1/15/2027","BULL","3428891","7968","2998891",2,0,1,0,1
"3/10/2026","ERAS",7.8,"A","CALL",12.5,15.695,20.3,"12/18/2026","BULL","505000","500","115000",1,1,1,1,1
"3/10/2026","CVU",1.5,"A","CALL",5,4.81,6.5,"10/16/2026","BULL","38250","150","15750",1,1,1,1,1
"3/10/2026","IGV",5.4,"A","PUT",80,85.66,74.6,"8/21/2026","BEAR","5018910","-15871","-16581090",1,0,0,0,0
"3/10/2026","ORCL",17,"B","CALL",200,150.84,200,"1/15/2027","BEAR","-8725360","-9135","-13570360",1,0,0,0,0
"3/10/2026","SHOP",16.165,"B","CALL",185,132.2325,185,"3/19/2027","BEAR","1391813","0","0",1,0,0,0,0
"3/10/2026","KIE",8.6,"B","CALL",50,55.99,50,"9/18/2026","BEAR","377001","0","0",1,0,0,0,0
"3/10/2026","UNIT",1.3,"A","PUT",7,8.71,5.7,"12/17/2027","BEAR","225680","0","0",1,1,1,1,1
"3/11/2026","MSFT",34.39,"A","CALL",460,402.68,494.39,"3/19/2027","BULL","-4407030","-5724","-16443530",1,1,1,1,0
"3/11/2026","DOCN",14.8,"A","CALL",75,67.8705,89.8,"1/15/2027","BULL","4201520","0","0",1,1,1,0,0
"3/11/2026","INTC",10.65,"A","CALL",70,48.58,80.65,"1/21/2028","BULL","3552400","200","357400",1,1,1,1,1
"3/11/2026","XLF",2.83,"B","PUT",40,49.53,40,"12/15/2028","BULL","3307120","1790","477120",1,0,0,0,0
"3/11/2026","NBIS",17.498,"A","CALL",185,111.1885,202.498,"1/15/2027","BULL","1415624","0","0",1,0,0,0,0
"3/11/2026","CPB",1.6,"B","PUT",20,22.9,20,"1/15/2027","BULL","1080705","-549","-119295",1,0,0,0,0
"3/11/2026","NCLH",3.87,"B","PUT",20,20.455,20,"3/19/2027","BULL","1161000","0","0",1,0,1,0,0
"3/11/2026","BG",4.398,"A","CALL",160,123.275,164.398,"1/15/2027","BULL","442849","-936","-504901",1,1,1,1,1
"3/11/2026","PINS",4.65,"B","PUT",22,19.04,22,"8/21/2026","BULL","752967","-1009","-107283",1,0,0,0,0
"3/11/2026","LBRT",6.2,"A","CALL",30,29.34,36.2,"1/15/2027","BULL","620000","0","0",1,1,1,0,0
"3/11/2026","AMPX",1.91,"B","PUT",12,18.98,12,"10/16/2026","BULL","1462000","6000","1080000",2,0,1,0,1
"3/11/2026","DDD",1.1,"A","CALL",5,2.515,6.1,"1/21/2028","BULL","417800","400","50000",1,1,1,1,1
"3/11/2026","UTZ",1,"A","CALL",7.5,7.48,8.5,"9/18/2026","BULL","80696","200","11996",1,0,1,0,1
"3/11/2026","DIA",14.15,"A","PUT",445,473.84,430.85,"9/18/2026","BEAR","2122500","0","0",1,0,0,0,0
"3/11/2026","VOYG",8.4,"B","CALL",55,27.9745,55,"1/21/2028","BEAR","2100000","0","0",1,1,0,1,0
"3/11/2026","PLTR",31.3,"A","PUT",150,151.439,118.7,"3/19/2027","BEAR","-1093310","-1719","-2658310",1,0,0,0,0
"3/11/2026","SVXY",2.15,"A","PUT",25,48.09,22.85,"1/21/2028","BEAR","1060480","0","0",1,0,0,0,0
"3/11/2026","FHN",1.12,"A","PUT",18,22.485,16.88,"1/15/2027","BEAR","213000","-6000","-459000",2,0,0,0,0
"3/11/2026","TNGX",4.1,"B","CALL",25,17.17,25,"1/15/2027","BEAR","104140","0","0",1,0,0,0,0
"3/12/2026","FSLY",4.2,"B","PUT",17.5,24.905,17.5,"7/16/2027","BULL","13015173","9960","4353680",1,1,1,1,1
"3/12/2026","CORZ",2.34,"B","PUT",12,15.95,12,"1/15/2027","BULL","3901593","-30909","-1742297",1,0,0,0,0
"3/12/2026","SOXL",20.06,"A","CALL",52,50.82,72.06,"1/15/2027","BULL","2908700","0","0",1,0,0,0,0
"3/12/2026","INTC",6.44,"A","CALL",50,45.66,56.44,"8/21/2026","BULL","2234651","-297","302651",1,1,1,1,1
"3/12/2026","HOOD",15.138,"A","CALL",80,76.3891,95.138,"10/16/2026","BULL","6053667","3095","4546745",1,0,0,0,0
"3/12/2026","TCOM",4.56,"B","PUT",50,52.05,50,"9/18/2026","BULL","1700000","600","332000",1,1,1,1,1
"3/12/2026","USO",24.668,"B","PUT",118,117.72,118,"1/15/2027","BULL","-11715","-375","-936750",1,0,0,0,0
"3/12/2026","CTVA",3.2,"A","CALL",90,80.065,93.2,"9/18/2026","BULL","1196278","2421","396278",1,1,1,1,1
"3/12/2026","SQQQ",16.75,"A","CALL",69,72.5701,85.75,"9/18/2026","BULL","1735669","501","1065669",1,1,1,1,1
"3/12/2026","AFRM",18.15,"A","CALL",50,47.57,68.15,"1/21/2028","BULL","617095","11","18145",2,0,0,0,0
"3/12/2026","LBRT",4.5,"A","CALL",35,29.14,39.5,"1/15/2027","BULL","767852","782","317852",1,1,1,0,0
"3/12/2026","SKE",8.1,"B","PUT",35,32.9676,35,"1/15/2027","BULL","137700","0","0",1,0,1,0,1
"3/12/2026","ENR",1.65,"A","CALL",20,16.66,21.65,"12/18/2026","BULL","118111","0","0",1,1,1,1,1
"3/12/2026","GTLB",9.3,"A","PUT",27.5,22.98,18.2,"1/21/2028","BEAR","20210760","0","0",1,0,0,0,0
"3/12/2026","QQQ",55.2,"A","PUT",590,600.3,534.8,"9/17/2027","BEAR","13800000","0","0",1,0,0,0,0
"3/12/2026","QQQ",232.709,"A","PUT",830,597.02,597.290999999999,"12/18/2026","BEAR","13729830","0","0",2,0,0,0,0
"3/12/2026","RKLB",9.85,"A","PUT",55,69.585,45.15,"10/16/2026","BEAR","10929017","8712","2740362",1,0,0,0,0
"3/12/2026","SOXX",35.5,"A","PUT",310,329.66,274.5,"1/15/2027","BEAR","4260000","0","0",1,0,0,0,0
"3/12/2026","TSM",49.9,"B","CALL",340,337.87,340,"10/16/2026","BEAR","2495000","0","0",1,1,1,0,0
"3/12/2026","META",132,"B","CALL",565,639.318118,565,"11/20/2026","BEAR","1436774","-14","-1044826",1,0,0,0,0
"3/12/2026","LBTYA",0.8,"B","CALL",15,12.406,15,"12/18/2026","BEAR","1456845","12174","718365",1,0,0,0,0
"3/12/2026","BW",3.14,"BB","CALL",20,12.93,20,"1/15/2027","BEAR","1021751","771","383521",1,1,0,1,0
"3/12/2026","TPC",8.5,"B","CALL",80,66.975,80,"12/18/2026","BEAR","601808","0","0",1,1,0,0,0
"3/12/2026","OLN",3.3,"B","CALL",27.5,24.72,27.5,"8/21/2026","BEAR","495000","0","0",1,0,0,0,0
"3/12/2026","HIMX",3.5,"A","PUT",12,10.32,8.5,"9/18/2026","BEAR","326780","-387","-23220",1,0,0,0,0
"3/12/2026","APAM",1.3,"A","PUT",29.43,35.225,28.13,"9/18/2026","BEAR","97500","0","0",1,0,0,0,0
"3/13/2026","SOXX",44.15,"A","CALL",350,332.075,394.15,"1/15/2027","BULL","8830000","0","0",1,0,0,0,0
"3/13/2026","F",2.36,"B","PUT",12,11.7878,12,"1/21/2028","BULL","537458","-3463","-996542",1,1,1,1,1
"3/13/2026","CCL",4.17,"B","PUT",23,23.95,23,"3/19/2027","BULL","1116275","120","73775",1,0,0,0,0
"3/13/2026","PROP",0.85,"A","CALL",2,1.919,2.85,"1/15/2027","BULL","118018","-461","33103",1,1,1,1,1
"3/13/2026","HAL",4.11,"B","CALL",37,34.1749,37,"1/15/2027","BEAR","12330000","0","0",1,1,0,1,0
"3/13/2026","APP",185,"A","PUT",530,463.28,345,"6/17/2027","BEAR","3700000","0","0",1,0,0,0,0
"3/13/2026","IREN",6.94,"B","CALL",60,41.4776,60,"9/18/2026","BEAR","-149299","-4325","-1808549",1,1,0,1,0
"3/13/2026","USO",23,"B","CALL",116,114.7299,116,"10/16/2026","BEAR","170000","-400","-980000",1,0,0,0,0
"3/13/2026","WPM",19.5,"A","PUT",140,146.72,120.5,"1/15/2027","BEAR","-209950","-500","-910000",1,0,0,0,0
"3/13/2026","LRMR",1.7,"B","CALL",5,4.6302,5,"8/21/2026","BEAR","575835","1251","134585",1,0,0,0,0
"3/13/2026","OBDC",0.27,"B","CALL",12.5,11.005,12.5,"8/21/2026","BEAR","58787","0","0",1,0,0,0,0
"3/13/2026","DC",1.52,"B","CALL",5,5.555,5,"10/16/2026","BEAR","-38066","-440","-68466",1,1,1,1,1
"3/16/2026","SPX",242,"B","PUT",6050,0,6050,"1/15/2027","BULL","242831400","0","0",1,0,1,0,1
"3/16/2026","HOOD",12.75,"B","PUT",75,74.882,75,"8/21/2026","BULL","2889193","-959","20443",1,0,0,0,0
"3/16/2026","GTLB",4.7,"A","CALL",22.5,22.37,27.2,"9/18/2026","BULL","-343190","-1900","-2470000",1,0,0,0,0
"3/16/2026","WING",27.7,"B","PUT",155,199.2995,155,"3/19/2027","BULL","1523500","0","0",1,0,0,0,0
"3/16/2026","AAL",2.786,"A","CALL",15,10.5301,17.786,"12/15/2028","BULL","2627144","4346","1223947",1,1,1,1,0
"3/16/2026","AAOI",16.7,"A","CALL",190,100.49,206.7,"9/18/2026","BULL","835000","0","0",1,0,0,0,0
"3/16/2026","SII",14,"B","PUT",100,147.165,100,"1/21/2028","BULL","700000","0","0",1,1,1,1,1
"3/16/2026","FIGR",8.6,"A","CALL",50,35.89,58.6,"1/15/2027","BULL","643280","0","0",1,1,1,0,0
"3/16/2026","SSL",1.05,"A","CALL",15,11.705,16.05,"9/18/2026","BULL","282201","-200","-21994",1,1,1,1,1
"3/16/2026","CTMX",2.05,"B","CALL",8,7.985,8,"8/21/2026","BEAR","1360000","0","0",1,0,0,0,0
"3/16/2026","CVE",2.002,"B","CALL",25,23.365,25,"9/18/2026","BEAR","1015430","467","43846",1,0,0,0,0
"3/16/2026","TOI",0.9,"B","CALL",3,3.26,3,"8/21/2026","BEAR","144000","0","0",2,0,0,0,0
"3/16/2026","AGRO",0.72,"B","CALL",15,10.99,15,"9/18/2026","BEAR","430464","1947","364894",1,1,0,1,0
"3/17/2026","SNDK",316.3,"A","CALL",1070,712.77,1386.3,"6/16/2028","BULL","2973218","0","0",1,1,1,0,0
"3/17/2026","MCK",117.8,"A","CALL",1100,940.16,1217.8,"1/21/2028","BULL","5050000","250","2105000",1,1,1,1,1
"3/17/2026","VRT",79.25,"B","PUT",310,269.4443,310,"1/15/2027","BULL","2940175","0","0",1,1,1,0,0
"3/17/2026","WING",38.8,"B","PUT",190,200.435,190,"1/15/2027","BULL","2910000","0","0",1,0,0,0,0
"3/17/2026","CE",10.2,"B","PUT",60,60.0727,60,"9/18/2026","BULL","2550000","0","0",1,0,0,0,0
"3/17/2026","WDC",64.6,"B","PUT",300,304.495,300,"10/16/2026","BULL","2034900","0","0",1,0,0,0,0
"3/17/2026","COHR",78,"B","PUT",260,244.3371,260,"1/15/2027","BULL","1560000","0","0",1,0,0,0,0
"3/17/2026","PBR",3.25,"B","PUT",20,19.7183,20,"1/15/2027","BULL","-1675605","-9886","-2975605",1,1,1,0,0
"3/17/2026","SMTC",10.316,"A","CALL",120,81.44,130.316,"1/15/2027","BULL","2815854","600","1990536",2,1,1,1,0
"3/17/2026","CPB",5,"B","PUT",26,21.76,26,"8/21/2026","BULL","421000","0","0",1,0,0,0,0
"3/17/2026","LBRT",3.8,"A","CALL",40,31.335,43.8,"1/15/2027","BULL","640000","0","260000",2,1,1,0,0
"3/17/2026","PRA",1,"B","PUT",25,24.56,25,"8/21/2026","BULL","93000","0","0",1,0,0,0,0
"3/17/2026","SPX",266.5,"A","PUT",5925,0,5658.5,"6/17/2027","BEAR","21340000","0","0",1,0,1,0,1
"3/17/2026","XLF",4,"A","PUT",45,49.645,41,"12/15/2028","BEAR","5280000","1500","480000",1,0,0,0,0
"3/17/2026","SMH",46.7,"A","PUT",390,397.26,343.3,"1/15/2027","BEAR","3819111","357","550111",1,0,0,0,0
"3/17/2026","NFE",7.4,"A","PUT",8,1.4201,0.599999999999999,"1/15/2027","BEAR","2282900","0","0",1,0,0,0,0
"3/17/2026","NBIS",39.314,"A","PUT",125,117.04,85.686,"1/15/2027","BEAR","1568630","0","0",1,0,0,0,0
"3/17/2026","SHOP",22.95,"B","CALL",130,129.44,130,"9/18/2026","BEAR","1793780","691","302030",1,0,0,0,0
"3/17/2026","NBIS",52.471,"A","PUT",145,116.945,92.529,"1/15/2027","BEAR","1311770","0","0",1,0,0,0,0
"3/17/2026","UBS",6.3,"B","CALL",35,38.275,35,"1/15/2027","BEAR","320390","-500","-910000",1,0,1,0,1
"3/17/2026","NBIS",37.425,"AA","PUT",100,116.865,62.575,"1/21/2028","BEAR","1122750","0","0",1,0,0,0,0
"3/17/2026","NBIS",45.657,"A","PUT",135,117.161,89.343,"1/15/2027","BEAR","995320","0","0",1,0,0,0,0
"3/17/2026","AGRO",3.41,"B","CALL",10,12.7999,10,"9/18/2026","BEAR","635499","-2760","-217001",1,1,0,1,0
"3/17/2026","FBIN",7.5,"B","CALL",45,44.095,45,"1/15/2027","BEAR","175500","0","0",1,1,1,1,1
"3/18/2026","CRWD",106,"A","CALL",430,439.94,536,"6/17/2027","BULL","6771775","-572","-4231025",2,1,0,0,0
"3/18/2026","COIN",62.15,"A","CALL",210,205.268,272.15,"5/21/2027","BULL","-2638930","-1820","-11280440",1,1,1,0,0
"3/18/2026","DOCN",18.8,"B","PUT",80,83.77,80,"1/15/2027","BULL","3760000","0","0",1,1,1,0,0
"3/18/2026","XLF",2.12,"B","PUT",47,49.06,47,"9/18/2026","BULL","2506485","-8555","-673515",1,0,0,0,0
"3/18/2026","META",84.3,"AA","CALL",700,618.894451,784.3,"6/17/2027","BULL","7224336","473","4263306",2,0,0,0,0
"3/18/2026","PBR",1.92,"B","PUT",17,19.77,17,"3/19/2027","BULL","613894","-1777","-346106",1,1,1,0,0
"3/18/2026","AAOI",20.4,"A","CALL",140,94.88,160.4,"9/18/2026","BULL","1247350","583","433350",1,0,0,0,0
"3/18/2026","NEXT",1.4,"A","CALL",7,6.4066,8.4,"1/15/2027","BULL","-7572198","-34150","-8272198",1,1,0,1,0
"3/18/2026","MSFT",28.51,"B","CALL",460,395.35,460,"3/19/2027","BEAR","16443530","-1276","-3513470",1,1,1,1,0
"3/18/2026","SNDK",242,"B","CALL",700,755.59,700,"9/18/2026","BEAR","-696000","-100","-3600000",1,1,1,0,0
"3/18/2026","RIVN",2.83,"B","CALL",16,15.7126,16,"9/18/2026","BEAR","-309229","-6388","-1724229",1,0,0,0,0
"3/18/2026","IR",7,"B","CALL",95,84.115,95,"1/15/2027","BEAR","1400000","0","0",1,0,0,0,0
"3/18/2026","OBDC",2.177,"A","PUT",12.5,11.5157,10.323,"11/20/2026","BEAR","65300","0","0",1,0,0,0,0
"3/19/2026","COIN",57.75,"A","CALL",220,204.09,277.75,"5/21/2027","BULL","5993544","-262","842244",3,1,1,0,0
"3/19/2026","SLV",16.8,"B","PUT",64,64.5465,64,"12/15/2028","BULL","4816000","-160","-224000",1,0,0,0,0
"3/19/2026","COHR",89.1,"A","CALL",200,250.6699,289.1,"9/18/2026","BULL","-3276640","-521","-7731640",2,0,0,0,0
"3/19/2026","WDC",68.8,"B","PUT",280,299.255,280,"1/15/2027","BULL","5032625","250","1592625",2,0,0,0,0
"3/19/2026","SLV",14.598,"A","CALL",63,64.1299,77.598,"3/19/2027","BULL","2460326","0","0",1,0,0,0,0
"3/19/2026","KKR",19.51,"B","PUT",90,89.7,90,"1/21/2028","BULL","2146100","0","0",1,0,0,0,0
"3/19/2026","FEZ",3.41,"B","PUT",57,61.3,57,"1/15/2027","BULL","1364000","0","0",1,0,0,0,0
"3/19/2026","FCX",6.5,"B","PUT",45,52.09,45,"6/17/2027","BULL","922800","-1107","-247200",1,1,1,0,0
"3/19/2026","FEZ",2.49,"B","PUT",55,61.53,55,"11/20/2026","BULL","1120500","0","0",1,0,0,0,0
"3/19/2026","UCO",10.5,"A","CALL",55,42.88,65.5,"10/16/2026","BULL","916826","200","212276",1,1,1,0,0
"3/19/2026","PAGP",0.85,"A","CALL",25,23.78,25.85,"11/20/2026","BULL","1054425","2515","374425",1,1,1,0,0
"3/19/2026","DKNG",3.74,"B","PUT",25,24.665,25,"8/21/2026","BULL","477823","-1029","-83177",1,1,0,0,0
"3/19/2026","NKTR",21.398,"A","CALL",80,74.93,101.398,"1/15/2027","BULL","500709","0","0",1,1,1,1,1
"3/19/2026","THRY",0.9,"A","CALL",2.5,2.74,3.4,"8/21/2026","BULL","16497","-1333","-209707",1,1,1,1,1
"3/19/2026","FAZ",10.8,"A","CALL",65,53.25,75.8,"1/15/2027","BULL","214920","0","0",1,1,1,1,1
"3/19/2026","XLF",2.68,"B","CALL",50,48.7248,50,"9/18/2026","BEAR","6240482","-1733","-459518",1,0,0,0,0
"3/19/2026","RIG",0.49,"B","CALL",10,6.56,10,"1/15/2027","BEAR","4890140","-30031","-254860",2,1,0,1,0
"3/19/2026","QCOM",31.8,"A","PUT",150,130.925,118.2,"6/17/2027","BEAR","4209901","153","393901",1,1,1,0,1
"3/19/2026","LITE",176.8,"A","PUT",690,714.34,513.2,"9/18/2026","BEAR","3536000","0","0",1,0,0,0,0
"3/19/2026","XSP",49,"B","CALL",650,0,650,"9/18/2026","BEAR","4881207","362","1745208",1,0,0,0,0
"3/19/2026","NBIS",5.9,"A","PUT",50,119.38,44.1,"1/15/2027","BEAR","2922590","-1079","-27410",1,0,0,0,0
"3/19/2026","SOFI",4.1,"A","PUT",17,17.105,12.9,"3/19/2027","BEAR","1628663","-1651","-421337",1,0,0,0,0
"3/19/2026","MDY",39.7,"B","CALL",615,612.8286,615,"9/18/2026","BEAR","1588000","0","0",1,0,0,0,0
"3/19/2026","CMCSA",5.3,"B","CALL",25,28.81,25,"12/18/2026","BEAR","393032","-871","-613968",1,0,0,0,0
"3/19/2026","CIFR",1.98,"B","CALL",22,14.1432,22,"9/18/2026","BEAR","-106005","-3981","-896025",1,0,0,0,0
"3/20/2026","SMH",33.2,"B","PUT",300,387.58,300,"1/21/2028","BULL","3646408","190","326408",1,0,0,0,0
"3/20/2026","AMD",9.7,"B","PUT",140,200.88,140,"11/20/2026","BULL","1940000","0","0",1,0,0,0,0
"3/20/2026","MOS",1.892,"AA","CALL",35,24.69,36.892,"1/15/2027","BULL","1615678","-2978","-280556",1,1,1,1,1
"3/20/2026","AG",3.455,"AA","CALL",25,18.675,28.455,"12/18/2026","BULL","9212999","19339","7673536",1,1,1,1,1
"3/20/2026","MOS",3.05,"AA","CALL",40,24.614,43.05,"1/21/2028","BULL","1473455","0","0",1,1,1,1,1
"3/20/2026","WULF",2.98,"A","CALL",30,15.085,32.98,"6/17/2027","BULL","494627","-1526","-595288",1,0,0,0,0
"3/20/2026","EQT",17.75,"B","PUT",80,65.63,80,"1/15/2027","BULL","1065000","0","0",1,0,0,0,0
"3/20/2026","AG",2.6,"A","CALL",30,18.695,32.6,"12/18/2026","BULL","2097163","5309","1237370",1,1,1,1,1
"3/20/2026","NEXT",1.5,"B","PUT",7,7.3698,7,"1/15/2027","BULL","750000","0","0",1,1,0,1,0
"3/20/2026","VOYG",4,"A","CALL",40,25.3499,44,"11/20/2026","BULL","549150","0","0",1,1,0,1,0
"3/20/2026","AG",2.839,"A","CALL",25,18.84,27.839,"10/16/2026","BULL","1829222","2444","1334738",1,1,1,1,1
"3/20/2026","ASST",2.828,"A","CALL",15,10.22,17.828,"1/15/2027","BULL","-1164376","-2174","-1537032",1,1,0,1,0
"3/20/2026","SMCL",0.7,"A","CALL",2,1.7398,2.7,"9/18/2026","BULL","35000","0","0",1,1,1,1,1
"3/20/2026","GLD",53.5,"A","PUT",425,420.91,371.5,"6/16/2028","BEAR","6687500","0","0",1,0,0,0,0
"3/20/2026","CRDO",20.01,"BB","CALL",140,103.95,140,"11/20/2026","BEAR","3799899","0","0",1,0,0,0,0
"3/20/2026","JPM",24.4,"B","CALL",310,287.125,310,"3/19/2027","BEAR","3599024","0","0",1,0,0,0,0
"3/20/2026","SLV",8.45,"A","PUT",60.5,62.15,52.05,"9/18/2026","BEAR","3594770","43","6355",1,0,0,0,0
"3/20/2026","CVNA",7.541,"B","CALL",500,285.0568,500,"8/21/2026","BEAR","-3778941","-998","-6965064",1,1,0,0,0
"3/20/2026","KKR",9.4,"A","PUT",80,89.31,70.6,"12/18/2026","BEAR","-2480277","-2963","-3859977",1,0,0,0,0
"3/20/2026","SMTC",12.5,"B","CALL",100,75.305,100,"1/15/2027","BEAR","1891496","200","648996",1,1,1,1,0
"3/20/2026","TAP",6,"A","PUT",40,42.17,34,"1/21/2028","BEAR","1979100","1150","862500",1,0,0,0,0
"3/20/2026","SAP",21.349,"A","PUT",170,174.8901,148.651,"3/19/2027","BEAR","1086649","0","0",1,0,0,0,0
"3/20/2026","RIVN",6.35,"A","PUT",17,14.895,10.65,"1/21/2028","BEAR","1065300","200","113800",1,0,0,0,0
"3/20/2026","SHEL",32,"B","CALL",60,91.26,60,"10/16/2026","BEAR","870400","0","0",1,1,1,1,0
"3/20/2026","USAR",3.6,"B","CALL",20,17.19,20,"9/18/2026","BEAR","303313","-1628","-416687",1,0,0,0,0
"3/20/2026","TIP",4.1,"B","CALL",108,110.375,108,"9/18/2026","BEAR","250100","0","0",1,0,0,0,0
"3/20/2026","SCHL",4.001,"B","CALL",40,38.67,40,"9/18/2026","BEAR","65210","0","0",1,0,0,0,0
"3/20/2026","OVID",1,"B","CALL",2.5,2.56,2.5,"10/16/2026","BEAR","77400","500","27500",1,0,0,0,0
"3/23/2026","AXTI",30.597,"BB","PUT",75,63.266,75,"8/21/2026","BULL","1232862","-2150","-4918340",1,1,1,1,1
"3/23/2026","CRWD",90.2,"A","CALL",430,415.055,520.2,"6/17/2027","BULL","-1601860","-711","-5552620",2,1,0,0,0
"3/23/2026","CCJ",22.5,"B","PUT",115,103.14,115,"9/18/2026","BULL","-283581","-809","-1246586",1,0,0,0,0
"3/23/2026","OPEN",2.15,"B","PUT",5,5.19,5,"1/21/2028","BULL","124632","-1356","-283868",1,1,0,1,0
"3/23/2026","RYN",3.8,"A","CALL",17.5,20.18,21.3,"1/15/2027","BULL","133000","0","0",1,1,1,1,1
"3/23/2026","TAGS",2.1,"A","CALL",27,24.905,29.1,"11/20/2026","BULL","29190","-161","-33810",1,1,1,1,1
"3/23/2026","GOOG",25.951,"B","CALL",335,299.2413,335,"1/15/2027","BEAR","11329369","-901","-4095354",1,0,0,0,0
"3/23/2026","SPY",45.85,"BB","CALL",800,655.95,800,"12/15/2028","BEAR","-1853860","-686","-8914810",1,0,0,0,0
"3/23/2026","EQIX",24.6,"A","PUT",800,972.28,775.4,"9/18/2026","BEAR","12342416","2650","6192500",1,0,0,0,0
"3/23/2026","SPY",58.99,"A","PUT",660,658.67,601.01,"1/21/2028","BEAR","7802611","753","3126611",1,0,0,0,0
"3/23/2026","TSM",36.3,"A","PUT",300,340.08,263.7,"3/19/2027","BEAR","4840181","1170","1936181",1,1,1,0,0
"3/23/2026","HUT",6.95,"B","CALL",80,53.12,80,"9/18/2026","BEAR","1922780","-704","-509720",2,1,0,0,0
"3/23/2026","SOXL",24.978,"B","CALL",38,52.4875,38,"1/15/2027","BEAR","1998216","0","0",1,0,0,0,0
"3/23/2026","STX",127.5,"B","CALL",380,422.91,380,"1/15/2027","BEAR","1912500","0","0",1,0,0,0,0
"3/24/2026","MU",55,"B","PUT",300,393.015,300,"6/17/2027","BULL","5423565","-2272","-4316935",1,0,0,0,0
"3/24/2026","NTNX",10.1,"B","PUT",40,39.24,40,"1/21/2028","BULL","7126560","0","0",1,0,1,0,1
"3/24/2026","NVDA",13.52,"B","PUT",160,175.585,160,"10/16/2026","BULL","5992526","-5737","584526",1,1,0,1,0
"3/24/2026","SPY",49.013,"AA","CALL",680,652.55,729.013,"3/19/2027","BULL","-2010449","-1568","-6866545",1,0,0,0,0
"3/24/2026","BX",14.7,"B","PUT",95,107.7,95,"6/17/2027","BULL","4410000","0","0",1,1,1,1,1
"3/24/2026","CVNA",60,"A","CALL",300,297.7,360,"8/21/2026","BULL","2127400","-193","-1196600",1,1,0,0,0
"3/24/2026","MSFT",33.09,"A","CALL",380,373.9499,413.09,"9/18/2026","BULL","1439223","-29","-1869777",1,1,1,1,0
"3/24/2026","WMT",12.85,"B","PUT",125,122.432326,125,"1/15/2027","BULL","3696568","1136","1126568",1,1,0,0,0
"3/24/2026","TSM",20.1,"A","CALL",460,340.54,480.1,"12/18/2026","BULL","2412000","0","0",1,1,1,0,0
"3/24/2026","WDC",69.8,"B","PUT",270,296.25,270,"3/19/2027","BULL","1396000","0","0",1,0,0,0,0
"3/24/2026","RIG",0.9,"A","CALL",7,6.67,7.9,"8/21/2026","BULL","-954296","-17049","-1854296",1,1,0,1,0
"3/24/2026","CNM",5.75,"A","CALL",55,50.01,60.75,"1/15/2027","BULL","72000","-1200","-582000",1,,,,
"3/24/2026","PAGP",0.7,"A","CALL",26,24.285,26.7,"11/20/2026","BULL","703432","5049","272932",1,1,1,0,0
"3/24/2026","SATL",0.83,"A","CALL",10,5.575,10.83,"8/21/2026","BULL","196848","761","56608",1,1,1,1,1
"3/24/2026","SKM",5.5,"A","CALL",35,31.05,40.5,"1/15/2027","BULL","138600","0","0",1,1,0,0,0
"3/24/2026","SXC",0.8,"A","CALL",7.5,6.635,8.3,"12/18/2026","BULL","98458","0","0",1,1,1,1,1
"3/24/2026","IAU",11.9,"B","CALL",85,82.795,85,"6/17/2027","BEAR","3089400","1010","1201900",1,1,0,1,0
"3/24/2026","NEXT",2.002,"B","CALL",10,7.425,10,"1/21/2028","BEAR","1907054","167","32561",1,1,0,1,0
"3/24/2026","FOUR",9.25,"B","CALL",50,49.52,50,"12/18/2026","BEAR","1850000","0","0",1,1,0,1,0
"3/24/2026","OPEN",2.1,"B","CALL",4,5.205,4,"11/20/2026","BEAR","2044124","7753","1058336",1,1,0,1,0
"3/24/2026","PCT",2,"A","PUT",6,5.22,4,"8/21/2026","BEAR","1161586","1612","199027",1,0,0,0,0
"3/24/2026","KPTI",1.5,"B","CALL",7.5,5.68,7.5,"8/21/2026","BEAR","-374164","-1536","-973314",1,0,0,0,0
"3/24/2026","STRC",5.5,"A","PUT",100,99.9789,94.5,"9/18/2026","BEAR","122100","0","0",1,0,0,0,0
"3/24/2026","CORN",2.41,"B","CALL",18,18.53,18,"11/20/2026","BEAR","314114","940","193614",1,1,0,1,0
"3/24/2026","NVRI",1,"B","CALL",20,18.455,20,"12/18/2026","BEAR","291114","1787","193714",1,0,0,0,0
"3/25/2026","WING",46.3,"A","CALL",170,165.0438,216.3,"3/19/2027","BULL","2315000","0","0",1,0,0,0,0
"3/25/2026","LITE",139.6,"B","PUT",670,795.34,670,"9/18/2026","BULL","1898560","0","0",1,0,0,0,0
"3/25/2026","BITF",0.78,"A","CALL",4,2.235,4.78,"1/21/2028","BULL","832512","0","0",1,1,0,0,0
"3/25/2026","BKSY",8.3,"A","CALL",40,28.885,48.3,"1/15/2027","BULL","380136","0","0",1,0,0,0,0
"3/25/2026","AMDL",3.5,"A","CALL",22,14.4,25.5,"1/15/2027","BULL","267750","0","0",1,1,0,0,0
"3/25/2026","ATEN",1.53,"A","CALL",30,23.68,31.53,"12/18/2026","BULL","303613","57","128323",1,1,1,1,1
"3/25/2026","OPRT",1.05,"A","CALL",5,4.6027,6.05,"11/20/2026","BULL","79536","0","0",1,1,1,1,1
"3/25/2026","SMH",37.6,"A","PUT",320,399.145,282.4,"1/21/2028","BEAR","3760000","0","0",1,0,0,0,0
"3/25/2026","CIEN",154.3,"A","PUT",460,441.051,305.7,"6/17/2027","BEAR","2314500","0","0",1,0,0,0,0
"3/25/2026","GEO",5.65,"B","CALL",14,17.6,14,"12/18/2026","BEAR","1977500","0","0",1,1,0,1,0
"3/25/2026","DOCN",11.8,"A","PUT",65,86.37,53.2,"1/15/2027","BEAR","1180000","0","0",1,1,1,0,0
"3/25/2026","CORZ",3.9,"B","CALL",32,17.115,32,"12/17/2027","BEAR","858000","0","0",1,0,0,0,0
"3/25/2026","SA",5.4,"B","CALL",27,27.1,27,"8/21/2026","BEAR","540000","0","0",1,1,0,1,0
"3/25/2026","VGZ",0.3,"B","CALL",2.5,1.99,2.5,"9/18/2026","BEAR","240000","0","0",1,0,0,0,0
"3/26/2026","CRWD",37.498,"A","CALL",420,391.665,457.498,"8/21/2026","BULL","1961169","0","0",1,1,0,0,0
"3/26/2026","LHX",33.004,"AA","CALL",370,348.69,403.004,"1/15/2027","BULL","1650209","0","0",1,1,1,1,1
"3/26/2026","HTZ",1.38,"B","PUT",3,4.92,3,"6/16/2028","BULL","1072200","-159","-31800",1,0,0,0,0
"3/26/2026","PR",1.27,"A","CALL",25,21.515,26.27,"10/16/2026","BULL","1004298","2088","242298",1,1,1,1,1
"3/26/2026","MLCO",0.71,"A","CALL",7,5.55,7.71,"1/15/2027","BULL","701027","0","0",1,1,1,1,1
"3/26/2026","PTON",0.55,"A","CALL",12,3.985,12.55,"1/21/2028","BULL","353250","-1641","-196750",1,1,1,0,0
"3/26/2026","TS",10.7,"A","CALL",50,58.58,60.7,"9/18/2026","BULL","422795","-75","-86525",1,1,1,1,1
"3/26/2026","REMX",9.9,"B","PUT",80,85.49,80,"12/18/2026","BULL","495000","0","0",1,1,1,1,1
"3/26/2026","CPB",1.25,"A","CALL",25,20.92,26.25,"1/15/2027","BULL","-445487","-7474","-837612",1,0,0,0,0
"3/26/2026","CTRI",3.685,"A","CALL",35,29.53,38.685,"1/15/2027","BULL","203658","-241","-87402",1,1,0,1,0
"3/26/2026","HNRG",3.2,"A","CALL",25,18.59,28.2,"1/15/2027","BULL","236254","720","76254",1,1,1,1,1
"3/26/2026","ARIS",4.3,"A","CALL",15,17.26,19.3,"9/18/2026","BULL","107500","0","0",1,1,1,1,1
"3/26/2026","VYX",0.55,"A","CALL",10,6.45,10.55,"12/18/2026","BULL","931490","8003","841785",2,1,1,1,1
"3/26/2026","TQQQ",15.7,"B","CALL",42,42.71,42,"1/21/2028","BEAR","29015028","4467","19595028",1,1,0,1,0
"3/26/2026","GME",6.25,"B","CALL",27,22.72,27,"12/15/2028","BEAR","7955000","500","360000",1,0,0,0,0
"3/26/2026","XLF",3.3,"A","PUT",45,49,41.7,"12/17/2027","BEAR","1905000","-15000","-4695000",1,0,0,0,0
"3/26/2026","BTI",21.39,"B","CALL",37,58.43,37,"1/15/2027","BEAR","5110800","0","0",1,1,0,1,0
"3/26/2026","NEXT",2.41,"B","CALL",7,7.7625,7,"1/15/2027","BEAR","5321715","2457","501715",1,1,0,1,0
"3/26/2026","XLF",13.5,"A","PUT",62,49.04,48.5,"1/15/2027","BEAR","4050000","0","0",1,0,0,0,0
"3/26/2026","W",28.3,"A","PUT",92.5,73.88,64.2,"12/18/2026","BEAR","3594080","0","0",1,1,0,1,0
"3/26/2026","BTI",18.3,"B","CALL",40,58.43,40,"12/18/2026","BEAR","2622000","0","0",1,1,0,1,0
"3/26/2026","GOOG",23.1,"A","PUT",275,280.9996,251.9,"9/18/2026","BEAR","2283800","231","-26200",1,0,0,0,0
"3/26/2026","PLTR",62.8,"A","PUT",175,149.625,112.2,"12/15/2028","BEAR","4409400","414","2525400",1,0,0,0,0
"3/26/2026","LNG",17.9,"A","PUT",250,290.625,232.1,"1/15/2027","BEAR","819820","0","0",1,0,0,0,0
"3/26/2026","SOFI",2.3,"A","PUT",15,15.955,12.7,"9/18/2026","BEAR","789646","2424","135250",1,0,0,0,0
"3/26/2026","QS",0.9,"A","PUT",6,6.575,5.1,"8/21/2026","BEAR","408530","340","3530",1,0,0,0,0
"3/27/2026","PTEN",1.55,"A","CALL",12,11.426,13.55,"8/21/2026","BULL","5314347","2160","206966",1,1,1,1,1
"3/27/2026","MSFT",3.42,"B","PUT",250,356.8808,250,"8/21/2026","BULL","3203547","-5086","-215427",1,1,1,1,0
"3/27/2026","PLTR",14.6,"B","PUT",110,143.37,110,"3/19/2027","BULL","-5927250","-6750","-9212250",1,0,0,0,0
"3/27/2026","PLTR",20.6,"B","PUT",125,143.34,125,"3/19/2027","BULL","3451000","1000","1391000",1,0,0,0,0
"3/27/2026","WING",30.5,"B","PUT",140,160.73,140,"3/19/2027","BULL","1525000","0","0",1,0,0,0,0
"3/27/2026","WY",2.675,"A","CALL",27,23.475,29.675,"1/21/2028","BULL","1337500","0","0",1,1,1,1,1
"3/27/2026","BOTZ",3.21,"B","PUT",34,32.4,34,"9/18/2026","BULL","1123500","0","0",1,1,1,1,1
"3/27/2026","SMR",1.77,"B","PUT",9,10.41,9,"8/21/2026","BULL","1056396","2595","171396",1,1,1,1,1
"3/27/2026","INFY",0.95,"B","PUT",10,12.905,10,"1/15/2027","BULL","1017828","2602","210328",1,1,1,1,1
"3/27/2026","HPE",2.349,"A","CALL",30,24.0933,32.349,"1/15/2027","BULL","206906","-1032","-371688",1,0,0,0,0
"3/27/2026","JBS",0.6,"A","CALL",20,17.035,20.6,"1/15/2027","BULL","1433934","16031","1107774",1,1,1,1,1
"3/27/2026","IRDM",4.1,"A","CALL",30,28.07,34.1,"10/16/2026","BULL","-65100","-446","-364400",1,1,1,1,1
"3/27/2026","NG",2.351,"A","CALL",8,8.28,10.3509999999999,"12/18/2026","BULL","321024","400","85899",1,1,1,1,0
"3/27/2026","SPTL",3.1,"A","CALL",23,26.005,26.1,"11/20/2026","BULL","77500","0","0",1,1,1,1,1
"3/27/2026","SPY",36.36,"B","CALL",680,641.69,680,"1/15/2027","BEAR","12223291","-153","-502709",1,0,0,0,0
"3/27/2026","PDD",70.65,"A","PUT",170,99.82,99.35,"9/18/2026","BEAR","12717000","0","0",1,0,0,0,0
"3/27/2026","SLV",13.94,"A","PUT",65,63.7465,51.06,"3/19/2027","BEAR","5724000","1000","845000",1,0,0,0,0
"3/27/2026","BRK.B",113.5,"B","CALL",380,472.56,380,"1/15/2027","BEAR","-5044950","-600","-8484000",1,1,1,1,1
"3/27/2026","CCJ",13.25,"A","PUT",100,104.04,86.75,"9/18/2026","BEAR","3918067","919","605567",1,0,0,0,0
"3/27/2026","BE",50.4,"A","PUT",115,130.83,64.6,"1/21/2028","BEAR","3016960","0","0",1,1,1,1,1
"3/27/2026","CCJ",7.7,"B","CALL",130,103.68,130,"9/18/2026","BEAR","1555000","-400","-370000",1,0,0,0,0
"3/27/2026","FUBO",3.1,"A","PUT",10,9.2642,6.9,"11/20/2026","BEAR","201500","0","0",1,0,1,0,1
"3/30/2026","HYG",1.125,"B","PUT",74,79.055,74,"9/18/2026","BULL","13746288","54802","6996288",1,0,1,0,1
"3/30/2026","HOOD",7.315,"A","CALL",105,64.1974,112.315,"3/19/2027","BULL","5407903","0","0",1,0,0,0,0
"3/30/2026","CIEN",98.7,"A","CALL",410,367.514512,508.7,"1/15/2027","BULL","1974000","0","0",1,0,0,0,0
"3/30/2026","GOOGL",7.82,"B","PUT",210,274.77,210,"11/20/2026","BULL","1876800","0","0",1,1,0,1,0
"3/30/2026","AAL",1,"B","PUT",9,10.145,9,"9/18/2026","BULL","985000","5000","185000",1,1,1,1,0
"3/30/2026","GSG",2.25,"A","CALL",35,32.52,37.25,"10/16/2026","BULL","67500","0","0",1,1,1,1,1
"3/30/2026","MU",31.25,"B","CALL",500,319.68,500,"1/15/2027","BEAR","-36663229","-3575","-55432181",1,0,0,0,0
"3/30/2026","TQQQ",13.83,"B","CALL",40,38.845,40,"1/21/2028","BEAR","27753000","4596","20838000",1,1,0,1,0
"3/30/2026","OXY",11.4,"B","CALL",67.5,65.95,67.5,"6/17/2027","BEAR","8513767","1690","1620672",1,0,0,0,0
"3/30/2026","TSM",37.35,"B","CALL",500,315.6201,500,"1/21/2028","BEAR","4891015","100","550000",1,1,1,0,0
"3/30/2026","TSM",135,"B","CALL",250,317.91,250,"12/15/2028","BEAR","3901500","0","0",1,1,1,0,0
"3/30/2026","GOOG",16.784,"BB","CALL",330,273.735,330,"1/15/2027","BEAR","3769251","-20","387381",1,0,0,0,0
"3/30/2026","AG",6.175,"B","CALL",17,19.75,17,"10/16/2026","BEAR","959273","-10870","-1510727",1,1,1,1,1
"3/30/2026","UTHR",38.5,"B","CALL",680,585.915,680,"11/20/2026","BEAR","1524600","0","0",1,1,0,1,0
"3/30/2026","PBR.A",1.2,"A","PUT",15,18.91,13.8,"1/15/2027","BEAR","2049924","6946","855309",1,0,0,0,0
"3/30/2026","NVS",21,"B","CALL",155,150.46,155,"1/21/2028","BEAR","118200","-402","-904500",1,0,0,0,0
"3/30/2026","MP",5.55,"B","CALL",60,48.65,60,"9/18/2026","BEAR","113570","-1260","-718930",1,0,0,0,0
"3/30/2026","KTOS",5.65,"B","CALL",90,65.8175,90,"8/21/2026","BEAR","581950","0","0",1,1,1,1,0
"3/30/2026","LOAR",8.22,"B","CALL",65,56.79,65,"1/15/2027","BEAR","-235800","-600","-729000",1,0,0,0,0
"3/30/2026","ALMS",8.2,"B","CALL",25,22.8152,25,"10/16/2026","BEAR","-323876","-1188","-806876",1,0,0,0,0
"3/30/2026","ATEX",3.45,"B","CALL",55,36.37,55,"11/20/2026","BEAR","342930","0","0",1,1,1,1,0
"3/30/2026","IYW",10.36,"A","PUT",170,175.6283,159.64,"9/18/2026","BEAR","207201","0","0",1,0,0,0,0
"3/31/2026","SNDK",109,"A","CALL",1140,624.28,1249,"1/15/2027","BULL","28198732","-15","-2084000",1,1,1,0,0
"3/31/2026","RDDT",41.4,"B","PUT",140,129.18,140,"3/19/2027","BULL","11799000","0","0",1,0,0,0,0
"3/31/2026","PBR",3.2,"B","PUT",20,20.315,20,"3/19/2027","BULL","966080","0","0",1,1,1,0,0
"3/31/2026","DOCN",21.099,"A","CALL",92.5,84.2,113.599,"1/15/2027","BULL","603437","0","0",1,1,1,0,0
"3/31/2026","ALMS",6.7,"A","CALL",25,22.08,31.7,"10/16/2026","BULL","703300","167","114605",1,0,0,0,0
"3/31/2026","NVDA",29.4,"B","CALL",205,173.429,205,"9/17/2027","BEAR","-9844560","-3394","-19673428",1,1,0,1,0
"3/31/2026","SMH",79.99,"A","PUT",400,377.91,320.01,"1/21/2028","BEAR","7999000","0","0",1,0,0,0,0
"3/31/2026","CRWD",73.652,"B","CALL",440,390.49,440,"6/17/2027","BEAR","16740593","860","10502293",1,1,0,0,0
"3/31/2026","AMZN",35.45,"A","PUT",215,206.0101,179.55,"7/16/2027","BEAR","5317500","0","0",1,1,1,1,1
"3/31/2026","EXE",8.5,"B","CALL",115,109.52,115,"9/18/2026","BEAR","2043775","-285","-81225",1,1,1,1,0
"3/31/2026","WING",35.3,"B","CALL",180,154.8074,180,"3/19/2027","BEAR","1941500","0","0",1,0,0,0,0
"3/31/2026","WBD",0.5,"A","PUT",21,27.215,20.5,"9/18/2026","BEAR","8328275","155255","7403275",2,0,0,0,0
"3/31/2026","WRD",0.75,"B","CALL",12.5,7.985,12.5,"10/16/2026","BEAR","775660","-3509","-70180",1,0,0,0,0
"3/31/2026","CODI",1.55,"B","CALL",10,7.65,10,"12/18/2026","BEAR","208785","0","0",1,0,0,0,0
"3/31/2026","CMBT",3,"A","PUT",15,12.625,12,"8/21/2026","BEAR","120000","0","0",1,0,0,0,0
"4/1/2026","TQQQ",15.45,"A","CALL",43,43.31,58.45,"1/21/2028","BULL","39899507","11742","32174507",2,1,0,1,0
"4/1/2026","FCX",13.25,"A","CALL",75,61.13,88.25,"1/21/2028","BULL","2650000","0","0",1,1,1,0,0
"4/1/2026","PTEN",1.3,"A","CALL",11,10.3399,12.3,"8/21/2026","BULL","1581670","2613","264060",1,1,1,1,1
"4/1/2026","WPM",18.2,"B","PUT",130,134.81,130,"12/18/2026","BULL","910000","0","0",1,0,0,0,0
"4/1/2026","UNIT",1.95,"A","CALL",12,9.901,13.95,"12/17/2027","BULL","3053091","9896","2387561",1,1,1,1,1
"4/1/2026","HL",3.15,"A","CALL",22,19.165,25.15,"9/18/2026","BULL","962397","1861","367902",1,0,0,0,0
"4/1/2026","PSTG",5.6,"B","PUT",55,61.98,55,"8/21/2026","BULL","560000","0","0",1,0,1,0,1
"4/1/2026","POET",0.97,"B","PUT",5,5.89,5,"10/16/2026","BULL","260289","-2500","-163250",1,1,1,1,0
"4/1/2026","NYT",11.201,"B","PUT",90,84.765,90,"12/18/2026","BULL","175855","0","0",1,0,0,0,0
"4/1/2026","PSKY",1.63,"B","CALL",10,9.194944,10,"1/15/2027","BEAR","21362573","46568","13091341",1,1,0,0,0
"4/1/2026","LITE",226,"B","CALL",750,781.51,750,"9/18/2026","BEAR","5499450","-120","-1134000",1,0,0,0,0
"4/1/2026","SOXX",32,"A","PUT",315,341.11,283,"1/15/2027","BEAR","4800000","0","0",1,0,0,0,0
"4/1/2026","SATS",11.45,"B","CALL",175,120.77,175,"12/18/2026","BEAR","3206028","0","0",1,1,0,1,0
"4/1/2026","WBD",0.53,"A","PUT",21,27.5801,20.47,"9/18/2026","BEAR","7403275","109005","4952025",2,0,0,0,0
"4/1/2026","EYPT",3.45,"A","PUT",10,13.100079,6.55,"8/21/2026","BEAR","3120018","4513","1395018",1,0,0,0,0
"4/1/2026","EU",0.5,"B","CALL",3,1.894,3,"1/21/2028","BEAR","400000","0","0",1,0,0,0,0
"4/1/2026","ANNX",1.75,"A","PUT",5,5.7352,3.25,"12/18/2026","BEAR","137920","-295","-43650",1,0,0,0,0
"4/1/2026","SIGA",1.7,"B","CALL",4.4,5.105,4.4,"1/15/2027","BEAR","61000","0","0",1,0,0,0,0
"4/2/2026","SNDK",120,"B","PUT",500,689.005,500,"2/19/2027","BULL","5766250","-275","-233750",1,1,1,0,0
"4/2/2026","CVNA",50.85,"A","CALL",320,301.7977,370.85,"8/21/2026","BULL","2584850","0","0",1,1,0,0,0
"4/2/2026","UVXY",12.7,"A","CALL",100,51.19,112.7,"1/15/2027","BULL","1318664","-1233","-1102889",1,1,1,1,1
"4/2/2026","IONQ",2.45,"A","CALL",45,28.99,47.45,"8/21/2026","BULL","-2478812","-4658","-4890062",1,0,0,0,0
"4/2/2026","USAR",1.08,"A","CALL",31,15.81,32.08,"9/18/2026","BULL","3341140","7917","2585140",1,0,0,0,0
"4/2/2026","VIXY",20.42,"B","PUT",40,34.62,40,"1/21/2028","BULL","612600","0","0",1,0,0,0,0
"4/2/2026","KGC",2.73,"A","CALL",40,31.46,42.73,"11/20/2026","BULL","796588","4159","395518",1,1,1,1,1
"4/2/2026","OXY",4.85,"B","CALL",67.5,62.59,67.5,"9/18/2026","BEAR","3908882","-572","-86156",1,0,0,0,0
"4/2/2026","KKR",13.5,"A","PUT",90,88.86,76.5,"12/18/2026","BEAR","1492948","-1601","-1284002",1,0,0,0,0
"4/2/2026","KOD",8.6,"B","CALL",45,39.38,45,"9/18/2026","BEAR","172000","0","0",1,1,1,1,0
"4/2/2026","UTZ",0.95,"A","PUT",7.5,7.665,6.55,"9/18/2026","BEAR","47500","0","0",1,0,1,0,1
"4/6/2026","LRCX",11.4,"B","PUT",140,219.135,140,"12/18/2026","BULL","2997000","-4034","-1573260",1,0,0,0,0
"4/6/2026","INTC",2.38,"B","PUT",33,50.52,33,"12/18/2026","BULL","4382626","16214","1061336",1,1,1,1,1
"4/6/2026","INTC",3.111,"B","PUT",39,50.595,39,"9/18/2026","BULL","3703461","3356","624451",1,1,1,1,1
"4/6/2026","CRWD",55.3,"B","PUT",360,396.16,360,"6/17/2027","BULL","2460850","0","0",1,1,0,0,0
"4/6/2026","TQQQ",15.875,"A","CALL",43,43.83,58.875,"1/21/2028","BULL","25046927","5742","22665671",2,1,0,1,0
"4/6/2026","MGM",3.54,"A","CALL",40,37.48,43.54,"9/18/2026","BULL","84100","-6500","-2039900",1,,,,
"4/6/2026","DELL",27.75,"A","CALL",230,173.465,257.75,"9/17/2027","BULL","993245","-340","-1088005",1,0,0,0,0
"4/6/2026","JPM",17.05,"B","PUT",285,295.535,285,"9/18/2026","BULL","2191492","659","486492",1,0,0,0,0
"4/6/2026","ENVX",1.2,"A","CALL",7,5.4886,8.2,"10/16/2026","BULL","382139","-3118","-817861",1,0,0,0,0
"4/6/2026","BTC",6.3,"AA","CALL",31,30.82,37.3,"1/15/2027","BULL","126000","0","0",1,1,1,1,1
"4/6/2026","LYG",0.45,"B","PUT",5,5.25,5,"10/16/2026","BULL","45000","0","0",1,0,0,0,0
"4/6/2026","WIX",12.85,"A","PUT",70,81.095,57.15,"1/15/2027","BEAR","507840","-4232","-4930280",1,0,1,0,1
"4/6/2026","PLTR",25.6,"A","PUT",135,148.62,109.4,"6/17/2027","BEAR","14061305","4887","11101945",2,0,0,0,0
"4/6/2026","WBD",1.62,"A","PUT",26,27.41,24.38,"11/20/2026","BEAR","1470931","5252","984931",1,0,0,0,0
"4/6/2026","FIGS",3.1,"B","CALL",12.5,13.69,12.5,"10/16/2026","BEAR","329630","-1126","-104970",1,1,1,1,0
"4/6/2026","CPB",3.8,"B","CALL",20,22.025,20,"1/15/2027","BEAR","380000","0","0",1,0,0,0,0
"4/7/2026","LITE",383.889,"A","CALL",500,803.01,883.889,"9/18/2026","BULL","18795114","0","0",1,0,0,0,0
"4/7/2026","CIFR",4.6,"A","CALL",15,13.85,19.6,"1/15/2027","BULL","1549606","-4389","-3122389",1,0,0,0,0
"4/7/2026","ORCL",66.65,"B","PUT",190,141.71,190,"1/21/2028","BULL","4895670","130","563420",1,0,0,0,0
"4/7/2026","FCX",15.2,"B","PUT",70,60.84,70,"12/18/2026","BULL","6092750","2050","2900750",1,1,1,0,0
"4/7/2026","APH",15.7,"B","PUT",115,125.9,115,"1/15/2027","BULL","2185700","240","223200",1,1,1,0,0
"4/7/2026","UVXY",13,"A","CALL",105,52.28,118,"1/15/2027","BULL","1605300","300","265954",1,1,1,1,1
"4/7/2026","BSX",6.6,"A","CALL",70,61.43,76.6,"3/19/2027","BULL","1146326","-496","-173674",1,1,1,1,1
"4/7/2026","UPST",9.999,"A","CALL",25,26.35,34.999,"5/21/2027","BULL","1299910","0","0",1,0,0,0,0
"4/7/2026","EXPE",19.6,"B","PUT",200,226.875,200,"9/18/2026","BULL","1402990","250","422990",1,0,0,0,0
"4/7/2026","UVXY",13,"A","CALL",110,52.55,123,"1/15/2027","BULL","259282","-717","-389418",1,1,1,1,1
"4/7/2026","CART",3.15,"B","PUT",37,41.645,37,"9/18/2026","BULL","629698","0","0",1,0,1,0,1
"4/7/2026","UMAC",5.2,"A","CALL",10,13.51,15.2,"8/21/2026","BULL","468000","0","0",1,0,0,0,0
"4/7/2026","HPE",2.71,"B","PUT",22,24.475,22,"1/15/2027","BULL","294160","-606","-36189",1,0,0,0,0
"4/7/2026","VIRT",1.6,"A","CALL",55,47.675,56.6,"9/18/2026","BULL","-684102","-3623","-1004102",1,1,1,1,1
"4/7/2026","ZEPP",3.3,"A","CALL",12.5,11.5,15.8,"9/18/2026","BULL","66000","0","0",1,1,1,1,1
"4/7/2026","ZH",0.8,"A","CALL",2.5,3.025,3.3,"9/18/2026","BULL","49600","0","0",1,1,1,1,1
"4/7/2026","FEZ",2.64,"A","PUT",59,62.47,56.36,"8/21/2026","BEAR","1320000","0","0",1,0,0,0,0
"4/7/2026","WGS",10.05,"B","CALL",90,66.3,90,"12/18/2026","BEAR","999975","0","0",1,0,0,0,0
"4/7/2026","XLC",5.26,"A","PUT",107,111.29,101.74,"12/18/2026","BEAR","789000","0","0",1,0,1,0,0
"4/8/2026","CAT",88.593,"AA","CALL",820,770.43,908.593,"1/15/2027","BULL","4438505","0","0",1,1,1,1,0
"4/8/2026","MRVL",21.3,"A","CALL",145,114.38,166.3,"6/17/2027","BULL","2332500","-150","-862500",1,0,0,0,0
"4/8/2026","CIFR",3.73,"A","CALL",19,15.25,22.73,"11/20/2026","BULL","2941599","12","64300",1,0,0,0,0
"4/8/2026","SLV",11.3,"A","CALL",80,68.7701,91.3,"3/19/2027","BULL","-1983553","-4148","-4782683",1,0,0,0,0
"4/8/2026","CIEN",150,"B","PUT",470,481.74,470,"6/17/2027","BULL","2706170","100","1206170",1,0,0,0,0
"4/8/2026","AMPX",3.41,"B","PUT",15,17.17,15,"10/16/2026","BULL","2296569","4160","932569",1,0,1,0,1
"4/8/2026","AEHR",22.41,"A","CALL",70,61.575,92.41,"1/15/2027","BULL","-1977449","-890","-3322075",1,0,0,0,0
"4/8/2026","APH",17.2,"A","CALL",160,134.355,177.2,"3/19/2027","BULL","2639248","882","1550488",2,1,1,0,0
"4/8/2026","ETR",3.55,"A","CALL",125,114.7035,128.55,"9/18/2026","BULL","923000","0","0",1,1,1,1,1
"4/8/2026","NOG",4.1,"B","PUT",27,27.5201,27,"1/15/2027","BULL","820523","0","0",1,0,1,0,1
"4/8/2026","SVXY",1.1,"B","PUT",20,47.975,20,"1/21/2028","BULL","733260","0","0",1,0,0,0,0
"4/8/2026","PNW",5,"A","CALL",105,102.98,110,"10/16/2026","BULL","358000","0","0",1,1,1,1,1
"4/8/2026","VIAV",13.5,"A","CALL",50,41.365,63.5,"1/21/2028","BULL","600602","166","252302",1,0,0,0,0
"4/8/2026","CGEM",4.12,"B","PUT",15,14.46,15,"12/18/2026","BULL","263680","0","0",1,0,1,0,1
"4/8/2026","EUAD",2.55,"A","CALL",48,44.515,50.55,"9/18/2026","BULL","229500","0","0",1,1,1,1,1
"4/8/2026","SPIR",1.65,"A","CALL",27,17.3,28.65,"8/21/2026","BULL","116325","0","0",1,1,1,1,1
"4/8/2026","BCSF",2.5,"B","PUT",15,12.73,15,"10/16/2026","BULL","75000","0","0",1,0,1,0,1
"4/8/2026","MVO",0.53,"A","CALL",2.5,2.645,3.03,"11/20/2026","BULL","70400","400","28000",1,1,1,1,1
"4/8/2026","LRCX",42,"A","PUT",230,244.82,188,"1/15/2027","BEAR","5040000","0","0",1,0,0,0,0
"4/8/2026","OWL",3.1,"A","PUT",11,8.335,7.9,"8/21/2026","BEAR","2705352","-7656","-1898148",1,0,0,0,0
"4/8/2026","BKSY",22.4,"B","CALL",20,33.3065,20,"1/21/2028","BEAR","4025000","-250","-455000",1,0,0,0,0
"4/8/2026","LNG",29.2,"B","CALL",280,266.58,280,"1/15/2027","BEAR","4380000","0","0",1,0,0,0,0
"4/8/2026","GOOGL",24.25,"B","CALL",330,319.155,330,"8/21/2026","BEAR","3538590","-98","891590",1,1,0,1,0
"4/8/2026","SATS",13.4,"B","CALL",170,123.8163,170,"12/18/2026","BEAR","4532210","1650","2182500",1,1,0,1,0
"4/8/2026","FCX",14.75,"A","PUT",65,65.47,50.25,"1/21/2028","BEAR","1466094","240","359844",1,1,1,0,0
"4/8/2026","VG",0.9,"A","PUT",10,14.1176,9.1,"8/21/2026","BEAR","917420","200","23000",1,0,1,0,0
"4/8/2026","JBLU",1.5,"B","CALL",7,5.065,7,"12/15/2028","BEAR","668652","-581","-87498",1,1,1,1,1
"4/8/2026","DKNG",1.96,"B","CALL",27.5,23.7969,27.5,"8/21/2026","BEAR","-11885","-4152","-700338",1,1,0,0,0
"4/8/2026","PCG",0.625,"B","CALL",21,18.37,21,"9/18/2026","BEAR","488311","-190","7573",1,1,1,1,1
"4/8/2026","ELVN",6.4,"B","CALL",60,43.9479,60,"12/18/2026","BEAR","320000","0","0",1,0,0,0,0
"4/8/2026","RKLX",10.218,"B","CALL",46,30.0725,46,"11/20/2026","BEAR","162473","0","0",1,0,0,0,0
"4/9/2026","WDC",53,"A","CALL",400,342.34,453,"9/18/2026","BULL","5446650","0","0",1,0,0,0,0
"4/9/2026","KRMN",10,"B","PUT",60,85.305,60,"6/17/2027","BULL","2647730","-1368","-2046270",1,0,1,0,1
"4/9/2026","PSKY",0.55,"A","CALL",15,10.6974,15.55,"9/18/2026","BULL","-865147","-47450","-3615147",1,1,0,0,0
"4/9/2026","MKSI",31.95,"A","CALL",320,265.5216,351.95,"10/16/2026","BULL","1597500","0","0",1,1,1,1,1
"4/9/2026","BNO",12.354,"A","CALL",42,48.06,54.354,"1/15/2027","BULL","1101358","0","-134052",1,0,0,0,0
"4/9/2026","S",2.05,"A","CALL",13,12.93,15.05,"9/18/2026","BULL","882439","-432","-142561",1,1,1,1,1
"4/9/2026","ARWR",9,"A","CALL",80,65.565,89,"9/18/2026","BULL","991500","0","0",1,1,1,0,0
"4/9/2026","GRMN",9.5,"A","CALL",320,257.4152,329.5,"12/18/2026","BULL","570000","0","0",1,1,1,1,1
"4/9/2026","AMDL",3.75,"A","CALL",25,16.3599,28.75,"1/15/2027","BULL","276000","0","0",1,1,0,0,0
"4/9/2026","GOOGL",57.85,"A","PUT",310,313.2928,252.15,"12/15/2028","BEAR","2172750","-180","-777600",1,1,0,1,0
"4/9/2026","GOOGL",57,"A","PUT",325,313.22,268,"1/21/2028","BEAR","2458000","200","748000",1,1,0,1,0
"4/9/2026","CORZ",3.267,"B","CALL",35,17.36,35,"12/17/2027","BEAR","1290176","545","389825",1,0,0,0,0
"4/9/2026","PCG",1.06,"B","CALL",20,18.7501,20,"9/18/2026","BEAR","-227112","-14287","-1022112",1,1,1,1,1
"4/9/2026","ATI",19.321,"A","PUT",145,160.0508,125.679,"1/15/2027","BEAR","836587","175","161175",1,0,0,0,0
"4/10/2026","SPY",67.528,"B","PUT",745,680.9399,745,"12/18/2026","BULL","6718281","129","222917",1,0,0,0,0
"4/10/2026","RIVN",2.32,"A","CALL",17,15.675,19.32,"9/18/2026","BULL","2094988","4481","702988",1,0,0,0,0
"4/10/2026","NET",26.35,"B","PUT",165,168.94,165,"8/21/2026","BULL","1357025","0","0",1,1,0,1,0
"4/10/2026","AAOI",40.1,"B","PUT",105,153.69,105,"6/17/2027","BULL","918290","0","0",1,0,0,0,0
"4/10/2026","UNIT",1.2,"B","PUT",10,10.955,10,"1/15/2027","BULL","445200","0","0",1,1,1,1,1
"4/10/2026","ADTN",3.327,"A","CALL",15,15.04,18.3269999999999,"11/20/2026","BULL","-53650","-1100","-486200",1,1,1,0,0
"4/10/2026","ECVT",0.599,"A","CALL",17.5,13.655,18.099,"9/18/2026","BULL","249698","3397","44165",1,1,1,1,1
"4/10/2026","XOVR",1.1,"A","CALL",20,16.995,21.1,"11/20/2026","BULL","825910","4078","715910",2,1,1,1,0
"4/10/2026","DIA",34.3,"A","PUT",490,478.94,455.7,"6/17/2027","BEAR","8633135","0","0",1,0,0,0,0
"4/10/2026","META",196.999,"BB","CALL",450,629.7,450,"9/18/2026","BEAR","-192320","-279","-6141700",1,0,0,0,0
"4/10/2026","MSFT",6.8,"B","CALL",450,370.77,450,"8/21/2026","BEAR","-14309721","-49203","-17817987",1,1,1,1,0
"4/10/2026","NTRA",29,"A","PUT",200,195.555,171,"11/20/2026","BEAR","2581000","0","0",1,0,0,0,0
"4/10/2026","CRWD",23.751,"B","CALL",470,370.899,470,"10/16/2026","BEAR","2353767","0","0",1,1,0,0,0
"4/10/2026","NVDL",31.4,"B","CALL",65,84.41,65,"1/15/2027","BEAR","2677000","200","775000",1,0,0,0,0
"4/10/2026","RMBS",38.1,"B","CALL",130,110.72,130,"1/21/2028","BEAR","387780","-198","-1128600",1,1,1,1,0
"4/10/2026","SA",3,"B","CALL",40,31.395,40,"8/21/2026","BEAR","1499400","0","0",1,1,0,1,0
"4/10/2026","MDY",13.5,"A","PUT",585,642.85,571.5,"9/18/2026","BEAR","1417500","0","0",1,0,0,0,0
"4/10/2026","BTU",8.8,"B","CALL",30,27.75,30,"1/21/2028","BEAR","487760","-224","-183680",1,0,0,0,0
"4/10/2026","BUG",5.79,"B","CALL",20,23.62,20,"1/15/2027","BEAR","86856","0","0",1,0,0,0,0
"4/13/2026","IGV",4.8,"A","CALL",90,77.495,94.8,"12/18/2026","BULL","-57895873","-50749","-78273119",1,0,0,0,0
"4/13/2026","TSM",20.096,"BB","PUT",300,369.96,300,"12/18/2026","BULL","9523817","-1036","-522410",1,1,1,0,0
"4/13/2026","IGV",6.76,"A","CALL",85,77.895,91.76,"12/18/2026","BULL","-13871245","-14800","-21921000",1,0,0,0,0
"4/13/2026","AMD",72.6,"A","CALL",260,245.69,332.6,"12/17/2027","BULL","4776853","-150","-1786500",1,0,0,0,0
"4/13/2026","FCX",21.8,"A","CALL",55,68.4547,76.8,"6/17/2027","BULL","1252453","-1578","-2484067",1,1,1,0,0
"4/13/2026","DELL",46.524,"B","PUT",175,184.97,175,"12/15/2028","BULL","2851950","0","0",1,0,0,0,0
"4/13/2026","BRK.B",90.75,"B","PUT",560,480.205,560,"12/15/2028","BULL","2840480","0","0",1,1,1,1,1
"4/13/2026","CRWD",69.4,"A","CALL",460,397.07,529.4,"6/17/2027","BULL","-2925340","-282","-5572140",1,1,0,0,0
"4/13/2026","META",58.75,"B","PUT",580,632.53,580,"3/19/2027","BULL","2643750","0","0",1,0,0,0,0
"4/13/2026","IREN",7.2,"A","CALL",60,41.89,67.2,"11/20/2026","BULL","4962498","2984","2736878",1,1,0,1,0
"4/13/2026","TRMB",12.1,"B","PUT",75,66.1575,75,"11/20/2026","BULL","1633500","0","0",1,1,1,1,1
"4/13/2026","AMPX",1.8,"B","PUT",12,17.89,12,"10/16/2026","BULL","1080000","0","0",2,0,1,0,1
"4/13/2026","AMPX",4.05,"B","PUT",15,17.94,15,"1/15/2027","BULL","2998891","5768","2107891",2,0,1,0,1
"4/13/2026","DINO",7.1,"B","PUT",60,58.9896,60,"9/18/2026","BULL","503790","-198","-28710",1,1,1,1,1
"4/13/2026","SOLT",13.449,"A","CALL",50,45.6112,63.449,"8/21/2026","BULL","262380","-168","-213360",1,1,1,1,1
"4/13/2026","POET",1.7,"A","CALL",8,7.535,9.7,"10/16/2026","BULL","1934117","8029","1501657",1,1,1,1,0
"4/13/2026","NOK",1.07,"A","CALL",12,10.185,13.07,"9/18/2026","BULL","42147","9883","-385818",1,1,1,1,1
"4/13/2026","VRSN",6.8,"AA","CALL",320,270.005,326.8,"9/18/2026","BULL","409529","0","0",1,1,1,1,1
"4/13/2026","TSLX",0.694,"A","CALL",20,18.26,20.694,"11/20/2026","BULL","40121","0","0",1,0,0,0,0
"4/13/2026","DIA",20.64,"A","PUT",450,479.28,429.36,"6/17/2027","BEAR","4943129","1500","1207500",1,0,0,0,0
"4/13/2026","STX",128.2,"B","CALL",460,512.4,460,"9/18/2026","BEAR","1525580","0","0",1,0,0,0,0
"4/13/2026","FEZ",2.75,"A","PUT",64,65.8,61.25,"8/21/2026","BEAR","3947363","15875","2847363",2,0,0,0,0
"4/13/2026","NNE",3.1,"B","CALL",26,21.7,26,"10/16/2026","BEAR","528857","-1166","-240723",1,0,0,0,0
"4/13/2026","SOFI",2.01,"B","CALL",25,16.83,25,"3/19/2027","BEAR","-552950","-7946","-1178013",1,0,0,0,0
"4/13/2026","BSOL",2.6,"B","CALL",11,11.315,11,"11/20/2026","BEAR","96200","0","0",1,0,0,0,0
"4/13/2026","ATEN",4.65,"B","CALL",22.5,24.63,22.5,"11/20/2026","BEAR","69750","0","0",1,1,1,1,1
"4/13/2026","SKM",4,"B","CALL",50,36.0232,50,"1/15/2027","BEAR","287280","505","227280",1,1,0,0,0
"4/14/2026","POWL",75,"A","CALL",200,233.54,275,"12/18/2026","BULL","27032550","1268","8845050",1,1,1,1,1
"4/14/2026","GOOG",17.098,"BB","PUT",305,330.02,305,"10/16/2026","BULL","17136965","-100","-125000",1,0,0,0,0
"4/14/2026","MSFT",57.7,"A","CALL",470,393.64,527.7,"6/16/2028","BULL","9157790","-389","-2303002",1,1,1,1,0
"4/14/2026","LWLG",6,"A","CALL",15,11.56,21,"1/21/2028","BULL","1750871","2052","659001",1,1,0,0,0
"4/14/2026","WYFI",3.6,"A","CALL",17.5,15.55,21.1,"8/21/2026","BULL","1003000","-220","-77000",1,1,1,1,1
"4/14/2026","NCLH",2.6,"A","CALL",25,20.941,27.6,"12/18/2026","BULL","1004369","-2013","24689",1,0,1,0,0
"4/14/2026","LNG",16,"A","CALL",300,259.31,316,"12/18/2026","BULL","800000","0","0",1,0,0,0,0
"4/14/2026","MSFU",4.6,"A","CALL",26,25.9498,30.6,"10/16/2026","BULL","954020","510","237520",1,1,1,1,1
"4/14/2026","TSSI",4.2,"A","CALL",22.5,14.2499,26.7,"1/15/2027","BULL","-919110","-3418","-1255110",1,,,,
"4/14/2026","OPEN",0.599,"AA","CALL",6,4.515,6.599,"8/21/2026","BULL","146846","553","-176582",1,1,0,1,0
"4/14/2026","RIOT",2.03,"BB","PUT",15,18.555,15,"9/18/2026","BULL","-196958","-5804","-501408",1,0,0,0,0
"4/14/2026","XOVR",1.4,"A","CALL",20,17.58,21.4,"11/20/2026","BULL","715910","2175","449500",2,1,1,1,0
"4/14/2026","ONEQ",11.8,"A","CALL",85,92.0137,96.8,"8/21/2026","BULL","236000","0","0",1,1,1,1,1
"4/14/2026","NGL",3.2,"A","CALL",12,13.1,15.2,"10/16/2026","BULL","160000","0","0",1,1,1,1,1
"4/14/2026","CRCG",1.03,"B","PUT",3,3.37,3,"9/18/2026","BULL","103000","0","0",1,1,1,1,1
"4/14/2026","JPM",21.09,"B","CALL",350,310.685,350,"6/17/2027","BEAR","-7862168","-5600","-18489000",1,0,0,0,0
"4/14/2026","BAC",2.27,"B","CALL",65,53.345,65,"6/17/2027","BEAR","-4228101","-20004","-8768101",1,0,0,0,0
"4/14/2026","COHR",72.859,"A","PUT",290,310.925,217.141,"1/15/2027","BEAR","2799340","100","613558",1,0,0,0,0
"4/14/2026","ASTS",27,"B","CALL",90,88.51,90,"11/20/2026","BEAR","1090800","0","0",1,0,0,0,0
"4/14/2026","AMKR",15.9,"B","CALL",55,62.22,55,"9/18/2026","BEAR","588894","-550","-197046",1,0,0,0,0
"4/14/2026","ACMR",21.5,"B","CALL",52.5,51.21,52.5,"1/21/2028","BEAR","1407730","212","644480",1,1,0,0,0
"4/14/2026","FLEX",5.95,"B","CALL",90,79.1974,90,"8/21/2026","BEAR","595000","0","0",1,1,1,1,1
"4/14/2026","IDV",9.5,"A","PUT",53,44.285,43.5,"10/16/2026","BEAR","565000","0","0",1,0,0,0,0
"4/14/2026","RUSHA",10.65,"B","CALL",65,71.345,65,"10/16/2026","BEAR","364230","0","0",1,0,0,0,0
"4/14/2026","LION",2.5,"B","CALL",10,11.155,10,"9/18/2026","BEAR","312500","0","0",1,0,0,0,0
"4/14/2026","WEX",15.7,"A","PUT",165,170.09,149.3,"11/20/2026","BEAR","303010","0","0",1,0,0,0,0
"4/14/2026","AOSL",5.4,"B","CALL",30,28.965,30,"9/18/2026","BEAR","705500","500","597500",1,1,0,1,0
"4/15/2026","MSFT",28.6,"A","CALL",480,407.435,508.6,"3/19/2027","BULL","6820400","401","1835400",1,1,1,1,0
"4/15/2026","NU",1.31,"B","PUT",13,15.435,13,"3/19/2027","BULL","3570280","-837","-163220",1,1,1,1,1
"4/15/2026","NBIX",14.2,"A","CALL",170,131.68,184.2,"12/17/2027","BULL","3492800","204","652800",1,1,1,1,1
"4/15/2026","AMZN",10.65,"A","CALL",280,247.395,290.65,"8/21/2026","BULL","11454164","32411","8618069",1,1,1,1,1
"4/15/2026","SHOP",18.1,"B","PUT",115,125.87,115,"12/18/2026","BULL","1810000","0","0",1,0,0,0,0
"4/15/2026","AVL",16.05,"A","CALL",50,52.5342,66.05,"11/20/2026","BULL","1447710","0","0",1,1,1,1,1
"4/15/2026","CART",3.16,"B","PUT",37,41.23,37,"10/16/2026","BULL","743483","0","0",1,0,1,0,1
"4/15/2026","SYM",11.275,"A","CALL",80,61.59,91.275,"1/15/2027","BULL","599483","152","35720",1,1,1,1,0
"4/15/2026","SLN",3.3,"A","CALL",5,6.36,8.3,"10/16/2026","BULL","495000","0","0",1,1,1,0,0
"4/15/2026","HPQ",5.185,"A","CALL",15,19.1471,20.185,"1/15/2027","BULL","484804","0","0",1,1,0,0,0
"4/15/2026","PUBM",0.9,"B","PUT",7.5,9.445,7.5,"10/16/2026","BULL","217333","-8902","-28010",1,,,,
"4/15/2026","BCAX",4.1,"B","PUT",22.5,23.1,22.5,"1/15/2027","BULL","104960","0","0",1,0,1,0,1
"4/15/2026","OSCR",4.31,"B","CALL",25,15.3788,25,"1/21/2028","BEAR","1077500","0","0",2,0,0,0,0
"4/15/2026","GSAT",5.15,"A","PUT",60,80.0399,54.85,"1/21/2028","BEAR","943000","0","0",1,0,0,0,0
"4/15/2026","MARA",1.38,"B","CALL",17,10.18,17,"1/15/2027","BEAR","1012606","2149","322606",1,0,0,0,0
"4/15/2026","POET",3.35,"B","CALL",7,6.885,7,"6/16/2028","BEAR","964715","1504","668005",1,1,1,1,0
"4/15/2026","ASX",5.81,"B","CALL",25,27.035,25,"1/15/2027","BEAR","130725","0","0",1,0,0,0,0
"4/16/2026","SOXX",137,"A","CALL",320,405.51,457,"12/17/2027","BULL","3329970","-753","-18699630",1,0,0,0,0
"4/16/2026","SHOP",43.65,"B","PUT",150,127.8,150,"6/17/2027","BULL","4365000","0","0",1,0,0,0,0
"4/16/2026","SMH",57.501,"B","PUT",485,454.695,485,"9/18/2026","BULL","3519469","-100","-116500",1,0,0,0,0
"4/16/2026","WOLF",15.35,"B","PUT",35,27.64,35,"1/15/2027","BULL","767500","0","0",1,1,0,1,0
"4/16/2026","HIMS",3.599,"A","CALL",34,24.99,37.599,"8/21/2026","BULL","860053","726","139570",1,1,1,1,1
"4/16/2026","AAOI",33,"A","CALL",220,152.0001,253,"9/18/2026","BULL","544000","0","-116000",1,0,0,0,0
"4/16/2026","ASST",3.3,"A","CALL",15,13.595,18.3,"9/18/2026","BULL","597400","-449","37900",1,1,0,1,0
"4/16/2026","NN",1.6,"A","CALL",35,20.96,36.6,"9/18/2026","BULL","343300","-1082","-126700",1,1,0,1,0
"4/16/2026","RUM",0.65,"A","CALL",10,6.295,10.65,"10/16/2026","BULL","623520","3166","268770",1,1,1,1,1
"4/16/2026","NBIS",48.75,"A","PUT",170,164.7318,121.25,"1/15/2027","BEAR","2437500","0","0",1,0,0,0,0
"4/16/2026","TSM",115.15,"B","CALL",370,361.9025,370,"12/15/2028","BEAR","-2303375","-375","-4606875",1,1,1,0,0
"4/16/2026","CVNA",73.178,"B","CALL",380,360.635,380,"11/20/2026","BEAR","1895322","0","0",1,1,0,0,0
"4/16/2026","GSAT",7.97,"A","PUT",70,80.002,62.03,"1/21/2028","BEAR","1115800","0","0",1,0,0,0,0
"4/16/2026","VIXY",1.1,"B","CALL",120,28.2266,120,"1/15/2027","BEAR","940380","0","0",1,0,0,0,0
"4/16/2026","ELTX",3.9,"B","CALL",22.5,12.865,22.5,"8/21/2026","BEAR","390000","0","0",1,0,0,0,0
"4/16/2026","LFMD",0.6,"B","CALL",6,3.9639,6,"11/20/2026","BEAR","217169","468","37229",1,1,0,1,0
"4/16/2026","UNL",0.8,"B","CALL",6,6.485,6,"9/18/2026","BEAR","50320","0","0",1,0,0,0,0
"4/16/2026","VNM",1.067,"A","PUT",17,18.67,15.933,"9/18/2026","BEAR","31999","0","0",1,0,0,0,0
"4/16/2026","BBCP",1.139,"B","CALL",7.5,7.39,7.5,"12/18/2026","BEAR","203383","1450","185615",1,0,0,0,0
"4/17/2026","IREN",13.1,"A","CALL",55,47.7601,68.1,"1/15/2027","BULL","10215781","1892","1045781",1,1,0,1,0
"4/17/2026","TSM",38,"B","PUT",360,366.3771,360,"10/16/2026","BULL","5647178","-247","-603230",1,1,1,0,0
"4/17/2026","TSM",51.7,"B","PUT",380,368.61,380,"11/20/2026","BULL","6060560","262","890560",1,1,1,0,0
"4/17/2026","VRT",41.9,"B","PUT",270,305.23,270,"1/15/2027","BULL","4190000","0","0",1,1,1,0,0
"4/17/2026","GEV",148.7,"A","CALL",1020,1006.42,1168.7,"10/16/2026","BULL","4863040","105","1145540",1,1,1,0,1
"4/17/2026","DIA",22.2,"B","PUT",495,494.38,495,"12/18/2026","BULL","3663000","0","0",1,0,0,0,0
"4/17/2026","ASHR",2.43,"A","CALL",35,34.875,37.43,"1/15/2027","BULL","4996294","7786","1812994",1,0,0,0,0
"4/17/2026","AU",14.9,"B","PUT",100,109.39,100,"1/15/2027","BULL","2980000","0","0",2,0,1,0,1
"4/17/2026","SNOW",22.85,"B","PUT",135,144.09,135,"1/15/2027","BULL","2395640","-286","-574860",1,1,1,1,1
"4/17/2026","BRK.B",12.8,"A","CALL",500,479.025,512.8,"8/21/2026","BULL","6786731","4881","4200491",1,1,1,1,1
"4/17/2026","SIRI",1.41,"A","CALL",30,25.745,31.41,"1/15/2027","BULL","2366622","3894","676872",1,1,1,1,1
"4/17/2026","CDNS",65.65,"B","PUT",370,315.115,370,"8/21/2026","BULL","-34387000","-15000","-35700000",1,0,0,0,0
"4/17/2026","NXE",1.48,"A","CALL",17,12.7,18.48,"1/15/2027","BULL","802293","-3432","-475240",1,1,1,1,1
"4/17/2026","AXTI",21,"A","CALL",300,81.4,321,"1/15/2027","BULL","956744","0","0",1,1,1,1,1
"4/17/2026","HL",0.9,"B","PUT",12,20.035,12,"1/15/2027","BULL","975329","1046","81305",1,0,0,0,0
"4/17/2026","HTZ",1.18,"A","CALL",10,7.615,11.18,"9/18/2026","BULL","852605","191","-215",1,0,0,0,0
"4/17/2026","RIG",0.45,"B","PUT",5.5,5.8645,5.5,"8/21/2026","BULL","515600","3220","65600",1,1,0,1,0
"4/17/2026","WT",0.9,"A","CALL",20,17.105,20.9,"9/18/2026","BULL","424049","257","67830",1,1,1,1,1
"4/17/2026","ITRN",3.9,"A","CALL",60,56.2,63.9,"11/20/2026","BULL","234000","0","0",1,1,1,1,1
"4/17/2026","TBCH",1.038,"A","CALL",15,11.72,16.038,"10/16/2026","BULL","150876","0","0",1,1,1,1,1
"4/17/2026","ABVE",0.53,"A","CALL",1,0.9215,1.53,"8/21/2026","BULL","95970","0","0",1,1,1,1,1
"4/17/2026","PBT",4.5,"A","CALL",20,21.455,24.5,"12/18/2026","BULL","90000","0","0",1,1,1,1,1
"4/17/2026","BZAI",0.45,"A","CALL",5,2.5834,5.45,"1/15/2027","BULL","98448","500","14973",1,1,1,1,1
"4/17/2026","IHF",4,"A","CALL",45,45.7,49,"11/20/2026","BULL","-24475","-199","-104475",1,,,,
"4/17/2026","ASYS",4.4,"A","CALL",17.5,16.2825,21.9,"11/20/2026","BULL","66000","0","0",1,1,1,1,1
"4/17/2026","GOOG",33,"A","PUT",335,337.31,302,"1/15/2027","BEAR","18801534","164","303400",1,0,0,0,0
"4/17/2026","ARM",33,"B","CALL",180,164.2593,180,"3/19/2027","BEAR","4716571","0","0",1,1,0,0,0
"4/17/2026","WBD",2.065,"A","PUT",25,27.48,22.935,"3/19/2027","BEAR","4840250","2422","503750",1,0,0,0,0
"4/17/2026","ALK",6.2,"B","CALL",50,46.62,50,"9/18/2026","BEAR","4767765","2541","524035",1,1,0,1,0
"4/17/2026","AAPL",15.571,"AA","PUT",265,269.243,249.429,"9/18/2026","BEAR","5300023","5548","1232918",1,0,1,0,0
"4/17/2026","LITE",257,"B","CALL",850,903.29,850,"9/18/2026","BEAR","2570000","0","0",1,0,0,0,0
"4/17/2026","IGV",13.1,"A","PUT",85,86.28,71.9,"1/21/2028","BEAR","20230","-1750","-2197500",1,0,0,0,0
"4/17/2026","APLD",10,"B","CALL",40,30.6701,40,"6/17/2027","BEAR","1370225","-179","-129775",1,1,1,1,1
"4/17/2026","AMKR",18.5,"B","CALL",65,68.3677,65,"12/18/2026","BEAR","702550","-195","-737100",1,0,0,0,0
"4/17/2026","AAOI",81.3,"A","PUT",200,154.6604,118.7,"9/18/2026","BEAR","1219500","0","0",1,0,0,0,0
"4/17/2026","SM",8,"B","CALL",20,26.03,20,"1/15/2027","BEAR","808800","0","0",1,1,0,1,0
"4/17/2026","SNAP",0.935,"B","CALL",8,6.045,8,"1/15/2027","BEAR","910714","-958","162714",1,1,1,1,0
"4/17/2026","DEO",7.133,"B","CALL",100,81.7274,100,"1/21/2028","BEAR","721847","0","0",1,0,0,0,0
"4/17/2026","CRML",4.1,"A","PUT",10,13.1465,5.9,"1/21/2028","BEAR","868000","1000","458000",1,0,0,0,0
"4/17/2026","IIPR",0.825,"A","PUT",30,53.2318,29.175,"10/16/2026","BEAR","330000","0","0",1,1,1,0,0
"4/17/2026","KOPN",0.77,"B","CALL",3,3.005,3,"10/16/2026","BEAR","224198","250","29500",1,0,0,0,0
"4/17/2026","LION",1.75,"B","CALL",15,12.3522,15,"1/15/2027","BEAR","227072","250","40000",1,0,0,0,0
"4/17/2026","SKM",3.1,"B","CALL",50,37.9368,50,"9/18/2026","BEAR","-282597","161","-391717",1,1,0,0,0
"4/20/2026","TSM",28.765,"B","PUT",330,369.89,330,"12/18/2026","BULL","22724231","2694","8346098",1,1,1,0,0
"4/20/2026","ARM",42,"A","CALL",170,172.07,212,"3/19/2027","BULL","19618685","1593","7174085",1,1,0,0,0
"4/20/2026","MRVL",36.6,"A","CALL",195,146.085,231.6,"1/21/2028","BULL","5490000","0","0",1,0,0,0,0
"4/20/2026","ORCL",36.6,"B","PUT",175,174.72,175,"6/17/2027","BULL","4392000","0","0",1,0,0,0,0
"4/20/2026","AAPL",24.75,"A","CALL",275,272.615,299.75,"11/20/2026","BULL","3218012","-195","-484575",1,0,1,0,0
"4/20/2026","FCX",8.69,"B","PUT",65,69.95,65,"3/19/2027","BULL","2699512","-450","-341988",1,1,1,0,0
"4/20/2026","CG",5.1,"B","PUT",47.5,52.58,47.5,"1/15/2027","BULL","1785000","0","0",1,0,0,0,0
"4/20/2026","FCX",12.5,"B","PUT",65,70.05,65,"1/21/2028","BULL","1561251","0","0",1,1,1,0,0
"4/20/2026","MP",11.152,"AA","CALL",65,63.995,76.152,"9/18/2026","BULL","1800770","1675","830548",1,0,0,0,0
"4/20/2026","SYM",13.3,"A","CALL",77.5,64.8,90.8,"1/15/2027","BULL","806660","0","0",1,1,1,1,0
"4/20/2026","PBI",0.6,"A","CALL",16,13.1029,16.6,"10/16/2026","BULL","480000","0","0",1,1,1,1,1
"4/20/2026","SIDU",0.41,"B","PUT",2,4.085,2,"11/20/2026","BULL","477630","328","16950",1,1,1,1,1
"4/20/2026","AMPX",3.89,"A","CALL",27,19.945,30.89,"10/16/2026","BULL","453551","559","72630",1,0,1,0,1
"4/20/2026","ETOR",3.7,"A","CALL",45,39.125,48.7,"10/16/2026","BULL","370000","0","0",1,1,1,1,1
"4/20/2026","LFMD",1.35,"A","CALL",6,5.07,7.35,"1/15/2027","BULL","165239","435","-12511",1,1,0,1,0
"4/20/2026","MG",3.504,"B","PUT",20,18.11,20,"11/20/2026","BULL","539791","1056","364601",2,1,1,1,1
"4/20/2026","SKM",4.798,"A","CALL",55,39.19,59.798,"1/15/2027","BULL","776367","1888","663618",2,1,0,0,0
"4/20/2026","OBE",0.4,"A","CALL",17.5,10.605,17.9,"12/18/2026","BULL","-310515","-2199","-410515",1,1,0,1,0
"4/20/2026","ATOM",1.892,"A","CALL",7.5,6.15,9.392,"10/16/2026","BULL","122919","0","28329",1,1,1,1,1
"4/20/2026","VRT",65.3,"B","CALL",350,314.76,350,"3/19/2027","BEAR","8162500","0","0",1,1,1,0,0
"4/20/2026","WDC",70,"B","CALL",450,373.4,450,"12/18/2026","BEAR","-9412000","-540","-15012000",1,0,0,0,0
"4/20/2026","AMZN",26.25,"A","PUT",240,246.535,213.75,"3/19/2027","BEAR","1495000","-1500","-2442500",1,1,1,1,1
"4/20/2026","DAL",11.45,"A","PUT",75,71.43,63.55,"1/15/2027","BEAR","3304758","-176","-130242",1,0,0,0,0
"4/20/2026","WULF",4.21,"B","CALL",22,21.2573,22,"8/21/2026","BEAR","1111615","-2170","-993385",1,0,0,0,0
"4/20/2026","QXO",4.999,"A","PUT",25,23.115,20.001,"1/15/2027","BEAR","1049774","-198","-99960",1,0,0,0,0
"4/20/2026","INTC",35.649,"A","PUT",90,65.3107,54.351,"1/21/2028","BEAR","815371","-100","-207750",1,1,1,1,1
"4/20/2026","PL",13.9,"B","CALL",60,37.21,60,"1/21/2028","BEAR","531390","0","0",1,0,0,0,0
"4/20/2026","FIX",13.5,"A","PUT",600,1655.09,586.5,"12/18/2026","BEAR","139045","-97","-130955",1,0,0,0,0
"4/21/2026","SMTC",26.047,"A","CALL",120,107.92,146.047,"1/15/2027","BULL","1990536","-400","-614170",2,1,1,1,0
"4/21/2026","BTG",1.47,"A","CALL",5,4.875,6.47,"1/21/2028","BULL","2358060","143","6060",1,1,1,1,1
"4/21/2026","VRT",36.8,"A","CALL",440,311.56,476.8,"3/19/2027","BULL","3912500","500","2000000",1,1,1,0,0
"4/21/2026","PLTR",10.75,"AA","CALL",185,146.9899,195.75,"10/16/2026","BULL","1076081","0","0",1,0,0,0,0
"4/21/2026","MNST",5.27,"A","CALL",77.5,75.38,82.77,"9/18/2026","BULL","790500","0","0",1,1,1,1,1
"4/21/2026","RIVN",2.65,"B","PUT",17,17.19,17,"9/18/2026","BULL","389450","-566","-140550",1,0,0,0,0
"4/21/2026","LAES",0.73,"A","CALL",5.5,3.0501,6.23,"1/21/2028","BULL","1157113","12423","834672",1,1,1,1,1
"4/21/2026","MG",3.4,"B","PUT",20,18.11,20,"11/20/2026","BULL","170001","0","0",2,1,1,1,1
"4/21/2026","DBO",1.266,"A","CALL",25,19.925,26.266,"10/16/2026","BULL","139260","0","0",1,1,1,1,1
"4/21/2026","ORCL",4,"A","PUT",130,182.49,126,"8/21/2026","BEAR","7702135","7585","3702466",1,0,0,0,0
"4/21/2026","QXO",2.8,"A","PUT",23,22.9,20.2,"8/21/2026","BEAR","2926000","300","126000",1,0,0,0,0
"4/21/2026","BLD",54,"A","PUT",470,475.8054,416,"10/16/2026","BEAR","3355000","100","655000",1,0,0,0,0
"4/21/2026","MRVL",38.2,"A","PUT",150,151.7,111.8,"6/17/2027","BEAR","2486234","0","0",1,0,0,0,0
"4/21/2026","ARKK",8.25,"A","PUT",79,78.4,70.75,"9/18/2026","BEAR","5883408","9093","3408408",1,0,0,0,0
"4/21/2026","WBD",1.25,"A","PUT",25,27.4005,23.75,"10/16/2026","BEAR","10396979","103880","9646979",2,0,0,0,0
"4/21/2026","GME",3.12,"B","CALL",40,25.255,40,"1/21/2028","BEAR","2351899","5041","1603099",1,0,0,0,0
"4/21/2026","GRPN",4.7,"A","PUT",17,17.185,12.3,"1/15/2027","BEAR","470000","0","0",1,0,0,0,0
"4/22/2026","MU",44.158,"BB","PUT",360,478.4628,360,"12/18/2026","BULL","41414265","-150","-399000",1,0,0,0,0
"4/22/2026","AAPL",24.2,"B","PUT",250,268.26,250,"12/17/2027","BULL","23958000","0","0",1,0,1,0,0
"4/22/2026","SPY",3.56,"B","PUT",400,710.01,400,"3/19/2027","BULL","3772549","-5500","-1133500",1,0,0,0,0
"4/22/2026","AMZN",4.446,"AA","CALL",380,254.255,384.446,"1/15/2027","BULL","8423924","8172","5089723",1,1,1,1,1
"4/22/2026","CVNA",39.5,"B","PUT",250,412.77,250,"6/17/2027","BULL","1864400","0","0",1,1,0,0,0
"4/22/2026","SOXL",23.45,"A","CALL",110,102.94,133.45,"8/21/2026","BULL","1489073","0","0",1,0,0,0,0
"4/22/2026","BAC",4.86,"A","CALL",55,53.064091,59.86,"3/19/2027","BULL","1458000","0","0",1,0,0,0,0
"4/22/2026","CDNS",28.8,"A","CALL",350,329.725,378.8,"8/21/2026","BULL","1152000","-100","-288000",1,0,0,0,0
"4/22/2026","MAGS",19.5,"A","CALL",54,66.11,73.5,"1/21/2028","BULL","1463050","250","490000",1,0,0,0,0
"4/22/2026","HPE",3.91,"B","PUT",30,28.5459,30,"8/21/2026","BULL","572330","-761","-53270",1,0,0,0,0
"4/22/2026","BWA",2.1,"A","CALL",70,55.9698,72.1,"10/16/2026","BULL","1822421","3446","1296922",1,1,1,1,0
"4/22/2026","AG",4.8,"B","PUT",21,20.84,21,"12/18/2026","BULL","239880","-552","-240120",1,1,1,1,1
"4/22/2026","GME",2.1,"A","CALL",35,25.46,37.1,"12/18/2026","BULL","111700","-1860","-308300",1,0,0,0,0
"4/22/2026","PBI",0.55,"A","CALL",20,15.44,20.55,"10/16/2026","BULL","360469","0","0",1,1,1,1,1
"4/22/2026","OLN",3.7,"B","PUT",25,26.46,25,"11/20/2026","BULL","271678","-198","-67309",1,0,0,0,0
"4/22/2026","PBI",1.65,"A","CALL",17,15.405,18.65,"1/15/2027","BULL","276507","0","0",1,1,1,1,1
"4/22/2026","UMAC",3.3,"A","CALL",20,17.1095,23.3,"8/21/2026","BULL","216418","-189","-26460",1,0,0,0,0
"4/22/2026","SNX",11.362,"A","CALL",260,220.84,271.362,"12/18/2026","BULL","172703","0","0",1,1,1,1,1
"4/22/2026","MEI",1.961,"A","CALL",7.5,7.69,9.461,"10/16/2026","BULL","98624","0","0",1,1,1,1,1
"4/22/2026","IGV",2.4,"A","PUT",75,88.355,72.6,"8/21/2026","BEAR","17000000","25000","5000000",1,0,0,0,0
"4/22/2026","ASST",2.346,"B","CALL",27,16.8567,27,"10/16/2026","BEAR","3960531","-888","219645",1,1,0,1,0
"4/22/2026","WDC",84.2,"B","CALL",420,389.565,420,"11/20/2026","BEAR","2526000","0","0",1,0,0,0,0
"4/22/2026","PL",10.35,"A","PUT",38,39.545,27.65,"10/16/2026","BEAR","2070000","0","0",1,0,0,0,0
"4/22/2026","IBIT",4.51,"B","CALL",47,44.805,47,"9/18/2026","BEAR","1804000","0","0",1,0,0,0,0
"4/22/2026","ASHR",0.97,"A","PUT",31,35.01,30.03,"12/18/2026","BEAR","1358000","0","0",1,0,0,0,0
"4/22/2026","PL",12.998,"A","PUT",40,39.62,27.002,"1/15/2027","BEAR","1674673","479","675095",2,0,0,0,0
"4/22/2026","AXTI",48,"B","CALL",70,84.2924,70,"11/20/2026","BEAR","2026000","200","1066000",1,1,1,1,1
"4/22/2026","BBBY",7,"A","PUT",12.5,5.97,5.5,"1/15/2027","BEAR","910000","0","0",1,0,0,0,0
"4/22/2026","RKLB",38.5,"B","CALL",60,91.285,60,"10/16/2026","BEAR","2098800","462","1328800",1,0,0,0,0
"4/22/2026","RCI",1.1,"B","CALL",40,36.51,40,"10/16/2026","BEAR","185482","0","0",1,0,0,0,0
"4/22/2026","APPX",5.035,"AA","PUT",20,38.56,14.965,"12/18/2026","BEAR","6690","-152","-77900",1,1,1,1,0
"4/23/2026","TSM",20.299,"B","PUT",350,386.74,350,"8/21/2026","BULL","12279783","-9942","36333",1,1,1,0,0
"4/23/2026","LITE",248.3,"B","PUT",850,869.69,850,"1/15/2027","BULL","9932013","0","0",1,0,0,0,0
"4/23/2026","TSM",36,"A","CALL",410,387.36,446,"9/18/2026","BULL","8461942","-189","41637",1,1,1,0,0
"4/23/2026","LRCX",41.4,"A","CALL",300,259.28,341.4,"1/15/2027","BULL","5589000","0","0",1,0,0,0,0
"4/23/2026","TSM",34.8,"B","PUT",290,380.77,290,"12/17/2027","BULL","3480000","0","0",1,1,1,0,0
"4/23/2026","KMB",16.8,"A","CALL",90,97.635,106.8,"1/21/2028","BULL","3359315","488","1259315",2,1,1,1,1
"4/23/2026","GOOGL",29.75,"B","PUT",345,340.24,345,"9/18/2026","BULL","1668965","-114","-243960",1,1,0,1,0
"4/23/2026","CDNS",73.4,"B","PUT",380,319.63,380,"9/18/2026","BULL","1468000","0","0",1,0,0,0,0
"4/23/2026","FIGR",12.6,"A","CALL",25,32.17,37.6,"1/15/2027","BULL","1173040","0","0",1,1,1,0,0
"4/23/2026","AMPX",7.1,"B","PUT",22,21.63,22,"1/15/2027","BULL","1299600","345","234600",1,0,1,0,1
"4/23/2026","NOK",3.05,"A","CALL",10,10.2,13.05,"12/17/2027","BULL","205494","-1500","-700051",1,1,1,1,1
"4/23/2026","ONDS",2.55,"A","CALL",11,10.4095,13.55,"9/18/2026","BULL","1703661","8903","924381",1,0,1,0,0
"4/23/2026","IR",5.65,"B","PUT",75,84.462,75,"1/15/2027","BULL","706250","0","0",1,0,0,0,0
"4/23/2026","DNN",0.62,"A","CALL",5,3.895,5.62,"1/15/2027","BULL","630500","300","10500",1,1,0,0,0
"4/23/2026","AG",3.02,"B","PUT",20,20.31,20,"8/21/2026","BULL","831137","536","227137",1,1,1,1,1
"4/23/2026","LMND",12.199,"A","CALL",70,65.39,82.199,"9/18/2026","BULL","331625","-337","-230770",1,0,0,0,0
"4/23/2026","AOSL",12.7,"A","CALL",35,40.94,47.7,"9/18/2026","BULL","1006340","586","752340",1,1,0,1,0
"4/23/2026","AVT",2.55,"A","CALL",100,77.96,102.55,"11/20/2026","BULL","229500","0","0",1,1,1,1,1
"4/23/2026","BE",74.9,"A","PUT",260,238.045,185.1,"9/18/2026","BEAR","13617210","1118","6127210",1,1,1,1,1
"4/23/2026","ASHR",2.15,"A","PUT",34,34.8802,31.85,"1/15/2027","BEAR","3770000","2500","437500",1,0,0,0,0
"4/23/2026","WDC",108.7,"B","CALL",380,401.2666,380,"11/20/2026","BEAR","2618400","0","0",1,0,0,0,0
"4/23/2026","TER",40.3,"A","PUT",350,402.2738,309.7,"8/21/2026","BEAR","1612000","0","0",1,0,0,0,0
"4/23/2026","RIOT",4.25,"A","PUT",18,18.815,13.75,"12/18/2026","BEAR","1581850","0","0",1,0,0,0,0
"4/23/2026","CVNA",63.65,"B","CALL",410,400.64,410,"8/21/2026","BEAR","1553060","0","0",1,1,0,0,0
"4/23/2026","TDW",6.05,"A","PUT",65,86.5305,58.95,"1/15/2027","BEAR","1512500","0","0",1,0,0,0,0
"4/23/2026","BILI",6.26,"B","CALL",25,22.4625,25,"1/21/2028","BEAR","1252000","0","0",1,0,0,0,0
"4/23/2026","WULF",4.8,"A","PUT",20,21.33,15.2,"11/20/2026","BEAR","1132780","0","0",1,0,0,0,0
"4/23/2026","CCJ",15.149,"A","PUT",115,128.37,99.851,"12/18/2026","BEAR","1058930","0","0",1,0,0,0,0
"4/23/2026","STM",6.5,"A","PUT",47,50.675,40.5,"1/15/2027","BEAR","2313904","2349","1383040",1,1,1,0,0
"4/23/2026","CIFR",2.98,"B","CALL",30,19.7401,30,"10/16/2026","BEAR","656154","-1208","-87756",1,0,0,0,0
"4/23/2026","BB",1.25,"A","PUT",5,5.265,3.75,"1/21/2028","BEAR","94242","-2300","-278008",1,1,1,1,0
"4/23/2026","PBR.A",1.1,"B","CALL",22.5,19.23,22.5,"1/15/2027","BEAR","-1110568","-18609","-1440568",1,0,0,0,0
"4/23/2026","GROY",0.45,"B","CALL",7,3.49,7,"1/21/2028","BEAR","69210","0","0",1,0,0,0,0
"4/24/2026","QCOM",5.193,"A","CALL",200,144.4942,205.193,"12/18/2026","BULL","-11135365","-22651","-24818860",1,1,1,0,1
"4/24/2026","IGV",8.86,"B","PUT",75,85.1099,75,"1/21/2028","BULL","4060000","-500","-370000",1,0,0,0,0
"4/24/2026","JBL",40,"A","CALL",400,345.12,440,"1/15/2027","BULL","2635710","0","0",1,1,1,1,1
"4/24/2026","TOST",3.33,"B","PUT",25,29,25,"1/15/2027","BULL","1238565","1265","406065",1,0,0,0,0
"4/24/2026","LWLG",6.7,"A","CALL",17,12.47,23.7,"1/21/2028","BULL","623718","-150","-165082",1,1,0,0,0
"4/24/2026","AMPX",3.6,"B","PUT",20,21.1799,20,"8/21/2026","BULL","720000","0","0",1,0,1,0,1
"4/24/2026","GME",1.55,"B","PUT",20,24.945,20,"12/18/2026","BULL","65957","-2415","-358269",1,0,0,0,0
"4/24/2026","SKM",4.2,"A","CALL",55,37.73,59.2,"1/15/2027","BULL","543618","1188","375618",2,1,0,0,0
"4/24/2026","WYY",0.55,"A","CALL",7.5,4.665,8.05,"8/21/2026","BULL","54945","0","0",1,1,1,1,1
"4/24/2026","ASYS",1.747,"A","CALL",30,19.615,31.747,"8/21/2026","BULL","34947","0","0",1,1,1,1,1
"4/24/2026","SOXX",69.1,"A","PUT",480,461.54,410.9,"1/15/2027","BEAR","7626356","150","937500",1,0,0,0,0
"4/24/2026","FCX",28.895,"BB","CALL",35,61.78,35,"3/19/2027","BEAR","3684128","0","0",1,1,1,0,0
"4/24/2026","PRAX",31,"A","PUT",220,337.375,189,"2/19/2027","BEAR","2633500","-311","-466500",1,0,0,0,0
"4/24/2026","CIFR",6.75,"B","CALL",35,18.777985,35,"6/16/2028","BEAR","4436880","3855","2382995",1,0,0,0,0
"4/24/2026","VRT",79,"A","PUT",340,324.9274,261,"3/19/2027","BEAR","1072500","-100","-890000",1,1,1,0,0
"4/24/2026","ETN",25,"B","CALL",480,424.835,480,"10/16/2026","BEAR","1382500","0","0",1,0,0,0,0
"4/24/2026","JCI",13.6,"B","CALL",145,142.61,145,"10/16/2026","BEAR","1011840","0","0",1,0,0,0,0
"4/24/2026","RIOT",4,"A","PUT",17,18.6,13,"1/15/2027","BEAR","547925","-1033","-408035",1,0,0,0,0
"4/24/2026","UPST",15.05,"A","PUT",42.5,32.67,27.45,"1/15/2027","BEAR","826225","0","0",1,0,0,0,0
"4/24/2026","USAR",3.649,"A","PUT",19,21.8,15.3509999999999,"9/18/2026","BEAR","791471","0","0",1,0,0,0,0
"4/24/2026","POET",3.45,"A","PUT",13,13.58,9.55,"10/16/2026","BEAR","762085","0","0",1,1,1,1,0
"4/24/2026","PL",5.8,"A","PUT",28,35.42,22.2,"10/16/2026","BEAR","499934","0","0",1,0,0,0,0
"4/24/2026","PL",6.6,"A","PUT",27,35.845,20.4,"1/15/2027","BEAR","489720","0","0",1,0,0,0,0
"4/24/2026","WBD",3.1,"B","CALL",26,27.05,26,"10/16/2026","BEAR","704050","864","275235",1,0,0,0,0
"4/24/2026","UMAC",5.75,"B","CALL",12.5,14.715,12.5,"11/20/2026","BEAR","75567","-555","-318245",1,0,0,0,0
"4/24/2026","QS",1.84,"B","CALL",8,7.11,8,"1/15/2027","BEAR","-42254","-2111","-408070",1,0,0,0,0
"4/24/2026","UMAC",7.6,"B","CALL",15,14.355,15,"1/21/2028","BEAR","-384070","-829","-688070",1,0,0,0,0
"4/24/2026","MXL",9.5,"A","PUT",50,60.5513,40.5,"9/18/2026","BEAR","190000","0","0",1,1,1,1,0
"4/24/2026","CRBP",2.49,"BB","CALL",20,9.8598,20,"12/18/2026","BEAR","158120","225","58510",1,0,0,0,0
"4/24/2026","VEU",2.4,"A","PUT",77,80.32,74.6,"9/18/2026","BEAR","65760","0","0",1,0,0,0,0
"4/24/2026","EVC",0.6,"B","CALL",5,3.615,5,"11/20/2026","BEAR","-385000","-500","-445000",1,1,1,1,0
"4/27/2026","AVGO",44.6,"B","PUT",310,415.71,310,"1/21/2028","BULL","6586240","-400","-1638000",1,1,0,0,0
"4/27/2026","AAOI",11.8,"B","PUT",50,148.5,50,"6/17/2027","BULL","6198070","-135","-638560",1,0,0,0,0
"4/27/2026","NRG",16.5,"B","PUT",140,160.52,140,"3/19/2027","BULL","6481200","0","0",1,0,1,0,1
"4/27/2026","META",285.989,"A","CALL",430,677.94,715.989,"6/17/2027","BULL","3574865","0","0",1,0,0,0,0
"4/27/2026","BMNR",9.4,"B","PUT",23,21.825,23,"1/21/2028","BULL","1410501","0","0",1,0,0,0,0
"4/27/2026","AXTI",18.6,"B","PUT",50,71.11,50,"11/20/2026","BULL","757020","0","0",1,1,1,1,1
"4/27/2026","ITRI",11,"A","CALL",100,86.64,111,"11/20/2026","BULL","909000","300","249000",1,0,0,0,0
"4/27/2026","SQM",5.7,"A","CALL",120,88.12,125.7,"10/16/2026","BULL","527820","0","0",1,0,1,0,1
"4/27/2026","Q",19.59,"A","CALL",160,142.65,179.59,"11/20/2026","BULL","721911","200","330111",1,1,0,0,0
"4/27/2026","PBR.A",0.55,"A","CALL",22.5,19.29,23.05,"9/18/2026","BULL","81040","-1658","-89460",1,0,0,0,0
"4/27/2026","WRAP",0.37,"A","CALL",2,1.53,2.37,"10/16/2026","BULL","144750","1500","33750",1,1,1,1,1
"4/27/2026","WDC",57.5,"B","CALL",450,404,450,"8/21/2026","BEAR","3105000","0","0",1,0,0,0,0
"4/27/2026","GSAT",15.1,"A","PUT",85,81.468,69.9,"1/21/2028","BEAR","2967500","0","0",1,0,0,0,0
"4/27/2026","WULF",7.25,"A","PUT",23,20.6845,15.75,"12/18/2026","BEAR","1592816","0","0",1,0,0,0,0
"4/27/2026","OKLO",28.063,"A","PUT",85,74.523,56.937,"11/20/2026","BEAR","1526640","0","0",1,0,0,0,0
"4/27/2026","RIVN",2.36,"B","CALL",18,16.745,18,"9/18/2026","BEAR","-1297793","-16999","-2713793",1,0,0,0,0
"4/27/2026","USO",11.8,"A","PUT",122,134.6,110.2,"10/16/2026","BEAR","2615956","1276","1683756",1,0,0,0,0
"4/27/2026","SHLS",1.2,"B","CALL",10,7.94,10,"10/16/2026","BEAR","-494885","-9090","-1094885",1,1,1,1,1
"4/27/2026","PL",6.3,"B","CALL",60,34.485,60,"1/15/2027","BEAR","633200","190","129200",1,0,0,0,0
"4/27/2026","BC",7,"A","PUT",75,81.04,68,"12/18/2026","BEAR","490000","0","0",1,0,0,0,0
"4/28/2026","WBD",0.7,"A","CALL",29,26.8,29.7,"8/21/2026","BULL","4954453","27280","1644743",1,0,0,0,0
"4/28/2026","MRVL",14.36,"B","PUT",135,153.07,135,"8/21/2026","BULL","2872000","0","0",1,0,0,0,0
"4/28/2026","TSM",45.75,"B","PUT",360,393.72,360,"3/19/2027","BULL","-9026","-723","-2296526",1,1,1,0,0
"4/28/2026","AMAT",59.65,"B","PUT",370,385.4426,370,"1/15/2027","BULL","3456000","300","1666500",1,0,0,0,0
"4/28/2026","WDC",139.723,"B","PUT",460,387.58,460,"12/18/2026","BULL","1481062","0","0",1,0,0,0,0
"4/28/2026","TME",2.9,"A","CALL",7,9.1599,9.9,"1/15/2027","BULL","1450000","0","0",1,1,1,1,1
"4/28/2026","WPM",23.7,"A","CALL",130,131.71,153.7,"1/15/2027","BULL","1185000","0","0",1,0,0,0,0
"4/28/2026","WULF",11.3,"B","PUT",27,20.4915,27,"6/17/2027","BULL","1130000","0","0",1,0,0,0,0
"4/28/2026","CLDX",7.4,"B","PUT",27,33.86,27,"12/18/2026","BULL","1110000","0","0",1,0,1,0,1
"4/28/2026","EQX",1.6,"B","PUT",12.5,13.66,12.5,"10/16/2026","BULL","816720","152","16720",1,0,1,0,1
"4/28/2026","TWLO",17.1,"A","CALL",170,142.345,187.1,"12/18/2026","BULL","697664","0","0",1,0,0,0,0
"4/28/2026","PLD",4.35,"A","CALL",165,141.395,169.35,"1/15/2027","BULL","435000","0","0",1,1,1,1,1
"4/28/2026","PCG",2.05,"B","PUT",17,16.4396,17,"3/19/2027","BULL","395472","-82","-14528",1,1,1,1,1
"4/28/2026","DBA",3.848,"AA","CALL",25,27.92,28.848,"10/16/2026","BULL","14911","-1000","-369880",1,1,0,0,0
"4/28/2026","FLY",14.7,"B","PUT",40,34.3025,40,"1/15/2027","BULL","273420","0","0",1,1,0,1,0
"4/28/2026","DBA",0.747,"A","CALL",31,27.79,31.747,"10/16/2026","BULL","255398","0","0",1,1,0,0,0
"4/28/2026","SCZ",4.8,"B","PUT",82,82.69,82,"12/18/2026","BULL","72000","0","0",1,0,1,0,1
"4/28/2026","GMAB",2.35,"A","CALL",35,27.17,37.35,"1/15/2027","BULL","-37830","-500","-90000",1,0,0,0,0
"4/28/2026","SOXX",16.3,"A","PUT",320,435.97,303.7,"1/15/2027","BEAR","4075000","0","0",1,0,0,0,0
"4/28/2026","GLD",20.16,"B","CALL",435,420.02,435,"9/18/2026","BEAR","4472214","1000","440214",1,0,0,0,0
"4/28/2026","VRT",38,"B","CALL",350,294.69,350,"11/20/2026","BEAR","1900000","0","0",1,1,1,0,0
"4/28/2026","BMNR",4.35,"A","PUT",22,21.045,17.65,"8/21/2026","BEAR","2038329","1000","504994",1,0,0,0,0
"4/28/2026","RIOT",3.25,"A","PUT",15,16.7356,11.75,"12/18/2026","BEAR","1125770","0","0",1,0,0,0,0
"4/28/2026","FN",116.61,"A","PUT",570,638.2,453.39,"12/18/2026","BEAR","1014510","0","0",1,1,0,0,0
"4/28/2026","NCLH",2.37,"B","CALL",21,17.9526,21,"12/18/2026","BEAR","911210","-150","-36790",1,0,1,0,0
"4/28/2026","APLD",6.75,"A","PUT",30,31.84,23.25,"9/18/2026","BEAR","1225131","911","341605",1,1,1,1,1
"4/28/2026","AMPX",3.75,"B","CALL",20,19.52,20,"8/21/2026","BEAR","714799","-26","-35201",1,0,1,0,1
"4/28/2026","RIOT",5.25,"A","PUT",15,16.625,9.75,"1/21/2028","BEAR","635250","-158","-71890",1,0,0,0,0
"4/28/2026","LUNR",6,"B","CALL",32,24.8909,32,"12/18/2026","BEAR","552032","0","0",1,0,0,0,0
"4/28/2026","AMPX",2.6,"A","PUT",15,19.7193,12.4,"11/20/2026","BEAR","520000","0","0",1,0,1,0,1
"4/28/2026","DAR",4.8,"B","CALL",67.5,60.675,67.5,"10/16/2026","BEAR","382581","0","0",1,1,0,1,0
"4/28/2026","OMCL",3.1,"B","CALL",60,45.77,60,"12/18/2026","BEAR","155000","0","0",1,0,0,0,0
"4/28/2026","EVC",0.6,"B","CALL",5,3.98,5,"8/21/2026","BEAR","-280120","-2000","-400000",1,1,1,1,0
"4/29/2026","MRVL",23.22,"B","PUT",135,154.3,135,"1/15/2027","BULL","6301908","0","0",1,0,0,0,0
"4/29/2026","HOOD",11.23,"B","PUT",65,70.335,65,"1/15/2027","BULL","4890759","-201","-115575",1,0,0,0,0
"4/29/2026","XLY",12.45,"A","CALL",116,116.895,128.45,"3/19/2027","BULL","4980000","0","0",1,1,1,1,1
"4/29/2026","MRVL",29.3,"A","CALL",155,152.545,184.3,"9/18/2026","BULL","4395000","0","0",1,0,0,0,0
"4/29/2026","OI",1.4,"AA","CALL",10,9.1393,11.4,"12/18/2026","BULL","3396147","6763","1115322",1,1,1,1,1
"4/29/2026","NET",95,"B","PUT",290,208.54,290,"1/15/2027","BULL","2185000","0","0",1,1,0,1,0
"4/29/2026","MRVL",10.53,"B","PUT",120,153.93,120,"9/18/2026","BULL","1345004","-3209","-760996",1,0,0,0,0
"4/29/2026","AMPX",5.81,"B","PUT",20,20.43,20,"3/19/2027","BULL","1417430","221","139230",1,0,1,0,1
"4/29/2026","LUNR",9.85,"B","PUT",27,23.0999,27,"1/15/2027","BULL","1146540","0","0",1,0,0,0,0
"4/29/2026","USO",5.3,"A","CALL",275,149.7,280.3,"1/15/2027","BULL","1060000","0","0",1,0,0,0,0
"4/29/2026","WPM",16.3,"A","CALL",125,125.585,141.3,"9/18/2026","BULL","815000","0","0",1,0,0,0,0
"4/29/2026","SOFI",2,"A","CALL",18,15.78,20,"10/16/2026","BULL","953837","1814","362437",1,0,0,0,0
"4/29/2026","UCO",7.5,"A","CALL",55,47.19,62.5,"1/15/2027","BULL","505000","0","0",1,1,1,0,0
"4/29/2026","HYMC",8.9,"B","PUT",33,34.4217,33,"11/20/2026","BULL","445000","0","0",1,0,0,0,0
"4/29/2026","IMPP",0.6,"A","CALL",7,4.94,7.6,"1/15/2027","BULL","405611","0","0",1,0,0,0,0
"4/29/2026","CSTM",3.8,"B","PUT",30,33.17,30,"1/15/2027","BULL","379240","0","0",1,0,0,0,0
"4/29/2026","VISN",2.2,"A","CALL",10,10.705,12.2,"1/15/2027","BULL","219995","0","0",1,0,0,0,0
"4/29/2026","VISN",1.15,"A","CALL",11,10.515,12.15,"8/21/2026","BULL","196436","-32","-7944",1,0,0,0,0
"4/29/2026","APYX",1.15,"A","CALL",5,3.465,6.15,"3/19/2027","BULL","6850","-2510","-108150",1,1,1,1,1
"4/29/2026","TSM",37,"A","PUT",360,393.98,323,"12/18/2026","BEAR","19709150","-18","-71050",1,1,1,0,0
"4/29/2026","PBF",9.05,"B","CALL",60,42.72,60,"12/17/2027","BEAR","8235500","0","0",1,0,0,0,0
"4/29/2026","WFRD",7.08,"B","CALL",135,108.43,135,"12/18/2026","BEAR","5380800","0","0",1,0,0,0,0
"4/29/2026","ON",8.7,"B","CALL",145,100.36,145,"1/15/2027","BEAR","-575000","-5000","-4925000",1,0,0,0,0
"4/29/2026","SNDK",234.922,"BB","CALL",1600,1081.1684,1600,"1/15/2027","BEAR","7225420","100","3960000",1,1,1,0,0
"4/29/2026","APP",104,"B","CALL",700,435.7783,700,"1/21/2028","BEAR","3120000","0","0",1,0,0,0,0
"4/29/2026","AU",11.18,"A","PUT",80,90.748,68.82,"1/15/2027","BEAR","416442","-1947","-1734590",2,0,1,0,1
"4/29/2026","AAOI",57.3,"B","CALL",260,152.77,260,"6/17/2027","BEAR","1174650","0","0",1,0,0,0,0
"4/29/2026","CCJ",14.749,"BB","CALL",135,114.16,135,"12/18/2026","BEAR","1100287","0","0",1,0,0,0,0
"4/29/2026","CCJ",16.049,"A","PUT",115,113.905,98.951,"9/18/2026","BEAR","882710","0","0",1,0,0,0,0
"4/29/2026","STM",10.886,"A","PUT",50,52.52,39.114,"11/19/2027","BEAR","789739","0","0",1,1,1,0,0
"4/29/2026","ONDS",1.09,"AA","PUT",6,9.56,4.91,"12/18/2026","BEAR","859139","1573","155892",1,0,1,0,0
"4/29/2026","MXL",22.93,"B","CALL",75,69.5602,75,"12/18/2026","BEAR","3897756","948","3342850",2,1,1,1,0
"4/29/2026","VOYA",4.3,"A","PUT",72.5,81.73,68.2,"11/20/2026","BEAR","430000","0","0",1,1,1,1,1
"4/29/2026","WEX",10.7,"B","CALL",160,153.32,160,"8/21/2026","BEAR","321000","0","0",1,0,0,0,0
"4/29/2026","RITM",0.87,"A","PUT",10,9.66,9.13,"8/21/2026","BEAR","-6170","-2770","-310670",1,0,0,0,0
"4/29/2026","ADUR",4.8,"B","CALL",12.5,11.84,12.5,"12/17/2027","BEAR","312000","200","120000",1,0,0,0,0
"4/29/2026","UCTT",4,"B","CALL",110,70.85,110,"9/18/2026","BEAR","108806","0","0",1,0,0,0,0
"4/29/2026","FBRT",0.18,"B","CALL",10,9.005,10,"9/18/2026","BEAR","90000","0","0",1,0,0,0,0
"4/30/2026","MU",88.9,"A","CALL",620,515.39,708.9,"12/18/2026","BULL","8989754","100","1940000",1,0,0,0,0
"4/30/2026","COIN",33.41,"B","PUT",185,187.57,185,"10/16/2026","BULL","5011500","0","0",1,1,1,0,0
"4/30/2026","SMH",39.76,"B","PUT",450,497.7,450,"1/15/2027","BULL","12411","-1599","-3963589",1,0,0,0,0
"4/30/2026","TER",50.8,"B","PUT",300,347.635,300,"1/15/2027","BULL","4602000","300","1533000",1,0,0,0,0
"4/30/2026","MCHP",10.2,"B","PUT",87.5,90.7399,87.5,"9/18/2026","BULL","1937536","-317","-307490",1,0,0,0,0
"4/30/2026","OI",1.8,"A","CALL",9,8.945,10.8,"12/18/2026","BULL","1440743","0","0",1,1,1,1,1
"4/30/2026","SIRI",1.08,"A","CALL",30,26.6,31.08,"9/18/2026","BULL","1220280","758","140280",1,1,1,1,1
"4/30/2026","RKT",1.52,"B","PUT",12.2,14.65,12.2,"1/15/2027","BULL","357608","-3878","-593152",1,0,0,0,0
"4/30/2026","LBRT",4.65,"A","CALL",40,33.69,44.65,"1/15/2027","BULL","260000","-2000","-670000",2,1,1,0,0
"4/30/2026","MARA",2.56,"B","PUT",12,11.8088,12,"9/18/2026","BULL","632032","-516","-79912",1,0,0,0,0
"4/30/2026","ZETA",2.29,"B","PUT",15,17.8,15,"12/18/2026","BULL","715895","201","40803",1,0,0,0,0
"4/30/2026","FLS",6.4,"A","CALL",80,73.755,86.4,"10/16/2026","BULL","915224","423","280190",1,1,1,1,1
"4/30/2026","QUBT",1.8,"A","CALL",12,8.735,13.8,"1/15/2027","BULL","858275","1027","227555",1,1,0,0,0
"4/30/2026","MARA",0.99,"B","PUT",9,12.0399,9,"9/18/2026","BULL","426434","-2653","-189073",1,0,0,0,0
"4/30/2026","XPEV",2.95,"A","CALL",15,15.94,17.95,"9/18/2026","BULL","1843331","7774","1303481",1,1,1,1,1
"4/30/2026","MUSA",20.98,"A","CALL",720,588.3954,740.98,"10/16/2026","BULL","419600","0","0",1,1,1,1,1
"4/30/2026","KSPI",5.7,"B","PUT",75,88.18,75,"12/18/2026","BULL","228000","0","0",1,1,1,1,1
"4/30/2026","BDC",4.7,"A","CALL",140,113.555,144.7,"9/18/2026","BULL","188000","0","0",1,1,1,1,1
"4/30/2026","VISN",0.7,"B","PUT",12,13.03,12,"11/20/2026","BULL","68356","0","0",1,0,0,0,0
"4/30/2026","SPXW",88,"B","CALL",8080,0,8080,"12/31/2026","BEAR","44000000","0","0",1,1,0,0,0
"4/30/2026","SNDK",260,"A","PUT",1090,1104.86,830,"9/18/2026","BEAR","20840000","0","0",1,1,1,0,0
"4/30/2026","WULF",5.78,"B","CALL",22,21.7197,22,"11/20/2026","BEAR","4009005","-306","-36995",1,0,0,0,0
"4/30/2026","STX",167.991,"BB","CALL",580,660.42,580,"9/18/2026","BEAR","3452723","0","0",1,0,0,0,0
"4/30/2026","XBI",31.452,"AA","PUT",160,129.44,128.548,"12/18/2026","BEAR","2912474","0","0",1,0,0,0,0
"4/30/2026","MRVL",45,"B","CALL",165,165.1147,165,"3/19/2027","BEAR","2250000","0","0",1,0,0,0,0
"4/30/2026","NVTS",3.4,"B","CALL",20,15.8901,20,"9/18/2026","BEAR","1980966","-1492","62980",1,1,0,1,0
"4/30/2026","STX",190.4,"B","CALL",880,649.6154,880,"1/21/2028","BEAR","1904000","0","0",1,0,0,0,0
"4/30/2026","INDV",3.8,"B","CALL",40,37.65,40,"8/21/2026","BEAR","1626381","-2379","-7619",1,0,0,0,0
"4/30/2026","CORZ",4.4,"A","PUT",19,20.17,14.6,"1/15/2027","BEAR","2310727","1723","747110",1,0,0,0,0
"4/30/2026","AG",3.76,"B","CALL",40,19.515,40,"1/21/2028","BEAR","1206480","-516","-203520",1,1,1,1,1
"4/30/2026","MP",6.65,"B","CALL",75,61.67,75,"9/18/2026","BEAR","1570738","-118","177509",1,0,0,0,0
"4/30/2026","PL",14.102,"AA","PUT",40,35.795,25.898,"1/15/2027","BEAR","1311475","0","0",2,0,0,0,0
"4/30/2026","DKNG",5.4,"A","PUT",25,23.22,19.6,"12/18/2026","BEAR","1017520","-176","-62480",1,1,0,0,0
"4/30/2026","ASTS",23.406,"B","CALL",70,74.19,70,"11/20/2026","BEAR","1200064","194","168780",1,0,0,0,0
"4/30/2026","HL",1.59,"B","CALL",29,17.74,29,"1/15/2027","BEAR","1133895","861","137760",1,0,0,0,0
"4/30/2026","USAR",6.398,"B","CALL",32,25.465,32,"1/15/2027","BEAR","1086809","170","96900",1,0,0,0,0
"4/30/2026","PBR",1.95,"B","CALL",25,21.755,25,"3/19/2027","BEAR","836866","1134","-138134",1,1,1,0,0
"4/30/2026","AG",1.05,"B","CALL",28,19.37,28,"8/21/2026","BEAR","643135","-1462","-89149",1,1,1,1,1
"4/30/2026","KR",3.999,"A","PUT",62.5,68.25,58.501,"1/15/2027","BEAR","721505","0","0",1,0,0,0,0
"4/30/2026","MXL",24,"B","CALL",75,69.19,75,"12/18/2026","BEAR","3342850","650","2627650",2,1,1,1,0
"4/30/2026","NOK",1.3,"B","CALL",21,12.835,21,"1/15/2027","BEAR","812826","432","173861",1,1,1,1,1
"4/30/2026","FE",5,"B","CALL",47,47.125,47,"1/21/2028","BEAR","429317","-157","-70684",1,1,0,1,0
"4/30/2026","SGRY",1.7,"B","CALL",15,13.755,15,"9/18/2026","BEAR","316590","489","97800",1,0,0,0,0
"4/30/2026","LAR",1.05,"B","CALL",17.5,10.14,17.5,"12/18/2026","BEAR","174920","0","0",1,1,0,1,0
"5/1/2026","GOOG",51.114,"BB","PUT",350,377.1454,350,"12/15/2028","BULL","-1002197","-7115","-36786845",1,0,0,0,0
"5/1/2026","AAPL",20.365,"BB","PUT",280,279.1,280,"1/15/2027","BULL","17052583","-2426","-3108922",1,0,1,0,0
"5/1/2026","SMH",19.5,"A","CALL",660,507.39,679.5,"12/18/2026","BULL","6400700","180","550700",1,0,0,0,0
"5/1/2026","MSFT",19.55,"A","CALL",510,413.15,529.55,"3/19/2027","BULL","14072500","3800","10162500",1,1,1,1,0
"5/1/2026","VST",37.6,"B","PUT",175,158.2,175,"3/19/2027","BULL","3760000","0","0",1,0,1,0,1
"5/1/2026","AXSM",7.4,"B","PUT",160,204.34,160,"1/15/2027","BULL","3692092","0","0",1,0,1,0,1
"5/1/2026","ANET",26.654,"B","PUT",175,176.37,175,"11/20/2026","BULL","3369078","0","0",1,0,1,0,1
"5/1/2026","SNOW",36.9,"B","PUT",150,139.62,150,"3/19/2027","BULL","3591689","308","455189",1,1,1,1,1
"5/1/2026","IGV",9.5,"B","PUT",86,86.7328,86,"3/19/2027","BULL","4659000","3000","1809000",1,0,0,0,0
"5/1/2026","ARKK",9.401,"B","PUT",81,77.085,81,"9/18/2026","BULL","1634914","0","0",1,0,0,0,0
"5/1/2026","IAU",8.6,"A","CALL",86,86.735,94.6,"1/15/2027","BULL","965580","-892","-654660",1,1,0,1,0
"5/1/2026","SOXL",30,"A","CALL",190,129.55,220,"1/15/2027","BULL","1497000","0","0",1,0,0,0,0
"5/1/2026","IONQ",4.84,"A","CALL",65,46.11,69.84,"8/21/2026","BULL","-1030138","-2035","-2473443",1,0,0,0,0
"5/1/2026","SIMO",32.7,"B","PUT",210,230.0585,210,"9/18/2026","BULL","1340000","0","0",1,1,0,1,0
"5/1/2026","RKT",3.25,"B","PUT",16,14.81,16,"12/18/2026","BULL","1136870","0","0",1,0,0,0,0
"5/1/2026","GEHC",4.3,"B","PUT",60,61.09,60,"9/18/2026","BULL","612584","-1352","-462416",1,1,1,1,1
"5/1/2026","MAT",1.05,"B","PUT",14,14.7487,14,"10/16/2026","BULL","1049790","0","0",1,1,1,1,1
"5/1/2026","VG",3.7,"B","PUT",12.5,12.755,12.5,"6/17/2027","BULL","1045081","0","0",1,0,1,0,0
"5/1/2026","VRNS",4.07,"B","PUT",25,26.755,25,"1/15/2027","BULL","1017500","0","0",1,0,1,0,0
"5/1/2026","TWLO",15.2,"A","CALL",210,179.36,225.2,"9/18/2026","BULL","52397","-420","-935603",1,0,0,0,0
"5/1/2026","KGC",2.39,"A","CALL",36,29.33,38.39,"11/20/2026","BULL","774626","0","0",1,1,1,1,1
"5/1/2026","LUMN",1.2,"A","CALL",12,9.445,13.2,"10/16/2026","BULL","500923","0","20800",1,1,1,1,1
"5/1/2026","BAND",6.1,"A","CALL",50,45.39,56.1,"8/21/2026","BULL","435746","0","0",1,1,1,0,0
"5/1/2026","BAND",6.598,"A","CALL",50,42.3196,56.598,"11/20/2026","BULL","227646","0","0",1,1,1,0,0
"5/1/2026","EGHT",0.5,"A","CALL",2.5,2.4159,3,"8/21/2026","BULL","91145","-2194","-97705",1,1,1,1,1
"5/1/2026","SOYB",0.53,"A","CALL",28,24.865,28.53,"11/20/2026","BULL","158892","0","0",1,1,0,1,0
"5/1/2026","SKM",1.95,"A","CALL",55,37.175,56.95,"9/18/2026","BULL","241197","843","154424",2,1,0,0,0
"5/1/2026","ORCL",16.1,"B","CALL",250,173.4,250,"3/19/2027","BEAR","7767596","-1759","-2214404",1,0,0,0,0
"5/1/2026","GLD",23.64,"A","PUT",420,427.44,396.36,"11/20/2026","BEAR","7860300","0","0",1,0,0,0,0
"5/1/2026","ARM",26.2,"A","PUT",200,214.3,173.8,"8/21/2026","BEAR","6166050","-339","-121950",1,1,0,0,0
"5/1/2026","FND",14.7,"B","CALL",55,49.34,55,"1/21/2028","BEAR","4984910","0","0",1,0,0,0,0
"5/1/2026","ALAB",43.4,"B","CALL",300,202.2576,300,"4/16/2027","BEAR","2604000","0","0",1,1,1,1,0
"5/1/2026","MP",8,"B","CALL",95,65.95,95,"1/15/2027","BEAR","610774","-700","-602000",1,0,0,0,0
"5/1/2026","CORZ",1.85,"A","PUT",16,20.64,14.15,"9/18/2026","BEAR","1668780","5936","637035",1,0,0,0,0
"5/1/2026","PWR",58.629,"BB","CALL",900,737.74,900,"1/15/2027","BEAR","1014284","0","0",1,0,0,0,0
"5/1/2026","PL",4.5,"B","CALL",60,36.26,60,"10/16/2026","BEAR","824449","0","0",1,0,0,0,0
"5/1/2026","CIFR",1.64,"B","CALL",28,17.605,28,"9/18/2026","BEAR","407903","-1227","-367325",1,0,0,0,0
"5/1/2026","CLF",1.1,"B","CALL",13,10.4634,13,"10/16/2026","BEAR","581654","-1891","-188346",1,1,1,1,1
"5/1/2026","BKD",1.3,"B","CALL",17,14.4761,17,"12/18/2026","BEAR","649350","0","0",1,0,0,0,0
"5/1/2026","UMC",1.803,"B","CALL",13,12.98,13,"10/16/2026","BEAR","607938","0","0",1,1,1,1,0
"5/1/2026","Q",21.967,"BB","CALL",150,142.77,150,"11/20/2026","BEAR","564542","0","0",1,1,0,0,0
"5/1/2026","ORKA",7.2,"A","PUT",55,63.51,47.8,"8/21/2026","BEAR","108000","0","0",1,0,0,0,0
"5/4/2026","TSM",24.358,"BB","PUT",380,403.84,380,"8/21/2026","BULL","11803539","-25269","-11649286",1,1,1,0,0
"5/4/2026","VIX",3.7,"A","CALL",22,0,25.7,"9/16/2026","BULL","9734563","-451","-1364877",1,1,1,1,1
"5/4/2026","CRDO",20.15,"B","PUT",100,181.495,100,"7/16/2027","BULL","10583400","-213","-485000",1,0,0,0,0
"5/4/2026","NOK",4.15,"A","CALL",11,13.395,15.15,"1/15/2027","BULL","1317508","-21869","-7470510",1,1,1,1,1
"5/4/2026","DDOG",17.668,"BB","PUT",125,144.615,125,"1/15/2027","BULL","4470442","-4217","-2066730",1,1,1,1,1
"5/4/2026","GOOG",37.557,"B","PUT",380,380.5982,380,"1/15/2027","BULL","2963318","-206","-788672",1,0,0,0,0
"5/4/2026","DASH",25.1,"A","CALL",210,173.907,235.1,"3/19/2027","BULL","2510000","0","0",1,1,1,1,0
"5/4/2026","WMT",20.8,"B","PUT",140,131.155,140,"12/17/2027","BULL","2080000","0","0",1,1,0,0,0
"5/4/2026","MDY",26.2,"A","CALL",680,660.09,706.2,"9/18/2026","BULL","1834000","0","0",1,0,0,0,0
"5/4/2026","NBIS",14.35,"B","PUT",130,170.3493,130,"8/21/2026","BULL","1200983","-1124","-521017",1,0,0,0,0
"5/4/2026","IREN",9.25,"A","CALL",70,49.7,79.25,"12/18/2026","BULL","14577283","20574","12914284",1,1,0,1,0
"5/4/2026","RKLB",5.84,"A","CALL",135,80.345,140.84,"10/16/2026","BULL","-777466","-451","-2394770",1,0,0,0,0
"5/4/2026","DLR",6.2,"B","PUT",160,197.4,160,"12/18/2026","BULL","784640","-1131","-607700",1,0,0,0,0
"5/4/2026","LMND",9.2,"B","PUT",55,55.92,55,"9/18/2026","BULL","853800","-207","-124180",1,0,0,0,0
"5/4/2026","TSCO",2.249,"A","CALL",35,32.265,37.249,"9/18/2026","BULL","2291640","9169","1421327",1,0,0,0,0
"5/4/2026","ZIM",3.9,"A","CALL",26.16,26.09,30.06,"1/15/2027","BULL","779998","0","0",1,1,0,0,0
"5/4/2026","POET",1.64,"A","CALL",14,7.645,15.64,"1/15/2027","BULL","659598","-321","-59870",1,1,1,1,0
"5/4/2026","TWLO",18.786,"AA","CALL",250,192.28,268.786,"12/18/2026","BULL","685700","0","0",1,0,0,0,0
"5/4/2026","AUR",0.599,"A","CALL",11,6.565,11.599,"1/15/2027","BULL","104564","-6989","-361525",1,1,1,1,1
"5/4/2026","BULL",1.11,"B","PUT",5,7.295,5,"1/21/2028","BULL","421107","373","-41573",1,1,0,1,0
"5/4/2026","NCLH",2.1,"A","CALL",20,17.055,22.1,"12/18/2026","BULL","3885674","10869","3434174",1,0,1,0,0
"5/4/2026","PGEN",0.5,"A","CALL",5.5,4.0725,6,"10/16/2026","BULL","951440","4245","701440",1,1,1,1,1
"5/4/2026","IMMR",0.75,"A","CALL",7.5,6.765,8.25,"11/20/2026","BULL","225000","0","0",1,1,1,1,1
"5/4/2026","AMWL",0.55,"A","CALL",12.5,6.275,13.05,"12/18/2026","BULL","-54016","-1000","-112000",1,,,,
"5/4/2026","MXL",27.4,"B","CALL",95,81.425,95,"9/18/2026","BEAR","-4185904","-3129","-8136124",1,1,1,1,0
"5/4/2026","XLI",10.27,"A","PUT",170,172.96,159.73,"1/15/2027","BEAR","2567500","0","0",1,0,0,0,0
"5/4/2026","RIVN",11.45,"A","PUT",25,14.44,13.55,"6/17/2027","BEAR","4389450","1990","2099450",1,0,0,0,0
"5/4/2026","HOOD",36.2,"B","CALL",50,77.54,50,"5/21/2027","BEAR","482700","-300","-1150800",1,0,0,0,0
"5/4/2026","IMVT",5.1,"B","CALL",30,27.2429,30,"9/18/2026","BEAR","-1544300","-2278","-2787780",1,1,0,1,0
"5/4/2026","GFS",12.501,"B","CALL",75,67.295,75,"1/15/2027","BEAR","756330","0","0",1,1,1,1,1
"5/4/2026","CTRI",6.121,"B","CALL",40,39.51,40,"11/20/2026","BEAR","306048","0","0",1,1,0,1,0
"5/4/2026","VIXY",7.4,"B","CALL",27,27.79,27,"12/18/2026","BEAR","50690","-962","-245310",1,0,0,0,0
"5/4/2026","CTRI",7.5,"B","CALL",40,39.43,40,"1/15/2027","BEAR","90000","-200","-60000",1,1,0,1,0
"5/5/2026","WBD",1.43,"A","CALL",28,27.225,29.43,"8/21/2026","BULL","10375524","63652","4088444",1,0,0,0,0
"5/5/2026","APP",118.5,"B","PUT",500,474.38,500,"1/15/2027","BULL","5925000","0","0",1,0,0,0,0
"5/5/2026","SOXX",35.42,"A","CALL",530,484.505,565.42,"10/16/2026","BULL","5849250","447","1953050",1,0,0,0,0
"5/5/2026","AXTI",31.3,"A","CALL",155,106.57,186.3,"11/20/2026","BULL","711350","-304","-1774650",1,1,1,1,1
"5/5/2026","BP",11.15,"A","CALL",37,46.775,48.15,"3/19/2027","BULL","2363800","0","0",1,1,1,1,1
"5/5/2026","LITE",174.5,"A","CALL",1500,1009.29,1674.5,"12/18/2026","BULL","3106850","101","1414200",1,0,0,0,0
"5/5/2026","AXSM",24.55,"B","PUT",220,223.098971,220,"1/15/2027","BULL","982000","0","0",1,0,1,0,1
"5/5/2026","RIG",0.38,"B","PUT",5.5,6.4,5.5,"9/18/2026","BULL","645908","-2490","-114092",1,1,0,1,0
"5/5/2026","DOCN",40.6,"A","CALL",150,148.24,190.6,"1/15/2027","BULL","617120","0","0",1,1,1,0,0
"5/5/2026","CECO",8.6,"A","CALL",110,86.35,118.6,"11/20/2026","BULL","516000","0","0",1,1,1,1,1
"5/5/2026","RYTM",15.1,"BB","PUT",90,93.2224,90,"1/15/2027","BULL","492260","0","0",1,0,1,0,1
"5/5/2026","AHCO",1.5,"B","PUT",12.5,11.755,12.5,"9/18/2026","BULL","440250","0","0",1,0,1,0,1
"5/5/2026","PTRN",5,"A","CALL",10,13.86,15,"9/18/2026","BULL","405000","0","0",1,1,1,1,1
"5/5/2026","MARA",1.63,"A","CALL",37,11.926,38.63,"1/21/2028","BULL","567577","707","184527",1,0,0,0,0
"5/5/2026","VIXM",0.55,"A","CALL",35,15.78,35.55,"6/17/2027","BULL","363687","0","0",1,1,1,1,1
"5/5/2026","APYX",1.3,"A","CALL",2.5,2.84,3.8,"3/19/2027","BULL","260000","0","0",1,1,1,1,1
"5/5/2026","HNRG",2.9,"A","CALL",19,17.895,21.9,"8/21/2026","BULL","-48300","-999","-279720",1,1,1,1,1
"5/5/2026","RYN",1.94,"A","CALL",20,20.755,21.94,"10/16/2026","BULL","135600","0","0",1,1,1,1,1
"5/5/2026","CNA",2,"B","PUT",40,43.835,40,"11/20/2026","BULL","60000","0","0",1,1,1,1,1
"5/5/2026","ADEA",3.5,"A","CALL",30,29.205,33.5,"9/18/2026","BULL","318477","956","265977",1,1,1,1,0
"5/5/2026","PLTR",27.92,"A","PUT",135,135.8,107.08,"6/17/2027","BEAR","11101945","2387","4121945",2,0,0,0,0
"5/5/2026","CRDO",29.031,"B","CALL",320,195.345,320,"1/15/2027","BEAR","5014701","150","369701",1,0,0,0,0
"5/5/2026","AMAT",43.25,"A","PUT",380,412.92,336.75,"10/16/2026","BEAR","5717811","604","1392811",1,0,0,0,0
"5/5/2026","VRT",60,"A","PUT",340,339.53,280,"11/20/2026","BEAR","3000000","0","0",1,1,1,0,0
"5/5/2026","GOOGL",28.7,"B","CALL",430,386.5299,430,"12/18/2026","BEAR","1890070","-2150","-979930",1,1,0,1,0
"5/5/2026","FLR",2.85,"BB","CALL",65,53.385,65,"9/18/2026","BEAR","2863620","2644","469620",1,1,0,1,0
"5/5/2026","UBER",12.21,"B","CALL",90,74.36,90,"1/21/2028","BEAR","1450","-1591","-1830050",1,1,0,1,0
"5/5/2026","USO",13.55,"A","PUT",132,143.5,118.45,"9/18/2026","BEAR","1432047","-200","-298000",1,0,0,0,0
"5/5/2026","WULF",6.799,"A","PUT",24,23.125,17.201,"1/15/2027","BEAR","1688840","0","0",1,0,0,0,0
"5/5/2026","USO",14.15,"A","PUT",131,143.6006,116.85,"10/16/2026","BEAR","1491000","0","0",1,0,0,0,0
"5/5/2026","UPST",3.85,"B","CALL",50,31.61,50,"1/15/2027","BEAR","1213305","-150","-25650",1,0,0,0,0
"5/5/2026","IONQ",2.97,"A","PUT",30,45.7243,27.03,"9/18/2026","BEAR","1149199","1141","151876",1,0,0,0,0
"5/5/2026","APA",1.63,"B","CALL",55,41.8745,55,"9/18/2026","BEAR","245937","-11673","-728641",1,0,0,0,0
"5/5/2026","EWT",10.2,"A","PUT",95,92.825,84.8,"1/15/2027","BEAR","769897","0","0",1,0,0,0,0
"5/5/2026","LMND",9.8,"B","CALL",70,56.545,70,"12/18/2026","BEAR","1549186","2606","781836",1,0,0,0,0
"5/5/2026","GME",3.15,"B","CALL",35,23.285,35,"12/17/2027","BEAR","600997","-200","-52000",1,0,0,0,0
"5/5/2026","ZIM",4.2,"B","CALL",28,27.9998,28,"10/16/2026","BEAR","707080","450","64880",1,1,0,0,0
"5/5/2026","RIOT",1.07,"B","CALL",32,19.495,32,"9/18/2026","BEAR","-855525","-8092","-1403793",1,0,0,0,0
"5/5/2026","RIOT",3.45,"A","PUT",19,19.515,15.55,"9/18/2026","BEAR","1095067","4023","788712",1,0,0,0,0
"5/5/2026","UCTT",9.5,"B","CALL",95,80.8088,95,"9/18/2026","BEAR","-239546","-150","-501750",1,0,0,0,0
"5/5/2026","MG",1.6,"B","CALL",22.5,19.464,22.5,"11/20/2026","BEAR","251810","0","0",1,1,1,1,1
"5/6/2026","SPX",267.6,"AA","CALL",7675,0,7942.6,"12/18/2026","BULL","59862120","0","0",1,0,1,0,1
"5/6/2026","SNDK",341,"A","CALL",1800,1386.79,2141,"1/15/2027","BULL","10756000","96","3936000",1,1,1,0,0
"5/6/2026","NOK",12.48,"B","PUT",25,13.081,25,"6/17/2027","BULL","6302400","0","0",1,1,1,1,1
"5/6/2026","VRT",46.617,"AA","CALL",440,354.745,486.617,"1/15/2027","BULL","1734689","-585","-2861028",1,1,1,0,0
"5/6/2026","ASML",152.3,"A","CALL",1560,1523.965,1712.3,"8/21/2026","BULL","4569000","0","0",1,1,1,1,1
"5/6/2026","NOK",0.86,"A","CALL",24,13.2175,24.86,"12/18/2026","BULL","4282386","185","50636",1,1,1,1,1
"5/6/2026","LRCX",34.6,"B","PUT",280,295.78,280,"9/18/2026","BULL","2952070","-249","-507930",1,0,0,0,0
"5/6/2026","SNDK",287.838,"A","CALL",1520,1418.7829,1807.838,"8/21/2026","BULL","-1624618","-150","-4503000",1,1,1,0,0
"5/6/2026","SNDK",305,"A","CALL",1900,1408.94,2205,"12/18/2026","BULL","10064270","159","7715770",1,1,1,0,0
"5/6/2026","JPM",6.68,"A","CALL",350,315.2201,356.68,"9/18/2026","BULL","5820237","3759","3749232",1,0,0,0,0
"5/6/2026","TER",68.5,"A","CALL",390,379.74,458.5,"10/16/2026","BULL","1424798","0","0",1,0,0,0,0
"5/6/2026","KKR",8.02,"B","PUT",90,101.3173,90,"12/18/2026","BULL","1284002","0","0",1,0,0,0,0
"5/6/2026","SOXL",69,"A","CALL",135,162.475,204,"12/18/2026","BULL","1242000","0","0",1,0,0,0,0
"5/6/2026","CMI",73.5,"B","PUT",700,709.05,700,"12/18/2026","BULL","918750","0","0",1,0,0,0,0
"5/6/2026","U",5.46,"B","PUT",29,27.2,29,"8/21/2026","BULL","873600","0","0",1,0,0,0,0
"5/6/2026","UPRO",40.7,"A","CALL",100,134.86,140.7,"9/18/2026","BULL","814000","0","0",1,1,1,1,1
"5/6/2026","BB",1.07,"A","CALL",6,6.005,7.07,"9/18/2026","BULL","982835","2527","208226",1,1,1,1,0
"5/6/2026","CDW",6.8,"B","PUT",95,108.645,95,"12/18/2026","BULL","680000","0","0",1,0,0,0,0
"5/6/2026","PONY",1.25,"A","CALL",12.5,10.355,13.75,"8/21/2026","BULL","1011853","4346","399033",1,1,1,1,1
"5/6/2026","BTDR",1.15,"B","PUT",7.5,14.83,7.5,"12/18/2026","BULL","-188400","-5542","-763170",1,1,0,0,0
"5/6/2026","LAES",0.69,"A","CALL",3,3.125,3.69,"9/18/2026","BULL","415022","455","17759",1,1,1,1,1
"5/6/2026","GDYN",1.6,"A","CALL",7.5,6.755,9.1,"12/18/2026","BULL","407834","454","47443",1,1,1,1,1
"5/6/2026","LAR",1.049,"A","CALL",15,11.36,16.049,"8/21/2026","BULL","314723","0","0",1,1,0,1,0
"5/6/2026","REMX",17.98,"A","CALL",105,108.9599,122.98,"11/20/2026","BULL","269699","0","0",1,1,1,1,1
"5/6/2026","BITU",4.8,"A","CALL",15,16.605,19.8,"11/20/2026","BULL","51210","-609","-188790",1,,,,
"5/6/2026","FLY",11.3,"B","PUT",37,34.16,37,"11/20/2026","BULL","211310","0","0",1,1,0,1,0
"5/6/2026","PENG",6.9,"A","CALL",50,36.995,56.9,"1/15/2027","BULL","307216","-161","137478",1,1,1,0,0
"5/6/2026","DGXX",1.85,"A","CALL",10,6.135,11.85,"12/18/2026","BULL","100744","0","-55765",1,1,1,1,1
"5/6/2026","INV",1.15,"A","CALL",12.5,7.38,13.65,"11/20/2026","BULL","795237","6022","685987",2,1,1,1,0
"5/6/2026","MG",1.5,"B","PUT",17.5,17.27,17.5,"8/21/2026","BULL","51012","0","0",1,1,1,1,1
"5/6/2026","IREN",12.86,"B","CALL",65,59.81,65,"9/18/2026","BEAR","46619978","-34548","-16930022",1,1,0,1,0
"5/6/2026","MU",182,"A","PUT",700,666.5,518,"1/15/2027","BEAR","72980020","1873","36580020",1,0,0,0,0
"5/6/2026","ORCL",66.9,"A","PUT",230,191.49,163.1,"6/17/2027","BEAR","10035000","0","0",1,0,0,0,0
"5/6/2026","AAPL",10,"A","PUT",275,285.85,265,"8/21/2026","BEAR","12313524","6961","4010557",1,0,1,0,0
"5/6/2026","NET",43.01,"B","CALL",380,245.39,380,"1/21/2028","BEAR","4301000","0","0",1,1,0,1,0
"5/6/2026","SATS",34.5,"A","PUT",140,125.205,105.5,"1/15/2027","BEAR","4140000","0","0",1,1,0,1,0
"5/6/2026","CRWD",100,"A","PUT",520,460.14,420,"12/18/2026","BEAR","-1615000","-600","-4605000",1,1,0,0,0
"5/6/2026","NXPI",36.5,"B","CALL",330,295.23,330,"3/19/2027","BEAR","2230161","0","0",1,0,0,0,0
"5/6/2026","NUAI",3.85,"A","PUT",7.5,5.005,3.65,"11/20/2026","BEAR","1925000","0","0",1,0,0,0,0
"5/6/2026","AMDL",16.45,"B","CALL",37,45.14,37,"9/18/2026","BEAR","1644986","0","0",1,1,0,0,0
"5/6/2026","NU",1.59,"B","CALL",15,14.43,15,"10/16/2026","BEAR","1361714","-3534","-236286",1,1,1,1,1
"5/6/2026","RIOT",2.78,"B","CALL",30,23.605,30,"9/18/2026","BEAR","-419020","-6792","-1865820",1,0,0,0,0
"5/6/2026","CIFR",7.8,"A","PUT",20,21.5783,12.2,"1/21/2028","BEAR","3664454","2973","2568604",1,0,0,0,0
"5/6/2026","WOLF",7.9,"B","CALL",50,41.5,50,"9/18/2026","BEAR","5738510","3213","4948510",1,1,0,1,0
"5/6/2026","DJT",1.37,"A","PUT",8,9.135,6.63,"11/20/2026","BEAR","819000","1500","202500",1,1,0,1,0
"5/6/2026","MARA",2.5,"A","PUT",11,12.6351,8.5,"1/15/2027","BEAR","471390","-416","-87360",1,0,0,0,0
"5/6/2026","VCYT",2.9,"B","CALL",55,40.36,55,"12/18/2026","BEAR","361050","0","0",1,0,0,0,0
"5/6/2026","BIOA",2,"B","CALL",25,17.557,25,"10/16/2026","BEAR","329600","0","0",1,0,0,0,0
"5/7/2026","MSFT",49.85,"A","CALL",390,423.115,439.85,"8/21/2026","BULL","105389212","12205","43076712",1,1,1,1,0
"5/7/2026","AMD",127.7,"A","CALL",500,405.545,627.7,"6/16/2028","BULL","6385000","0","0",1,0,0,0,0
"5/7/2026","COIN",48.2,"A","CALL",220,193.115,268.2,"5/21/2027","BULL","4722058","-680","-1286262",3,1,1,0,0
"5/7/2026","QCOM",14.99,"A","CALL",270,199.93,284.99,"1/15/2027","BULL","710000","-1250","-3037500",1,1,1,0,1
"5/7/2026","TSM",22.5,"A","CALL",560,416.895,582.5,"12/18/2026","BULL","-972024","-2249","-4603779",1,1,1,0,0
"5/7/2026","CELC",20,"B","PUT",130,132.095,130,"9/18/2026","BULL","-2654890","-1754","-5654890",1,0,1,0,1
"5/7/2026","DQ",2.4,"B","PUT",17,18.03,17,"10/16/2026","BULL","1800000","0","0",1,0,1,0,1
"5/7/2026","GOOG",17.249,"A","CALL",430,394.38,447.249,"8/21/2026","BULL","1735506","281","39881",1,0,0,0,0
"5/7/2026","SHOP",27.92,"B","PUT",95,108.3475,95,"12/15/2028","BULL","1535600","0","0",1,0,0,0,0
"5/7/2026","BOX",2.14,"A","CALL",28,25.76,30.14,"9/18/2026","BULL","1565283","491","76595",1,1,1,1,1
"5/7/2026","WULF",9.85,"B","PUT",30,23.8,30,"11/20/2026","BULL","1638021","229","186200",1,0,0,0,0
"5/7/2026","VOYA",2.573,"A","CALL",90,80.472,92.573,"8/21/2026","BULL","1108106","-394","-98500",1,1,1,1,1
"5/7/2026","AFRM",5.65,"B","PUT",50,68.3685,50,"12/18/2026","BULL","1142717","-200","-44400",1,0,0,0,0
"5/7/2026","POET",2.19,"A","CALL",14,9.595,16.19,"10/16/2026","BULL","-403819","-3614","-1554073",1,1,1,1,0
"5/7/2026","CLSK",1.46,"B","PUT",11,13.67,11,"9/18/2026","BULL","675963","-2621","-263109",1,0,0,0,0
"5/7/2026","HIMX",3.1,"A","CALL",23,17.821,26.1,"12/18/2026","BULL","785529","0","0",1,0,0,0,0
"5/7/2026","FLNC",6.2,"A","CALL",18,18.375,24.2,"1/15/2027","BULL","355368","-398","-338300",1,1,0,1,0
"5/7/2026","ORA",5.35,"A","CALL",155,126.4664,160.35,"12/18/2026","BULL","535000","0","0",1,1,1,1,1
"5/7/2026","ERO",1.07,"A","CALL",45,28.675,46.07,"10/16/2026","BULL","88422","-4259","-446578",1,1,1,1,1
"5/7/2026","MTSI",51.54,"B","PUT",310,344.233,310,"11/20/2026","BULL","515400","0","0",1,1,1,1,1
"5/7/2026","UL",2.392,"A","CALL",60,59.065,62.392,"8/21/2026","BULL","483914","0","0",1,1,0,1,0
"5/7/2026","GTX",2.55,"A","CALL",29,27.28,31.55,"10/16/2026","BULL","230451","-196","-117600",1,1,1,1,1
"5/7/2026","ORLA",2.65,"A","CALL",15,14.645,17.65,"10/16/2026","BULL","337255","0","0",1,1,1,1,1
"5/7/2026","RXO",1.9,"B","PUT",20,23.114,20,"8/21/2026","BULL","160195","-1357","-142450",1,0,1,0,1
"5/7/2026","VYX",1.25,"A","CALL",10,8.118397,11.25,"12/18/2026","BULL","658777","4280","411779",2,1,1,1,1
"5/7/2026","XYLD",2,"B","PUT",41,40.545,41,"11/20/2026","BULL","30000","0","0",1,0,1,0,1
"5/7/2026","AAPL",7.54,"A","PUT",240,286.52,232.46,"1/15/2027","BEAR","27357784","2304","967784",1,0,1,0,0
"5/7/2026","GOOGL",98.347,"A","PUT",455,394.34,356.653,"1/21/2028","BEAR","4915480","0","0",1,1,0,1,0
"5/7/2026","IBIT",6.95,"B","CALL",47,45.6893,47,"1/15/2027","BEAR","4235373","-707","-173215",1,0,0,0,0
"5/7/2026","NCLH",1.86,"A","PUT",15,17.565,13.14,"1/15/2027","BEAR","1767930","-621","-92070",1,0,1,0,0
"5/7/2026","LWLG",6,"B","CALL",30,14.765,30,"1/21/2028","BEAR","1614251","-7","25450",1,1,0,0,0
"5/7/2026","AXTI",39.3,"A","PUT",120,108.8,80.7,"8/21/2026","BEAR","1501259","0","0",1,1,1,1,1
"5/7/2026","AXTI",50,"B","CALL",90,108.3684,90,"11/20/2026","BEAR","56907","-812","-1193093",1,1,1,1,1
"5/7/2026","IRE",14.241,"B","CALL",52,31.91,52,"12/18/2026","BEAR","835919","0","0",1,1,0,1,0
"5/7/2026","SOFI",2.7,"B","CALL",17,16.085,17,"11/20/2026","BEAR","533222","-956","-276778",1,0,0,0,0
"5/7/2026","NUKZ",15.1,"B","CALL",65,73.88,65,"12/18/2026","BEAR","460615","-535","-267505",1,,,,
"5/7/2026","IRE",10.1,"B","CALL",52,31.11,52,"9/18/2026","BEAR","635317","0","0",1,1,0,1,0
"5/7/2026","CLFD",1.65,"B","CALL",45,35.8242,45,"9/18/2026","BEAR","837900","1200","643200",1,0,0,0,0
"5/8/2026","DASH",36.3,"A","CALL",145,166.67,181.3,"9/18/2026","BULL","41642000","4000","29300000",1,1,1,1,0
"5/8/2026","AMZN",55.9,"A","CALL",275,273.16,330.9,"12/17/2027","BULL","13171708","632","2142638",1,1,1,1,1
"5/8/2026","GOOGL",89.1,"A","CALL",390,400.07,479.1,"12/17/2027","BULL","9915248","1187","2612838",1,1,0,1,0
"5/8/2026","SATS",15.72,"A","CALL",140,124.5187,155.72,"10/16/2026","BULL","4716000","0","0",1,1,0,1,0
"5/8/2026","MXL",32.4,"A","CALL",115,97.23,147.4,"9/18/2026","BULL","2843390","-933","-1175210",1,1,1,1,0
"5/8/2026","TER",55.12,"B","PUT",320,365,320,"1/15/2027","BULL","2215830","0","0",1,0,0,0,0
"5/8/2026","WOLF",12.75,"A","CALL",65,49.63,77.75,"1/15/2027","BULL","4989150","1983","2952980",1,1,0,1,0
"5/8/2026","WDC",67.6,"B","PUT",440,477.295,440,"9/18/2026","BULL","2382400","80","354400",1,0,0,0,0
"5/8/2026","ETN",27.39,"B","PUT",360,402.795,360,"1/15/2027","BULL","1552780","-125","-370000",1,0,0,0,0
"5/8/2026","BMNR",3.35,"A","CALL",23,21.775,26.35,"8/21/2026","BULL","1868654","3558","107231",1,0,0,0,0
"5/8/2026","SHEL",6.2,"A","CALL",85,83.9439,91.2,"12/18/2026","BULL","1306086","304","200640",1,1,1,1,0
"5/8/2026","STM",5.7,"A","CALL",70,59.085,75.7,"10/16/2026","BULL","663083","844","-142875",2,1,1,0,0
"5/8/2026","VIAV",12.6,"A","CALL",55,50.43,67.6,"12/18/2026","BULL","331379","0","0",1,0,0,0,0
"5/8/2026","ROAD",16.5,"A","CALL",150,141.795,166.5,"10/16/2026","BULL","330000","0","0",1,1,1,1,1
"5/8/2026","OSS",5,"A","CALL",15,15.19,20,"1/15/2027","BULL","222871","-150","-82129",1,1,1,1,1
"5/8/2026","KLIC",16.4,"A","CALL",115,103.505,131.4,"1/15/2027","BULL","52962","-167","-237317",1,1,1,1,1
"5/8/2026","ATLX",1,"A","CALL",10,6.36,11,"11/20/2026","BULL","84106","0","-13894",1,1,1,1,1
"5/8/2026","SDIV",0.677,"A","CALL",27,26,27.677,"12/18/2026","BULL","26955","0","0",1,1,1,1,1
"5/8/2026","MXEF",51,"A","PUT",1425,0,1374,"3/19/2027","BEAR","6273000","0","0",1,0,0,0,0
"5/8/2026","CCL",2.05,"A","PUT",24,26.795,21.95,"9/18/2026","BEAR","3186891","1134","111891",1,0,0,0,0
"5/8/2026","FLNC",5.53,"B","CALL",25,24.3129,25,"8/21/2026","BEAR","2100567","-1837","-664433",1,1,0,1,0
"5/8/2026","TEVA",2.65,"B","CALL",37,35.87,37,"8/21/2026","BEAR","1371334","-3600","-150270",1,0,0,0,0
"5/8/2026","STX",188,"B","CALL",720,794.3797,720,"9/18/2026","BEAR","1504000","0","0",1,0,0,0,0
"5/8/2026","AEHR",18.7,"A","PUT",80,95.01,61.3,"9/18/2026","BEAR","-898161","-929","-1941620",1,0,0,0,0
"5/8/2026","SBET",0.47,"B","CALL",25,7.38,25,"1/15/2027","BEAR","89169","-41992","-850831",1,,,,
"5/8/2026","GLXY",3.1,"A","PUT",22.5,28.76,19.4,"10/16/2026","BEAR","1679730","2021","775480",1,0,0,0,0
"5/8/2026","TWLO",38.9,"A","PUT",175,201.6,136.1,"1/21/2028","BEAR","890810","0","0",1,0,0,0,0
"5/8/2026","SOXS",4.05,"B","CALL",34,9.4286,34,"1/21/2028","BEAR","724912","0","0",1,0,0,0,0
"5/8/2026","VICR",48,"A","PUT",250,254.615,202,"8/21/2026","BEAR","724798","0","0",1,0,0,0,0
"5/8/2026","TWLO",25.399,"A","PUT",195,199.935,169.601,"10/16/2026","BEAR","1174569","267","544666",1,0,0,0,0
"5/8/2026","AG",1.5,"B","CALL",37,21.115,37,"12/18/2026","BEAR","581250","0","0",1,1,1,1,1
"5/8/2026","BKR",5.6,"A","PUT",60,63.95,54.4,"1/15/2027","BEAR","558841","0","0",1,0,0,0,0
"5/8/2026","SOXS",4.65,"B","CALL",19,9.415,19,"1/21/2028","BEAR","555463","0","0",1,0,0,0,0
"5/8/2026","MTSI",52.3,"B","CALL",360,359.77,360,"8/21/2026","BEAR","806756","94","252376",2,1,1,1,1
"5/8/2026","GME",6.749,"A","PUT",28,24.077,21.251,"1/15/2027","BEAR","434651","0","0",1,0,0,0,0
"5/8/2026","PENG",9.711,"B","CALL",55,43.435,55,"1/15/2027","BEAR","354450","0","0",1,1,1,0,0
"5/11/2026","AMAT",112.6,"B","PUT",500,444.235,500,"1/15/2027","BULL","6639392","-383","-2931608",1,0,0,0,0
"5/11/2026","BIDU",12.5,"A","CALL",160,145.6792,172.5,"8/21/2026","BULL","6002500","-300","-247500",1,0,0,0,0
"5/11/2026","CAT",242,"A","CALL",860,927.05,1102,"12/17/2027","BULL","7840000","150","3000000",1,1,1,1,0
"5/11/2026","MRVL",18,"A","CALL",250,172.51,268,"11/20/2026","BULL","4408140","-42","-91860",1,0,0,0,0
"5/11/2026","LRCX",127,"B","PUT",400,296.1453,400,"1/15/2027","BULL","4445000","0","0",1,0,0,0,0
"5/11/2026","AAPL",3.153,"A","CALL",350,292.381,353.153,"9/18/2026","BULL","14550511","42337","10215089",1,0,1,0,0
"5/11/2026","BMNR",12.28,"B","PUT",28,23.055,28,"1/21/2028","BULL","3438400","0","0",1,0,0,0,0
"5/11/2026","NOK",1.28,"A","CALL",25,13.905,26.28,"1/15/2027","BULL","5610191","21072","2445108",1,1,1,1,1
"5/11/2026","SHAK",13.15,"B","PUT",65,64.5,65,"6/17/2027","BULL","3244162","260","223602",1,0,1,0,1
"5/11/2026","RIOT",3,"A","CALL",32,25.282,35,"9/18/2026","BULL","1403793","-1908","-1596207",1,0,0,0,0
"5/11/2026","BSX",4.951,"A","CALL",60,53.605,64.951,"12/18/2026","BULL","4295304","5344","2314980",1,1,1,1,1
"5/11/2026","POWL",90.6,"A","CALL",320,327.48,410.6,"12/18/2026","BULL","1730457","0","0",1,1,1,1,1
"5/11/2026","GDS",6.2,"A","CALL",55,44.784,61.2,"12/18/2026","BULL","1836278","409","286278",1,1,1,1,1
"5/11/2026","XP",1.5,"A","CALL",25,18.685,26.5,"1/15/2027","BULL","1558066","904","100216",1,1,1,1,1
"5/11/2026","DQ",3.1,"B","PUT",19,19.44,19,"10/16/2026","BULL","1240000","0","0",1,0,1,0,1
"5/11/2026","CLMT",10.209,"B","PUT",37,32.5,37,"12/17/2027","BULL","1225027","0","0",1,1,1,1,1
"5/11/2026","SHAK",22.163,"B","PUT",80,64.68,80,"6/17/2027","BULL","1150269","0","0",1,0,1,0,1
"5/11/2026","ACMR",19.7,"A","CALL",100,63.94,119.7,"1/21/2028","BULL","-804600","-511","-1415300",1,1,0,0,0
"5/11/2026","GSIT",3.6,"A","CALL",20,12.2001,23.6,"1/15/2027","BULL","444357","-404","-18915",1,1,0,1,0
"5/11/2026","GO",0.72,"A","CALL",10,7.805,10.72,"10/16/2026","BULL","353435","-115","-6565",1,1,1,1,1
"5/11/2026","NVTS",4.8,"A","CALL",35,23.65,39.8,"9/18/2026","BULL","62180","-750","-296860",1,1,0,1,0
"5/11/2026","CGNT",2.1,"A","CALL",12.5,11.3378,14.6,"1/15/2027","BULL","500783","1279","185993",1,1,1,1,1
"5/11/2026","MTSI",15.1,"A","CALL",500,355.885,515.1,"8/21/2026","BULL","-448077","-439","-749077",1,1,1,1,1
"5/11/2026","LAES",0.42,"A","CALL",5.5,3.155,5.92,"1/15/2027","BULL","1070067","15258","779637",1,1,1,1,1
"5/11/2026","SKM",2.579,"A","CALL",55,39,57.579,"9/18/2026","BULL","154424","-157","-103470",2,1,0,0,0
"5/11/2026","SKM",3.21,"A","CALL",50,39.09,53.21,"9/18/2026","BULL","439845","-676","204682",1,1,0,0,0
"5/11/2026","VLN",0.8,"A","CALL",5,2.765,5.8,"11/20/2026","BULL","900856","9584","708556",1,1,1,1,1
"5/11/2026","ORLA",2.65,"B","PUT",15,14.635,15,"10/16/2026","BULL","159000","0","0",1,1,1,1,1
"5/11/2026","CYTK",14.6,"B","CALL",80,75.075,80,"1/15/2027","BEAR","11188551","4510","6203501",1,0,0,0,0
"5/11/2026","DELL",87,"B","CALL",260,245.17,260,"12/15/2028","BEAR","-696200","-398","-3741200",1,0,0,0,0
"5/11/2026","CRWD",125.25,"A","PUT",550,542.215,424.75,"1/21/2028","BEAR","1878750","0","0",1,1,0,0,0
"5/11/2026","FEZ",2.12,"A","PUT",64,66.58,61.88,"8/21/2026","BEAR","2772823","8600","1305797",2,0,0,0,0
"5/11/2026","EXPE",39.4,"A","PUT",250,226.63,210.6,"9/18/2026","BEAR","2895468","1000","1548000",1,0,0,0,0
"5/11/2026","CCJ",16.05,"A","PUT",110,118.92,93.95,"1/15/2027","BEAR","934087","0","0",1,0,0,0,0
"5/11/2026","FIX",40,"A","PUT",1000,1995.35,960,"12/18/2026","BEAR","796000","0","0",1,0,0,0,0
"5/11/2026","STM",5.6,"B","CALL",80,58.535,80,"1/15/2027","BEAR","2465880","3269","1744017",2,1,1,0,0
"5/11/2026","TWLO",35,"B","CALL",210,201.11,210,"12/18/2026","BEAR","-160000","-200","-860000",1,0,0,0,0
"5/11/2026","IHI",0.8,"B","CALL",55,47.3828,55,"10/16/2026","BEAR","2199546","500","1599500",1,0,0,0,0
"5/11/2026","AAON",26.3,"B","CALL",155,144.63,155,"1/15/2027","BEAR","394500","0","0",1,0,0,0,0
"5/11/2026","GLNK",1.85,"B","CALL",12,9.47,12,"12/18/2026","BEAR","92500","0","0",1,0,0,0,0
"5/11/2026","GTE",1.05,"B","CALL",12.5,8.84,12.5,"11/20/2026","BEAR","59400","120","-3600",1,1,1,1,1
"5/12/2026","MU",385.55,"B","PUT",1000,716.42,1000,"1/15/2027","BULL","39385464","-5858","-157363423",1,0,0,0,0
"5/12/2026","GLW",49.45,"A","CALL",160,192.2551,209.45,"8/21/2026","BULL","14764972","-11262","-34685028",1,1,1,1,1
"5/12/2026","INTC",23.5,"B","PUT",105,118.9,105,"3/19/2027","BULL","6260400","0","0",1,1,1,1,1
"5/12/2026","AMPX",5.62,"B","PUT",17,18.38,17,"6/17/2027","BULL","2423906","0","0",1,0,1,0,1
"5/12/2026","VRT",58.31,"B","PUT",320,364.12,320,"3/19/2027","BULL","1714315","0","0",1,1,1,0,0
"5/12/2026","ONDS",2.73,"B","PUT",9,9.0001,9,"1/15/2027","BULL","1281832","-378","-119750",1,0,1,0,0
"5/12/2026","GFI",6.44,"B","PUT",40,44.6758,40,"3/19/2027","BULL","1396192","0","0",1,0,0,0,0
"5/12/2026","BMNR",4.11,"B","PUT",19,21.555,19,"1/15/2027","BULL","1274511","0","0",1,0,0,0,0
"5/12/2026","CDE",3.4,"B","PUT",20,18.81,20,"8/21/2026","BULL","1168271","0","0",1,1,1,1,1
"5/12/2026","VNET",1.6,"B","PUT",8,9.115,8,"1/15/2027","BULL","927360","0","0",1,1,1,1,1
"5/12/2026","WING",18.5,"B","PUT",80,125.26,80,"1/21/2028","BULL","925000","0","0",1,0,0,0,0
"5/12/2026","CSX",3.5,"B","PUT",45,44.335,45,"1/15/2027","BULL","835519","0","0",1,0,1,0,1
"5/12/2026","NU",0.82,"B","PUT",12,13.465,12,"10/16/2026","BULL","665730","-2232","-154270",1,1,1,1,1
"5/12/2026","GRAB",0.64,"B","PUT",3.5,3.63,3.5,"6/17/2027","BULL","678984","-1800","-95800",1,0,1,0,1
"5/12/2026","BHE",5.3,"A","CALL",95,82.91,100.3,"11/20/2026","BULL","636000","0","0",1,1,1,1,1
"5/12/2026","CPER",5.5,"A","CALL",39,40.42,44.5,"1/15/2027","BULL","479700","0","0",1,1,1,0,0
"5/12/2026","FSLY",3.9,"A","CALL",20,18.991,23.9,"9/18/2026","BULL","315540","530","-160260",1,1,1,1,1
"5/12/2026","RITM",0.45,"B","PUT",5,9.705,5,"1/21/2028","BULL","337500","0","0",1,0,0,0,0
"5/12/2026","PBT",0.75,"A","CALL",35,27.42,35.75,"9/18/2026","BULL","305760","586","80760",1,1,1,1,1
"5/12/2026","DDL",0.45,"A","CALL",2.5,2.525,2.95,"10/16/2026","BULL","159582","0","0",1,1,1,1,1
"5/12/2026","RXT",2,"A","CALL",8,6.0299,10,"11/20/2026","BULL","134000","0","0",1,1,1,1,1
"5/12/2026","ASX",3.7,"B","PUT",32.5,34.46,32.5,"9/18/2026","BULL","-581719","-2513","-692719",1,0,0,0,0
"5/12/2026","AIQ",2.2,"B","PUT",53,60.535,53,"11/20/2026","BULL","72380","0","0",1,0,0,0,0
"5/12/2026","STX",383.96,"A","PUT",1000,769.23,616.04,"6/17/2027","BEAR","7871186","0","0",1,0,0,0,0
"5/12/2026","OKLO",15,"B","CALL",250,74.92,250,"1/21/2028","BEAR","4180549","0","0",1,0,0,0,0
"5/12/2026","CYTK",25.1,"B","CALL",80,74.72,80,"1/21/2028","BEAR","5969330","1288","3167390",1,0,0,0,0
"5/12/2026","IGV",8.22,"A","PUT",81,89.22,72.78,"6/17/2027","BEAR","2665746","0","0",1,0,0,0,0
"5/12/2026","MRVL",28.15,"A","PUT",150,161.455,121.85,"12/18/2026","BEAR","3665601","423","1105851",1,0,0,0,0
"5/12/2026","SMH",68.416,"B","CALL",565,565.34,565,"10/16/2026","BEAR","6870244","480","4475694",1,0,0,0,0
"5/12/2026","WULF",2.08,"A","PUT",18,22.085,15.92,"8/21/2026","BEAR","3749888","11356","1944207",1,0,0,0,0
"5/12/2026","STM",5.1,"B","CALL",80,57.56,80,"1/15/2027","BEAR","1744017","-69","41620",2,1,1,0,0
"5/12/2026","APH",20.1,"B","CALL",135,125.34,135,"3/19/2027","BEAR","631160","-473","-703480",1,1,1,0,0
"5/12/2026","KTOS",4.5,"B","CALL",85,55.68,85,"11/20/2026","BEAR","1233914","0","0",1,1,1,1,0
"5/12/2026","HIMX",12.05,"A","PUT",25,19.06,12.95,"1/21/2028","BEAR","1205000","0","0",1,0,0,0,0
"5/12/2026","WOLF",12.5,"B","CALL",60,46.426,60,"1/15/2027","BEAR","720161","-700","-339839",1,1,0,1,0
"5/12/2026","STM",3.3,"B","CALL",80,57.5899,80,"10/16/2026","BEAR","168655","-264","-846440",1,1,1,0,0
"5/12/2026","USO",19.99,"A","PUT",135,143.28,115.01,"3/19/2027","BEAR","1821600","450","922050",1,0,0,0,0
"5/12/2026","HUN",1.7,"A","PUT",14,14.565,12.3,"8/21/2026","BEAR","937325","499","87325",1,0,0,0,0
"5/12/2026","CCL",1.87,"B","CALL",28,24.925,28,"9/18/2026","BEAR","853026","22","26860",1,0,0,0,0
"5/12/2026","WEN",0.65,"B","CALL",8,7.91,8,"8/21/2026","BEAR","-1154954","-27316","-1871124",1,1,1,1,1
"5/12/2026","PEN",36,"A","PUT",290,322.645,254,"12/18/2026","BEAR","536400","0","0",1,0,0,0,0
"5/12/2026","TDOC",0.95,"A","PUT",6,6.73,5.05,"1/15/2027","BEAR","558130","272","21760",1,0,1,0,0
"5/12/2026","TOST",2.72,"A","PUT",21,23.02,18.28,"1/15/2027","BEAR","479536","0","0",1,0,0,0,0
"5/12/2026","MRCY",15,"B","CALL",100,90.69,100,"1/15/2027","BEAR","-52500","-150","-277500",1,0,0,0,0
"5/12/2026","UFO",2.2,"B","CALL",80,54.75,80,"12/18/2026","BEAR","348000","200","128000",1,0,0,0,0
"5/13/2026","ARM",61.9,"A","CALL",170,218.0825,231.9,"8/21/2026","BULL","17525000","5000","-13425000",1,1,0,0,0
"5/13/2026","GOOGL",85.5,"A","CALL",400,400.84,485.5,"12/17/2027","BULL","24090017","3554","14625167",1,1,0,1,0
"5/13/2026","MTSI",60.6,"A","CALL",380,380.68,440.6,"8/21/2026","BULL","10953957","1164","6355787",1,1,1,1,1
"5/13/2026","MCHP",14.55,"B","PUT",80,97.6,80,"1/21/2028","BULL","3637500","0","0",1,0,0,0,0
"5/13/2026","LYV",14.5,"A","CALL",185,168.965,199.5,"1/15/2027","BULL","1993750","0","0",1,0,0,0,0
"5/13/2026","FRMI",1.2,"A","CALL",15,6.1686,16.2,"11/20/2026","BULL","3876558","10863","2274125",1,1,1,1,1
"5/13/2026","FLR",2.8,"A","CALL",65,46.445,67.8,"1/15/2027","BULL","1340600","-200","-59400",1,1,0,1,0
"5/13/2026","APH",13.6,"A","CALL",140,124.0116,153.6,"11/20/2026","BULL","1017500","-250","-342500",1,1,1,0,0
"5/13/2026","BNO",6.1,"A","CALL",75,55.93,81.1,"10/16/2026","BULL","1011100","-313","-106420",1,0,0,0,0
"5/13/2026","CDNS",27,"A","CALL",440,351.81,467,"1/15/2027","BULL","1080000","0","0",1,0,0,0,0
"5/13/2026","MBLY",1.1,"A","CALL",15,10.32,16.1,"1/15/2027","BULL","1211093","1259","166093",2,1,1,1,1
"5/13/2026","STM",13.38,"B","PUT",65,63.56,65,"1/15/2027","BULL","1003100","0","0",1,1,1,0,0
"5/13/2026","HIMS",3,"A","CALL",40,23.75,43,"12/18/2026","BULL","975000","0","0",1,1,1,1,1
"5/13/2026","STM",6.9,"A","CALL",70,61.35,76.9,"10/16/2026","BULL","-493353","-945","-1377895",2,1,1,0,0
"5/13/2026","BWA",3.897,"A","CALL",80,66.235,83.897,"11/20/2026","BULL","781035","0","0",1,1,1,1,0
"5/13/2026","GTX",3.4,"A","CALL",33,30.9274,36.4,"10/16/2026","BULL","765619","0","0",1,1,1,1,1
"5/13/2026","LUNR",9.15,"A","CALL",37,35.795,46.15,"9/18/2026","BULL","98638","-410","-364002",1,0,0,0,0
"5/13/2026","TOST",2.18,"A","CALL",25,22.8285,27.18,"9/18/2026","BULL","337262","-200","-68000",1,0,0,0,0
"5/13/2026","ORA",3.8,"B","PUT",105,134.09,105,"12/18/2026","BULL","364420","0","0",1,1,1,1,1
"5/13/2026","AEVA",3.6,"A","CALL",30,21.345,33.6,"10/16/2026","BULL","937236","1246","577236",1,1,1,1,1
"5/13/2026","RR",0.47,"A","CALL",4,2.835,4.47,"9/18/2026","BULL","274681","-1305","-46848",1,1,1,1,1
"5/13/2026","ALMU",5,"A","CALL",45,29.165,50,"8/21/2026","BULL","83200","-200","-41800",1,1,1,1,1
"5/13/2026","UTZ",1.4,"B","PUT",7.5,7.0356,7.5,"3/19/2027","BULL","119280","0","0",1,0,1,0,1
"5/13/2026","AIQ",1.75,"B","PUT",50,61.82,50,"1/15/2027","BULL","92050","0","0",1,0,0,0,0
"5/13/2026","TSM",28.75,"B","CALL",610,403.4329,610,"6/17/2027","BEAR","6037500","0","0",1,1,1,0,0
"5/13/2026","RKLB",62.91,"A","PUT",165,124.6001,102.09,"1/15/2027","BEAR","5503849","0","0",1,0,0,0,0
"5/13/2026","AMZN",51.662,"B","CALL",280,270.005,280,"12/17/2027","BEAR","6200082","256","1253762",1,1,1,1,1
"5/13/2026","APLD",8.8,"A","PUT",35,44.855,26.2,"1/15/2027","BEAR","2536135","0","0",1,1,1,1,1
"5/13/2026","BE",154.362,"A","PUT",330,293.29,175.638,"1/21/2028","BEAR","2315430","0","0",1,1,1,1,1
"5/13/2026","NXT",18,"B","CALL",150,138.775,150,"8/21/2026","BEAR","2160000","0","0",1,0,0,0,0
"5/13/2026","NU",1.2,"B","CALL",14,13,14,"10/16/2026","BEAR","1591814","-3243","-388186",1,1,1,1,1
"5/13/2026","SOXL",63.7,"B","CALL",200,174.7599,200,"1/15/2027","BEAR","1917371","0","0",1,0,0,0,0
"5/13/2026","CORZ",4.8,"A","PUT",22,23.4337,17.2,"1/15/2027","BEAR","3073039","3311","1589359",1,0,0,0,0
"5/13/2026","UPST",3.95,"A","PUT",25,26.58,21.05,"10/16/2026","BEAR","1380408","0","0",1,0,0,0,0
"5/13/2026","CELH",2.98,"A","PUT",25,28.4,22.02,"10/16/2026","BEAR","1218820","0","0",1,0,0,0,0
"5/13/2026","SAP",16.7,"A","PUT",165,159.74,148.3,"9/18/2026","BEAR","1063777","0","0",1,0,0,0,0
"5/13/2026","QGEN",2,"A","PUT",30,32.7038,28,"8/21/2026","BEAR","1000000","0","0",1,0,0,0,0
"5/13/2026","MP",2.41,"B","CALL",100,63.24,100,"9/18/2026","BEAR","633102","-659","-222689",1,0,0,0,0
"5/13/2026","CORZ",1.95,"A","PUT",16,23.2201,14.05,"12/18/2026","BEAR","1100122","1291","280147",1,0,0,0,0
"5/13/2026","WULF",3.75,"A","PUT",19,22.82,15.25,"12/18/2026","BEAR","794605","0","0",1,0,0,0,0
"5/13/2026","HOG",3,"B","CALL",35,25.21,35,"1/21/2028","BEAR","778200","0","0",1,1,0,1,0
"5/13/2026","PEN",10.55,"A","PUT",240,322.536,229.45,"12/18/2026","BEAR","527500","0","0",1,0,0,0,0
"5/13/2026","PATH",0.98,"B","CALL",11,9.5195,11,"8/21/2026","BEAR","424016","-178","-20708",1,0,0,0,0
"5/13/2026","WULF",5.099,"A","PUT",21,22.8565,15.901,"1/15/2027","BEAR","407916","0","0",1,0,0,0,0
"5/13/2026","UCO",6.1,"A","PUT",40,47.84,33.9,"10/16/2026","BEAR","609390","500","305000",1,1,1,0,0
"5/13/2026","CHKP",11.59,"B","CALL",130,113.7425,130,"1/15/2027","BEAR","231800","0","0",1,1,1,1,0
"5/13/2026","UWMC",0.28,"B","CALL",7,3.115,7,"1/21/2028","BEAR","225349","0","0",1,1,0,1,0
"5/13/2026","CPER",4,"A","PUT",41,40.7409,37,"1/15/2027","BEAR","538402","560","314402",1,1,1,0,0
"5/13/2026","KULR",1,"B","CALL",5,3.77,5,"1/15/2027","BEAR","203777","530","62617",1,0,0,0,0
"5/13/2026","INO",0.42,"B","CALL",1.5,1.325,1.5,"1/15/2027","BEAR","566444","13356","482444",1,1,0,1,0
"5/14/2026","CRWD",201,"A","CALL",500,581.87,701,"12/17/2027","BULL","-1031910","-710","-18297750",1,1,0,0,0
"5/14/2026","TSM",40.64,"A","CALL",590,418.04,630.64,"6/17/2027","BULL","22721612","3870","12561612",1,1,1,0,0
"5/14/2026","BE",143.9,"B","PUT",320,305.5101,320,"1/21/2028","BULL","7554750","0","0",1,1,1,1,1
"5/14/2026","CRBG",2.35,"A","CALL",29,27.53,31.35,"10/16/2026","BULL","177433","-25317","-5716926",1,1,1,1,1
"5/14/2026","INTC",29.78,"B","PUT",115,116.43,115,"3/19/2027","BULL","1215700","-1300","-3251300",1,1,1,1,1
"5/14/2026","SMH",15.45,"B","PUT",450,578.425,450,"9/18/2026","BULL","-7505660","-9726","-10595660",1,0,0,0,0
"5/14/2026","ARKK",5.1,"A","CALL",85,78.9401,90.1,"9/18/2026","BULL","3910555","4057","1360555",1,0,0,0,0
"5/14/2026","SMH",56.85,"A","CALL",700,580.02,756.85,"3/19/2027","BULL","10257312","1729","7716131",1,0,0,0,0
"5/14/2026","CORZ",4.35,"A","CALL",30,24.33,34.35,"12/18/2026","BULL","2053263","-511","-154050",1,0,0,0,0
"5/14/2026","SGI",5,"A","CALL",70,65.2178,75,"8/21/2026","BULL","2085224","2721","585224",1,1,1,1,1
"5/14/2026","RIVN",0.6,"A","CALL",22,14.66,22.6,"9/18/2026","BULL","1757541","5837","617041",1,0,0,0,0
"5/14/2026","CE",10.71,"B","PUT",60,58.575,60,"1/15/2027","BULL","1071000","0","0",1,0,0,0,0
"5/14/2026","MSTX",8.492,"A","CALL",60,41.43,68.492,"9/18/2026","BULL","888275","0","0",1,1,1,1,1
"5/14/2026","MXL",41.5,"A","CALL",110,95.42,151.5,"12/18/2026","BULL","110758","-216","-719242",1,1,1,1,0
"5/14/2026","AMRC",6.4,"A","CALL",35,32.31,41.4,"10/16/2026","BULL","839928","348","27312",1,1,1,1,1
"5/14/2026","FLNC",11,"A","CALL",22,21.13,33,"1/21/2028","BULL","2094566","975","1324566",1,1,0,1,0
"5/14/2026","APTV",3,"A","CALL",75,57.0143,78,"1/15/2027","BULL","750000","0","0",1,1,1,1,1
"5/14/2026","KTOS",3,"A","CALL",75,54.495,78,"8/21/2026","BULL","637155","0","0",1,1,1,1,0
"5/14/2026","SU",10.3,"A","CALL",70,67.085,80.3,"1/21/2028","BULL","104132","-500","-450010",1,1,1,1,1
"5/14/2026","SKYT",7.25,"A","CALL",35,35.8448,42.25,"1/15/2027","BULL","548830","0","0",2,1,1,1,1
"5/14/2026","FIGR",4.1,"A","CALL",55,43.51,59.1,"8/21/2026","BULL","171344","-3049","-363240",1,1,1,0,0
"5/14/2026","ALKS",8.75,"B","PUT",40,38.685,40,"1/21/2028","BULL","529380","0","0",1,1,1,1,1
"5/14/2026","FRMI",2.8,"A","CALL",9,7.635,11.8,"11/20/2026","BULL","575000","250","85000",1,1,1,1,1
"5/14/2026","RELL",5.499,"A","CALL",15,17.445,20.499,"12/18/2026","BULL","549910","150","82500",1,1,1,1,1
"5/14/2026","WYFI",8.6,"A","CALL",40,28.7842,48.6,"1/15/2027","BULL","1094798","699","660798",1,1,1,1,1
"5/14/2026","CMPS",3.1,"A","CALL",20,11.21,23.1,"1/21/2028","BULL","263895","-541","-167710",1,1,1,0,0
"5/14/2026","WES",2.05,"A","CALL",45,45.53,47.05,"8/21/2026","BULL","332305","0","0",1,1,1,1,1
"5/14/2026","BOTZ",1.24,"A","CALL",50,41.145,51.24,"12/18/2026","BULL","310000","0","0",1,1,1,1,1
"5/14/2026","COKE",11.7,"A","CALL",190,164.88,201.7,"12/18/2026","BULL","-90764","-257","-324760",2,1,1,1,1
"5/14/2026","TBCH",1.525,"A","CALL",12.5,11.4329,14.025,"10/16/2026","BULL","257625","525","105125",1,1,1,1,1
"5/14/2026","RXT",2.6,"A","CALL",10,7.215,12.6,"11/20/2026","BULL","112592","67","4692",1,1,1,1,1
"5/14/2026","RELL",1.496,"A","CALL",22.5,16.6819,23.996,"9/18/2026","BULL","-96989","-701","-200793",1,1,1,1,1
"5/14/2026","VLN",0.8,"B","PUT",2.5,3.4499,2.5,"11/20/2026","BULL","24455","-675","-65575",1,1,1,1,1
"5/14/2026","SOXX",59.7,"A","PUT",500,531.86,440.3,"1/15/2027","BEAR","5970000","0","0",1,0,0,0,0
"5/14/2026","NN",2.05,"B","CALL",30,21.28,30,"8/21/2026","BEAR","2729720","-8405","-2538645",1,1,0,1,0
"5/14/2026","SOXX",136.181,"B","CALL",470,528.45,470,"6/17/2027","BEAR","2359034","-165","-2097975",1,0,0,0,0
"5/14/2026","FLY",7.01,"B","CALL",50,42.01,50,"9/18/2026","BEAR","3154500","0","0",1,1,0,1,0
"5/14/2026","ASHR",1.54,"A","PUT",35,36.13,33.46,"10/16/2026","BEAR","2618000","0","0",1,0,0,0,0
"5/14/2026","RDDT",42.189,"BB","CALL",240,156.11,240,"6/16/2028","BEAR","1672152","-152","-640560",1,0,0,0,0
"5/14/2026","BTDR",4.8,"A","PUT",14,13.27,9.2,"1/15/2027","BEAR","1613399","-1500","-645000",1,1,0,0,0
"5/14/2026","CMI",84.5,"A","PUT",700,715.07,615.5,"3/19/2027","BEAR","1267500","0","0",1,0,0,0,0
"5/14/2026","USAR",2.9,"A","PUT",20,25.5108,17.1,"9/18/2026","BEAR","1769999","2005","593469",1,0,0,0,0
"5/14/2026","SLS",2.1,"A","PUT",5,7.54,2.9,"10/16/2026","BEAR","3254362","13286","2207302",1,1,0,0,0
"5/14/2026","WPM",8.5,"A","PUT",125,138.83,116.5,"9/18/2026","BEAR","895030","0","0",1,0,0,0,0
"5/14/2026","TOST",2.85,"B","CALL",27,23.255,27,"12/18/2026","BEAR","750977","0","0",1,0,0,0,0
"5/14/2026","HL",6.2,"A","PUT",23,19.8801,16.8,"1/15/2027","BEAR","645410","0","0",1,0,0,0,0
"5/14/2026","EVC",2.5,"B","CALL",10,9.205,10,"11/20/2026","BEAR","834520","2120","334520",1,1,1,1,0
"5/14/2026","UEC",5.55,"B","CALL",17,14.625,17,"1/21/2028","BEAR","401265","0","0",1,1,1,1,0
"5/14/2026","ASST",7.25,"A","PUT",20,17.22,12.75,"1/15/2027","BEAR","143838","-300","-218662",1,1,0,1,0
"5/14/2026","GO",0.97,"B","CALL",9,7.7367,9,"10/16/2026","BEAR","-800844","-8163","-1055564",1,1,1,1,1
"5/14/2026","FSLY",2.349,"A","PUT",12.5,17.57,10.151,"1/15/2027","BEAR","252073","0","0",1,1,1,1,1
"5/14/2026","TOI",0.7,"B","CALL",5,4.225,5,"11/20/2026","BEAR","456782","3894","246782",2,0,0,0,0
"5/15/2026","GOOG",31,"B","PUT",375,391.76,375,"12/18/2026","BULL","29090411","0","0",1,0,0,0,0
"5/15/2026","TSM",40.9,"A","CALL",560,406.69,600.9,"6/17/2027","BULL","8670800","0","0",1,1,1,0,0
"5/15/2026","SWKS",3.787,"A","CALL",80,69.39,83.787,"8/21/2026","BULL","7689075","-155","-46289",1,1,1,1,1
"5/15/2026","AG",7.55,"B","PUT",25,20.4487,25,"1/15/2027","BULL","2920362","0","0",2,1,1,1,1
"5/15/2026","BE",60.95,"B","PUT",250,279.7899,250,"11/20/2026","BULL","2742750","0","0",1,1,1,1,1
"5/15/2026","CRWD",22,"B","PUT",500,596.22,500,"8/21/2026","BULL","1941872","-475","-478128",1,1,0,0,0
"5/15/2026","KTOS",19,"A","CALL",40,52.205,59,"1/15/2027","BULL","2243881","0","0",1,1,1,1,0
"5/15/2026","BL",6.262,"A","CALL",27.5,27.97,33.762,"12/18/2026","BULL","14648296","16525","12982329",2,1,1,1,1
"5/15/2026","COF",21.75,"B","PUT",180,185.9,180,"6/17/2027","BULL","1522500","0","0",1,0,1,0,1
"5/15/2026","SMTC",46,"A","CALL",180,138.48,226,"12/17/2027","BULL","1380000","0","0",1,1,1,1,0
"5/15/2026","TECK",8.7,"A","CALL",65,61.36,73.7,"1/15/2027","BULL","1282360","0","0",1,1,1,1,1
"5/15/2026","HIMS",3.55,"A","CALL",28,24.93,31.55,"8/21/2026","BULL","-581164","-4500","-1818339",1,1,1,1,1
"5/15/2026","AMKR",16.8,"A","CALL",75,69.5,91.8,"1/15/2027","BULL","-462861","-1102","-1675820",1,0,0,0,0
"5/15/2026","HYLN",1.55,"A","CALL",5,4.605,6.55,"1/15/2027","BULL","140037","-1715","-754364",1,1,1,1,1
"5/15/2026","SHLS",2.78,"A","CALL",10,10.3,12.78,"10/16/2026","BULL","585385","3007","-285762",1,1,1,1,1
"5/15/2026","QRVO",1.7,"A","CALL",115,92.44,116.7,"8/21/2026","BULL","16328701","35505","15478701",3,1,1,1,1
"5/15/2026","VALE",2.85,"A","CALL",14,15.99,16.85,"12/18/2026","BULL","1111026","2006","276831",1,1,1,1,1
"5/15/2026","NOK",2.17,"A","CALL",14,13.985,16.17,"8/21/2026","BULL","2571767","15864","1794681",1,1,1,1,1
"5/15/2026","NOK",4.65,"B","PUT",15,13.89,15,"1/21/2028","BULL","37422","-1048","-567078",1,1,1,1,1
"5/15/2026","CLSK",3.9,"A","CALL",13,13.07,16.9,"1/15/2027","BULL","592760","0","0",1,0,0,0,0
"5/15/2026","NCLH",1.741,"B","PUT",13,15.545,13,"3/19/2027","BULL","415406","0","0",1,0,1,0,0
"5/15/2026","MITK",2.06,"A","CALL",15,13.9687,17.06,"10/16/2026","BULL","412000","0","0",1,1,1,1,1
"5/15/2026","PPSI",1.65,"A","CALL",4,3.9999,5.65,"11/20/2026","BULL","277365","0","0",1,1,1,1,1
"5/15/2026","ETHD",15.6,"A","CALL",50,53.94,65.6,"9/18/2026","BULL","251160","0","0",1,1,1,1,1
"5/15/2026","ERY",2.6,"A","CALL",10,10.96,12.6,"1/15/2027","BULL","103999","0","0",1,1,0,0,0
"5/15/2026","DC",1.72,"AA","CALL",5,5.665,6.72,"1/15/2027","BULL","151200","300","48000",1,1,1,1,1
"5/15/2026","PDBC",1.65,"A","CALL",20,18.615,21.65,"1/15/2027","BULL","24750","0","0",1,1,1,1,1
"5/15/2026","PLTR",24.05,"B","CALL",130,134.105,130,"11/20/2026","BEAR","1492000","-200","-913000",1,0,0,0,0
"5/15/2026","MP",11.45,"A","PUT",60,61.6999,48.55,"12/18/2026","BEAR","1874355","0","0",1,0,0,0,0
"5/15/2026","WDC",132.4,"B","CALL",480,479.98,480,"1/15/2027","BEAR","1655000","0","0",1,0,0,0,0
"5/15/2026","APH",10.6,"A","PUT",110,126.645,99.4,"11/20/2026","BEAR","1638760","0","0",1,1,1,0,0
"5/15/2026","APLD",10.4,"BB","CALL",43,42.8601,43,"9/18/2026","BEAR","1427885","0","0",1,1,1,1,1
"5/15/2026","LYFT",3.52,"B","CALL",15,12.845,15,"1/21/2028","BEAR","1237380","-449","-170620",1,1,0,0,0
"5/15/2026","AAOI",60.814,"B","CALL",185,189.325,185,"9/18/2026","BEAR","1058165","0","0",1,0,0,0,0
"5/15/2026","LUNR",7.45,"A","PUT",33,35.6,25.55,"9/18/2026","BEAR","1044442","0","0",1,0,0,0,0
"5/15/2026","AUR",1.99,"B","CALL",8,7.8907,8,"1/15/2027","BEAR","495000","-5000","-500000",1,1,1,1,1
"5/15/2026","USAR",2.53,"A","PUT",16,25.165,13.47,"12/18/2026","BEAR","799227","0","0",1,0,0,0,0
"5/15/2026","FIGR",4.5,"A","PUT",30,43.44,25.5,"1/15/2027","BEAR","1021200","610","355200",1,1,1,0,0
"5/15/2026","VGK",3.7,"A","PUT",82,86.01,78.3,"9/18/2026","BEAR","603840","0","0",1,0,0,0,0
"5/15/2026","MARA",1.79,"B","CALL",18,12.3151,18,"12/18/2026","BEAR","485949","-374","-49082",1,0,0,0,0
"5/15/2026","MARA",2.52,"B","CALL",12,12.525,12,"8/21/2026","BEAR","-985986","-5931","-1387674",2,0,0,0,0
"5/15/2026","ZENA",0.47,"B","CALL",5,1.57,5,"1/21/2028","BEAR","41125","-5165","-173810",1,,,,
"5/15/2026","INV",1.93,"A","PUT",7.5,6.93,5.57,"8/21/2026","BEAR","191500","0","0",1,1,1,1,0
"5/15/2026","XPER",0.8,"A","PUT",7.5,7.675,6.7,"12/18/2026","BEAR","-3355","-667","-63355",1,1,1,1,1
"5/18/2026","GOOG",20,"B","PUT",380,396.57,380,"8/21/2026","BULL","26378663","2052","10026143",1,0,0,0,0
"5/18/2026","BL",8,"A","CALL",27.5,30.03,35.5,"12/18/2026","BULL","12619446","6852","5570232",2,1,1,1,1
"5/18/2026","DIA",23.3,"B","PUT",480,494.33,480,"6/17/2027","BULL","6990000","0","0",1,0,0,0,0
"5/18/2026","TSM",79.35,"B","PUT",390,397.29,390,"1/21/2028","BULL","3570750","0","0",1,1,1,0,0
"5/18/2026","ARKK",4.82,"A","CALL",90,73.71,94.82,"1/15/2027","BULL","2892000","0","0",1,0,0,0,0
"5/18/2026","WRBY",4.3,"A","CALL",40,29.055,44.3,"1/15/2027","BULL","2285928","-249","-84662",1,1,1,1,1
"5/18/2026","LEU",23,"A","CALL",500,174,523,"12/17/2027","BULL","1837700","0","0",1,1,1,1,0
"5/18/2026","PBR.A",0.83,"A","CALL",22.5,18.4029,23.33,"1/15/2027","BULL","1735210","0","0",1,0,0,0,0
"5/18/2026","NET",33.136,"BB","PUT",175,202.11,175,"6/17/2027","BULL","1663415","0","0",1,1,0,1,0
"5/18/2026","POET",3.787,"A","CALL",20,14.19,23.787,"11/20/2026","BULL","650293","-2337","-867570",1,1,1,1,0
"5/18/2026","PSEC",1.5,"B","PUT",3,2.19,3,"1/21/2028","BULL","1087055","3","450",1,0,1,0,1
"5/18/2026","QRVO",1.834,"A","CALL",115,93.005,116.834,"8/21/2026","BULL","15478701","30322","14400131",3,1,1,1,1
"5/18/2026","CIFR",5.05,"B","PUT",20,18.92,20,"9/18/2026","BULL","630524","-1052","-325946",1,0,0,0,0
"5/18/2026","TPL",62.6,"A","CALL",390,389.93,452.6,"1/15/2027","BULL","920220","0","0",1,1,0,1,0
"5/18/2026","MBLY",1.57,"B","PUT",9,9.28,9,"11/20/2026","BULL","1176714","2866","313214",1,1,1,1,1
"5/18/2026","JBS",3.9,"A","CALL",10,12.9606,13.9,"1/21/2028","BULL","604988","-500","-175000",1,1,1,1,1
"5/18/2026","HPE",4,"A","CALL",40,33.435,44,"1/15/2027","BULL","-58495","-552","-757650",1,0,0,0,0
"5/18/2026","FIGR",4.1,"A","CALL",50,40.75,54.1,"8/21/2026","BULL","471966","250","-208630",1,1,1,0,0
"5/18/2026","PLUG",1,"A","CALL",3.5,3.407,4.5,"12/18/2026","BULL","350520","-2000","-265000",1,0,0,0,0
"5/18/2026","TPG",6.75,"B","PUT",35,41.335,35,"1/21/2028","BULL","424575","0","0",1,0,1,0,0
"5/18/2026","AMPG",0.55,"A","CALL",5,2.905,5.55,"1/15/2027","BULL","659852","2467","410382",1,1,1,1,1
"5/18/2026","FSLY",3.3,"A","CALL",17.5,16.58,20.8,"9/18/2026","BULL","-14795","-134","-262279",1,1,1,1,1
"5/18/2026","XLK",31.95,"B","CALL",170,173.38,170,"12/17/2027","BEAR","17532088","0","0",1,1,0,0,0
"5/18/2026","QCOM",31.35,"A","PUT",195,203.905,163.65,"1/15/2027","BEAR","1342918","-1326","-3762143",1,1,1,0,1
"5/18/2026","IGV",3.45,"A","PUT",85,93.025,81.55,"8/21/2026","BEAR","6039212","10329","2589212",1,0,0,0,0
"5/18/2026","LQDA",16.1,"B","CALL",52.5,56.18,52.5,"1/15/2027","BEAR","2928830","0","0",1,0,0,0,0
"5/18/2026","META",82,"B","CALL",565,612.715,565,"9/18/2026","BEAR","1029680","-327","-1543650",1,0,0,0,0
"5/18/2026","AMR",73.689,"BB","CALL",120,183.82,120,"11/20/2026","BEAR","1473780","0","0",1,0,0,0,0
"5/18/2026","BTDR",2.15,"A","PUT",9,12.665,6.85,"1/15/2027","BEAR","1358236","0","0",1,1,0,0,0
"5/18/2026","BSX",3.2,"B","CALL",60,55.215,60,"9/18/2026","BEAR","904234","-7002","-375766",1,1,1,1,1
"5/18/2026","NVTS",3.7,"A","PUT",14,19.1701,10.3,"1/15/2027","BEAR","1224169","0","0",1,1,0,1,0
"5/18/2026","OSCR",6.15,"A","PUT",28,24.6007,21.85,"9/18/2026","BEAR","1039330","0","0",1,0,0,0,0
"5/18/2026","CLSK",2.62,"A","PUT",13,12.88,10.3799999999999,"9/18/2026","BEAR","1100864","1474","208492",1,0,0,0,0
"5/18/2026","SNAP",1.45,"A","PUT",6,5.545,4.55,"1/15/2027","BEAR","965621","846","104732",1,1,1,1,0
"5/18/2026","ZETA",2.16,"A","PUT",17.5,18.869,15.34,"9/18/2026","BEAR","630639","65","-224721",1,0,0,0,0
"5/18/2026","AG",1.65,"B","CALL",24,19.895,24,"8/21/2026","BEAR","746955","-150","-29700",1,1,1,1,1
"5/18/2026","OUST",4.4,"B","CALL",50,29.14,50,"11/20/2026","BEAR","220268","-400","-525576",1,0,0,0,0
"5/18/2026","MXL",33.298,"B","CALL",110,86.6,110,"12/18/2026","BEAR","719242","0","0",1,1,1,1,0
"5/18/2026","MRAM",6.81,"B","CALL",60,34.2,60,"9/18/2026","BEAR","667350","-182","-13650",1,1,0,1,0
"5/18/2026","SYM",6.76,"B","CALL",47.5,47.1389,47.5,"8/21/2026","BEAR","676000","0","0",1,1,1,1,0
"5/18/2026","LUNR",10.7,"A","PUT",37,33.49,26.3,"9/18/2026","BEAR","618460","0","0",1,0,0,0,0
"5/18/2026","LMND",4.5,"A","PUT",45,54.45,40.5,"9/18/2026","BEAR","577800","0","0",1,0,0,0,0
"5/18/2026","ACHR",0.74,"AA","PUT",5,5.89,4.26,"10/16/2026","BEAR","447183","150","15000",1,0,0,0,0
"5/18/2026","FLEX",8.7,"A","PUT",90,132.38,81.3,"1/15/2027","BEAR","375824","0","0",1,1,1,1,1
"5/18/2026","MRAM",7.08,"B","CALL",55,32.865,55,"9/18/2026","BEAR","354000","0","0",1,1,0,1,0
"5/18/2026","TOI",0.57,"B","CALL",5,3.91,5,"11/20/2026","BEAR","270302","697","65727",2,0,0,0,0
"5/18/2026","ASHS",2.65,"B","CALL",46,45.57,46,"9/18/2026","BEAR","73670","0","0",1,0,0,0,0
"5/19/2026","GFS",12.1,"B","PUT",55,67.2353,55,"1/21/2028","BULL","8569290","-578","-888130",1,1,1,1,1
"5/19/2026","AMZN",42.7,"A","CALL",285,259.17,327.7,"12/17/2027","BULL","1321940","-1086","-4167840",1,1,1,1,1
"5/19/2026","LITE",138.75,"B","PUT",800,856.21,800,"9/18/2026","BULL","2081250","0","0",1,0,0,0,0
"5/19/2026","PLTR",13,"A","CALL",160,134.89,173,"11/20/2026","BULL","1629750","-150","-450250",1,0,0,0,0
"5/19/2026","CRDO",30.295,"A","CALL",230,169.75,260.295,"11/20/2026","BULL","1429912","0","0",1,0,0,0,0
"5/19/2026","AMKR",5.4,"B","PUT",45,65.72,45,"12/18/2026","BULL","1685697","1342","740697",1,0,0,0,0
"5/19/2026","PLNT",22.8,"B","PUT",75,54.7552,75,"1/15/2027","BULL","684000","0","0",1,0,1,0,1
"5/19/2026","SQM",12.8,"B","PUT",80,80.8595,80,"1/15/2027","BULL","640000","0","0",1,0,1,0,1
"5/19/2026","PSKY",1.24,"A","CALL",11,9.865,12.24,"12/18/2026","BULL","817417","2428","197423",1,1,0,0,0
"5/19/2026","VIAV",8.8,"A","CALL",49,46.975,57.8,"9/18/2026","BULL","642549","273","84629",1,0,0,0,0
"5/19/2026","IDR",5.92,"B","PUT",30,34.275,30,"12/18/2026","BULL","555860","0","0",1,0,1,0,1
"5/19/2026","TRV",7,"A","CALL",340,307.115,347,"10/16/2026","BULL","1166130","278","676130",1,1,1,1,1
"5/19/2026","NCLH",2.1,"A","CALL",17,14.705,19.1,"1/15/2027","BULL","639130","424","189940",1,0,1,0,0
"5/19/2026","HPE",4.4,"A","CALL",50,32.605,54.4,"1/21/2028","BULL","530474","25","90474",1,0,0,0,0
"5/19/2026","CRK",5.3,"A","CALL",15,15,20.3,"1/21/2028","BULL","245999","-200","-72000",1,0,0,0,0
"5/19/2026","PENG",9.963,"A","CALL",55,47.02,64.963,"10/16/2026","BULL","298889","0","0",1,1,1,0,0
"5/19/2026","IGM",8.797,"A","CALL",155,152.965,163.797,"9/18/2026","BULL","133720","0","0",1,1,1,1,1
"5/19/2026","VECO",8.1,"A","CALL",70,53.53,78.1,"1/15/2027","BULL","127980","0","0",1,0,0,0,0
"5/19/2026","AMD",96,"B","CALL",420,422.31,420,"1/15/2027","BEAR","19241983","0","0",1,0,0,0,0
"5/19/2026","AMD",122.645,"B","CALL",500,418.76,500,"1/21/2028","BEAR","18396750","0","0",1,0,0,0,0
"5/19/2026","GOOG",26,"A","PUT",385,384.495,359,"8/21/2026","BEAR","22678201","1524","6355440",1,0,0,0,0
"5/19/2026","CRWD",185.436,"AA","PUT",750,630.81,564.564,"3/19/2027","BEAR","2225235","0","0",1,1,0,0,0
"5/19/2026","MTSI",57.9,"B","CALL",360,350.3,360,"8/21/2026","BEAR","-301502","-330","-2020502",2,1,1,1,1
"5/19/2026","RDDT",39.4,"A","PUT",155,155.07,115.6,"6/17/2027","BEAR","1662680","0","0",1,0,0,0,0
"5/19/2026","PWR",130.3,"A","PUT",760,714.54,629.7,"1/15/2027","BEAR","1641780","0","0",1,0,0,0,0
"5/19/2026","ONDS",2.1,"B","CALL",9,9.0599,9,"9/18/2026","BEAR","145553","-8927","-826957",1,0,1,0,0
"5/19/2026","TSCO",2.62,"B","CALL",40,31.725,40,"3/19/2027","BEAR","284630","-1968","-501370",1,0,0,0,0
"5/19/2026","RKT",2.42,"A","PUT",13,12.735,10.58,"12/18/2026","BEAR","1055212","2075","278634",1,0,0,0,0
"5/19/2026","SMTC",27,"B","CALL",200,135.63,200,"1/15/2027","BEAR","-1331100","-840","-2068200",1,1,1,1,0
"5/19/2026","CWEN",0.94,"B","CALL",40,36.33,40,"8/21/2026","BEAR","121734","0","0",1,1,1,1,0
"5/19/2026","SGMT",0.65,"AA","PUT",5,6.48,4.35,"10/16/2026","BEAR","81285","0","0",1,0,0,0,0
"5/19/2026","DC",0.694,"A","PUT",5,5.405,4.306,"1/15/2027","BEAR","20368","-200","-13000",1,1,1,1,1
"5/20/2026","CSCO",11.75,"A","CALL",130,116.065,141.75,"3/19/2027","BULL","5875000","0","0",1,0,0,0,0
"5/20/2026","W",12.6,"A","CALL",70,63.935,82.6,"1/15/2027","BULL","12564797","4080","7524797",1,1,0,1,0
"5/20/2026","JPM",8.6,"B","PUT",280,302.07,280,"9/18/2026","BULL","6895252","2960","2595217",1,0,0,0,0
"5/20/2026","XLK",18.25,"A","CALL",175,176.28,193.25,"12/18/2026","BULL","3650000","0","0",1,1,0,0,0
"5/20/2026","IOT",7.2,"A","CALL",30,30.31,37.2,"1/15/2027","BULL","1800686","0","0",1,1,1,1,1
"5/20/2026","CHWY",2.64,"B","PUT",20,20.285,20,"9/18/2026","BULL","1686454","-185","-31265",1,0,1,0,1
"5/20/2026","CHWY",10.1,"B","PUT",30,20.35,30,"9/18/2026","BULL","1338272","0","0",1,0,1,0,1
"5/20/2026","VGT",9.7,"B","PUT",112.5,113.52,112.5,"3/19/2027","BULL","1115500","0","0",1,0,1,0,1
"5/20/2026","GTLB",5.52,"B","PUT",25,26.12,25,"1/15/2027","BULL","1104000","0","0",1,0,0,0,0
"5/20/2026","TTWO",27.348,"A","CALL",260,236.15,287.348,"12/18/2026","BULL","2229305","468","1127196",1,1,0,1,0
"5/20/2026","VIK",13.7,"A","CALL",80,81.86,93.7,"1/15/2027","BULL","974050","0","0",1,1,1,1,1
"5/20/2026","Q",19.9,"A","CALL",150,150.65,169.9,"8/21/2026","BULL","1077526","361","223816",1,1,0,0,0
"5/20/2026","SO",3.8,"A","CALL",95,93.7032,98.8,"9/18/2026","BULL","943180","2130","183180",1,1,1,1,1
"5/20/2026","AME",7.72,"A","CALL",240,224.36,247.72,"8/21/2026","BULL","2516795","2121","1842882",1,1,1,1,1
"5/20/2026","ARRY",1.62,"A","CALL",11,8.305,12.62,"1/15/2027","BULL","648000","0","0",1,1,0,1,0
"5/20/2026","RRX",9.76,"A","CALL",280,198.4,289.76,"12/18/2026","BULL","512400","0","0",1,1,1,1,1
"5/20/2026","HIVE",1.249,"AA","CALL",5,3.8786,6.249,"12/18/2026","BULL","439858","-232","-9875",1,1,0,1,0
"5/20/2026","CPNG",2.47,"B","PUT",16,15.545,16,"11/20/2026","BULL","163296","-1469","-260801",1,1,1,1,1
"5/20/2026","NCLH",3.5,"B","PUT",15,15.935,15,"12/17/2027","BULL","420000","0","0",1,0,1,0,0
"5/20/2026","XRAY",1.8,"A","CALL",10,9.905,11.8,"1/15/2027","BULL","415080","0","0",1,1,1,1,1
"5/20/2026","PAM",3,"B","PUT",60,81.2772,60,"12/18/2026","BULL","300000","0","0",1,0,1,0,1
"5/20/2026","TE",0.95,"A","CALL",16,8.4999,16.95,"8/21/2026","BULL","233198","-508","-38972",1,0,0,0,0
"5/20/2026","CPER",3.7,"B","PUT",39,38.425,39,"1/15/2027","BULL","242350","0","0",1,1,1,0,0
"5/20/2026","DGXX",1.065,"B","PUT",4,7.6427,4,"1/15/2027","BULL","170122","-290","-37410",1,1,1,1,1
"5/20/2026","WTTR",2.55,"A","CALL",20,20.07098,22.55,"10/16/2026","BULL","105000","50","9750",1,1,1,1,1
"5/20/2026","RELL",2.841,"A","CALL",30,17.04,32.841,"12/18/2026","BULL","-138566","-600","-223802",1,1,1,1,1
"5/20/2026","FLNC",4.5,"B","CALL",22,18.735,22,"11/20/2026","BEAR","-1412750","-13050","-3662750",1,1,0,1,0
"5/20/2026","DOCN",11.069,"A","PUT",67.5,160.5415,56.431,"1/21/2028","BEAR","2178856","0","0",1,1,1,0,0
"5/20/2026","FLY",8.6,"B","CALL",70,43.435,70,"1/15/2027","BEAR","2150000","0","0",1,1,0,1,0
"5/20/2026","LYFT",4.3,"B","CALL",13,12.88,13,"1/21/2028","BEAR","1720000","0","0",1,1,0,0,0
"5/20/2026","TWLO",26.999,"A","PUT",170,188.25,143.001,"2/19/2027","BEAR","1247365","0","0",1,0,0,0,0
"5/20/2026","PSKY",1.59,"A","PUT",10,10.12,8.41,"12/18/2026","BEAR","1095357","-629","15156",1,1,0,0,0
"5/20/2026","NXPI",26.4,"A","PUT",260,301.8727,233.6,"1/15/2027","BEAR","1034873","0","0",1,0,0,0,0
"5/20/2026","CELH",1.79,"B","CALL",40,28.8099,40,"10/16/2026","BEAR","828500","-200","-66500",1,0,0,0,0
"5/20/2026","TWLO",34.4,"A","PUT",185,188.25,150.6,"2/19/2027","BEAR","877191","0","0",1,0,0,0,0
"5/20/2026","PCG",1.22,"A","PUT",15,16.29,13.78,"1/15/2027","BEAR","516060","0","0",1,1,1,1,1
"5/20/2026","SMTC",20.098,"A","PUT",100,140.1771,79.902,"1/15/2027","BEAR","420040","0","0",1,1,1,1,0
"5/20/2026","ROIV",2.05,"B","CALL",33,31.885,33,"8/21/2026","BEAR","-149720","-1999","-559720",1,0,0,0,0
"5/20/2026","HMC",1.32,"A","PUT",25,25.705,23.68,"9/18/2026","BEAR","385980","182","16380",1,0,0,0,0
"5/21/2026","ARM",64.6,"A","CALL",250,278.6458,314.6,"8/21/2026","BULL","39338085","488","578085",1,1,0,0,0
"5/21/2026","CRWD",182,"A","CALL",660,649.3464,842,"12/17/2027","BULL","12605840","0","0",1,1,0,0,0
"5/21/2026","SOXX",150.246,"AA","CALL",470,522.46,620.246,"12/17/2027","BULL","11822021","271","5617569",1,0,0,0,0
"5/21/2026","PANW",66,"A","CALL",250,251.2208,316,"12/17/2027","BULL","5292600","0","0",1,1,1,1,1
"5/21/2026","LITE",216,"A","CALL",1600,946.61,1816,"7/16/2027","BULL","3021670","101","1077670",1,0,0,0,0
"5/21/2026","AEHR",20.9,"B","PUT",80,83.035,80,"9/18/2026","BULL","1941620","0","0",1,0,0,0,0
"5/21/2026","PBR",1.62,"A","CALL",20,20.252,21.62,"8/21/2026","BULL","1768137","1299","62601",1,1,1,0,0
"5/21/2026","BSX",8.95,"A","CALL",70,56.7377,78.95,"1/21/2028","BULL","1566250","0","0",1,1,1,1,1
"5/21/2026","FWONK",1.59,"B","PUT",80,89.3101,80,"8/21/2026","BULL","1264160","0","0",1,0,1,0,1
"5/21/2026","SIRI",0.94,"A","CALL",34,28.97,34.94,"9/18/2026","BULL","416406","-11533","-805594",1,1,1,1,1
"5/21/2026","IONQ",25.825,"A","CALL",45,58.5747,70.825,"3/19/2027","BULL","1019680","0","0",1,0,0,0,0
"5/21/2026","AMPX",4.65,"B","PUT",15,14.665,15,"3/19/2027","BULL","976500","0","0",1,0,1,0,1
"5/21/2026","BL",9.2,"A","CALL",27.5,29.155,36.7,"3/19/2027","BULL","1883230","1227","969870",1,1,1,1,1
"5/21/2026","GTX",3.65,"A","CALL",39,32.9,42.65,"1/15/2027","BULL","730000","0","0",1,1,1,1,1
"5/21/2026","AMPX",2.399,"BB","PUT",12,14.47,12,"1/15/2027","BULL","587360","-300","-72000",1,0,1,0,1
"5/21/2026","RIG",0.42,"B","PUT",6,7.055,6,"9/18/2026","BULL","413994","-5000","-210000",1,1,0,1,0
"5/21/2026","ARBE",0.6,"A","CALL",1,1.165,1.6,"11/20/2026","BULL","599184","2707","162420",1,1,1,1,1
"5/21/2026","LASR",12.9,"A","CALL",90,75.735,102.9,"9/18/2026","BULL","406342","0","0",1,0,1,0,1
"5/21/2026","NVCT",4.099,"A","CALL",10,10.935,14.099,"10/16/2026","BULL","401324","0","0",1,1,1,1,1
"5/21/2026","PBA",0.45,"A","CALL",55,49.75,55.45,"8/21/2026","BULL","72496","-818","496",1,1,1,1,1
"5/21/2026","CLAR",0.3,"A","CALL",4,3.075,4.3,"11/20/2026","BULL","45000","0","0",1,1,1,1,1
"5/21/2026","ILPT",0.655,"A","CALL",10,8.72,10.655,"10/16/2026","BULL","41254","0","0",1,1,1,1,1
"5/21/2026","HCA",135.2,"A","PUT",525,389.7734,389.8,"9/18/2026","BEAR","70304000","0","0",1,0,0,0,0
"5/21/2026","CSCO",18.35,"A","PUT",120,118.375,101.65,"6/17/2027","BEAR","5573850","599","986350",1,0,0,0,0
"5/21/2026","ALAB",68.45,"A","PUT",300,291.7001,231.55,"9/18/2026","BEAR","3874268","0","0",1,1,1,1,0
"5/21/2026","GOOG",30.3,"A","PUT",395,384.93,364.7,"8/21/2026","BEAR","8662840","941","5647990",1,0,0,0,0
"5/21/2026","MP",14.65,"A","PUT",65,61.455,50.35,"1/15/2027","BEAR","2217992","0","0",1,0,0,0,0
"5/21/2026","IHRT",1.3,"A","PUT",5,4.865,3.7,"10/16/2026","BEAR","717600","0","0",1,0,0,0,0
"5/21/2026","FLY",10.6,"B","CALL",43,42.8,43,"9/18/2026","BEAR","334400","0","0",1,1,0,1,0
"5/21/2026","NG",0.9,"B","CALL",11,7.7293,11,"12/18/2026","BEAR","101320","-200","-11000",1,1,1,1,0
"5/22/2026","BSX",20.35,"B","PUT",77.5,57.85,77.5,"1/15/2027","BULL","15391820","3044","6179320",1,1,1,1,1
"5/22/2026","NVDA",18.11,"B","PUT",215,217.965,215,"9/18/2026","BULL","7554932","-2349","-1500068",1,1,0,1,0
"5/22/2026","IGV",8,"B","PUT",85,94.23,85,"6/17/2027","BULL","4286400","0","0",1,0,0,0,0
"5/22/2026","WIX",11.11,"B","PUT",50,53.64,50,"1/15/2027","BULL","3772733","-201","-219090",1,0,1,0,1
"5/22/2026","AA",2.6,"A","CALL",100,71.805,102.6,"9/18/2026","BULL","-131692","-9801","-2731692",1,1,1,1,0
"5/22/2026","BRK.B",12.533,"B","PUT",480,482.675,480,"8/21/2026","BULL","2389310","-194","-117370",1,1,1,1,1
"5/22/2026","ARKK",6.25,"B","PUT",76,76.88,76,"9/18/2026","BULL","2240748","0","0",1,0,0,0,0
"5/22/2026","FLY",5.3,"A","CALL",70,48.54,75.3,"8/21/2026","BULL","603598","-1474","-1516402",1,1,0,1,0
"5/22/2026","WDC",37.25,"B","PUT",360,482.5829,360,"10/16/2026","BULL","1862500","0","0",1,0,0,0,0
"5/22/2026","IREN",11.56,"B","PUT",47,57.79,47,"1/15/2027","BULL","1734000","0","0",1,1,0,1,0
"5/22/2026","QRVO",7.19,"A","CALL",120,102.9,127.19,"12/18/2026","BULL","3578700","2500","1925000",1,1,1,1,1
"5/22/2026","USAR",6.95,"A","CALL",30,26.1,36.95,"12/18/2026","BULL","2458980","2819","1068980",1,0,0,0,0
"5/22/2026","SOXL",42.619,"B","PUT",170,192.24,170,"9/18/2026","BULL","4267956","777","2989390",2,0,0,0,0
"5/22/2026","HPQ",5.803,"AA","CALL",21,24.7931,26.803,"1/15/2027","BULL","966270","0","0",1,1,0,0,0
"5/22/2026","BSX",10.7,"B","PUT",65,57.86,65,"1/15/2027","BULL","850650","0","0",1,1,1,1,1
"5/22/2026","EXK",3.9,"A","CALL",10,9.145,13.9,"1/21/2028","BULL","952724","733","172724",1,1,0,1,0
"5/22/2026","FLEX",15.5,"A","CALL",150,133.76,165.5,"9/18/2026","BULL","1400050","441","625050",1,1,1,1,1
"5/22/2026","LWLG",5,"A","CALL",14,12.69,19,"1/15/2027","BULL","300498","-1300","-450000",1,1,0,0,0
"5/22/2026","INV",1.25,"A","CALL",12.5,7.09,13.75,"11/20/2026","BULL","677794","1044","86294",2,1,1,1,0
"5/22/2026","UEC",3.11,"B","PUT",13,13.22,13,"1/15/2027","BULL","466500","0","0",1,1,1,1,0
"5/22/2026","CECO",8.7,"A","CALL",100,81.11,108.7,"11/20/2026","BULL","753750","250","318750",1,1,1,1,1
"5/22/2026","HIMX",8.5,"B","PUT",25,21.175,25,"1/15/2027","BULL","340000","0","0",1,0,0,0,0
"5/22/2026","QBTX",14.9,"A","CALL",32,28.65,46.9,"12/18/2026","BULL","330780","0","0",1,1,1,1,1
"5/22/2026","HYLN",2.53,"A","CALL",6,5.9599,8.53,"1/15/2027","BULL","50859","-461","-181512",1,1,1,1,1
"5/22/2026","CEVA",3.65,"A","CALL",55,39.585,58.65,"9/18/2026","BULL","50830","-101","-58670",1,0,0,0,0
"5/22/2026","MITK",2.6,"A","CALL",17.5,16.025,20.1,"10/16/2026","BULL","118000","0","14000",1,1,1,1,1
"5/22/2026","ARM",44.802,"B","CALL",360,307.77,360,"9/18/2026","BEAR","4560626","-277","-282488",1,1,0,0,0
"5/22/2026","UBER",19.46,"B","CALL",80,72.09,80,"12/15/2028","BEAR","3892000","0","0",1,1,0,1,0
"5/22/2026","FUTU",9.3,"A","PUT",75.5,90.91,66.2,"1/15/2027","BEAR","2911921","184","115921",1,0,0,0,0
"5/22/2026","W",12.05,"B","CALL",75,67.04,75,"1/15/2027","BEAR","2771500","0","0",1,1,0,1,0
"5/22/2026","GOOGL",27.48,"B","CALL",385,382.8004,385,"8/21/2026","BEAR","-497087","-2621","-3231347",1,1,0,1,0
"5/22/2026","HOOD",14.3,"B","CALL",75,73.33,75,"12/18/2026","BEAR","-615270","-2023","-3149140",1,0,0,0,0
"5/22/2026","GOOGL",38.851,"AA","PUT",400,385.79,361.149,"10/16/2026","BEAR","1732760","0","0",1,1,0,1,0
"5/22/2026","LUNR",8.5,"B","CALL",55,37.0115,55,"1/15/2027","BEAR","1547650","0","224200",1,0,0,0,0
"5/22/2026","AAL",7.53,"A","PUT",20,14.015,12.4699999999999,"12/15/2028","BEAR","903616","0","0",1,1,1,1,0
"5/22/2026","NIO",1.296,"B","CALL",12,5.2128,12,"12/15/2028","BEAR","358691","-6100","-541100",1,0,0,0,0
"5/22/2026","SOFI",2.28,"B","CALL",32,15.55,32,"1/21/2028","BEAR","768218","-306","-68544",1,0,0,0,0
"5/22/2026","VALE",0.38,"B","CALL",22,16.34,22,"1/15/2027","BEAR","588044","-1544","-62797",1,1,1,1,1
"5/22/2026","PATH",2.3,"A","PUT",10,10.99,7.7,"3/19/2027","BEAR","525780","0","0",1,0,0,0,0
"5/22/2026","PTON",1.47,"A","PUT",6,5.745,4.53,"1/15/2027","BEAR","771467","2669","308417",1,1,1,0,0
"5/22/2026","POET",2.35,"B","CALL",27,14.81,27,"10/16/2026","BEAR","333928","0","0",1,1,1,1,0
"5/22/2026","VIXY",9.099,"A","PUT",30,25.44,20.901,"12/18/2026","BEAR","300265","0","0",1,0,0,0,0
"5/22/2026","ZLAB",5.3,"A","PUT",20,18.56,14.7,"12/17/2027","BEAR","256520","0","0",1,0,0,0,0
"5/22/2026","EDZ",5.13,"A","PUT",17,17.98,11.87,"1/15/2027","BEAR","102607","0","0",1,0,0,0,0
"5/22/2026","XOVR",2.4,"B","CALL",27,19.47,27,"11/20/2026","BEAR","102000","0","0",1,1,1,1,0
"5/22/2026","ERY",1.8,"A","PUT",10,10.695,8.2,"1/15/2027","BEAR","72000","0","0",1,1,0,0,0
"5/22/2026","ERY",1.72,"B","CALL",11,10.695,11,"1/15/2027","BEAR","68800","0","0",1,1,0,0,0
"5/26/2026","SPY",20.474,"A","CALL",830,751.728,850.474,"3/19/2027","BULL","33039321","-11026","-21513423",1,0,0,0,0
"5/26/2026","QCOM",43.5,"A","CALL",260,254.46,303.5,"9/18/2026","BULL","11614460","0","0",1,1,1,0,1
"5/26/2026","IREN",14.7,"A","CALL",110,59.04,124.7,"6/17/2027","BULL","27916685","13806","22168693",1,1,0,1,0
"5/26/2026","RKLB",18.249,"A","CALL",175,142.81,193.249,"8/21/2026","BULL","5238802","381","37719",1,0,0,0,0
"5/26/2026","IREN",9.1,"AA","CALL",70,60.295,79.1,"8/21/2026","BULL","3177271","-969","-1174301",1,1,0,1,0
"5/26/2026","IREN",24.029,"A","CALL",110,59.96,134.029,"9/15/2028","BULL","1109876","-1021","-2965469",2,1,0,1,0
"5/26/2026","SNDK",265,"A","CALL",2400,1589.875,2665,"11/20/2026","BULL","-2090000","-158","-4740000",1,1,1,0,0
"5/26/2026","SNDK",250.1,"A","CALL",1800,1583.0779,2050.1,"8/21/2026","BULL","4093814","323","1592814",1,1,1,0,0
"5/26/2026","ALAB",49,"A","CALL",400,316.54,449,"9/18/2026","BULL","2670000","0","220000",1,1,1,1,0
"5/26/2026","ASST",2.1,"A","CALL",27,18.95,29.1,"9/18/2026","BULL","1988700","0","0",1,1,0,1,0
"5/26/2026","SHOP",4.4,"A","CALL",135,104.65,139.4,"8/21/2026","BULL","2699236","1123","755387",1,0,0,0,0
"5/26/2026","SITM",221.5,"B","PUT",890,739.9999,890,"8/21/2026","BULL","1705550","0","0",1,0,0,0,0
"5/26/2026","QXO",2.7,"A","CALL",17,17.245,19.7,"9/18/2026","BULL","1534982","1263","122929",1,0,0,0,0
"5/26/2026","CENX",12.5,"A","CALL",65,66.7,77.5,"9/18/2026","BULL","1997048","1059","608310",1,0,0,0,0
"5/26/2026","FCX",3.45,"A","CALL",90,64.38,93.45,"12/18/2026","BULL","1250625","0","0",1,1,1,0,0
"5/26/2026","ENTG",37.6,"A","CALL",110,140.69,147.6,"8/21/2026","BULL","1154319","0","0",1,1,1,1,0
"5/26/2026","NU",1.21,"A","CALL",13,12.7801,14.21,"9/18/2026","BULL","1597491","3006","519871",1,1,1,1,1
"5/26/2026","GFS",16.897,"A","CALL",95,90.515,111.896999999999,"10/16/2026","BULL","382287","-566","-611280",1,1,1,1,1
"5/26/2026","FIGR",3.6,"A","CALL",45,36.57,48.6,"8/21/2026","BULL","1116218","1140","148200",1,1,1,0,0
"5/26/2026","GFS",12,"A","CALL",120,85.985,132,"1/15/2027","BULL","928799","0","0",1,1,1,1,1
"5/26/2026","APH",22.2,"A","CALL",160,143.39,182.2,"3/19/2027","BULL","854700","0","0",2,1,1,0,0
"5/26/2026","CCJ",5.76,"A","CALL",160,108.5,165.76,"12/18/2026","BULL","835160","0","0",1,0,0,0,0
"5/26/2026","UEC",2.13,"A","CALL",14,13.695,16.13,"8/21/2026","BULL","752742","0","0",1,1,1,1,0
"5/26/2026","BHP",5,"A","CALL",90,86.305,95,"8/21/2026","BULL","702460","212","16960",1,1,1,1,1
"5/26/2026","BTDR",2.35,"A","CALL",20,14.775,22.35,"9/18/2026","BULL","3194141","6635","2511641",1,1,0,0,0
"5/26/2026","CPRI",1.95,"A","CALL",20,18.5,21.95,"8/21/2026","BULL","1364871","4539","716334",1,1,1,1,1
"5/26/2026","PL",14.7,"A","CALL",48,49.4801,62.7,"10/16/2026","BULL","507147","0","0",1,0,0,0,0
"5/26/2026","TKR",4.5,"A","CALL",160,125.35,164.5,"11/20/2026","BULL","270000","0","0",1,1,1,1,1
"5/26/2026","HYLN",2.35,"A","CALL",9,6.735,11.35,"1/15/2027","BULL","567927","1521","380390",1,1,1,1,1
"5/26/2026","GILT",1.55,"A","CALL",22.5,17.65,24.05,"9/18/2026","BULL","171573","0","0",1,1,1,1,1
"5/26/2026","CECO",1.7,"A","CALL",130,89.28,131.7,"8/21/2026","BULL","102000","0","0",1,1,1,1,1
"5/26/2026","SIDU",2.051,"AA","CALL",11,6.525,13.051,"11/20/2026","BULL","143816","712","51542",1,1,1,1,1
"5/26/2026","WDC",106.65,"A","PUT",540,530.4167,433.35,"9/18/2026","BEAR","13832496","0","0",1,0,0,0,0
"5/26/2026","GOOG",121,"B","CALL",350,383.905,350,"12/15/2028","BEAR","13509600","442","4635000",1,0,0,0,0
"5/26/2026","BE",36.6,"B","CALL",400,304.57,400,"8/21/2026","BEAR","3146669","-2976","-5629971",1,1,1,1,1
"5/26/2026","FLY",18.11,"B","CALL",65,58.825,65,"1/15/2027","BEAR","7244000","0","0",1,1,0,1,0
"5/26/2026","BE",47.3,"A","PUT",270,302.5,222.7,"8/21/2026","BEAR","7085504","0","0",1,1,1,1,1
"5/26/2026","CAT",82.3,"A","PUT",920,906.1,837.7,"8/21/2026","BEAR","4896775","0","0",1,1,1,1,0
"5/26/2026","AVGO",33.3,"B","CALL",470,424.03,470,"9/18/2026","BEAR","3618806","-824","-1246351",1,1,0,0,0
"5/26/2026","LQD",0.73,"B","CALL",110,108.815,110,"8/21/2026","BEAR","4448255","0","0",1,0,0,0,0
"5/26/2026","BAC",3,"B","CALL",52.5,52.1876,52.5,"9/18/2026","BEAR","2631372","0","-3756",1,0,0,0,0
"5/26/2026","ESLT",115,"B","CALL",850,822.96,850,"12/18/2026","BEAR","2277000","0","0",1,0,0,0,0
"5/26/2026","PLTR",21.7,"A","PUT",120,135.9706,98.3,"9/17/2027","BEAR","1953000","0","0",1,0,0,0,0
"5/26/2026","LITE",195.7,"B","CALL",920,913.8624,920,"9/18/2026","BEAR","1663450","0","0",1,0,0,0,0
"5/26/2026","CRDO",37.6,"A","PUT",210,223.07,172.4,"8/21/2026","BEAR","1579200","0","0",1,0,0,0,0
"5/26/2026","OUST",8.3,"A","PUT",40,42.91,31.7,"8/21/2026","BEAR","1446681","0","0",1,0,0,0,0
"5/26/2026","QS",1.93,"B","CALL",10,8.745,10,"11/20/2026","BEAR","1211892","-1910","-234450",1,0,0,0,0
"5/26/2026","CARR",5.75,"B","CALL",75,64.78,75,"3/19/2027","BEAR","1437500","0","0",1,1,0,1,0
"5/26/2026","MOS",3.57,"A","PUT",22.5,22.86,18.93,"3/19/2027","BEAR","1356720","-216","-71280",1,1,1,1,1
"5/26/2026","UBER",3.15,"B","CALL",77.5,70.46,77.5,"8/21/2026","BEAR","646452","-2429","-692487",1,1,0,1,0
"5/26/2026","STLD",26,"BB","CALL",300,249.31,300,"6/17/2027","BEAR","1313065","0","0",1,1,0,1,0
"5/26/2026","LWLG",1.8,"A","PUT",9,11.7502,7.2,"9/18/2026","BEAR","1283643","523","98365",1,1,0,0,0
"5/26/2026","AFRM",9.5,"A","PUT",70,67.84,60.5,"8/21/2026","BEAR","1073449","0","0",1,0,0,0,0
"5/26/2026","PENG",7.6,"A","PUT",45,53.63,37.4,"9/18/2026","BEAR","1282622","315","211034",1,1,1,0,0
"5/26/2026","ROKU",24.65,"A","PUT",145,127.9575,120.35,"9/18/2026","BEAR","988463","0","0",1,1,0,0,0
"5/26/2026","VIAV",17,"B","CALL",90,53.675,90,"1/21/2028","BEAR","1718550","599","868550",1,0,0,0,0
"5/26/2026","IESC",75,"A","PUT",640,700.9,565,"9/18/2026","BEAR","787499","0","0",1,0,0,0,0
"5/26/2026","SKM",2.1,"A","PUT",30,38.585,27.9,"9/18/2026","BEAR","1389348","2657","680400",1,1,0,0,0
"5/26/2026","NVTS",6.951,"B","CALL",44,31.985,44,"9/18/2026","BEAR","479868","-99","12899",1,1,0,1,0
"5/26/2026","NVTS",10.951,"B","CALL",40,32.39,40,"1/15/2027","BEAR","454466","0","0",1,1,0,1,0
"5/26/2026","CPNG",1.54,"A","PUT",15,15.705,13.46,"9/18/2026","BEAR","427916","682","65863",1,1,1,1,1
"5/26/2026","TOI",0.6,"B","CALL",6,4.71,6,"11/20/2026","BEAR","227840","43","-12160",1,0,0,0,0
"5/26/2026","ADT",2.5,"B","CALL",5,6.9047,5,"12/15/2028","BEAR","-1600","-800","-201600",1,,,,
"5/26/2026","ATEX",7.3,"B","CALL",70,63.01,70,"8/21/2026","BEAR","191260","0","0",1,1,1,1,0
"5/26/2026","GSIT",2.65,"B","CALL",12.5,10.78,12.5,"9/18/2026","BEAR","132500","0","0",1,1,0,1,0
"5/26/2026","IIIN",2,"A","PUT",25,27.405,23,"1/15/2027","BEAR","79125","175","34125",1,0,0,0,0
"5/27/2026","HCC",14.5,"B","PUT",95,95.8601,95,"1/15/2027","BULL","-7560000","-10500","-22785000",1,,,,
"5/27/2026","BE",84.8,"A","CALL",250,290.94,334.8,"8/21/2026","BULL","8759832","0","0",1,1,1,1,1
"5/27/2026","APP",56.698,"BB","PUT",520,567.95,520,"8/21/2026","BULL","5460035","0","0",1,0,0,0,0
"5/27/2026","ARM",130.8,"B","PUT",410,305.955,410,"9/18/2026","BULL","4368729","0","0",1,1,0,0,0
"5/27/2026","NVTS",20,"B","PUT",45,29.89,45,"9/18/2026","BULL","3334039","0","0",1,1,0,1,0
"5/27/2026","GOOGL",4.51,"B","PUT",320,391.395,320,"8/21/2026","BULL","-3017225","-14917","-6174225",1,1,0,1,0
"5/27/2026","VRT",33.948,"A","CALL",340,315.55,373.948,"8/21/2026","BULL","4186158","765","1191915",1,1,1,0,0
"5/27/2026","NET",53.85,"B","PUT",250,210.973,250,"9/18/2026","BULL","2842905","-347","-118845",1,1,0,1,0
"5/27/2026","MXL",50.015,"B","PUT",90,99.22,90,"1/21/2028","BULL","2390724","0","0",1,1,1,1,0
"5/27/2026","KLAC",248.3,"B","PUT",1950,1964.6226,1950,"9/18/2026","BULL","2234700","0","0",1,0,0,0,0
"5/27/2026","CPNG",1.775,"A","CALL",17,16.585,18.775,"8/21/2026","BULL","1827362","3132","268564",1,1,1,1,1
"5/27/2026","FLR",2.39,"A","CALL",60,46.8806,62.39,"9/18/2026","BULL","2262290","3074","744640",1,1,0,1,0
"5/27/2026","ETN",145.26,"A","CALL",310,406.0336,455.26,"1/21/2028","BULL","1452596","0","0",1,0,0,0,0
"5/27/2026","TTMI",45.9,"A","CALL",170,183.1914,215.9,"9/18/2026","BULL","1395355","0","0",1,1,1,1,1
"5/27/2026","TDG",17.715,"B","PUT",1060,1229.705,1060,"8/21/2026","BULL","1018374","-680","-186235",1,,,,
"5/27/2026","NOK",1.85,"A","CALL",18,15.6414,19.85,"8/21/2026","BULL","160884","-1169","-617616",1,1,1,1,1
"5/27/2026","VICR",43.906,"AA","CALL",460,349.1655,503.906,"8/21/2026","BULL","706894","0","0",1,0,0,0,0
"5/27/2026","SU",4.31,"B","PUT",60,64.135,60,"12/18/2026","BULL","689600","0","0",1,1,1,1,1
"5/27/2026","ROKU",15.249,"A","CALL",135,131.66,150.249,"9/18/2026","BULL","676731","0","0",1,1,0,0,0
"5/27/2026","FETH",4.2,"A","CALL",32,20.4486,36.2,"1/21/2028","BULL","656040","0","0",1,1,1,1,1
"5/27/2026","EWT",6.29,"A","CALL",120,102.89,126.29,"1/15/2027","BULL","629000","0","0",1,0,0,0,0
"5/27/2026","PCG",2,"A","CALL",17,16.5283,19,"3/19/2027","BULL","522950","0","0",1,1,1,1,1
"5/27/2026","FETH",3,"A","CALL",40,20.65,43,"1/21/2028","BULL","461700","0","0",1,1,1,1,1
"5/27/2026","FETH",2.1,"A","CALL",50,20.62,52.1,"1/21/2028","BULL","434280","0","0",1,1,1,1,1
"5/27/2026","CXDO",0.74,"A","CALL",17.5,9.7935,18.24,"1/15/2027","BULL","190600","-200","-24000",1,1,1,1,1
"5/27/2026","SPIR",6.3,"A","CALL",35,25.32,41.3,"1/15/2027","BULL","58350","-250","-127500",1,1,1,1,1
"5/27/2026","THRM",3.1,"A","CALL",40,34.36,43.1,"12/18/2026","BULL","155000","0","0",1,1,1,1,1
"5/27/2026","EVER",3.1,"A","CALL",22.5,19.8,25.6,"12/18/2026","BULL","116250","0","0",1,1,1,0,0
"5/27/2026","EVER",3.9,"A","CALL",20,19.56,23.9,"12/18/2026","BULL","165900","171","68400",1,1,1,0,0
"5/27/2026","CNA",1.3,"A","CALL",45,43.14,46.3,"8/21/2026","BULL","48620","0","0",1,1,1,1,1
"5/27/2026","IREN",27.55,"B","CALL",110,64.81,110,"9/15/2028","BEAR","2965469","-1979","-5299531",1,1,0,1,0
"5/27/2026","SOXX",60.45,"A","PUT",520,559.8501,459.55,"1/15/2027","BEAR","6045000","0","0",1,0,0,0,0
"5/27/2026","INTC",7.51,"B","CALL",170,120.785,170,"8/21/2026","BEAR","2819261","-14272","-3179940",1,1,1,1,1
"5/27/2026","W",7.9,"B","CALL",105,74.7192,105,"1/15/2027","BEAR","2407256","-1302","-2232405",1,1,0,1,0
"5/27/2026","IREN",23.15,"B","CALL",110,61.08,110,"6/16/2028","BEAR","-6430000","-4000","-11060000",1,1,0,1,0
"5/27/2026","IREN",21.14,"B","CALL",80,61.16,80,"6/17/2027","BEAR","6501111","483","2035100",1,1,0,1,0
"5/27/2026","LITE",170,"A","PUT",860,876.215,690,"9/18/2026","BEAR","2448000","0","0",1,0,0,0,0
"5/27/2026","USO",20.85,"A","PUT",130,130.73,109.15,"6/17/2027","BEAR","6780545","2280","4446915",1,0,0,0,0
"5/27/2026","IONQ",30.55,"A","PUT",90,66.045,59.45,"8/21/2026","BEAR","1503045","0","0",1,0,0,0,0
"5/27/2026","FLY",12.95,"B","CALL",80,58.36,80,"11/20/2026","BEAR","1295000","0","0",1,1,0,1,0
"5/27/2026","CENX",12.3,"A","PUT",60,64.25,47.7,"1/15/2027","BEAR","1226310","0","0",1,0,0,0,0
"5/27/2026","USB",3.35,"B","CALL",55,54.9852,55,"9/18/2026","BEAR","1225868","513","147148",1,0,0,0,0
"5/27/2026","VXX",2.687,"BB","CALL",30,25.545,30,"8/21/2026","BEAR","998365","0","0",1,1,0,1,0
"5/27/2026","SLS",1.6,"B","CALL",17,8.7,17,"8/21/2026","BEAR","569570","-1321","-244996",1,1,0,0,0
"5/27/2026","XPEV",2.4,"B","CALL",16,16.355,16,"9/18/2026","BEAR","724041","-484","-36772",1,1,1,1,1
"5/27/2026","DINO",11.7,"B","CALL",75,67.6,75,"1/21/2028","BEAR","760500","0","0",1,1,1,1,1
"5/27/2026","OSCR",2.96,"B","CALL",23,22.18,23,"8/21/2026","BEAR","687312","0","0",1,0,0,0,0
"5/27/2026","ESLT",64,"A","PUT",780,824.32,716,"9/18/2026","BEAR","947996","85","339998",1,0,0,0,0
"5/27/2026","MTSI",51.6,"A","PUT",380,398.9547,328.4,"8/21/2026","BEAR","521158","0","0",1,1,1,1,1
"5/27/2026","GDDY",12.9,"A","PUT",95,87.185,82.1,"8/21/2026","BEAR","515984","0","0",1,0,0,0,0
"5/27/2026","IRDM",9.5,"B","CALL",60,51.88,60,"1/15/2027","BEAR","503500","0","0",1,1,1,1,1
"5/27/2026","AXSM",15,"A","PUT",220,231.785,205,"9/18/2026","BEAR","427500","0","0",1,0,1,0,1
"5/27/2026","SMTC",14.801,"B","CALL",240,155.82,240,"9/18/2026","BEAR","598729","201","205022",1,1,1,1,0
"5/27/2026","VSAT",16.5,"A","PUT",85,85.2467,68.5,"9/18/2026","BEAR","387749","0","0",1,1,1,1,0
"5/27/2026","INV",2.5,"B","CALL",5,6.12,5,"11/20/2026","BEAR","191985","-700","-58015",1,1,1,1,0
"5/27/2026","CEVA",7.6,"A","PUT",40,40.495,32.4,"9/18/2026","BEAR","152000","0","0",1,0,0,0,0
"5/27/2026","AGO",4.9,"B","CALL",80,75.244,80,"1/15/2027","BEAR","110740","0","0",1,0,0,0,0
"5/27/2026","CNNE",0.85,"B","CALL",17.5,14.455,17.5,"11/20/2026","BEAR","98515","0","0",1,0,0,0,0
"5/28/2026","IREN",27.65,"A","CALL",110,65.98,137.65,"6/16/2028","BULL","11060000","0","0",1,1,0,1,0
"5/28/2026","NET",26.65,"A","CALL",290,225.405,316.65,"1/15/2027","BULL","5330000","0","0",1,1,0,1,0
"5/28/2026","IBM",11.85,"A","CALL",295,263.61,306.85,"8/21/2026","BULL","9177081","1673","4349261",1,1,1,1,0
"5/28/2026","QCOM",46.95,"B","PUT",240,243.57,240,"12/18/2026","BULL","4695000","0","0",1,1,1,0,1
"5/28/2026","INTC",35.9,"A","CALL",150,117.6499,185.9,"12/17/2027","BULL","4409705","-2","101705",1,1,1,1,1
"5/28/2026","IREN",28.55,"A","CALL",110,64.34,138.55,"9/15/2028","BULL","5299531","479","1017031",2,1,0,1,0
"5/28/2026","UPST",5.18,"B","PUT",27.5,31.905,27.5,"1/15/2027","BULL","4010520","-155","-63550",1,0,0,0,0
"5/28/2026","SNOW",74.3,"A","CALL",240,235.722,314.3,"12/17/2027","BULL","3909780","0","0",1,1,1,1,1
"5/28/2026","SHOP",29.35,"B","PUT",100,112.9743,100,"12/15/2028","BULL","3668750","0","0",1,0,0,0,0
"5/28/2026","BE",40.2,"A","CALL",380,299.4551,420.2,"8/21/2026","BULL","1567762","-677","-1711118",1,1,1,1,1
"5/28/2026","FUTU",19.01,"B","PUT",100,106.1,100,"6/17/2027","BULL","2851500","0","0",1,0,0,0,0
"5/28/2026","KMB",18.9,"A","CALL",90,100.7188,108.9,"1/21/2028","BULL","2072095","0","0",2,1,1,1,1
"5/28/2026","AXTI",59,"A","CALL",200,122.4699,259,"1/21/2028","BULL","3873060","742","1808060",1,1,1,1,1
"5/28/2026","PINS",3.65,"B","PUT",20,20.285,20,"3/19/2027","BULL","1825000","0","0",1,0,0,0,0
"5/28/2026","ASTS",34.9,"A","CALL",130,132.6856,164.9,"9/18/2026","BULL","7002125","4984","5271085",1,0,0,0,0
"5/28/2026","KTOS",4.8,"A","CALL",85,65.18,89.8,"8/21/2026","BULL","1680000","0","0",1,1,1,1,0
"5/28/2026","CIFR",5.2,"A","CALL",26,24.209,31.2,"9/18/2026","BULL","1640313","0","0",1,0,0,0,0
"5/28/2026","SOXL",39.25,"B","PUT",170,213.0426,170,"9/18/2026","BULL","2309430","299","1131930",2,0,0,0,0
"5/28/2026","SMTC",36.3,"A","CALL",240,168.65,276.3,"1/15/2027","BULL","1398490","200","226000",1,1,1,1,0
"5/28/2026","QBTS",3.85,"A","CALL",41,29.11,44.85,"9/18/2026","BULL","1131856","0","0",1,1,1,1,1
"5/28/2026","TEM",5,"A","CALL",60,51.98,65,"8/21/2026","BULL","2397276","4549","1384472",1,1,0,1,0
"5/28/2026","QBTS",4.5,"B","PUT",25,28.029,25,"9/18/2026","BULL","805000","-250","-111250",1,1,1,1,1
"5/28/2026","PLTR",8.3,"A","CALL",170,142.24,178.3,"9/18/2026","BULL","1033687","2278","119186",1,0,0,0,0
"5/28/2026","RAL",4.48,"A","CALL",75,62.635,79.48,"11/20/2026","BULL","859000","0","0",1,1,1,1,1
"5/28/2026","CNI",14.1,"A","CALL",110,118.56,124.1,"1/15/2027","BULL","805200","0","0",1,1,1,1,1
"5/28/2026","AFRM",6.7,"B","PUT",65,72.75,65,"9/18/2026","BULL","798640","0","0",1,0,0,0,0
"5/28/2026","IHI",1.05,"A","CALL",55,49.2058,56.05,"10/16/2026","BULL","-1599500","-7000","-2282000",1,0,0,0,0
"5/28/2026","LYFT",1.61,"A","CALL",14,13.695,15.61,"8/21/2026","BULL","1354453","4993","812031",1,1,0,0,0
"5/28/2026","IHI",3.05,"A","CALL",50,49.355,53.05,"10/16/2026","BULL","910139","1246","428969",1,0,0,0,0
"5/28/2026","FLEX",10.7,"A","CALL",210,147.32,220.7,"10/16/2026","BULL","590159","200","160160",1,1,1,1,1
"5/28/2026","ADTN",5.847,"A","CALL",15,17.255,20.847,"1/15/2027","BULL","768523","974","370155",1,1,1,0,0
"5/28/2026","COKE",16.3,"A","CALL",190,174.48,206.3,"12/18/2026","BULL","64400","-215","-326800",2,1,1,1,1
"5/28/2026","TXG",2,"A","CALL",35,27.9504,37,"8/21/2026","BULL","83346","-1097","-286470",1,1,1,1,1
"5/28/2026","HYMC",3.4,"B","PUT",23,33.315,23,"11/20/2026","BULL","340000","0","0",1,0,0,0,0
"5/28/2026","ERY",2.25,"A","CALL",10,11.5,12.25,"10/16/2026","BULL","91000","0","0",1,1,0,0,0
"5/28/2026","OTLK",0.3,"A","CALL",1,0.7485,1.3,"8/21/2026","BULL","60520","2269","15885",1,1,1,1,1
"5/28/2026","DAIO",0.58,"A","CALL",5,3.355,5.58,"1/15/2027","BULL","29000","0","0",1,1,1,1,1
"5/28/2026","KLAC",142.5,"A","PUT",1740,1923.44,1597.5,"8/21/2026","BEAR","21375000","0","0",1,0,0,0,0
"5/28/2026","META",35.1,"B","CALL",680,633.09,680,"9/18/2026","BEAR","2677450","-745","-1755699",1,0,0,0,0
"5/28/2026","V",10.1,"B","CALL",410,323.264,410,"6/17/2027","BEAR","2525000","0","0",1,0,0,0,0
"5/28/2026","CG",7.07,"A","PUT",40,45.1,32.93,"1/21/2028","BEAR","2618000","700","497000",1,0,0,0,0
"5/28/2026","WING",48.3,"A","PUT",150,155.935,101.7,"1/21/2028","BEAR","1690500","0","0",1,0,0,0,0
"5/28/2026","HUT",27.149,"A","PUT",125,123.9692,97.851,"9/18/2026","BEAR","1186432","0","0",1,1,0,0,0
"5/28/2026","IQV",10.101,"B","CALL",230,178.67,230,"1/15/2027","BEAR","-1756520","-1879","-2787450",1,,,,
"5/28/2026","RMBS",25.4,"B","CALL",155,152.41,155,"8/21/2026","BEAR","975360","0","0",1,1,1,1,0
"5/28/2026","MXL",61.867,"BB","CALL",95,96.95,95,"1/21/2028","BEAR","928000","0","0",1,1,1,1,0
"5/28/2026","AMPX",1.7,"B","CALL",35,20.55,35,"10/16/2026","BEAR","850000","0","0",1,0,1,0,1
"5/28/2026","HPE",4.73,"A","PUT",38,37.14,33.2699999999999,"8/21/2026","BEAR","804100","0","0",1,0,0,0,0
"5/28/2026","BWA",9,"B","CALL",80,72.37,80,"1/15/2027","BEAR","585000","0","0",1,1,1,1,0
"5/28/2026","HIMX",6.4,"A","PUT",24,20.9851,17.6,"9/18/2026","BEAR","581740","0","0",1,0,0,0,0
"5/28/2026","CGNX",6.8,"A","PUT",65,65.4,58.2,"8/21/2026","BEAR","920247","510","351787",1,0,0,0,0
"5/28/2026","SOFI",0.88,"B","CALL",23,16.97,23,"9/18/2026","BEAR","271607","-7425","-279361",1,0,0,0,0
"5/29/2026","SMH",93.9,"A","CALL",750,599.215,843.9,"1/21/2028","BULL","14554500","0","0",1,0,0,0,0
"5/29/2026","ADI",42.19,"A","CALL",470,410.1818,512.19,"1/15/2027","BULL","8438000","0","0",1,1,0,1,0
"5/29/2026","COIN",45.5,"A","CALL",220,189.01,265.5,"5/21/2027","BULL","4288231","-900","-3470900",3,1,1,0,0
"5/29/2026","APP",76.601,"B","PUT",600,612.25,600,"8/21/2026","BULL","3247902","0","0",1,0,0,0,0
"5/29/2026","SLV",9.28,"B","PUT",70,68.3401,70,"11/20/2026","BULL","2966400","0","0",1,0,0,0,0
"5/29/2026","LITE",133.901,"B","PUT",820,839.6099,820,"8/21/2026","BULL","3889901","100","1011021",1,0,0,0,0
"5/29/2026","MRVL",47.7,"A","CALL",240,206.24,287.7,"3/19/2027","BULL","4030200","180","1836000",1,0,0,0,0
"5/29/2026","CRWD",112.9,"B","PUT",650,728.28,650,"6/17/2027","BULL","1738660","0","0",1,1,0,0,0
"5/29/2026","MRVL",38,"A","CALL",240,205.29,278,"12/18/2026","BULL","3100390","158","1390400",1,0,0,0,0
"5/29/2026","GDS",13.45,"A","CALL",25,35.47,38.45,"1/15/2027","BULL","1324820","0","0",1,1,1,1,1
"5/29/2026","ESTC",15.8,"A","CALL",60,64.815,75.8,"11/20/2026","BULL","1474520","200","310000",1,1,1,1,1
"5/29/2026","ABVX",40.6,"A","CALL",130,131.825,170.6,"1/15/2027","BULL","1148980","0","0",1,1,1,1,1
"5/29/2026","TAL",0.42,"B","PUT",9,9.795,9,"8/21/2026","BULL","1046014","-200","-11000",1,0,1,0,1
"5/29/2026","NTAP",30.3,"A","CALL",190,182.05,220.3,"1/15/2027","BULL","909000","0","0",1,1,1,0,1
"5/29/2026","PWR",78.1,"A","CALL",700,710.31,778.1,"8/21/2026","BULL","1476530","196","625240",1,0,0,0,0
"5/29/2026","WMT",2,"B","PUT",105,115.15,105,"8/21/2026","BULL","1936539","4831","1089421",2,1,0,0,0
"5/29/2026","PHM",8.23,"B","PUT",105,118.945,105,"3/19/2027","BULL","684740","0","0",1,0,1,0,1
"5/29/2026","WGMI",16.6,"A","CALL",70,68.3758,86.6,"1/15/2027","BULL","664000","0","0",1,1,1,1,1
"5/29/2026","VZLA",1.26,"A","CALL",3,3.775,4.26,"10/16/2026","BULL","630000","0","0",1,1,1,1,1
"5/29/2026","FLG",6,"A","CALL",10,14.225,16,"1/21/2028","BULL","600000","0","0",1,1,1,1,1
"5/29/2026","SOFI",2.29,"B","PUT",18,18.1068,18,"9/18/2026","BULL","-164139","-3805","-736639",1,0,0,0,0
"5/29/2026","NTAP",12.6,"A","CALL",195,179.5492,207.6,"8/21/2026","BULL","429660","0","0",1,1,1,0,1
"5/29/2026","VIAV",4.7,"A","CALL",65,45.91,69.7,"9/18/2026","BULL","282000","0","0",1,0,0,0,0
"5/29/2026","CPSH",4.6,"A","CALL",12.5,9.925,17.1,"1/15/2027","BULL","115000","0","0",1,0,0,0,0
"5/29/2026","CIBR",3.2,"A","CALL",100,87.25,103.2,"11/20/2026","BULL","-19091","-300","-115091",1,1,1,1,1
"5/29/2026","CVU",1.15,"A","CALL",7.5,5.25,8.65,"1/15/2027","BULL","27600","0","0",1,1,1,1,1
"5/29/2026","SPXW",170.2,"BB","CALL",7740,0,7740,"8/31/2026","BEAR","12305460","0","0",1,1,0,0,0
"5/29/2026","BE",66.5,"B","CALL",270,274.92,270,"8/21/2026","BEAR","10646683","-1066","1459778",1,1,1,1,1
"5/29/2026","STM",18,"A","PUT",75,68.69,57,"1/15/2027","BEAR","9180000","0","0",1,1,1,0,0
"5/29/2026","NBIS",150,"B","CALL",140,222.6319,140,"12/15/2028","BEAR","5400000","0","0",1,0,0,0,0
"5/29/2026","NXPI",50.1,"A","PUT",320,323.3482,269.9,"1/15/2027","BEAR","5010000","0","0",1,0,0,0,0
"5/29/2026","SHW",17.2,"B","CALL",350,307.9,350,"1/15/2027","BEAR","1284650","-1897","-3216810",1,0,0,0,0
"5/29/2026","MXL",30.3,"B","CALL",85,92.47,85,"9/18/2026","BEAR","3229788","328","723586",1,1,1,1,0
"5/29/2026","RBRK",9.198,"BB","CALL",105,72.77,105,"1/15/2027","BEAR","406650","-2471","-2066630",1,0,0,0,0
"5/29/2026","CODI",1.675,"B","CALL",13,11.275,13,"12/18/2026","BEAR","2177500","0","0",1,0,0,0,0
"5/29/2026","QUBT",0.97,"B","CALL",18,11.73,18,"8/21/2026","BEAR","1340514","324","18792",1,1,0,0,0
"5/29/2026","IR",3.11,"B","CALL",90,72.58,90,"1/15/2027","BEAR","360470","-1549","-728030",1,0,0,0,0
"5/29/2026","FAS",20.995,"BB","CALL",135.91,132.365,135.91,"1/15/2027","BEAR","1049886","0","0",1,0,0,0,0
"5/29/2026","MTSI",48.594,"BB","CALL",380,363.55,380,"8/21/2026","BEAR","1030183","0","0",1,1,1,1,1
"5/29/2026","KTOS",6.6,"B","CALL",110,65.73,110,"1/15/2027","BEAR","73447","-1843","-841433",1,1,1,1,0
"5/29/2026","PENG",15.2,"B","CALL",80,59.04,80,"1/15/2027","BEAR","823840","0","0",1,1,1,0,0
"5/29/2026","SU",16.8,"B","CALL",50,62.1801,50,"1/21/2028","BEAR","722421","0","0",1,1,1,1,1
"5/29/2026","WWD",21.3,"B","CALL",450,355.89,450,"1/15/2027","BEAR","298860","-134","-244330",1,0,0,0,0
"5/29/2026","MCY",16,"B","CALL",85,97.135,85,"8/21/2026","BEAR","193900","-170","-321300",1,0,0,0,0
"5/29/2026","MTSI",32.1,"B","CALL",430,362.17,430,"8/21/2026","BEAR","513602","0","0",1,1,1,1,1
"5/29/2026","AEO",1.99,"A","PUT",14,15.485,12.01,"1/15/2027","BEAR","410139","0","0",1,0,0,0,0
"5/29/2026","SMTC",23.6,"B","CALL",165,153.325,165,"8/21/2026","BEAR","384680","0","0",1,1,1,1,0
"5/29/2026","BBAI",0.98,"B","CALL",8,5.075,8,"12/18/2026","BEAR","105990","-3500","-237010",1,0,0,0,0
"5/29/2026","RZLT",0.92,"B","CALL",10,3.34,10,"1/15/2027","BEAR","116610","-1062","-140934",1,1,1,1,0
"5/29/2026","STEP",5.6,"A","PUT",45,49.675,39.4,"12/18/2026","BEAR","253120","0","0",1,0,0,0,0
"5/29/2026","RAIL",1.4,"A","PUT",7.5,7.64,6.1,"12/18/2026","BEAR","232960","0","0",1,0,0,0,0
"6/1/2026","MU",394.998,"B","PUT",1200,1012.05,1200,"1/15/2027","BULL","8036642","-1273","-44987723",1,0,0,0,0
"6/1/2026","AMZN",95.148,"A","CALL",220,262.68,315.148,"12/15/2028","BULL","25206916","0","0",1,1,1,1,1
"6/1/2026","MSFT",18.349,"A","CALL",500,462.99,518.349,"8/21/2026","BULL","69906868","139131","45238651",1,1,1,1,0
"6/1/2026","DDOG",97.5,"A","CALL",300,273.2,397.5,"6/16/2028","BULL","9750000","0","0",1,1,1,1,1
"6/1/2026","IBM",43.25,"B","PUT",300,322.435,300,"3/19/2027","BULL","6703750","0","0",1,1,1,1,0
"6/1/2026","AMZN",79.95,"A","CALL",250,261.765,329.95,"12/15/2028","BULL","7022475","352","2705175",1,1,1,1,1
"6/1/2026","TTMI",32.4,"A","CALL",175,169.88,207.4,"8/21/2026","BULL","3510000","600","108000",1,1,1,1,1
"6/1/2026","MCHP",7.95,"B","PUT",85,90.625,85,"9/18/2026","BULL","1988680","-404","-396320",1,0,0,0,0
"6/1/2026","GOOGL",39.25,"A","CALL",385,375.58,424.25,"12/18/2026","BULL","2290615","0","0",1,1,0,1,0
"6/1/2026","SMTC",22.2,"A","CALL",175,147.89,197.2,"9/18/2026","BULL","1380840","0","0",1,1,1,1,0
"6/1/2026","WMT",1.97,"B","PUT",105,115.72,105,"8/21/2026","BULL","1089421","-1039","-66975",2,1,0,0,0
"6/1/2026","CORT",5.3,"A","CALL",75,70.5252,80.3,"8/21/2026","BULL","1060000","0","0",1,1,1,1,1
"6/1/2026","TWLO",19.5,"A","CALL",260,224.3112,279.5,"8/21/2026","BULL","975000","0","0",1,0,0,0,0
"6/1/2026","PWR",68.9,"B","PUT",700,693.7675,700,"8/21/2026","BULL","-232510","-200","-1204000",1,0,0,0,0
"6/1/2026","RVMD",17,"A","CALL",175,162.56,192,"9/18/2026","BULL","850000","0","0",1,1,1,1,1
"6/1/2026","FLY",19.7,"B","PUT",55,41.75,55,"9/18/2026","BULL","752540","0","0",1,1,0,1,0
"6/1/2026","TWLO",18.801,"B","PUT",195,224.11,195,"9/18/2026","BULL","735123","0","0",1,0,0,0,0
"6/1/2026","DT",3.5,"A","CALL",47.5,44.31,51,"8/21/2026","BULL","700000","0","0",1,1,1,1,1
"6/1/2026","PAVE",9,"A","CALL",50,55.7799,59,"12/18/2026","BULL","602100","0","0",1,1,1,1,1
"6/1/2026","VIK",25.7,"B","PUT",115,92.33,115,"11/20/2026","BULL","562830","0","0",1,1,1,1,1
"6/1/2026","ZETA",2.94,"BB","PUT",20,24.245,20,"12/18/2026","BULL","483306","0","0",1,0,0,0,0
"6/1/2026","PATH",2.259,"BB","PUT",13,12.895,13,"9/18/2026","BULL","-1246767","-7582","-1704069",1,0,0,0,0
"6/1/2026","CIBR",4,"A","CALL",110,93.0794,114,"11/20/2026","BULL","630278","464","180960",1,1,1,1,1
"6/1/2026","FLNC",8.243,"A","CALL",24,24.2902,32.243,"11/20/2026","BULL","634088","2340","185767",1,1,0,1,0
"6/1/2026","TGB",1.3,"A","CALL",8,7.665,9.3,"1/15/2027","BULL","417590","603","27590",1,1,1,1,1
"6/1/2026","ERO",7.6,"A","CALL",30,31.44,37.6,"1/15/2027","BULL","2080959","2728","1700960",1,1,1,1,1
"6/1/2026","BUG",2.467,"A","CALL",45,38.7148,47.467,"12/18/2026","BULL","246710","0","0",1,0,0,0,0
"6/1/2026","CIBR",4.4,"A","CALL",100,94.06,104.4,"8/21/2026","BULL","214703","0","0",1,1,1,1,1
"6/1/2026","CEVA",6.9,"A","CALL",60,42.668,66.9,"12/18/2026","BULL","-49500","-300","-256500",1,0,0,0,0
"6/1/2026","FBIN",4.3,"A","CALL",40,38.53,44.3,"9/18/2026","BULL","58340","-229","-100760",1,1,1,1,1
"6/1/2026","BTC",6,"B","PUT",35,31.32,35,"1/15/2027","BULL","120000","0","0",1,1,1,1,1
"6/1/2026","ALMU",5.9,"A","CALL",30,26.08,35.9,"8/21/2026","BULL","88500","0","0",1,1,1,1,1
"6/1/2026","GM",6.66,"B","CALL",100,80.67,100,"6/17/2027","BEAR","13886100","0","0",1,0,0,0,0
"6/1/2026","XLE",9,"B","CALL",60,57.325,60,"12/15/2028","BEAR","9000000","0","0",1,0,0,0,0
"6/1/2026","AAPL",12,"A","PUT",300,306.445,288,"9/18/2026","BEAR","14256738","6468","5303538",1,0,1,0,0
"6/1/2026","BE",56.9,"B","CALL",300,276.46,300,"8/21/2026","BEAR","-18568559","-12626","-26559989",1,1,1,1,1
"6/1/2026","STM",9,"B","CALL",90,68.705,90,"1/15/2027","BEAR","4059600","-300","-440400",1,1,1,0,0
"6/1/2026","TSM",208.85,"A","PUT",600,435.02,391.15,"1/21/2028","BEAR","4177000","0","0",1,1,1,0,0
"6/1/2026","ALAB",35.721,"B","CALL",480,328.1351,480,"9/18/2026","BEAR","3382035","45","353000",1,1,1,1,0
"6/1/2026","TSM",40.2,"B","CALL",450,442.81,450,"8/21/2026","BEAR","4286820","-2568","1472820",1,1,1,0,0
"6/1/2026","NET",24,"B","CALL",320,262.1059,320,"9/18/2026","BEAR","1801420","-49","-753915",1,1,0,1,0
"6/1/2026","CRWD",136.126,"BB","CALL",850,753.47,850,"3/19/2027","BEAR","2504710","0","0",1,1,0,0,0
"6/1/2026","HOOD",10.1,"B","CALL",150,90.34,150,"4/16/2027","BEAR","1461416","0","0",1,0,0,0,0
"6/1/2026","MSGS",8.5,"B","CALL",420,379.13,420,"8/21/2026","BEAR","1266148","151","184948",1,0,0,0,0
"6/1/2026","ASTS",25,"B","CALL",165,101.47,165,"3/19/2027","BEAR","1000000","0","0",1,0,0,0,0
"6/1/2026","HUT",17.55,"A","PUT",110,130.54,92.45,"9/18/2026","BEAR","865200","0","0",1,1,0,0,0
"6/1/2026","APH",21,"A","PUT",155,145.12,134,"8/21/2026","BEAR","976822","293","149422",1,1,1,0,0
"6/1/2026","HPQ",6.65,"B","CALL",32,29.44,32,"1/21/2028","BEAR","754775","0","0",1,1,0,0,0
"6/1/2026","RARE",4.4,"A","PUT",17.5,22.6399,13.1,"11/20/2026","BEAR","963690","1365","363090",1,0,0,0,0
"6/1/2026","BB",2.565,"B","CALL",11,9.8,11,"1/15/2027","BEAR","340919","-150","-60800",1,1,1,1,0
"6/1/2026","GSIT",5.6,"B","CALL",15,10.9615,15,"1/21/2028","BEAR","112000","0","0",1,1,0,1,0
"6/1/2026","OSPN",0.7,"B","CALL",17.5,15.51,17.5,"9/18/2026","BEAR","25550","0","0",1,0,0,0,0
"6/2/2026","CRWD",111.701,"B","PUT",800,752.5728,800,"8/21/2026","BULL","6534482","0","0",1,1,0,0,0
"6/2/2026","AVGO",63.7,"B","PUT",490,479.54,490,"9/18/2026","BULL","6057868","0","0",1,1,0,0,0
"6/2/2026","PENG",38,"B","PUT",80,71.2751,80,"1/21/2028","BULL","5700000","0","0",1,1,1,0,0
"6/2/2026","TRGP",9.6,"A","CALL",290,261.98,299.6,"9/18/2026","BULL","4643300","2950","2094500",1,1,1,1,1
"6/2/2026","AUPH",1.85,"B","PUT",15,15.24,15,"1/15/2027","BULL","1762452","-226","-38420",1,0,1,0,1
"6/2/2026","MTSI",33.9,"B","PUT",340,376.97,340,"8/21/2026","BULL","3425000","500","1730000",1,1,1,1,1
"6/2/2026","STM",24.9,"A","CALL",85,78.4901,109.9,"11/19/2027","BULL","1232550","0","0",1,1,1,0,0
"6/2/2026","ET",0.55,"A","CALL",21,19.535,21.55,"10/16/2026","BULL","2202493","32378","1028063",1,1,1,1,1
"6/2/2026","APTV",9.7,"A","CALL",70,69.85,79.7,"11/20/2026","BULL","3055982","1650","2085982",1,1,1,1,1
"6/2/2026","EPD",0.47,"A","CALL",42,37.7199,42.47,"9/18/2026","BULL","1171513","18541","343767",1,1,1,1,1
"6/2/2026","DNA",3.438,"A","CALL",9,9.4,12.438,"12/18/2026","BULL","131631","-1350","-298147",1,,,,
"6/2/2026","VECO",9.1,"A","CALL",75,60.15,84.1,"12/18/2026","BULL","423090","0","0",1,0,0,0,0
"6/2/2026","VOYA",0.8,"A","CALL",105,83.185,105.8,"8/21/2026","BULL","664829","-1757","345405",1,1,1,1,1
"6/2/2026","BDC",10.543,"AA","CALL",120,111.5899,130.543,"9/18/2026","BULL","177120","0","0",1,1,1,1,1
"6/2/2026","ALV",4.6,"A","CALL",155,131.68,159.6,"11/20/2026","BULL","161000","0","0",1,1,1,1,1
"6/2/2026","HIMX",5.1,"A","CALL",30,24.3,35.1,"12/18/2026","BULL","153000","0","0",1,0,0,0,0
"6/2/2026","LFCR",1.6,"A","CALL",5,5.405,6.6,"12/18/2026","BULL","80000","0","0",1,1,1,1,1
"6/2/2026","GOOG",22,"A","PUT",360,366.25,338,"9/18/2026","BEAR","19340225","-135","-305775",1,0,0,0,0
"6/2/2026","DELL",99,"B","CALL",500,438.77,500,"3/19/2027","BEAR","-3500700","-1842","-18420000",1,0,0,0,0
"6/2/2026","SOXL",138,"B","CALL",340,256.97,340,"1/21/2028","BEAR","14904000","0","0",1,0,0,0,0
"6/2/2026","MSFT",22.5,"BB","CALL",465,445.17,465,"8/21/2026","BEAR","4011107","-1747","-1256104",1,1,1,1,0
"6/2/2026","CORZ",2.14,"B","CALL",40,29.26,40,"9/18/2026","BEAR","2931972","-28162","-1854788",1,0,0,0,0
"6/2/2026","SPY",10.4,"A","PUT",721,759.36,710.6,"8/31/2026","BEAR","4579791","474","346991",1,0,0,0,0
"6/2/2026","META",151.9,"B","CALL",520,605,520,"6/17/2027","BEAR","3038000","0","0",1,0,0,0,0
"6/2/2026","CLS",83.196,"A","PUT",470,457.84,386.804,"9/18/2026","BEAR","2820341","0","0",1,1,0,0,0
"6/2/2026","IBIT",1.71,"A","PUT",35,38.015,33.29,"8/21/2026","BEAR","8459419","44323","6045241",1,0,0,0,0
"6/2/2026","FLNC",8.55,"B","CALL",35,29.155,35,"11/20/2026","BEAR","2137500","0","0",1,1,0,1,0
"6/2/2026","JBL",53.059,"B","CALL",420,370.72,420,"1/15/2027","BEAR","2010941","0","0",1,1,1,1,1
"6/2/2026","TMDX",5,"B","CALL",100,69.332,100,"10/16/2026","BEAR","1190785","-2962","-750215",1,0,0,0,0
"6/2/2026","SVXY",2.2,"A","PUT",20,55.02,17.8,"6/16/2028","BEAR","1567840","0","0",1,0,0,0,0
"6/2/2026","IMVT",11.6,"B","CALL",30,30.66,30,"3/19/2027","BEAR","1815775","295","411115",1,1,0,1,0
"6/2/2026","RBLX",5.95,"B","CALL",50,45.21,50,"9/18/2026","BEAR","1172160","0","0",1,0,0,0,0
"6/2/2026","LYFT",1.73,"B","CALL",17,14.0129,17,"12/18/2026","BEAR","1038000","0","0",1,1,0,0,0
"6/2/2026","HPQ",2.22,"B","CALL",32,28.31,32,"9/18/2026","BEAR","1019422","0","0",1,1,0,0,0
"6/2/2026","STX",65.74,"A","PUT",700,925.83,634.26,"9/18/2026","BEAR","986100","0","0",1,0,0,0,0
"6/2/2026","ALLT",0.9,"A","PUT",7,8.1397,6.1,"12/18/2026","BEAR","-282360","-5678","-552360",1,0,1,0,1
"6/2/2026","ADEA",8,"B","CALL",30,29.6338,30,"11/20/2026","BEAR","120000","0","0",1,1,1,1,0
"6/2/2026","HWC",0.87,"B","CALL",75,68.77,75,"8/21/2026","BEAR","38260","0","0",1,0,0,0,0
"6/3/2026","IREN",22.5,"B","PUT",55,65.6099,55,"1/21/2028","BULL","11250000","0","0",1,1,0,1,0
"6/3/2026","PLTR",15.19,"A","CALL",170,141.29,185.19,"12/18/2026","BULL","10005006","661","1665696",1,0,0,0,0
"6/3/2026","ROKU",31.5,"A","CALL",100,120.13,131.5,"12/18/2026","BULL","5188865","0","0",1,1,0,0,0
"6/3/2026","BX",18.25,"B","PUT",110,109.47,110,"6/17/2027","BULL","4562500","0","0",1,1,1,1,1
"6/3/2026","DOCN",33.099,"A","CALL",180,177.21,213.099,"8/21/2026","BULL","3746783","0","0",1,1,1,0,0
"6/3/2026","WULF",2.61,"A","CALL",35,26.105,37.61,"9/18/2026","BULL","2963528","994","353528",1,0,0,0,0
"6/3/2026","VRT",32.7,"B","PUT",200,334.88,200,"1/21/2028","BULL","542500","-500","-1910000",1,1,1,0,0
"6/3/2026","WDC",245.08,"A","CALL",420,590.31,665.08,"1/15/2027","BULL","2009655","0","0",1,0,0,0,0
"6/3/2026","MOS",5.2,"A","CALL",21,23.7667,26.2,"12/18/2026","BULL","1756844","-465","-111600",1,1,1,1,1
"6/3/2026","PENG",17,"A","CALL",100,66.735,117,"1/15/2027","BULL","2566800","458","870200",1,1,1,0,0
"6/3/2026","TER",56.392,"A","CALL",420,403.3041,476.392,"8/21/2026","BULL","2845311","806","1491892",1,0,0,0,0
"6/3/2026","ASTS",14,"A","CALL",190,109.59,204,"10/16/2026","BULL","1132806","267","12806",1,0,0,0,0
"6/3/2026","SIMO",63.6,"A","CALL",320,307.76,383.6,"9/18/2026","BULL","1081198","0","0",1,1,0,1,0
"6/3/2026","HIMX",5.1,"A","CALL",25,24.2,30.1,"9/18/2026","BULL","811280","324","43740",1,0,0,0,0
"6/3/2026","QLYS",15.15,"B","PUT",110,110.7363,110,"12/18/2026","BULL","757500","0","0",1,1,1,1,1
"6/3/2026","RMBS",37,"A","CALL",200,172.65,237,"1/15/2027","BULL","736300","0","0",1,1,1,1,0
"6/3/2026","NU",0.71,"AA","CALL",13,11.64,13.71,"8/21/2026","BULL","9871172","67330","9192470",1,1,1,1,1
"6/3/2026","FCEL",5.3,"B","PUT",19,21.85,19,"10/16/2026","BULL","533670","-37","3670",1,1,1,1,1
"6/3/2026","NTAP",3.6,"B","PUT",135,178.66,135,"9/18/2026","BULL","360000","0","0",1,1,1,0,1
"6/3/2026","NTAP",15.7,"B","PUT",180,179.8186,180,"8/21/2026","BULL","205099","-227","-68082",1,1,1,0,1
"6/3/2026","TGB",1.35,"A","CALL",9,7.75,10.35,"1/15/2027","BULL","269730","0","0",1,1,1,1,1
"6/3/2026","GLD",59,"B","CALL",415,408.53,415,"1/21/2028","BEAR","15045000","0","0",1,0,0,0,0
"6/3/2026","META",70.9,"B","CALL",780,618.555,780,"9/17/2027","BEAR","8772510","0","0",1,0,0,0,0
"6/3/2026","ON",31.75,"B","CALL",190,132.61,190,"1/21/2028","BEAR","6668750","-1250","-1268750",1,0,0,0,0
"6/3/2026","IBM",36.55,"B","CALL",360,308.06,360,"3/19/2027","BEAR","5665250","0","0",1,1,1,1,0
"6/3/2026","RIVN",5.01,"B","CALL",25,18.195,25,"1/21/2028","BEAR","4926250","-250","-83750",1,0,0,0,0
"6/3/2026","CLS",72.475,"B","CALL",450,446.6162,450,"8/21/2026","BEAR","4904155","0","0",1,1,0,0,0
"6/3/2026","MSFT",20.3,"B","CALL",540,424.83,540,"3/19/2027","BEAR","3341930","-101","-210570",1,1,1,1,0
"6/3/2026","MSFT",175.451,"B","CALL",305,427.8599,305,"12/15/2028","BEAR","3210760","0","0",1,1,1,1,0
"6/3/2026","MSI",20,"B","CALL",480,413.98,480,"1/15/2027","BEAR","-1843759","-1331","-4588750",1,,,,
"6/3/2026","VAL",10.3,"B","CALL",90,92.23,90,"8/21/2026","BEAR","2060000","0","0",1,0,0,0,0
"6/3/2026","COHR",129.918,"B","CALL",650,414.19,650,"12/17/2027","BEAR","1779880","0","0",1,0,0,0,0
"6/3/2026","FBTC",17.1,"B","CALL",58,58.055,58,"1/21/2028","BEAR","170000","-1100","-1538000",1,1,1,1,1
"6/3/2026","HUT",16.351,"B","CALL",190,127.69,190,"10/16/2026","BEAR","1450792","-182","-140135",1,1,0,0,0
"6/3/2026","XSP",4.45,"A","PUT",590,0,585.55,"10/30/2026","BEAR","1481435","0","0",1,0,0,0,0
"6/3/2026","LITE",36.6,"A","PUT",560,942.86,523.4,"9/18/2026","BEAR","1409098","0","0",1,0,0,0,0
"6/3/2026","TECK",12.6,"B","CALL",65,67.76,65,"12/18/2026","BEAR","696470","-220","-279400",1,1,1,1,1
"6/3/2026","WBD",1.25,"A","PUT",20,27.0474,18.75,"3/19/2027","BEAR","597500","-2350","-340000",1,0,0,0,0
"6/3/2026","LSCC",12.8,"A","PUT",130,153.68,117.2,"9/18/2026","BEAR","538871","0","0",1,0,0,0,0
"6/3/2026","ASTX",11.101,"B","CALL",120,47.1,120,"9/18/2026","BEAR","222015","0","0",1,0,0,0,0
"6/3/2026","SKE",1.9,"B","CALL",37.5,29.5203,37.5,"10/16/2026","BEAR","28900","-995","-159200",1,0,1,0,1
"6/3/2026","FDMT",1.65,"B","CALL",10,9.546,10,"10/16/2026","BEAR","222506","500","57506",1,1,0,1,0
"6/3/2026","FENY",6,"B","CALL",27,32.35,27,"12/18/2026","BEAR","120000","0","0",1,0,0,0,0
"6/3/2026","STRC",3.5,"B","CALL",95,95.23,95,"9/18/2026","BEAR","-131455","-908","-201455",1,0,0,0,0
"6/3/2026","CPSH",2.7,"A","PUT",7.5,8.6506,4.8,"10/16/2026","BEAR","67500","0","0",1,0,0,0,0
"6/3/2026","ARIS",3.2,"B","CALL",17.5,17.364,17.5,"12/18/2026","BEAR","-56000","-800","-104000",1,1,1,1,1
"6/3/2026","PAYS",0.35,"A","PUT",5,6.8658,4.65,"9/18/2026","BEAR","30909","789","16569",1,0,0,0,0
"6/4/2026","VIX",3.49,"B","PUT",22,0,22,"11/18/2026","BULL","17450000","0","0",1,1,1,1,1
"6/4/2026","GOOGL",60.3,"A","CALL",420,371.28,480.3,"12/17/2027","BULL","3626890","-1160","-6401000",1,1,0,1,0
"6/4/2026","IBIT",14.25,"A","CALL",36,36.4,50.25,"12/15/2028","BULL","4811412","817","1107970",1,0,0,0,0
"6/4/2026","MPWR",402,"A","CALL",1360,1645.12,1762,"9/18/2026","BULL","3296400","0","0",1,1,1,1,1
"6/4/2026","NBIS",35.649,"A","CALL",350,259,385.649,"9/18/2026","BULL","4873356","1903","2274531",1,0,0,0,0
"6/4/2026","CF",7.7,"A","CALL",150,118.235,157.7,"11/20/2026","BULL","660211","-2821","-1261229",1,1,1,1,1
"6/4/2026","DELL",62.5,"A","CALL",700,423.54,762.5,"6/17/2027","BULL","1870000","0","0",1,0,0,0,0
"6/4/2026","MP",17.8,"B","PUT",70,66.25,70,"3/19/2027","BULL","1780000","0","0",1,0,0,0,0
"6/4/2026","APH",13.8,"A","CALL",150,146.405,163.8,"8/21/2026","BULL","3144500","1109","1419500",1,1,1,0,0
"6/4/2026","NBIS",44.3,"A","CALL",400,238.74,444.3,"1/15/2027","BULL","6480890","2000","5050000",1,0,0,0,0
"6/4/2026","RBLX",13.8,"B","PUT",55,43.73,55,"8/21/2026","BULL","-3094160","-2855","-4328735",1,0,0,0,0
"6/4/2026","IRDM",8.77,"A","CALL",55,51.565,63.7699999999999,"10/16/2026","BULL","526175","0","0",1,1,1,1,1
"6/4/2026","HPE",3,"A","CALL",75,52.81,78,"9/18/2026","BULL","541201","1206","146401",1,0,0,0,0
"6/4/2026","TLYS",1.1,"A","CALL",7.5,5.185,8.6,"1/15/2027","BULL","263125","375","43125",1,1,1,1,1
"6/4/2026","ALLT",0.93,"B","PUT",7,7.65,7,"12/18/2026","BULL","264360","678","78360",1,0,1,0,1
"6/4/2026","ABSI",1.75,"A","CALL",8,6.825,9.75,"11/20/2026","BULL","175000","0","0",1,0,0,0,0
"6/4/2026","GTE",1.15,"A","CALL",10,8.19,11.15,"11/20/2026","BULL","449334","2715","391834",1,1,1,1,1
"6/4/2026","CCL",2.4,"A","PUT",26,27.445,23.6,"9/18/2026","BEAR","5042924","1367","242924",1,0,0,0,0
"6/4/2026","GRRR",13.05,"B","CALL",7.5,18.75,7.5,"1/21/2028","BEAR","1729125","0","0",1,0,0,0,0
"6/4/2026","KLAC",99.1,"A","PUT",1660,2089.81,1560.9,"9/18/2026","BEAR","1347760","0","0",1,0,0,0,0
"6/4/2026","GWRE",42.9,"B","CALL",120,152.32,120,"9/18/2026","BEAR","481000","-175","-591500",1,0,0,0,0
"6/4/2026","DNOW",0.901,"B","CALL",14,13.515,14,"8/21/2026","BEAR","349857","-8075","-688494",1,1,0,1,0
"6/4/2026","WULF",9.7,"A","PUT",30,26.02,20.3,"1/15/2027","BEAR","1301740","388","331740",1,0,0,0,0
"6/4/2026","M",3.6,"A","PUT",25,23.185,21.4,"9/18/2026","BEAR","818376","196","53911",1,0,0,0,0
"6/4/2026","CDW",19.8,"A","PUT",150,139.56,130.2,"9/18/2026","BEAR","764267","0","0",1,0,0,0,0
"6/4/2026","NRGV",5.01,"A","PUT",10,6.405,4.99,"1/15/2027","BEAR","1763649","1497","1092810",1,0,0,0,0
"6/4/2026","LUNR",15.25,"A","PUT",44,34.6426,28.75,"9/18/2026","BEAR","652688","0","0",1,0,0,0,0
"6/4/2026","AMPX",4.28,"B","CALL",23,22.0495,23,"8/21/2026","BEAR","324559","-1172","-180772",1,0,1,0,1
"6/4/2026","SITM",53.1,"A","PUT",560,704.2,506.9,"8/21/2026","BEAR","440730","0","0",1,0,0,0,0
"6/4/2026","SMTC",26.6,"B","CALL",240,170.55,240,"11/20/2026","BEAR","112640","-229","-320940",1,1,1,1,0
"6/4/2026","LUNR",3.95,"A","PUT",25,33.85,21.05,"9/18/2026","BEAR","648273","665","312922",1,0,0,0,0
"6/4/2026","KGS",6.5,"B","CALL",77.5,68.15,77.5,"1/15/2027","BEAR","45000","-450","-247500",1,0,0,0,0
"6/4/2026","CWVX",12.1,"B","CALL",32,33,32,"9/18/2026","BEAR","212960","0","0",1,1,0,1,0
"6/4/2026","CLPT",3.3,"B","CALL",17.5,13.55,17.5,"1/15/2027","BEAR","99000","0","0",1,0,0,0,0
"6/4/2026","IDN",0.9,"B","CALL",5,4.205,5,"11/20/2026","BEAR","15225","-355","-29775",1,1,1,1,1
"6/5/2026","STM",6.9,"A","CALL",100,73.84,106.9,"10/16/2026","BULL","57096827","1186","854927",1,1,1,0,0
"6/5/2026","QQQ",75.8,"B","PUT",730,722.7428,730,"12/17/2027","BULL","33920500","0","0",1,0,0,0,0
"6/5/2026","BE",59.85,"A","CALL",270,260.905,329.85,"9/18/2026","BULL","12119950","406","1706110",1,1,1,1,1
"6/5/2026","PLTR",9.65,"B","PUT",92.5,135.5,92.5,"6/17/2027","BULL","8685000","0","0",1,0,0,0,0
"6/5/2026","GEV",112.791,"A","CALL",950,946.67,1062.791,"9/18/2026","BULL","3947683","0","0",1,1,1,0,1
"6/5/2026","IREN",13.99,"A","CALL",60,55.415,73.99,"10/16/2026","BULL","3857673","2319","1059673",1,1,0,1,0
"6/5/2026","BE",26.15,"B","PUT",160,266.11,160,"12/18/2026","BULL","2615000","0","0",1,1,1,1,1
"6/5/2026","GEV",75,"A","CALL",1000,946.14,1075,"8/21/2026","BULL","2557495","0","0",1,1,1,0,1
"6/5/2026","FCX",2.82,"B","PUT",55,63.395,55,"8/21/2026","BULL","1798236","-2264","-410388",1,1,1,0,0
"6/5/2026","HUT",26.15,"AA","CALL",115,115.19,141.15,"9/18/2026","BULL","2539367","325","476115",1,1,0,0,0
"6/5/2026","DJT",3.84,"A","CALL",8,8.2901,11.84,"1/21/2028","BULL","1946692","-190","-62701",1,1,0,1,0
"6/5/2026","FCX",6.8,"A","CALL",85,63.89,91.8,"3/19/2027","BULL","1700000","0","0",1,1,1,0,0
"6/5/2026","STM",22.9,"A","CALL",50,70.25,72.9,"8/21/2026","BULL","1190785","0","0",1,1,1,0,0
"6/5/2026","UAMY",2.7,"A","CALL",7.5,7.755,10.2,"11/20/2026","BULL","1375826","3734","441103",1,1,1,1,0
"6/5/2026","SQM",8.5,"B","PUT",70,76.9246,70,"1/15/2027","BULL","850000","0","0",1,0,1,0,1
"6/5/2026","MPLX",1.15,"A","CALL",60,56.745,61.15,"9/18/2026","BULL","922153","732","73120",1,1,1,1,1
"6/5/2026","COUR",0.8,"B","PUT",5,5.41,5,"11/20/2026","BULL","800000","0","0",1,1,1,1,1
"6/5/2026","PENG",26.5,"A","CALL",40,60.68,66.5,"9/18/2026","BULL","2128040","533","1428440",1,1,1,0,0
"6/5/2026","SMTC",42.385,"A","CALL",140,165.685,182.385,"8/21/2026","BULL","851614","152","215836",1,1,1,1,0
"6/5/2026","FIGR",2.65,"A","CALL",35,28.88,37.65,"8/21/2026","BULL","1432160","4126","913300",1,1,1,0,0
"6/5/2026","PONY",1.998,"A","CALL",20,8.54,21.998,"1/21/2028","BULL","191298","-992","-208500",1,1,1,1,1
"6/5/2026","MRP",1.949,"A","CALL",30,29.13,31.949,"11/20/2026","BULL","334981","900","153094",1,1,1,1,1
"6/5/2026","XPER",0.9,"B","PUT",7.5,7.43,7.5,"12/18/2026","BULL","63355","-333","-26645",1,1,1,1,1
"6/5/2026","OPTT",0.08,"A","CALL",0.5,0.2937,0.58,"11/20/2026","BULL","60000","0","0",1,1,1,1,1
"6/5/2026","COHR",38.7,"A","PUT",310,391.172558,271.3,"9/18/2026","BEAR","4866389","0","0",1,0,0,0,0
"6/5/2026","AVGO",47,"A","PUT",420,397.775,373,"8/21/2026","BEAR","15473032","2714","10890324",1,1,0,0,0
"6/5/2026","JPM",5.7,"A","PUT",285,312.45,279.3,"8/21/2026","BEAR","3991028","0","0",1,0,0,0,0
"6/5/2026","LUNR",5,"B","CALL",42,30.92,42,"9/18/2026","BEAR","2306510","0","0",1,0,0,0,0
"6/5/2026","RKLB",12.799,"A","PUT",90,109.51,77.201,"9/18/2026","BEAR","2038925","0","0",1,0,0,0,0
"6/5/2026","COHR",14.099,"AA","PUT",230,389.97,215.901,"9/18/2026","BEAR","2131090","220","440000",1,0,0,0,0
"6/5/2026","AA",22.85,"B","CALL",75,71.82,75,"1/21/2028","BEAR","1367297","0","0",1,1,1,1,0
"6/5/2026","PL",6.8,"A","PUT",30,33.835,23.2,"10/16/2026","BEAR","1293000","0","0",1,0,0,0,0
"6/5/2026","OUST",16.7,"B","CALL",70,38.71,70,"1/21/2028","BEAR","-219600","-800","-1252000",1,0,0,0,0
"6/5/2026","NOK",1.96,"B","CALL",32,14.085,32,"6/17/2027","BEAR","1004945","0","0",1,1,1,1,1
"6/5/2026","HYMC",3.909,"B","CALL",30,26.89,30,"8/21/2026","BEAR","769785","0","0",1,0,0,0,0
"6/5/2026","MARA",2.25,"B","CALL",12,12.3601,12,"8/21/2026","BEAR","-1566429","-9175","-2128929",2,0,0,0,0
"6/5/2026","CINF",21.8,"B","CALL",150,165.34,150,"12/18/2026","BEAR","545000","0","0",1,0,0,0,0
"6/5/2026","VIAV",3.4,"A","PUT",35,49.7,31.6,"9/18/2026","BEAR","413427","0","0",1,0,0,0,0
"6/5/2026","RCAT",4.67,"B","CALL",14,13.5936,14,"1/15/2027","BEAR","180571","-734","-121947",1,1,1,1,1
"6/5/2026","ABSI",2.45,"A","PUT",7,6.91,4.55,"1/15/2027","BEAR","189630","0","0",1,0,0,0,0
"6/5/2026","BWEN",1.15,"B","CALL",5,3.91,5,"1/15/2027","BEAR","155250","0","0",1,0,0,0,0
"6/5/2026","HYLN",2.56,"B","CALL",10,7.635,10,"1/15/2027","BEAR","-72072","-1000","-200072",1,1,1,1,1
"6/5/2026","STRC",0.6,"B","CALL",100,91.09,100,"9/18/2026","BEAR","68560","1084","10840",1,0,0,0,0
"6/8/2026","STX",146.2,"B","PUT",860,875.24,860,"9/18/2026","BULL","11637520","0","0",1,0,0,0,0
"6/8/2026","COIN",39,"A","CALL",200,160.12,239,"6/17/2027","BULL","7146200","200","750200",1,1,1,0,0
"6/8/2026","LRCX",151.928,"A","CALL",230,322.07,381.928,"1/21/2028","BULL","4740148","0","0",1,0,0,0,0
"6/8/2026","LASR",5.1,"B","PUT",40,68.34,40,"12/18/2026","BULL","3477219","-688","-354921",1,0,1,0,1
"6/8/2026","FROG",20.197,"A","CALL",75,86.66,95.197,"9/18/2026","BULL","3639320","222","244200",1,1,1,1,1
"6/8/2026","COHR",164,"B","PUT",410,409.735,410,"1/21/2028","BULL","3283825","0","0",1,0,0,0,0
"6/8/2026","AAPL",25.1,"A","CALL",450,314.0334,475.1,"12/15/2028","BULL","17935938","5714","14655898",1,0,1,0,0
"6/8/2026","SU",5.1,"A","CALL",85,63.36,90.1,"1/21/2028","BULL","2479000","0","0",1,1,1,1,1
"6/8/2026","LRCX",37.15,"A","CALL",440,327.1111,477.15,"1/15/2027","BULL","2412665","101","255025",1,0,0,0,0
"6/8/2026","GLXY",3.4,"A","CALL",45,31.13,48.4,"9/18/2026","BULL","2285898","1451","173238",1,0,0,0,0
"6/8/2026","UNM",1.7,"A","CALL",105,87.16,106.7,"12/18/2026","BULL","5946361","16993","4162361",2,1,1,1,1
"6/8/2026","PSKY",0.82,"A","CALL",12,10.39,12.82,"9/18/2026","BULL","2049414","8830","382716",1,1,0,0,0
"6/8/2026","TCOM",5.8,"A","CALL",50,47.77,55.8,"1/15/2027","BULL","1698015","1129","315040",1,1,1,1,1
"6/8/2026","RKLB",18.15,"B","PUT",110,114.3033,110,"8/21/2026","BULL","1089000","0","0",1,0,0,0,0
"6/8/2026","FROG",18,"A","CALL",80,87.86,98,"9/18/2026","BULL","3392600","1466","2492600",1,1,1,1,1
"6/8/2026","VALE",5.25,"A","CALL",10,15.1,15.25,"9/18/2026","BULL","10144340","17535","9381790",2,1,1,1,1
"6/8/2026","EVC",4.5,"A","CALL",5,8.98,9.5,"11/20/2026","BULL","675000","0","0",1,1,1,1,0
"6/8/2026","NNDM",0.25,"B","PUT",1.5,1.545,1.5,"11/20/2026","BULL","637500","0","0",1,0,1,0,1
"6/8/2026","LUNR",7.5,"B","PUT",30,30.035,30,"9/18/2026","BULL","598528","0","0",1,0,0,0,0
"6/8/2026","SYNA",18.5,"A","CALL",150,134.135,168.5,"9/18/2026","BULL","555000","0","0",1,1,1,1,1
"6/8/2026","ABAT",0.3,"A","CALL",7,4.1082,7.3,"8/21/2026","BULL","250967","0","0",1,1,1,1,0
"6/8/2026","LYG",0.41,"B","PUT",5,5.3,5,"1/15/2027","BULL","82000","0","0",1,0,0,0,0
"6/8/2026","KLAC",678,"A","PUT",2700,2123.12,2022,"9/18/2026","BEAR","6983400","0","0",1,0,0,0,0
"6/8/2026","CSCO",38.8,"A","PUT",150,125.18,111.2,"1/21/2028","BEAR","5820000","0","0",1,0,0,0,0
"6/8/2026","NET",47,"B","CALL",400,251.375,400,"1/21/2028","BEAR","4700000","0","0",1,1,0,1,0
"6/8/2026","OKLO",26.5,"A","PUT",75,59.52,48.5,"12/18/2026","BEAR","3975000","0","0",1,0,0,0,0
"6/8/2026","IHI",1.78,"A","PUT",47,49.93,45.22,"10/16/2026","BEAR","19870000","105000","16310000",1,0,0,0,0
"6/8/2026","BE",11.699,"A","PUT",145,253.63,133.301,"9/18/2026","BEAR","3030833","0","0",1,1,1,1,1
"6/8/2026","IREN",10.349,"A","PUT",50,58,39.6509999999999,"10/16/2026","BEAR","2511821","0","0",1,1,0,1,0
"6/8/2026","ETN",31.3,"B","CALL",480,405.23,480,"1/15/2027","BEAR","523290","-859","-1751540",1,0,0,0,0
"6/8/2026","ALNY",21.158,"BB","CALL",370,291.3,370,"1/15/2027","BEAR","2097650","0","0",1,0,0,0,0
"6/8/2026","CVNA",25.1,"A","PUT",74,69.59,48.9,"1/21/2028","BEAR","2005490","0","0",1,1,0,0,0
"6/8/2026","IONQ",25.627,"A","PUT",60,63.665,34.373,"1/21/2028","BEAR","1025080","0","0",1,0,0,0,0
"6/8/2026","HUT",21.5,"B","CALL",135,119.19,135,"9/18/2026","BEAR","-11785535","-6962","-12634785",1,1,0,0,0
"6/8/2026","ARMG",23,"B","CALL",40,43.6,40,"12/18/2026","BEAR","460000","0","0",1,1,0,1,0
"6/8/2026","PENG",16.7,"B","CALL",95,65.725,95,"1/15/2027","BEAR","459250","0","0",1,1,1,0,0
"6/8/2026","VLN",0.55,"B","CALL",7.5,2.275,7.5,"11/20/2026","BEAR","220000","0","0",1,1,1,1,1
"6/8/2026","KPTI",2.292,"A","PUT",7.5,8.86,5.208,"11/20/2026","BEAR","555224","1754","343020",1,0,0,0,0
"6/8/2026","GMAB",3.9,"A","PUT",25,24.815,21.1,"1/15/2027","BEAR","102959","0","0",1,0,0,0,0
"6/8/2026","GMAB",3.9,"B","CALL",25,24.7,25,"12/18/2026","BEAR","93604","0","0",1,0,0,0,0
"6/9/2026","AVGO",101.2,"AA","CALL",410,392.05,511.2,"12/17/2027","BULL","31907444","973","8902950",1,1,0,0,0
"6/9/2026","GOOGL",62.3,"A","CALL",405,365.7,467.3,"12/17/2027","BULL","19375600","1156","6865760",1,1,0,1,0
"6/9/2026","SOXX",162,"A","CALL",525,557.31,687,"12/17/2027","BULL","10416600","0","0",1,0,0,0,0
"6/9/2026","KLAC",357.6,"A","CALL",1980,2089.99,2337.6,"9/18/2026","BULL","3754799","0","0",1,0,0,0,0
"6/9/2026","VALE",5.25,"A","CALL",10,15.0503,15.25,"9/18/2026","BULL","7902125","8875","4878649",2,1,1,1,1
"6/9/2026","STRL",356.2,"A","CALL",500,819.9,856.2,"9/18/2026","BULL","2849600","0","0",1,1,1,1,1
"6/9/2026","TER",128.499,"A","CALL",240,356.115,368.499,"8/21/2026","BULL","2274439","0","0",1,0,0,0,0
"6/9/2026","UNM",2.336,"AA","CALL",105,88.87,107.336,"12/18/2026","BULL","4046995","7270","1921405",2,1,1,1,1
"6/9/2026","RMBS",57.6,"A","CALL",87.5,140.21,145.1,"8/21/2026","BULL","1802876","0","0",1,1,1,1,0
"6/9/2026","LRCX",41.35,"A","CALL",470,346.465,511.35,"1/15/2027","BULL","1579551","0","0",1,0,0,0,0
"6/9/2026","KSPI",23.6,"A","CALL",55,77.86,78.6,"9/18/2026","BULL","1180000","0","0",1,1,1,1,1
"6/9/2026","SA",4.6,"A","CALL",30,30.1938,34.6,"8/21/2026","BULL","2232572","6378","1088100",1,1,0,1,0
"6/9/2026","SOXS",2.52,"A","CALL",6,6.8189,8.52,"8/21/2026","BULL","1394027","6224","671725",1,0,0,0,0
"6/9/2026","SRAD",7.3,"A","CALL",10,16.32,17.3,"11/20/2026","BULL","365000","0","0",1,1,1,1,1
"6/9/2026","SRAD",1.35,"A","CALL",20,16.69,21.35,"8/21/2026","BULL","268354","0","0",1,1,1,1,1
"6/9/2026","SPY",17.91,"A","PUT",730,735.8,712.09,"8/21/2026","BEAR","55328672","59744","45595665",1,0,0,0,0
"6/9/2026","IONQ",9.77,"A","PUT",55,56.72,45.23,"8/21/2026","BEAR","15098269","7873","10184397",1,0,0,0,0
"6/9/2026","BE",35.6,"A","PUT",240,276.74,204.4,"8/21/2026","BEAR","6029939","390","2074800",1,1,1,1,1
"6/9/2026","JPM",5.248,"A","PUT",270,311.53,264.752,"9/18/2026","BEAR","3579041","4088","1155380",1,0,0,0,0
"6/9/2026","HPE",15.294,"A","PUT",50,47.99,34.706,"1/21/2028","BEAR","1742613","-300","-352500",1,0,0,0,0
"6/9/2026","BAC",1.51,"A","PUT",50,54.285,48.49,"9/18/2026","BEAR","1919773","4797","112258",1,0,0,0,0
"6/9/2026","WULF",8.85,"A","PUT",29,25.285,20.15,"12/18/2026","BEAR","1092870","0","0",1,0,0,0,0
"6/9/2026","BBD",0.75,"A","PUT",3.5,3.32,2.75,"1/21/2028","BEAR","544725","0","0",1,0,1,0,1
"6/9/2026","ASX",4.3,"A","PUT",32.5,35.285,28.2,"9/18/2026","BEAR","620479","1436","229620",1,0,0,0,0
"6/9/2026","PENG",13.4,"AA","PUT",55,57.62,41.6,"9/18/2026","BEAR","300168","0","0",1,1,1,0,0
"6/10/2026","XLC",13.45,"A","CALL",115,111.06,128.45,"1/21/2028","BULL","4035000","0","0",1,0,1,0,0
"6/10/2026","ORCL",51.989,"A","CALL",300,201.01,351.989,"9/15/2028","BULL","3966753","0","0",1,0,0,0,0
"6/10/2026","UGL",7.45,"A","CALL",45,46.04,52.45,"12/18/2026","BULL","4875127","3247","2270377",1,1,1,1,1
"6/10/2026","AMPG",2.55,"A","CALL",10,7.95,12.55,"1/15/2027","BULL","2135062","2149","318581",1,1,1,1,1
"6/10/2026","SMCI",6.623,"A","CALL",34,35.4975,40.623,"8/21/2026","BULL","6798253","26833","5167037",1,1,1,0,0
"6/10/2026","AIG",11.7,"A","CALL",75,73.82,86.7,"1/21/2028","BULL","1220676","0","0",1,1,1,1,1
"6/10/2026","MTSI",116.8,"A","CALL",250,352.8,366.8,"8/21/2026","BULL","1191358","0","0",1,1,1,1,1
"6/10/2026","IONQ",16.2,"A","CALL",80,60.03,96.2,"3/19/2027","BULL","4513478","2164","3389110",2,0,0,0,0
"6/10/2026","STM",5.9,"A","CALL",85,71.215,90.9,"8/21/2026","BULL","1519977","819","601467",1,1,1,0,0
"6/10/2026","IDN",0.35,"A","CALL",5,4.06,5.35,"8/21/2026","BULL","38350","300","13500",1,1,1,1,1
"6/10/2026","BE",29.75,"A","PUT",190,236.75,160.25,"9/18/2026","BEAR","5827986","0","0",1,1,1,1,1
"6/10/2026","DIA",12.45,"A","PUT",440,503.4199,427.55,"6/17/2027","BEAR","5245000","2000","1510000",1,0,0,0,0
"6/10/2026","SMH",75.5,"AA","PUT",570,573.25,494.5,"12/18/2026","BEAR","6438455","385","3161750",1,0,0,0,0
"6/10/2026","XLI",6.04,"A","PUT",160,171.09,153.96,"1/15/2027","BEAR","3020000","0","0",1,0,0,0,0
"6/10/2026","SMH",91,"A","PUT",640,573.1001,549,"8/21/2026","BEAR","4154900","200","1626000",1,0,0,0,0
"6/10/2026","MRVL",40.661,"AA","PUT",240,260.745,199.339,"9/18/2026","BEAR","2015885","-210","-508200",1,0,0,0,0
"6/10/2026","MRVL",35.768,"AA","PUT",230,260.54,194.232,"9/18/2026","BEAR","1766051","0","0",1,0,0,0,0
"6/10/2026","INTC",23.05,"A","PUT",95,109.74,71.95,"6/17/2027","BEAR","3071000","530","1457500",1,1,1,1,1
"6/10/2026","USB",4.959,"AA","PUT",55,57.26,50.041,"6/17/2027","BEAR","1155551","0","0",1,0,0,0,0
"6/10/2026","SANM",48.3,"A","PUT",240,233.2899,191.7,"10/16/2026","BEAR","1139879","0","0",1,0,0,0,0
"6/10/2026","INTC",26.3,"A","PUT",100,107.115,73.7,"6/17/2027","BEAR","641685","-62","-118385",1,1,1,1,1
"6/10/2026","XOVR",2.95,"A","PUT",20,19.795,17.05,"11/20/2026","BEAR","344221","0","0",1,1,1,1,0
"6/10/2026","SANM",11.4,"A","PUT",160,235.25,148.6,"10/16/2026","BEAR","263337","0","0",1,0,0,0,0
"6/10/2026","FORM",4.4,"A","PUT",65,116.18,60.6,"10/16/2026","BEAR","142554","0","0",1,0,0,0,0
"6/11/2026","QQQ",45.904,"A","CALL",710,712.3501,755.904,"9/30/2026","BULL","14664213","339","1715628",1,0,0,0,0
"6/11/2026","BRK.B",102.3,"A","CALL",410,484.82,512.3,"6/17/2027","BULL","5556890","0","0",1,1,1,1,1
"6/11/2026","SATS",12.5,"A","CALL",145,128.22,157.5,"8/21/2026","BULL","5983887","1843","1061387",1,1,0,1,0
"6/11/2026","CEG",14.89,"A","CALL",280,245.49,294.89,"9/18/2026","BULL","2285220","-7","51720",1,1,1,1,1
"6/11/2026","PWR",207,"A","CALL",480,668,687,"9/18/2026","BULL","2007900","0","0",1,0,0,0,0
"6/11/2026","SATS",18.151,"A","CALL",145,123.37,163.151,"12/18/2026","BULL","1878836","0","0",1,1,0,1,0
"6/11/2026","OSCR",5.179,"A","CALL",28,28.555,33.179,"9/18/2026","BULL","1579200","1132","543360",1,0,0,0,0
"6/11/2026","JBLU",0.37,"A","CALL",6,4.975,6.37,"9/18/2026","BULL","3807992","56126","2814519",1,1,1,1,1
"6/11/2026","ARMK",3.2,"A","CALL",60,54.575,63.2,"1/15/2027","BULL","800000","0","0",1,1,1,1,1
"6/11/2026","Q",28.2,"A","CALL",135,144.065,163.2,"10/16/2026","BULL","454016","0","0",1,1,0,0,0
"6/11/2026","DRS",2.25,"A","CALL",60,49.175,62.25,"10/16/2026","BULL","292500","0","0",1,1,1,1,1
"6/11/2026","CWVX",9.1,"A","CALL",24,24.94,33.1,"9/18/2026","BULL","208390","0","0",1,1,0,1,0
"6/11/2026","OBE",1.4,"A","CALL",12.5,11.25,13.9,"10/16/2026","BULL","171732","1697","115732",1,1,0,1,0
"6/11/2026","MOV",3.3,"A","CALL",40,37.56,43.3,"12/18/2026","BULL","52800","0","0",1,1,1,1,1
"6/11/2026","IDN",0.75,"A","CALL",4,4.0486,4.75,"8/21/2026","BULL","41175","0","0",1,1,1,1,1
"6/11/2026","SMH",83.54,"A","PUT",550,592.3,466.46,"6/17/2027","BEAR","16708000","0","0",1,0,0,0,0
"6/11/2026","GLD",113.65,"A","PUT",500,386.4519,386.35,"9/30/2026","BEAR","45187820","2687","29481390",3,0,0,0,0
"6/11/2026","GLD",113.65,"A","PUT",500,386.4519,386.35,"9/18/2026","BEAR","13228860","0","0",1,0,0,0,0
"6/11/2026","GLD",100.1,"A","PUT",485,386,384.9,"8/21/2026","BEAR","283356825","25536","276349825",3,0,0,0,0
"6/11/2026","CPNG",18.77,"A","PUT",35,17.13,16.23,"9/18/2026","BEAR","30675","-1395","-2587775",1,1,1,1,1
"6/11/2026","YPF",9.2,"A","PUT",50,57.4,40.8,"1/21/2028","BEAR","1840000","0","0",1,0,0,0,0
"6/11/2026","ELTX",7,"A","PUT",12.5,13.735,5.5,"11/20/2026","BEAR","1050000","0","0",1,0,0,0,0
"6/11/2026","DOCN",31.506,"AA","PUT",115,173.1651,83.494,"1/21/2028","BEAR","630116","0","0",1,1,1,0,0
"6/11/2026","BWA",9.5,"A","PUT",70,73.1,60.5,"1/15/2027","BEAR","474050","0","0",1,1,1,1,0
"6/11/2026","VSH",17.367,"A","PUT",50,58.62,32.6329999999999,"1/21/2028","BEAR","291768","0","0",1,1,1,0,0
"6/11/2026","DAN",3.5,"A","PUT",30,31.2393,26.5,"1/15/2027","BEAR","224000","0","0",1,0,0,0,0
"6/12/2026","INTC",38.05,"A","CALL",97.5,125.65,135.55,"9/18/2026","BULL","268838264","6344","27220764",1,1,1,1,1
"6/12/2026","GLW",50,"A","CALL",140,177.7425,190,"9/18/2026","BULL","56585045","13663","23085045",1,1,1,1,1
"6/12/2026","TSLA",47.4,"A","CALL",435,396.895,482.4,"12/18/2026","BULL","10867700","419","1382700",1,0,0,0,0
"6/12/2026","SNOW",58.95,"A","CALL",310,240.7,368.95,"1/21/2028","BULL","3296875","0","0",1,1,1,1,1
"6/12/2026","IEFA",37.9,"A","CALL",60,98.115,97.9,"9/18/2026","BULL","2782650","0","0",1,1,1,1,1
"6/12/2026","SATS",29,"A","CALL",135,115.02,164,"1/21/2028","BULL","4255552","584","1585582",1,1,0,1,0
"6/12/2026","GOOG",76.53,"A","CALL",300,360.5488,376.53,"11/20/2026","BULL","4652900","300","2365100",1,0,0,0,0
"6/12/2026","ABVX",28,"A","CALL",100,100.05,128,"12/18/2026","BULL","2142000","0","0",1,1,1,1,1
"6/12/2026","HPE",7.345,"A","CALL",60,49.28,67.345,"1/15/2027","BULL","1954895","200","253000",1,0,0,0,0
"6/12/2026","RGTI",5.249,"A","CALL",21,21.1599,26.249,"10/16/2026","BULL","554862","0","0",1,1,0,1,0
"6/12/2026","SAN",1.14,"A","CALL",13,12.705,14.14,"12/18/2026","BULL","402018","391","58650",1,1,0,0,0
"6/12/2026","SERV",2.368,"A","CALL",7,7.305,9.368,"12/18/2026","BULL","337181","0","0",1,1,0,1,0
"6/12/2026","CAG",1.2,"A","CALL",14,13.4766,15.2,"12/18/2026","BULL","210120","0","0",1,1,1,1,1
"6/12/2026","KRP",1.05,"A","CALL",15,15.425,16.05,"1/15/2027","BULL","119625","995","67125",1,1,1,1,1
"6/12/2026","MSFT",43.7,"A","PUT",420,388.1499,376.3,"8/21/2026","BEAR","38274400","13700","16424400",1,1,1,1,0
"6/12/2026","QQQ",28.893,"A","PUT",714,720.98,685.107,"8/31/2026","BEAR","22264139","5822","14318159",1,0,0,0,0
"6/12/2026","XLF",4.95,"A","PUT",53,53.315,48.05,"12/15/2028","BEAR","4455000","0","0",1,0,0,0,0
"6/12/2026","CIEN",33.74,"A","PUT",330,453.855,296.26,"10/16/2026","BEAR","1791600","0","0",1,0,0,0,0
"6/12/2026","PLTR",19.6,"A","PUT",110,129.44,90.4,"9/17/2027","BEAR","980000","0","0",1,0,0,0,0
"6/12/2026","NOK",4.199,"A","PUT",16,14.94,11.801,"1/15/2027","BEAR","889871","0","0",1,1,1,1,1
"6/12/2026","RARE",5.6,"A","PUT",22.5,24.21,16.9,"9/18/2026","BEAR","785680","0","0",1,0,0,0,0
"6/15/2026","AVGO",95.2,"A","CALL",420,390.21,515.2,"12/17/2027","BULL","26789797","1619","13872777",1,1,0,0,0
"6/15/2026","BE",43.85,"A","CALL",330,273.44,373.85,"9/18/2026","BULL","45223377","21657","37967673",1,1,1,1,1
"6/15/2026","AAPL",7.649,"A","CALL",320,297.27,327.649,"9/18/2026","BULL","66660680","75664","61436006",1,0,1,0,0
"6/15/2026","TSM",101.75,"A","CALL",490,438.945,591.75,"12/17/2027","BULL","4049700","125","1138750",1,1,1,0,0
"6/15/2026","IONQ",16,"A","CALL",80,61.505,96,"3/19/2027","BULL","2598760","273","360360",2,0,0,0,0
"6/15/2026","TSLA",5.15,"A","CALL",670,410.99,675.15,"10/16/2026","BULL","1644041","2109","265640",1,0,0,0,0
"6/15/2026","INDA",0.97,"A","CALL",52,49.253809,52.97,"9/18/2026","BULL","2073621","6668","780126",1,0,0,0,0
"6/15/2026","APH",42,"A","CALL",165,158.89,207,"1/21/2028","BULL","1260000","0","0",1,1,1,0,0
"6/15/2026","ALKS",3.7,"A","CALL",45,43.875,48.7,"8/21/2026","BULL","1202500","0","0",1,1,1,1,1
"6/15/2026","CIEN",81.7,"A","CALL",500,462.83,581.7,"10/16/2026","BULL","1094780","0","0",1,0,0,0,0
"6/15/2026","VSH",18.922,"AA","CALL",65,63.755,83.922,"11/20/2026","BULL","631061","0","0",1,1,1,0,0
"6/15/2026","JBLU",1.28,"A","CALL",7,5.39,8.28,"12/17/2027","BULL","576000","0","0",1,1,1,1,1
"6/15/2026","SPYI",2.95,"A","CALL",51,53.99,53.95,"9/18/2026","BULL","507400","0","0",1,1,1,1,1
"6/15/2026","ERII",1.9,"A","CALL",7.5,8.9154,9.4,"8/21/2026","BULL","184200","0","0",1,1,1,1,1
"6/15/2026","KNTK",7.2,"A","CALL",40,45.78,47.2,"12/18/2026","BULL","137520","0","0",1,1,1,1,1
"6/15/2026","AMD",209.85,"A","PUT",600,549.55,390.15,"1/21/2028","BEAR","26231250","0","0",1,0,0,0,0
"6/15/2026","OWL",2.66,"A","PUT",12,9.775,9.34,"9/18/2026","BEAR","23962078","0","0",1,0,0,0,0
"6/15/2026","SOXL",67.22,"A","PUT",200,274.56,132.78,"12/18/2026","BEAR","7530830","0","0",1,0,0,0,0
"6/15/2026","WDC",122.55,"A","PUT",650,638.025,527.45,"9/18/2026","BEAR","5919158","0","0",1,0,0,0,0
"6/15/2026","HOOD",12.32,"A","PUT",85,98.95,72.68,"1/15/2027","BEAR","5544000","0","0",1,0,0,0,0
"6/15/2026","LRCX",28,"A","PUT",340,384.125,312,"8/21/2026","BEAR","3739130","110","276610",1,0,0,0,0
"6/15/2026","EYPT",2.725,"A","PUT",7.5,12.795,4.775,"10/16/2026","BEAR","1495520","0","0",1,0,0,0,0
"6/15/2026","PLTR",12.913,"A","PUT",135,134.09,122.087,"8/21/2026","BEAR","4451524","2830","3036496",1,0,0,0,0
"6/15/2026","KLAC",93.3,"A","PUT",270,256.84,176.7,"1/21/2028","BEAR","1399500","0","0",1,0,0,0,0
"6/15/2026","CMTL",0.6,"A","PUT",2.5,2.93,1.9,"10/16/2026","BEAR","36000","0","0",1,0,0,0,0
"6/16/2026","EOG",9.9,"A","CALL",130,131.8177,139.9,"9/18/2026","BULL","12210478","1334","2778480",1,1,1,1,1
"6/16/2026","MPWR",222,"A","CALL",1560,1541.88,1782,"9/18/2026","BULL","1731600","0","0",1,1,1,1,1
"6/16/2026","TMHC",3.6,"A","CALL",70,72.18,73.6,"10/16/2026","BULL","2070405","2083","550405",1,1,1,1,1
"6/16/2026","EOSE",2.73,"A","CALL",6,7.125,8.73,"11/20/2026","BULL","2901655","16737","1594905",1,0,0,0,0
"6/16/2026","FRMI",2.65,"A","CALL",10,7.825,12.65,"1/15/2027","BULL","5872582","41405","4700912",1,1,1,1,1
"6/16/2026","XPEV",4.18,"A","CALL",11,13.93,15.18,"1/15/2027","BULL","1943954","4150","939500",1,1,1,1,1
"6/16/2026","GO",3,"A","CALL",7.5,9.77,10.5,"10/16/2026","BULL","900000","0","0",1,1,1,1,1
"6/16/2026","FEZ",2.7,"A","CALL",71,70.1,73.7,"11/20/2026","BULL","647976","0","0",1,0,0,0,0
"6/16/2026","NN",6.5,"A","CALL",30,19.01,36.5,"1/21/2028","BULL","1426871","1945","852271",1,1,0,1,0
"6/16/2026","DOMO",0.39,"A","CALL",3,2.025,3.39,"8/21/2026","BULL","1516980","10823","965668",1,1,1,1,1
"6/16/2026","HST",0.73,"A","CALL",26,24.925,26.73,"8/21/2026","BULL","467748","201","15075",1,1,1,1,1
"6/16/2026","WULF",14.2,"A","CALL",27,28.46,41.2,"6/16/2028","BULL","417480","0","0",1,0,0,0,0
"6/16/2026","ARLP",0.4,"A","CALL",27.5,24.205,27.9,"9/18/2026","BULL","218000","0","0",1,1,1,1,1
"6/16/2026","TKR",3.5,"A","CALL",190,141.285,193.5,"11/20/2026","BULL","210000","0","0",1,1,1,1,1
"6/16/2026","IVES",4.25,"A","CALL",38,37.88,42.25,"11/20/2026","BULL","272000","300","102000",1,1,1,1,1
"6/16/2026","PEB",1.4,"A","CALL",20,19.2701,21.4,"9/18/2026","BULL","117810","0","0",1,1,1,1,1
"6/16/2026","IGV",5.77,"A","PUT",80,91.5099,74.23,"3/19/2027","BEAR","3173500","0","0",1,0,0,0,0
"6/16/2026","MRVL",102.4,"A","PUT",280,315.05,177.6,"1/21/2028","BEAR","3072000","0","0",1,0,0,0,0
"6/16/2026","WING",23.6,"A","PUT",165,164.2998,141.4,"9/18/2026","BEAR","1770000","0","0",1,0,0,0,0
"6/16/2026","AIQ",3.4,"A","PUT",55,64.87,51.6,"1/15/2027","BEAR","507940","0","0",1,0,0,0,0
"6/17/2026","NBIS",36.6,"A","CALL",410,293.35,446.6,"9/18/2026","BULL","7424288","1650","1191308",1,0,0,0,0
"6/17/2026","BE",118.046,"A","CALL",190,293.29,308.046,"8/21/2026","BULL","7368862","565","4346877",1,1,1,1,1
"6/17/2026","WDC",101.9,"A","CALL",920,723.75,1021.9,"10/16/2026","BULL","2853200","0","0",1,0,0,0,0
"6/17/2026","WDC",121.55,"A","CALL",850,727.25,971.55,"10/16/2026","BULL","1944798","0","0",1,0,0,0,0
"6/17/2026","WULF",4.44,"A","CALL",33,27.825,37.44,"10/16/2026","BULL","1424944","1720","92944",1,0,0,0,0
"6/17/2026","IBKR",22.5,"A","CALL",95,94.37,117.5,"1/21/2028","BULL","1100250","0","0",1,0,1,0,0
"6/17/2026","NUAI",2.65,"A","CALL",5.5,5.75,8.15,"1/15/2027","BULL","1052150","210","45150",1,0,0,0,0
"6/17/2026","HPE",7.8,"A","CALL",90,48.5199,97.8,"1/21/2028","BULL","978630","150","96750",1,0,0,0,0
"6/17/2026","FRMI",1.6,"A","CALL",11,8.7554,12.6,"8/21/2026","BULL","927493","1894","91570",1,1,1,1,1
"6/17/2026","MSTX",4.8,"A","CALL",15,16.04,19.8,"9/18/2026","BULL","757030","0","0",1,1,1,1,1
"6/17/2026","TWST",23.05,"A","CALL",85,87.5713,108.05,"1/15/2027","BULL","576250","0","0",1,1,1,1,1
"6/17/2026","WULF",4.766,"A","CALL",31,28.725,35.766,"9/18/2026","BULL","605439","4000","128850",1,0,0,0,0
"6/17/2026","RHI",3,"A","CALL",40,32.64,43,"12/18/2026","BULL","776057","1675","415757",1,1,1,1,1
"6/17/2026","PROP",0.15,"A","CALL",1.5,0.6322,1.65,"12/18/2026","BULL","223862","6972","110332",1,1,1,1,1
"6/17/2026","PROP",0.2,"A","CALL",1,0.6443,1.2,"1/15/2027","BULL","113559","690","13800",1,1,1,1,1
"6/17/2026","PTRN",4.8,"A","CALL",20,19.79,24.8,"12/18/2026","BULL","191995","150","96000",1,1,1,1,1
"6/17/2026","GLD",96.15,"A","PUT",485,389.21,388.85,"8/21/2026","BEAR","276349825","22666","249641525",3,0,0,0,0
"6/17/2026","GLD",111.7,"A","PUT",500,389.21,388.3,"9/30/2026","BEAR","29481390","896","10120320",3,0,0,0,0
"6/17/2026","PYPL",37.35,"A","PUT",80,42.705,42.65,"12/18/2026","BEAR","6349500","0","0",1,0,0,0,0
"6/17/2026","MRVL",33.4,"A","PUT",180,295.4048,146.6,"6/17/2027","BEAR","3607200","0","0",1,0,0,0,0
"6/17/2026","AGX",110,"A","PUT",700,717,590,"10/16/2026","BEAR","3028000","0","0",1,0,0,0,0
"6/17/2026","STM",10.09,"A","PUT",50,74.95,39.91,"1/21/2028","BEAR","3027000","0","0",1,1,1,0,0
"6/17/2026","STM",23.8,"A","PUT",75,75.56,51.2,"1/21/2028","BEAR","2380000","0","0",1,1,1,0,0
"6/17/2026","KRYS",26.5,"A","PUT",290,344.96,263.5,"3/19/2027","BEAR","2252500","0","0",1,0,0,0,0
"6/17/2026","KKR",9,"A","PUT",95,97.42,86,"12/18/2026","BEAR","927000","0","0",1,0,0,0,0
"6/17/2026","DAN",2.8,"A","PUT",27,29.36,24.2,"2/19/2027","BEAR","280000","0","0",1,0,0,0,0
"6/17/2026","SPMO",12,"A","PUT",157,157.475,145,"1/15/2027","BEAR","192000","0","0",1,0,0,0,0
"6/17/2026","GIL",4,"A","PUT",52.5,52.65,48.5,"8/21/2026","BEAR","405070","1379","336270",1,0,0,0,0
"6/18/2026","NVDA",43.2,"AA","CALL",205,210.49,248.2,"6/17/2027","BULL","51508565","5010","19173574",1,1,0,1,0
"6/18/2026","HUT",23.85,"A","CALL",135,126.01,158.85,"9/18/2026","BULL","12634785","3431","4223667",1,1,0,0,0
"6/18/2026","SPY",104.3,"A","CALL",725,744.92,829.3,"12/17/2027","BULL","7323137","0","0",1,0,0,0,0
"6/18/2026","TSLA",29.55,"A","CALL",430,393.13,459.55,"10/16/2026","BULL","8044087","256","801382",1,0,0,0,0
"6/18/2026","SNDK",428,"A","CALL",3200,2177.79,3628,"12/18/2026","BULL","11701600","100","4760000",1,1,1,0,0
"6/18/2026","DELL",104.534,"A","CALL",500,424.875,604.534,"6/17/2027","BULL","5895720","0","0",1,0,0,0,0
"6/18/2026","DDOG",75.156,"AA","CALL",150,221.62,225.156,"8/21/2026","BULL","5047325","0","0",1,1,1,1,1
"6/18/2026","SOXL",118,"A","CALL",275,276.905,393,"12/18/2026","BULL","1935200","0","0",1,0,0,0,0
"6/18/2026","KLAC",39.4,"A","CALL",310,256.09,349.4,"1/15/2027","BULL","1662680","0","0",1,0,0,0,0
"6/18/2026","FCEL",10.8,"A","CALL",15,24.0984,25.8,"8/21/2026","BULL","1620000","0","0",1,1,1,1,1
"6/18/2026","SHEL",3.8,"A","CALL",80,78.46,83.8,"10/16/2026","BULL","1297652","0","0",1,1,1,1,0
"6/18/2026","MITK",4.096,"A","CALL",17.5,17.5,21.596,"1/15/2027","BULL","1489551","951","408753",1,1,1,1,1
"6/18/2026","AEIS",32.5,"A","CALL",400,368.83,432.5,"8/21/2026","BULL","1027000","0","0",1,1,1,1,1
"6/18/2026","BFLY",1.347,"A","CALL",10,8.73,11.347,"8/21/2026","BULL","958517","2067","167315",1,1,1,1,1
"6/18/2026","PENG",13.75,"A","CALL",75,66.555,88.75,"9/18/2026","BULL","3698303","2024","2918027",1,1,1,0,0
"6/18/2026","FEZ",26.4,"A","CALL",44,70.17,70.4,"1/15/2027","BULL","660000","0","0",1,0,0,0,0
"6/18/2026","SIMO",34.9,"A","CALL",440,324.72,474.9,"9/18/2026","BULL","502558","0","0",1,1,0,1,0
"6/18/2026","FCEL",11.914,"A","CALL",15,24.135,26.914,"10/16/2026","BULL","1482514","1000","1000000",1,1,1,1,1
"6/18/2026","RIOT",2.23,"A","CALL",34,27.995,36.23,"8/21/2026","BULL","480655","150","44250",1,0,0,0,0
"6/18/2026","BFLY",2.45,"A","CALL",10,8.645,12.45,"1/15/2027","BULL","1091024","3325","683547",1,1,1,1,1
"6/18/2026","WYFI",7.1,"A","CALL",50,38.385,57.1,"8/21/2026","BULL","527988","895","125440",1,1,1,1,1
"6/18/2026","RIOT",6.7,"A","CALL",31,28.0277,37.7,"1/15/2027","BULL","402000","0","0",1,0,0,0,0
"6/18/2026","VRSN",18.458,"A","CALL",280,265.83,298.457999999999,"11/20/2026","BULL","337788","0","0",1,1,1,1,1
"6/18/2026","CPA",10.3,"A","CALL",170,151.345,180.3,"1/15/2027","BULL","309000","0","0",1,1,1,1,1
"6/18/2026","FOXA",1.382,"A","CALL",60,51.88,61.382,"8/21/2026","BULL","915425","3068","638945",1,1,1,0,0
"6/18/2026","VICI",2.55,"A","CALL",25,26.645,27.55,"12/18/2026","BULL","272175","0","0",1,1,1,1,1
"6/18/2026","TTEK",1.31,"A","CALL",30,27.2444,31.31,"9/18/2026","BULL","237503","0","0",1,0,0,0,0
"6/18/2026","FLY",3.9,"A","CALL",37,29.33,40.9,"9/18/2026","BULL","218400","0","0",1,1,0,1,0
"6/18/2026","RTO",1.6,"A","CALL",30,28.53,31.6,"8/21/2026","BULL","574180","3870","414180",1,1,1,1,1
"6/18/2026","SKM",2.2,"A","CALL",65,35.8159,67.2,"12/18/2026","BULL","79200","0","0",1,1,0,0,0
"6/18/2026","WNC",0.9,"A","CALL",17.5,11.65,18.4,"1/15/2027","BULL","73230","150","12000",1,0,0,0,0
"6/18/2026","CERS",0.881,"A","CALL",3,2.635,3.881,"2/19/2027","BULL","28612","200","11000",1,1,1,1,1
"6/18/2026","MU",115.74,"A","PUT",990,1119.18,874.26,"8/21/2026","BEAR","33564600","0","0",1,0,0,0,0
"6/18/2026","AMD",164.04,"A","PUT",550,534.4,385.96,"9/17/2027","BEAR","16404000","0","0",1,0,0,0,0
"6/18/2026","GLD",112.95,"A","PUT",500,387.11,387.05,"9/30/2026","BEAR","10120320","0","0",3,0,0,0,0
"6/18/2026","GLD",98.1,"A","PUT",485,387.11,386.9,"8/21/2026","BEAR","249641525","21914","242264405",3,0,0,0,0
"6/18/2026","IGV",31.5,"A","PUT",120,89.01,88.5,"12/18/2026","BEAR","6833728","0","0",1,0,0,0,0
"6/18/2026","COHR",93.899,"A","PUT",430,398.32,336.101,"9/18/2026","BEAR","8920475","476","4469640",1,0,0,0,0
"6/18/2026","IGV",8.201,"A","PUT",89,89.14,80.799,"12/18/2026","BEAR","2408397","0","0",1,0,0,0,0
"6/18/2026","PBR",0.2,"A","PUT",10,16.405,9.8,"1/15/2027","BEAR","2254980","23749","474980",1,1,1,0,0
"6/18/2026","VALE",0.65,"A","PUT",13,15.437,12.35,"12/18/2026","BEAR","1479714","6367","405329",1,1,1,1,1
"6/18/2026","PWR",109.8,"A","PUT",780,710.39,670.2,"9/18/2026","BEAR","922320","0","0",1,0,0,0,0
"6/18/2026","CMPS",3.5,"A","PUT",10,12.04,6.5,"1/21/2028","BEAR","646550","0","0",1,1,1,0,0
"6/18/2026","XSD",60.499,"A","PUT",630,631.4809,569.501,"8/21/2026","BEAR","556589","0","0",1,0,0,0,0
"6/18/2026","OMC",3.9,"A","PUT",65,72.335,61.1,"12/18/2026","BEAR","583800","313","115800",1,0,0,0,0
"6/18/2026","TRN",3.2,"A","PUT",36,34.8575,32.8,"8/21/2026","BEAR","530800","450","146250",1,0,0,0,0
"6/22/2026","MU",451,"A","CALL",1500,1191.255,1951,"12/17/2027","BULL","90303810","0","0",1,0,0,0,0
"6/22/2026","TSM",49.7,"A","CALL",560,466.3,609.7,"1/15/2027","BULL","11607200","-4200","-4296800",1,1,1,0,0
"6/22/2026","QRVO",5,"A","CALL",115,102.795,120,"8/21/2026","BULL","10044528","10523","5044528",3,1,1,1,1
"6/22/2026","SPY",283.058,"A","CALL",485,744.505,768.058,"6/17/2027","BULL","4245871","0","0",1,0,0,0,0
"6/22/2026","IREN",14.35,"A","CALL",105,56.99,119.35,"6/17/2027","BULL","2870000","0","0",1,1,0,1,0
"6/22/2026","GDS",2.65,"A","CALL",36,31.335,38.65,"9/18/2026","BULL","2650000","0","0",1,1,1,1,1
"6/22/2026","KWEB",10.24,"A","CALL",15,24.935,25.24,"9/18/2026","BULL","2560000","0","0",1,1,1,1,1
"6/22/2026","GOOGL",161.275,"AA","CALL",230,345.91,391.275,"12/15/2028","BULL","2225595","0","0",1,1,0,1,0
"6/22/2026","NVDA",3.8,"A","CALL",460,213.607,463.8,"6/17/2027","BULL","1827800","0","0",1,1,0,1,0
"6/22/2026","COHR",36,"A","CALL",570,410.84,606,"9/18/2026","BULL","1612780","0","0",1,0,0,0,0
"6/22/2026","AA",3.1,"A","CALL",65,57.94,68.1,"8/21/2026","BULL","1903645","1758","353645",1,1,1,1,0
"6/22/2026","CORZ",8.56,"A","CALL",30,29.61,38.56,"3/19/2027","BULL","898800","0","0",1,0,0,0,0
"6/22/2026","MTSI",77.85,"A","CALL",470,398,547.85,"2/19/2027","BULL","778500","0","0",1,1,1,1,1
"6/22/2026","PERI",1.75,"A","CALL",7.5,8.6,9.25,"10/16/2026","BULL","740850","300","51000",1,1,1,1,1
"6/22/2026","FROG",12,"A","CALL",80,84.09,92,"8/21/2026","BULL","13049750","6690","12459350",1,1,1,1,1
"6/22/2026","FCEL",6.2,"A","CALL",24,24.59,30.2,"8/21/2026","BULL","513380","0","0",1,1,1,1,1
"6/22/2026","PGEN",1.1,"A","CALL",5,5.27,6.1,"10/16/2026","BULL","1637759","6986","1142610",1,1,1,1,1
"6/22/2026","AMSC",9.4,"A","CALL",45,45.22,54.4,"10/16/2026","BULL","460600","0","0",1,1,1,1,1
"6/22/2026","LSCC",21,"A","CALL",155,155.6099,176,"8/21/2026","BULL","396900","0","0",1,0,0,0,0
"6/22/2026","MNTN",1.5,"A","CALL",7.5,7.86,9,"9/18/2026","BULL","1281389","4093","921689",1,1,1,1,1
"6/22/2026","NVTS",3.82,"A","CALL",27,24,30.82,"8/21/2026","BULL","785162","1400","446262",1,1,0,1,0
"6/22/2026","ASYS",2.7,"A","CALL",25,22.17,27.7,"8/21/2026","BULL","171425","0","0",1,1,1,1,1
"6/22/2026","ASX",3.31,"AA","CALL",55,43.805,58.31,"9/18/2026","BULL","314622","448","165760",1,0,0,0,0
"6/22/2026","MAMA",2.5,"A","CALL",20,18.44,22.5,"1/15/2027","BULL","121250","0","0",1,1,1,1,1
"6/22/2026","ALSN",1.749,"A","CALL",140,121.0062,141.749,"8/21/2026","BULL","43380","0","0",1,1,1,1,1
"6/22/2026","DNOW",1,"A","CALL",15,13.66,16,"11/20/2026","BULL","340217","3475","310217",1,1,0,1,0
"6/22/2026","BE",97.849,"A","PUT",360,337.43,262.151,"10/16/2026","BEAR","11418935","0","0",1,1,1,1,1
"6/22/2026","BE",49.099,"A","PUT",290,338.965,240.901,"9/18/2026","BEAR","9628315","0","0",1,1,1,1,1
"6/22/2026","ARM",74.2,"A","PUT",420,408.4499,345.8,"8/21/2026","BEAR","11089295","231","2839795",1,1,0,0,0
"6/22/2026","LRCX",165.8,"A","PUT",520,394.945,354.2,"12/18/2026","BEAR","6632000","0","0",1,0,0,0,0
"6/22/2026","AMD",27.05,"A","PUT",290,545.81,262.95,"6/17/2027","BEAR","4821675","0","0",1,0,0,0,0
"6/22/2026","NBIS",65.8,"A","PUT",310,293.58,244.2,"8/21/2026","BEAR","-1622180","-775","-2957920",1,0,0,0,0
"6/22/2026","VSH",9.3,"A","PUT",50,63.765,40.7,"10/16/2026","BEAR","573810","0","0",1,1,1,0,0
"6/22/2026","SANM",21.1,"A","PUT",220,248.05,198.9,"8/21/2026","BEAR","426219","0","0",1,0,0,0,0
"6/22/2026","VSH",12.7,"A","PUT",65,64.405,52.3,"8/21/2026","BEAR","303527","0","0",1,1,1,0,0
"6/22/2026","VIAV",8.6,"A","PUT",49,52.93,40.4,"9/18/2026","BEAR","184900","0","0",1,0,0,0,0
"6/22/2026","CEVA",4.3,"A","PUT",40,48.485,35.7,"8/21/2026","BEAR","173720","0","0",1,0,0,0,0
"6/22/2026","GETY",0.35,"A","PUT",1,1.105,0.65,"11/20/2026","BEAR","122270","0","0",1,0,0,0,0
"6/22/2026","CEVA",3.6,"A","PUT",35,47.85,31.4,"9/18/2026","BEAR","343027","565","256987",1,0,0,0,0
"6/22/2026","SKM",0.95,"A","PUT",25,34.39,24.05,"8/21/2026","BEAR","271434","2201","205537",1,1,0,0,0
"6/23/2026","SNDK",409,"A","CALL",2800,1973.085,3209,"12/18/2026","BULL","10225000","0","0",1,1,1,0,0
"6/23/2026","HPE",8.1,"A","CALL",55,49.3285,63.1,"12/18/2026","BULL","5094945","227","234945",1,0,0,0,0
"6/23/2026","SNDK",563,"A","CALL",2250,1955.13,2813,"1/15/2027","BULL","4222500","0","0",1,1,1,0,0
"6/23/2026","XPEV",1.92,"A","CALL",13,12.975,14.92,"10/16/2026","BULL","4510742","10469","884258",1,1,1,1,1
"6/23/2026","BE",104.85,"A","CALL",330,319.5,434.85,"1/15/2027","BULL","3281805","0","0",1,1,1,1,1
"6/23/2026","META",42,"A","CALL",570,562.73,612,"9/18/2026","BULL","5038317","139","1861494",1,0,0,0,0
"6/23/2026","SATS",13.2,"A","CALL",115,103.5481,128.2,"12/18/2026","BULL","1782000","0","0",1,1,0,1,0
"6/23/2026","IRDM",4.099,"A","CALL",50,44.9,54.099,"8/21/2026","BULL","1730833","868","165244",1,1,1,1,1
"6/23/2026","HOOD",11.8,"A","CALL",260,104.97,271.8,"1/21/2028","BULL","1180000","0","0",1,0,0,0,0
"6/23/2026","INTC",42.215,"A","CALL",200,135.98,242.215,"1/21/2028","BULL","2582485","400","1582000",1,1,1,1,1
"6/23/2026","DOCN",33.991,"A","CALL",160,156.68,193.990999999999,"10/16/2026","BULL","951762","0","0",1,1,1,0,0
"6/23/2026","QGEN",1.95,"A","CALL",40,37.285,41.95,"8/21/2026","BULL","902359","-288","-33340",1,0,0,0,0
"6/23/2026","WM",9.8,"A","CALL",240,217.69,249.8,"3/19/2027","BULL","862400","0","0",1,1,1,1,1
"6/23/2026","WYFI",10.7,"A","CALL",45,42.92,55.7,"8/21/2026","BULL","602410","0","0",1,1,1,1,1
"6/23/2026","RUN",1.15,"A","CALL",15,13.13,16.15,"8/21/2026","BULL","575000","0","0",1,0,0,0,0
"6/23/2026","USAS",0.53,"A","CALL",6,5.12,6.53,"8/21/2026","BULL","846150","7500","273750",1,1,1,1,1
"6/23/2026","FLY",4.64,"A","CALL",35,29.72,39.64,"9/18/2026","BULL","460408","0","0",1,1,0,1,0
"6/23/2026","TSLT",3.9,"A","CALL",40,16.36,43.9,"1/21/2028","BULL","324000","0","0",1,1,0,1,0
"6/23/2026","VSH",11.5,"A","CALL",60,59.11,71.5,"8/21/2026","BULL","505559","494","192760",1,1,1,0,0
"6/23/2026","SCHD",5,"A","CALL",27.33,31.98,32.33,"1/15/2027","BULL","308498","0","0",1,1,1,0,0
"6/23/2026","SKM",6.1,"A","CALL",30,33.53,36.1,"8/21/2026","BULL","344428","200","62000",1,1,0,0,0
"6/23/2026","MTSI",23.6,"A","CALL",460,380.98,483.6,"8/21/2026","BULL","243080","0","0",1,1,1,1,1
"6/23/2026","CXW",2.4,"A","CALL",33,30.345,35.4,"8/21/2026","BULL","244360","-67","4360",1,1,1,1,0
"6/23/2026","CXW",2.6,"A","CALL",32,30.21,34.6,"8/21/2026","BULL","664400","1967","476160",1,1,1,1,0
"6/23/2026","SID",0.2,"A","CALL",1,1.02,1.2,"12/18/2026","BULL","80000","0","0",1,1,1,1,1
"6/23/2026","PAL",1.2,"A","CALL",7.5,7.34,8.7,"10/16/2026","BULL","217476","1500","157500",1,1,1,1,1
"6/23/2026","TSLA",218.5,"A","PUT",600,381.4572,381.5,"8/21/2026","BEAR","41515000","0","0",1,0,0,0,0
"6/23/2026","NDX",662,"A","PUT",27000,0,26338,"9/18/2026","BEAR","57600600","836","24500600",1,0,0,0,0
"6/23/2026","SMH",48.36,"A","PUT",620,632.6383,571.64,"8/21/2026","BEAR","25490870","3581","18320312",1,0,0,0,0
"6/23/2026","GLD",106.3,"A","PUT",485,378.51,378.7,"8/21/2026","BEAR","242264405","21364","236417905",4,0,0,0,0
"6/23/2026","AAOI",49.6,"A","PUT",150,152.62,100.4,"12/18/2026","BEAR","4960000","0","0",1,0,0,0,0
"6/23/2026","ETN",5.34,"A","PUT",340,407.7,334.66,"8/21/2026","BEAR","1670790","111","82140",1,0,0,0,0
"6/23/2026","MAGS",2.31,"A","PUT",55,63.87,52.69,"12/18/2026","BEAR","1501984","3064","632075",1,0,0,0,0
"6/24/2026","META",91.15,"A","CALL",510,561.18,601.15,"11/20/2026","BULL","3190250","0","0",1,0,0,0,0
"6/24/2026","CLS",58,"A","CALL",410,371.8,468,"10/16/2026","BULL","3015997","0","0",1,1,0,0,0
"6/24/2026","CLS",66.798,"A","CALL",360,368.6,426.798,"9/18/2026","BULL","3005912","0","0",1,1,0,0,0
"6/24/2026","DVN",1.43,"A","CALL",47.5,42.635,48.93,"9/18/2026","BULL","5349106","17844","2493646",1,1,1,1,1
"6/24/2026","NVTS",2.57,"A","CALL",23,17.959,25.57,"9/18/2026","BULL","2612400","200","42400",1,1,0,1,0
"6/24/2026","WFC",3.05,"A","CALL",97.5,84.05,100.55,"1/15/2027","BULL","3241160","4398","1343411",1,0,0,0,0
"6/24/2026","ASHR",3.85,"A","CALL",33,35.89,36.85,"10/16/2026","BULL","1621941","0","0",1,0,0,0,0
"6/24/2026","TQQQ",16.14,"A","CALL",76,75.75,92.14,"12/18/2026","BULL","1614500","0","0",1,1,0,1,0
"6/24/2026","NBIS",51.899,"A","CALL",250,253.59,301.899,"8/21/2026","BULL","20648935","7999","19496768",1,0,0,0,0
"6/24/2026","POET",1.87,"A","CALL",13,11.23,14.87,"8/21/2026","BULL","1825349","6992","694142",1,1,1,1,0
"6/24/2026","PLTR",14.9,"A","CALL",115,115.24,129.9,"10/16/2026","BULL","1308567","168","281988",1,0,0,0,0
"6/24/2026","NVTS",1.46,"A","CALL",30,17.959,31.46,"9/18/2026","BULL","1086658","1705","210658",1,1,0,1,0
"6/24/2026","HIMS",5.55,"A","CALL",33,33.34,38.55,"8/21/2026","BULL","782975","-460","-21900",1,1,1,1,1
"6/24/2026","EFV",0.54,"A","CALL",80,75.85,80.54,"8/21/2026","BULL","767880","0","0",1,1,1,1,1
"6/24/2026","SOXS",1.4,"A","CALL",8,4.15,9.4,"1/15/2027","BULL","545000","0","0",1,0,0,0,0
"6/24/2026","TWST",26.002,"AA","CALL",80,89.257,106.002,"1/15/2027","BULL","520043","0","0",1,1,1,1,1
"6/24/2026","LUNR",3.35,"A","CALL",19,19.095,22.35,"8/21/2026","BULL","427348","154","58520",1,0,0,0,0
"6/24/2026","ASX",6,"A","CALL",40,41.59,46,"8/21/2026","BULL","354600","0","0",1,0,0,0,0
"6/24/2026","VYX",2,"A","CALL",7.5,7.59,9.5,"12/18/2026","BULL","227373","0","0",1,1,1,1,1
"6/24/2026","DGXX",1.64,"A","CALL",6,5.975,7.64,"9/18/2026","BULL","199091","0","0",1,1,1,1,1
"6/24/2026","DGXX",1.2,"A","CALL",12,5.94,13.2,"12/18/2026","BULL","180720","0","0",1,1,1,1,1
"6/24/2026","RDVT",2.5,"A","CALL",80,58.125,82.5,"1/15/2027","BULL","135750","0","0",1,1,1,1,1
"6/24/2026","AIRJ",1.6,"A","CALL",6,5.085,7.6,"2/19/2027","BULL","189760","499","97760",1,1,1,1,1
"6/24/2026","LZB",4,"A","CALL",45,42.03,49,"1/15/2027","BULL","60000","0","0",1,1,1,1,1
"6/24/2026","SNDK",264.5,"A","PUT",1750,1900.57,1485.5,"8/21/2026","BEAR","25866931","-171","-1061059",1,1,1,0,0
"6/24/2026","STX",524,"A","PUT",1190,972.94,666,"1/21/2028","BEAR","3930000","0","0",1,0,0,0,0
"6/24/2026","HPE",4.14,"A","PUT",37,49.47,32.86,"1/15/2027","BEAR","1736439","0","0",1,0,0,0,0
"6/24/2026","FOXA",5.53,"A","PUT",50,50.36,44.47,"1/15/2027","BEAR","2524520","1700","892950",1,1,1,0,0
"6/24/2026","HOOD",9.85,"A","PUT",95,97.1279,85.15,"8/21/2026","BEAR","1300252","1955","263047",1,0,0,0,0
"6/24/2026","PENG",12.5,"A","PUT",55,63.72,42.5,"10/16/2026","BEAR","716240","0","0",1,1,1,0,0
"6/24/2026","ESTA",9.1,"A","PUT",90,88.55,80.9,"8/21/2026","BEAR","491400","0","0",1,0,0,0,0
"6/24/2026","TTEK",1.89,"A","PUT",25,28.57,23.11,"12/18/2026","BEAR","378000","0","0",1,0,0,0,0
"6/24/2026","CEVA",4.2,"A","PUT",35,45,30.8,"9/18/2026","BEAR","256987","179","94867",2,0,0,0,0
"6/25/2026","BE",76.757,"A","CALL",420,324.35,496.757,"12/18/2026","BULL","13991036","0","0",1,1,1,1,1
"6/25/2026","BE",51.2,"A","CALL",370,306.46,421.2,"9/18/2026","BULL","75634466","33420","65920333",1,1,1,1,1
"6/25/2026","SMH",48.6,"A","CALL",690,646.6597,738.6,"9/18/2026","BULL","7061280","700","1239000",1,0,0,0,0
"6/25/2026","AMAT",167.6,"A","CALL",720,650.205,887.6,"6/17/2027","BULL","4307319","0","0",1,0,0,0,0
"6/25/2026","BSX",3.799,"A","CALL",50,44.35,53.799,"12/18/2026","BULL","10487671","14439","6307912",1,1,1,1,1
"6/25/2026","PLTR",12.31,"A","CALL",140,107.21,152.31,"3/19/2027","BULL","2954400","0","0",1,0,0,0,0
"6/25/2026","F",2.64,"A","CALL",15,14.23,17.64,"1/21/2028","BULL","2776050","450","136050",1,1,1,1,1
"6/25/2026","KYMR",24,"A","CALL",125,125.265,149,"11/20/2026","BULL","2400000","0","0",1,1,1,1,1
"6/25/2026","ASTS",12,"A","CALL",75,65.535,87,"10/16/2026","BULL","2400000","0","0",1,0,0,0,0
"6/25/2026","TQQQ",15.89,"A","CALL",73,73.33,88.89,"12/18/2026","BULL","1574000","0","0",1,1,0,1,0
"6/25/2026","UNM",1.25,"A","CALL",110,88.78,111.25,"12/18/2026","BULL","6084765","32149","4693842",1,1,1,1,1
"6/25/2026","TQQQ",10.7,"A","CALL",76,75.2429,86.7,"9/18/2026","BULL","2221735","1246","887735",1,1,0,1,0
"6/25/2026","TQQQ",11.67,"A","CALL",73,74.035,84.67,"9/18/2026","BULL","1748535","674","458826",1,1,0,1,0
"6/25/2026","XPEV",1.409,"A","CALL",12,12.225,13.409,"8/21/2026","BULL","2047776","4693","812608",1,1,1,1,1
"6/25/2026","PL",6,"A","CALL",75,25.815,81,"1/21/2028","BULL","1194902","0","0",1,0,0,0,0
"6/25/2026","IONQ",3.754,"AA","CALL",85,50.81,88.754,"10/16/2026","BULL","1094354","2735","190827",1,0,0,0,0
"6/25/2026","UMC",5.198,"A","CALL",26,27.81,31.198,"8/21/2026","BULL","889833","737","182419",1,1,1,1,0
"6/25/2026","BLZE",2.8,"A","CALL",22.5,12.41,25.3,"6/17/2027","BULL","400648","0","0",1,1,1,1,1
"6/25/2026","BB",1.46,"A","CALL",12,10.555,13.46,"9/18/2026","BULL","1114729","7302","759452",1,1,1,1,0
"6/25/2026","RIOT",4,"A","CALL",27,26.78,31,"8/21/2026","BULL","285187","0","0",1,0,0,0,0
"6/25/2026","SPMO",6.199,"A","CALL",170,157.41,176.199,"10/16/2026","BULL","229365","0","0",1,0,0,0,0
"6/25/2026","STRC",5.699,"A","CALL",85,75.38,90.699,"12/18/2026","BULL","103150","0","0",1,0,0,0,0
"6/25/2026","INTR",1.25,"A","CALL",5,5.325,6.25,"1/15/2027","BULL","150000","700","87500",1,1,1,1,1
"6/25/2026","SNDK",244,"A","PUT",1900,2182.05,1656,"8/21/2026","BEAR","21637210","-104","-1345990",1,1,1,0,0
"6/25/2026","LRCX",38,"AA","PUT",360,374.46,322,"8/21/2026","BEAR","28942735","2350","12079000",1,0,0,0,0
"6/25/2026","FXI",10.35,"A","PUT",42,31.65,31.65,"8/21/2026","BEAR","12779400","2580","2760600",1,0,0,0,0
"6/25/2026","GLD",114.3,"A","PUT",485,370.795,370.7,"8/21/2026","BEAR","236417905","20614","227845405",5,0,0,0,0
"6/25/2026","GLD",44.4,"A","PUT",375,369.91,330.6,"12/15/2028","BEAR","6650000","0","0",1,0,0,0,0
"6/25/2026","COHR",93.9,"A","PUT",430,401.5535,336.1,"9/18/2026","BEAR","4469640","0","0",2,0,0,0,0
"6/25/2026","GLD",139.85,"A","PUT",510,370.97,370.15,"9/18/2026","BEAR","76492350","5315","72296850",1,0,0,0,0
"6/25/2026","IBIT",21.5,"A","PUT",55,33.535,33.5,"9/18/2026","BEAR","16902980","6885","13140480",1,0,0,0,0
"6/25/2026","NOK",17.395,"A","PUT",30,13.9674,12.605,"1/21/2028","BEAR","2800399","0","0",1,1,1,1,1
"6/25/2026","HTZ",2.17,"A","PUT",4,2.605,1.83,"1/21/2028","BEAR","2170000","0","0",1,0,0,0,0
"6/25/2026","COHR",74.2,"A","PUT",420,404.95,345.8,"8/21/2026","BEAR","5899403","362","3880503",1,0,0,0,0
"6/25/2026","CRWD",80.2,"A","PUT",700,684.41,619.8,"9/18/2026","BEAR","1724300","0","0",1,1,0,0,0
"6/25/2026","HTZ",0.99,"A","PUT",2,2.555,1.01,"6/16/2028","BEAR","2435340","9500","1162500",1,0,0,0,0
"6/25/2026","MPWR",159.7,"A","PUT",1420,1454.73,1260.3,"8/21/2026","BEAR","1245660","0","0",1,1,1,1,1
"6/26/2026","ASTS",14.8,"A","CALL",70,67.6,84.8,"10/16/2026","BULL","7400000","0","0",1,0,0,0,0
"6/26/2026","GS",27.44,"A","CALL",1100,1021.18,1127.44,"8/21/2026","BULL","7430228","173","679988",1,1,1,1,1
"6/26/2026","MSFT",52.203,"AA","CALL",430,370.956,482.203,"12/17/2027","BULL","4794156","0","0",1,1,1,1,0
"6/26/2026","UBER",12.18,"A","CALL",80,76.055,92.18,"6/17/2027","BULL","4639255","914","998258",1,1,0,1,0
"6/26/2026","META",78.1,"A","CALL",680,556.66,758.1,"12/17/2027","BULL","4691935","162","1255535",1,0,0,0,0
"6/26/2026","FOXA",4.15,"A","CALL",50,49.325,54.15,"10/16/2026","BULL","5833147","3242","2928147",1,1,1,0,0
"6/26/2026","UCO",2.744,"A","CALL",35,32.13,37.744,"8/21/2026","BULL","-3372509","-5000","-4790000",1,1,1,0,0
"6/26/2026","UGL",6.37,"A","CALL",45,45.125,51.37,"12/18/2026","BULL","1280923","0","0",2,1,1,1,1
"6/26/2026","FLR",2.4,"A","CALL",60,53.59,62.4,"8/21/2026","BULL","1529375","1705","329375",1,1,0,1,0
"6/26/2026","ASTS",4.98,"A","CALL",190,71.5762,194.98,"1/15/2027","BULL","783806","-606","-137494",1,0,0,0,0
"6/26/2026","CLF",0.76,"A","CALL",11,9.915,11.76,"8/21/2026","BULL","2387523","18121","1610866",1,1,1,1,1
"6/26/2026","SLS",7.214,"A","CALL",7,12.045,14.214,"10/16/2026","BULL","757500","0","0",1,1,0,0,0
"6/26/2026","TENB",3.792,"A","CALL",30,29.6,33.792,"9/18/2026","BULL","1389993","726","687888",1,1,1,0,0
"6/26/2026","SITM",89.997,"A","CALL",680,653.3025,769.997,"8/21/2026","BULL","674978","0","0",1,0,0,0,0
"6/26/2026","TWST",18.697,"A","CALL",125,103.795,143.697,"1/15/2027","BULL","573998","0","0",1,1,1,1,1
"6/26/2026","BLD",46.5,"A","CALL",380,425.32,426.5,"9/18/2026","BULL","465000","0","0",1,0,0,0,0
"6/26/2026","BB",1.334,"AA","CALL",20,11.255,21.334,"1/15/2027","BULL","745035","2063","327443",1,1,1,1,0
"6/26/2026","QLYS",3.2,"A","CALL",145,123.08,148.2,"8/21/2026","BULL","320000","0","0",1,1,1,1,1
"6/26/2026","TWST",8.9,"A","CALL",135,103.59,143.9,"10/16/2026","BULL","258099","0","0",1,1,1,1,1
"6/26/2026","MCRI",8.2,"A","CALL",130,131.56,138.2,"9/18/2026","BULL","191060","0","0",1,1,1,1,1
"6/26/2026","RDVT",6,"A","CALL",70,60.65,76,"1/15/2027","BULL","149390","0","0",1,1,1,1,1
"6/26/2026","BLZE",2.1,"A","CALL",25,14.315,27.1,"1/15/2027","BULL","135180","200","39000",1,1,1,1,1
"6/26/2026","EVER",1.1,"A","CALL",30,23.415,31.1,"8/21/2026","BULL","82480","0","0",1,1,1,0,0
"6/26/2026","PYXS",0.6,"A","CALL",5,2.86,5.6,"10/16/2026","BULL","81178","0","0",1,1,1,1,1
"6/26/2026","TSM",24.7,"A","PUT",400,431.82,375.3,"9/18/2026","BEAR","16682049","2538","3208324",1,1,1,0,0
"6/26/2026","SPY",27.926,"AA","PUT",700,733.19,672.074,"3/31/2027","BEAR","11955246","218","505759",1,0,0,0,0
"6/26/2026","GLD",111.9,"A","PUT",485,373.15,373.1,"8/21/2026","BEAR","227845405","19864","219452905",6,0,0,0,0
"6/26/2026","IREN",7.8,"A","PUT",38,47.93,30.2,"12/18/2026","BEAR","4815028","220","237600",1,1,0,1,0
"6/26/2026","IBIT",28.2,"A","PUT",62,33.88,33.8,"1/15/2027","BEAR","14266265","3660","9754265",1,0,0,0,0
"6/26/2026","STX",10.87,"A","PUT",500,970.945,489.13,"9/18/2026","BEAR","4444828","509","624018",1,0,0,0,0
"6/26/2026","NVDA",43.7,"A","PUT",230,194,186.3,"12/18/2026","BEAR","4279500","400","1002000",1,1,0,1,0
"6/26/2026","SNDK",173.499,"A","PUT",1220,2115.38,1046.501,"12/18/2026","BEAR","2654536","0","0",1,1,1,0,0
"6/26/2026","CAPR",5.257,"AA","PUT",20,26.26,14.743,"8/21/2026","BEAR","6145759","5176","3598174",1,0,0,0,0
"6/26/2026","BURL",5.92,"A","PUT",270,324.345,264.08,"9/18/2026","BEAR","2592437","2440","183000",1,0,0,0,0
"6/26/2026","WDC",4.149,"A","PUT",300,618,295.851,"8/21/2026","BEAR","3157847","1266","825576",1,0,0,0,0
"6/26/2026","CME",16.2,"A","PUT",220,224.205,203.8,"12/18/2026","BEAR","2250180","0","0",1,0,0,0,0
"6/26/2026","KLAC",36.139,"A","PUT",216,246.05,179.861,"1/15/2027","BEAR","2067162","0","0",1,0,0,0,0
"6/26/2026","STX",150.5,"A","PUT",800,971.645,649.5,"1/15/2027","BEAR","1505000","0","0",1,0,0,0,0
"6/26/2026","STM",11.01,"A","PUT",75,71.79,63.99,"8/21/2026","BEAR","1754978","484","488828",1,1,1,0,0
"6/26/2026","WDC",30.65,"A","PUT",410,583.0701,379.35,"9/18/2026","BEAR","1226000","0","0",1,0,0,0,0
"6/26/2026","M",2.44,"A","PUT",26,25.8,23.56,"9/18/2026","BEAR","854000","0","0",1,0,0,0,0
"6/26/2026","SOXS",1.15,"A","PUT",4,4.1736,2.85,"8/21/2026","BEAR","807183","2356","183768",1,0,0,0,0
"6/26/2026","WEST",0.5,"A","PUT",8,9.355,7.5,"8/21/2026","BEAR","357742.5","1047","99505",1,0,0,0,0
"6/26/2026","DAN",2.4,"A","PUT",25,27.615,22.6,"2/19/2027","BEAR","240000","0","0",1,0,0,0,0
"6/26/2026","CSWC",0.7,"A","PUT",20,23.18,19.3,"12/18/2026","BEAR","47059","0","0",1,0,0,0,0
"6/29/2026","TSM",78,"A","CALL",400,454.5715,478,"9/18/2026","BULL","82178910","4980","19778910",1,1,1,0,0
"6/29/2026","AMZN",31.3,"A","CALL",220,240.9736,251.3,"9/18/2026","BULL","30692050","3354","9877550",1,1,1,1,1
"6/29/2026","GOOGL",48.999,"A","CALL",410,347.84,458.999,"12/17/2027","BULL","5762390","0","0",1,1,0,1,0
"6/29/2026","KWEB",1.31,"A","CALL",28,24.325,29.31,"12/18/2026","BULL","18690768","48326","13325561",1,1,1,1,1
"6/29/2026","BE",51.3,"A","CALL",300,280.87,351.3,"8/21/2026","BULL","27067183","12120","23191042",1,1,1,1,1
"6/29/2026","GOOG",8.2,"A","CALL",380,346.05,388.2,"8/21/2026","BULL","4442013","4373","1162833",1,0,0,0,0
"6/29/2026","MRVL",58.699,"A","CALL",270,272.96,328.699,"10/16/2026","BULL","2554398","0","1000",1,0,0,0,0
"6/29/2026","GEV",92,"A","CALL",1090,1071.6399,1182,"8/21/2026","BULL","2300000","0","0",1,1,1,0,1
"6/29/2026","ERAS",8.7,"A","CALL",12.5,18.28,21.2,"1/15/2027","BULL","1625454","0","0",1,1,1,1,1
"6/29/2026","WMB",4,"A","CALL",80,75.5266,84,"12/18/2026","BULL","1200000","0","0",1,0,0,0,0
"6/29/2026","SLS",6.9,"A","CALL",16,14.1,22.9,"1/15/2027","BULL","926622","0","0",1,1,0,0,0
"6/29/2026","FROG",16,"A","CALL",80,89.98,96,"8/21/2026","BULL","11763400","5741","10963400",2,1,1,1,1
"6/29/2026","FLY",6.2,"A","CALL",28,28.56,34.2,"9/18/2026","BULL","653270","0","0",1,1,0,1,0
"6/29/2026","ASX",4.9,"A","CALL",45,41.91,49.9,"9/18/2026","BULL","734993","500","84924",1,0,0,0,0
"6/29/2026","OTIS",15.1,"A","CALL",60,73.48,75.1,"12/18/2026","BULL","256700","0","0",1,1,1,1,1
"6/29/2026","AIP",10.8,"A","CALL",55,46.77,65.8,"1/15/2027","BULL","227880","0","0",1,1,1,1,1
"6/29/2026","RTO",1.241,"AA","CALL",30,28.745,31.241,"8/21/2026","BULL","359680","2070","198397",2,1,1,1,1
"6/29/2026","TFPM",7.3,"A","CALL",25,30.04,32.3,"1/15/2027","BULL","146000","0","0",1,1,1,0,0
"6/29/2026","GILT",2.797,"A","CALL",22.5,12.825,25.297,"1/21/2028","BULL","139833","0","0",1,1,1,1,1
"6/29/2026","ALLE",6.299,"A","CALL",160,140.355,166.299,"12/18/2026","BULL","670284","326","544300",1,1,1,1,1
"6/29/2026","ADPT",3.5,"A","CALL",22.5,21.455,26,"10/16/2026","BULL","113750","0","0",1,1,1,1,1
"6/29/2026","IART",1.9,"A","CALL",22.5,18.65,24.4,"12/18/2026","BULL","57000","0","0",1,1,1,1,1
"6/29/2026","GLD",131.7,"A","PUT",500,369.2,368.3,"12/18/2026","BEAR","520222905","38763","493553655",1,0,0,0,0
"6/29/2026","INTC",34.95,"A","PUT",130,127.6801,95.05,"3/19/2027","BEAR","10485000","0","0",1,1,1,1,1
"6/29/2026","PCVX",9.6,"A","PUT",45,57.0038,35.4,"12/18/2026","BEAR","10044295","-225","-126000",1,0,0,0,0
"6/29/2026","IHI",1.34,"A","PUT",47,50.975,45.66,"10/16/2026","BEAR","8710000","0","0",2,0,0,0,0
"6/29/2026","IGV",10.92,"A","PUT",90,89.895,79.08,"6/17/2027","BEAR","5460000","0","0",1,0,0,0,0
"6/29/2026","SPY",6.258,"A","PUT",702,738.7499,695.742,"8/21/2026","BEAR","20015528","46946","15522371",1,0,0,0,0
"6/29/2026","SPY",6.225,"A","PUT",704,740.87,697.775,"8/21/2026","BEAR","14078825","34635","9907590",1,0,0,0,0
"6/29/2026","LRCX",46,"A","PUT",400,410.855,354,"8/21/2026","BEAR","8502075","713","5155700",1,0,0,0,0
"6/29/2026","COHR",72.42,"A","PUT",330,350.99,257.58,"11/20/2026","BEAR","1448405","0","0",1,0,0,0,0
"6/29/2026","CPRT",1.55,"A","PUT",27.5,29.3602,25.95,"12/18/2026","BEAR","1614250","3280","393700",1,0,0,0,0
"6/29/2026","CIA",1.154,"AA","PUT",5,6.13,3.846,"11/20/2026","BEAR","1864385","13286","1748960",1,0,0,0,0
"6/30/2026","KWEB",1.179,"A","CALL",29,24.47,30.179,"12/18/2026","BULL","22470100","-4033","-532865",1,1,1,1,1
"6/30/2026","ABVX",18.5,"A","CALL",130,132.935,148.5,"8/21/2026","BULL","7495748","1000","520000",1,1,1,1,1
"6/30/2026","HOOD",17.3,"A","CALL",105,101.4499,122.3,"11/20/2026","BULL","2595000","0","0",1,0,0,0,0
"6/30/2026","AAOI",21.65,"A","CALL",340,148.37,361.65,"1/15/2027","BULL","974250","0","0",1,0,0,0,0
"6/30/2026","ABVX",16.6,"A","CALL",140,135.345,156.6,"8/21/2026","BULL","1237840","536","267300",1,1,1,1,1
"6/30/2026","ASX",4.8,"A","CALL",50,44.675,54.8,"9/18/2026","BULL","1485241","1750","521040",1,0,0,0,0
"6/30/2026","OUST",12.526,"A","CALL",65,61.58,77.526,"8/21/2026","BULL","1073694","918","132380",1,0,0,0,0
"6/30/2026","AXTI",13.5,"A","CALL",145,72.51,158.5,"1/15/2027","BULL","935550","0","0",1,1,1,1,1
"6/30/2026","CL",3.8,"A","CALL",105,92.1,108.8,"3/19/2027","BULL","1063468","493","154470",1,1,1,1,1
"6/30/2026","FROG",17.5,"A","CALL",80,92.79,97.5,"8/21/2026","BULL","9321400","4262","8448150",3,1,1,1,1
"6/30/2026","FROG",15,"A","CALL",105,91.84,120,"1/15/2027","BULL","677998","0","0",1,1,1,1,1
"6/30/2026","CGNX",8.2,"A","CALL",90,71.19,98.2,"2/19/2027","BULL","642052","0","0",1,0,0,0,0
"6/30/2026","CGNX",2.45,"A","CALL",90,71.61,92.45,"8/21/2026","BULL","925634","1175","294518",1,0,0,0,0
"6/30/2026","NKTR",26.2,"A","CALL",75,69.7988,101.2,"1/21/2028","BULL","544960","0","0",1,1,1,1,1
"6/30/2026","HSAI",2.097,"A","CALL",20,18.575,22.097,"8/21/2026","BULL","597763","750","84998",1,1,1,1,1
"6/30/2026","VSH",16.85,"AA","CALL",50,52.44,66.85,"12/18/2026","BULL","606760","166","101260",1,1,1,0,0
"6/30/2026","VSAT",8.5,"A","CALL",90,82.8378,98.5,"8/21/2026","BULL","298347","0","0",1,1,1,1,0
"6/30/2026","AROC",1.4,"A","CALL",50,41.8724,51.4,"11/20/2026","BULL","280000","0","0",1,1,1,1,1
"6/30/2026","FOXA",2.2,"A","CALL",65,50.82,67.2,"1/15/2027","BULL","689945","1124","491731",1,1,1,0,0
"6/30/2026","MRVL",90.8,"A","PUT",260,295.9,169.2,"1/21/2028","BEAR","20453000","1000","10465000",1,0,0,0,0
"6/30/2026","SNDK",924.5,"A","PUT",2300,2197.58,1375.5,"6/17/2027","BEAR","9245000","0","0",1,1,1,0,0
"6/30/2026","XBI",5.6,"A","PUT",155,158.8,149.4,"8/21/2026","BEAR","8995628","3217","2319893",1,0,0,0,0
"6/30/2026","MSFT",5.3,"A","PUT",300,371.79,294.7,"10/16/2026","BEAR","5706901","14687","406901",1,1,1,1,0
"6/30/2026","SPY",5.518,"A","PUT",708,746.25,702.482,"8/21/2026","BEAR","21581413","37153","16878478",1,0,0,0,0
"6/30/2026","SPY",23.82,"AA","PUT",672,747.39,648.18,"6/30/2027","BEAR","3609313","0","0",1,0,0,0,0
"6/30/2026","KLAC",45.3,"A","PUT",310,296.625,264.7,"8/21/2026","BEAR","3522650","0","0",1,0,0,0,0
"6/30/2026","AMAT",270,"A","PUT",780,732.7396,510,"1/21/2028","BEAR","2700000","0","0",1,0,0,0,0
"6/30/2026","DELL",46.799,"A","PUT",420,422.245,373.201,"8/21/2026","BEAR","2865093","748","370716",1,0,0,0,0
"6/30/2026","SNDK",16.18,"AA","PUT",750,2157.235,733.82,"9/18/2026","BEAR","2289470","0","0",1,1,1,0,0
"6/30/2026","PACS",4.57,"A","PUT",35,42.8101,30.43,"12/18/2026","BEAR","1910260","0","0",1,0,0,0,0
"6/30/2026","TTWO",42.3,"A","PUT",270,251.4758,227.7,"12/18/2026","BEAR","1692000","0","0",1,1,0,1,0
"6/30/2026","SITM",19.4,"A","PUT",500,726.525,480.6,"8/21/2026","BEAR","1144820","0","0",1,0,0,0,0
"7/1/2026","META",11,"A","CALL",720,616.7532,731,"8/21/2026","BULL","17108888","2909","6634888",1,0,0,0,0
"7/1/2026","META",10,"A","CALL",730,616.275,740,"8/21/2026","BULL","4960473","697","1034473",1,0,0,0,0
"7/1/2026","CRWD",127,"A","CALL",800,782.925,927,"12/18/2026","BULL","3540600","0","0",1,1,0,0,0
"7/1/2026","META",32.7,"A","CALL",1010,626.57,1042.7,"9/17/2027","BULL","2841630","0","0",1,0,0,0,0
"7/1/2026","KWEB",1.07,"A","CALL",27,25.12,28.07,"9/18/2026","BULL","4560114","13858","1980453",1,1,1,1,1
"7/1/2026","INTC",33.07,"A","CALL",170,129.1905,203.07,"6/17/2027","BULL","2225490","-193","-254760",1,1,1,1,1
"7/1/2026","LEU",32.7,"A","CALL",400,168,432.7,"1/21/2028","BULL","1635000","0","0",1,1,1,1,0
"7/1/2026","CRDO",100.64,"A","CALL",230,260.43,330.64,"2/19/2027","BULL","1509600","0","0",1,0,0,0,0
"7/1/2026","MXL",53.5,"A","CALL",185,114.92,238.5,"1/21/2028","BULL","1070000","0","0",1,1,1,1,0
"7/1/2026","NBIS",43.81,"A","CALL",350,243.745,393.81,"11/20/2026","BULL","1328512","152","461074",1,0,0,0,0
"7/1/2026","BB",1.49,"A","CALL",15,13.245,16.49,"8/21/2026","BULL","802384","1022","72584",1,1,1,1,0
"7/1/2026","VSH",13.9,"A","CALL",55,53.745,68.9,"10/16/2026","BULL","715640","172","20640",1,1,1,0,0
"7/1/2026","AEVA",8.5,"A","CALL",25,30.79,33.5,"8/21/2026","BULL","445475","273","20475",1,1,1,1,1
"7/1/2026","ASTH",2.28,"A","CALL",55,49.69,57.28,"8/21/2026","BULL","342000","0","0",1,1,1,1,1
"7/1/2026","PRCH",0.9,"A","CALL",20,15.82,20.9,"8/21/2026","BULL","333000","0","0",1,1,1,1,1
"7/1/2026","UNCY",2.09,"A","CALL",5,5.255,7.09,"2/19/2027","BULL","41800","0","0",1,1,1,1,1
"7/1/2026","JBGS",0.65,"A","CALL",17.5,15.46,18.15,"10/16/2026","BULL","28466","0","0",1,1,1,1,1
"7/1/2026","UNCY",0.95,"A","CALL",10,5.29,10.95,"2/19/2027","BULL","76137","598","57137",1,1,1,1,1
"7/1/2026","GLD",127.849,"A","PUT",500,372.74,372.151,"12/18/2026","BEAR","493553655","37413","476293980",2,0,0,0,0
"7/1/2026","GLD",112.3,"A","PUT",485,372.81,372.7,"8/21/2026","BEAR","219452905","18364","202607905",7,0,0,0,0
"7/1/2026","GLD",102.8,"A","PUT",475,372.0251,372.2,"9/18/2026","BEAR","115776710","10693","106501710",1,0,0,0,0
"7/1/2026","GLD",67.4,"A","PUT",440,372.74,372.6,"8/21/2026","BEAR","164316855","23663","155217855",1,0,0,0,0
"7/1/2026","NFLX",42.25,"A","PUT",116,74.015,73.75,"9/18/2026","BEAR","44837775","9275","38415775",1,0,0,0,0
"7/1/2026","GLD",138.05,"A","PUT",510,372.74,371.95,"9/18/2026","BEAR","63930225","4265","57717975",2,0,0,0,0
"7/1/2026","U",4.6,"A","PUT",33,30.8,28.4,"8/21/2026","BEAR","3750794","1689","624174",1,0,0,0,0
"7/1/2026","IBIT",21.05,"A","PUT",55,33.91,33.95,"9/18/2026","BEAR","13140480","5477","10176640",2,0,0,0,0
"7/1/2026","ASHR",1.75,"A","PUT",33,36.39,31.25,"1/15/2027","BEAR","2327500","0","0",1,0,0,0,0
"7/1/2026","IBIT",21.05,"A","PUT",55,33.91,33.95,"10/16/2026","BEAR","2130260","0","0",1,0,0,0,0
"7/1/2026","EOSE",6.15,"A","PUT",10,5.69,3.84999999999999,"1/21/2028","BEAR","43963990","59017","42764740",1,0,0,0,0
"7/1/2026","KLAC",72.2,"A","PUT",250,286.12,177.8,"1/21/2028","BEAR","1083000","0","0",1,0,0,0,0
"7/1/2026","PENG",15.3,"A","PUT",75,75.545,59.7,"8/21/2026","BEAR","1054045","346","435940",1,1,1,0,0
"7/1/2026","ASX",4.6,"A","PUT",40,43.42,35.4,"9/18/2026","BEAR","347600","245","117600",1,0,0,0,0
"7/1/2026","IRS",0.574,"AA","PUT",15,15.34,14.426,"8/21/2026","BEAR","94166","918","36720",1,0,0,0,0
"7/2/2026","SNDK",415.5,"A","CALL",2800,1722.355,3215.5,"3/19/2027","BULL","20625000","0","0",1,1,1,0,0
"7/2/2026","SOXX",20.7,"A","CALL",700,562.18,720.7,"9/18/2026","BULL","16977077","1404","1815892",1,0,0,0,0
"7/2/2026","IWR",37.2,"A","CALL",75,110.61,112.2,"2/19/2027","BULL","18615878","2689","9599730",1,1,1,1,1
"7/2/2026","META",14.6,"A","CALL",720,586.31,734.6,"10/16/2026","BULL","2879485","-185","-40515",1,0,0,0,0
"7/2/2026","PACS",7.75,"AA","CALL",50,44.82,57.75,"1/15/2027","BULL","2691810","0","0",1,0,0,0,0
"7/2/2026","LRCX",11.775,"A","CALL",490,350.07,501.775,"8/21/2026","BULL","2365944","200","169190",1,0,0,0,0
"7/2/2026","NN",3.5,"A","CALL",16,16.31,19.5,"9/18/2026","BULL","964305","200","41600",1,1,0,1,0
"7/2/2026","DVA",12.6,"A","CALL",280,236.23,292.6,"1/15/2027","BULL","882000","0","0",1,0,0,0,0
"7/2/2026","TT",4.6,"A","CALL",650,471.01,654.6,"12/18/2026","BULL","782000","0","0",1,1,1,1,1
"7/2/2026","STLD",5.695,"A","CALL",250,218.815,255.695,"8/21/2026","BULL","580070","0","0",1,1,0,1,0
"7/2/2026","SMTC",9.2,"A","CALL",170,139.65,179.2,"8/21/2026","BULL","697160","300","147000",1,1,1,1,0
"7/2/2026","NVTS",3.15,"A","CALL",14,14.09,17.15,"9/18/2026","BULL","580725","200","42400",1,1,0,1,0
"7/2/2026","GIL",2.8,"A","CALL",52.5,50.2236,55.3,"8/21/2026","BULL","1208089","4641","676369",1,0,0,0,0
"7/2/2026","ITT",10.1,"A","CALL",190,187.65,200.1,"8/21/2026","BULL","811267","245","321440",1,1,1,1,1
"7/2/2026","WYFI",5.8,"A","CALL",35,32.9867,40.8,"8/21/2026","BULL","367704","0","0",1,1,1,1,1
"7/2/2026","VPG",18,"AA","CALL",120,121.0564,138,"8/21/2026","BULL","361806","0","0",1,1,1,1,1
"7/2/2026","FCEL",2.85,"A","CALL",40,27.18,42.85,"8/21/2026","BULL","353545","165","11545",1,1,1,1,1
"7/2/2026","FCEL",8.8,"A","CALL",22,27.82,30.8,"8/21/2026","BULL","394419","478","90820",1,1,1,1,1
"7/2/2026","MXL",14.408,"AA","CALL",105,91.45,119.408,"8/21/2026","BULL","626629","1602","338470",1,1,1,1,0
"7/2/2026","FCEL",5.7,"A","CALL",30,28.14,35.7,"8/21/2026","BULL","832934","3284","576434",1,1,1,1,1
"7/2/2026","FIGS",1.35,"A","CALL",12.5,10.31,13.85,"1/15/2027","BULL","702585","4158","455740",1,1,1,1,0
"7/2/2026","LINC",1.801,"AA","CALL",60,52.0375,61.801,"8/21/2026","BULL","45915","0","0",1,0,0,0,0
"7/2/2026","WDC",101,"A","PUT",460,537.8375,359,"1/15/2027","BEAR","6060000","0","0",1,0,0,0,0
"7/2/2026","ARM",188.381,"A","PUT",440,323.935,251.619,"6/17/2027","BEAR","4698841","0","0",1,1,0,0,0
"7/2/2026","GEV",110,"A","PUT",1000,1112.74,890,"12/18/2026","BEAR","5617330","86","1035610",1,1,1,0,1
"7/2/2026","WDC",121.648,"A","PUT",500,529.3123,378.352,"1/15/2027","BEAR","5205924","82","960400",1,0,0,0,0
"7/2/2026","IREN",5.899,"A","PUT",34,38.1,28.101,"9/18/2026","BEAR","4503359","3008","1036150",1,1,0,1,0
"7/2/2026","LITE",66,"A","PUT",610,744.3895,544,"9/18/2026","BEAR","2349597","0","0",1,0,0,0,0
"7/2/2026","OUST",10.6,"A","PUT",40,50.37,29.4,"1/15/2027","BEAR","1964150","0","0",1,0,0,0,0
"7/2/2026","LITE",146.5,"A","PUT",720,716.56,573.5,"10/16/2026","BEAR","1479650","0","0",1,0,0,0,0
"7/2/2026","VECO",4.29,"A","PUT",50,58.17,45.71,"8/21/2026","BEAR","858000","0","0",1,0,0,0,0
"7/2/2026","TE",1,"A","PUT",6,8.375,5,"9/18/2026","BEAR","980978","2450","465478",1,0,0,0,0
"7/2/2026","PENG",6.3,"A","PUT",50,61.35,43.7,"8/21/2026","BEAR","626183","151","115922",1,1,1,0,0
"7/2/2026","XSD",48.419,"A","PUT",550,548.75,501.581,"8/21/2026","BEAR","928760","125","546250",1,0,0,0,0
"7/2/2026","BBBY",2.18,"A","PUT",7.5,5.85,5.32,"9/18/2026","BEAR","327000","0","0",1,0,0,0,0
"7/2/2026","VIAV",1.8,"A","PUT",28,41.46,26.2,"9/18/2026","BEAR","244928","0","0",1,0,0,0,0
"7/2/2026","FORM",8.5,"A","PUT",100,122.85,91.5,"8/21/2026","BEAR","650697","390","487500",1,0,0,0,0
"7/2/2026","SKM",0.85,"A","PUT",25,31.74,24.15,"8/21/2026","BEAR","44030","0","0",2,1,0,0,0
"7/6/2026","META",122,"A","CALL",600,600.61,722,"9/17/2027","BULL","24372375","625","7109375",1,0,0,0,0
"7/6/2026","SMH",69.2,"A","CALL",675,613.5692,744.2,"1/15/2027","BULL","10461080","848","4240000",1,0,0,0,0
"7/6/2026","VRT",32.75,"A","CALL",360,326.59,392.75,"9/18/2026","BULL","3212754","0","0",1,1,1,0,0
"7/6/2026","SLV",4.55,"A","CALL",56,55.78,60.55,"9/18/2026","BULL","4891115","4500","1940000",1,0,0,0,0
"7/6/2026","AMAT",176,"AA","CALL",840,621.9001,1016,"12/17/2027","BULL","2622405","0","0",1,0,0,0,0
"7/6/2026","IMVT",10.8,"A","CALL",30,38.53,40.8,"9/18/2026","BULL","2472120","0","0",1,1,0,1,0
"7/6/2026","V",13.85,"A","CALL",350,351.37,363.85,"8/21/2026","BULL","2196604","0","0",1,0,0,0,0
"7/6/2026","MA",28.096,"A","CALL",525,526.885,553.096,"9/18/2026","BULL","2138122","0","0",1,0,0,0,0
"7/6/2026","VERA",4.1,"A","CALL",45,41.16,49.1,"8/21/2026","BULL","1874930","0","0",1,1,1,1,1
"7/6/2026","GEO",5.5,"A","CALL",45,30.73,50.5,"1/21/2028","BULL","1643098","0","0",1,1,0,1,0
"7/6/2026","XSD",104,"A","CALL",500,583.02,604,"8/21/2026","BULL","1456000","0","0",1,0,0,0,0
"7/6/2026","ARWR",11,"A","CALL",100,86.06,111,"1/15/2027","BULL","1375000","0","0",1,1,1,0,0
"7/6/2026","AAL",5,"A","CALL",15,17.95,20,"3/19/2027","BULL","1290710","385","171710",1,1,1,1,0
"7/6/2026","NOK",1.73,"A","CALL",12,12.5477,13.73,"8/21/2026","BULL","3690126","32687","2656105",1,1,1,1,1
"7/6/2026","ESTA",11,"A","CALL",100,91.36,111,"12/18/2026","BULL","865300","-401","-120300",1,0,0,0,0
"7/6/2026","RIVN",2.58,"A","CALL",26,19.795,28.58,"1/15/2027","BULL","959539","250","35950",1,0,0,0,0
"7/6/2026","TNA",32.049,"A","CALL",55,73.95,87.049,"1/21/2028","BULL","660200","0","0",1,1,0,1,0
"7/6/2026","SQM",6.35,"A","CALL",80,73.28,86.35,"10/16/2026","BULL","632500","0","0",1,0,1,0,1
"7/6/2026","GTX",2.63,"A","CALL",35,33.1338,37.63,"9/18/2026","BULL","738000","1500","343500",1,1,1,1,1
"7/6/2026","TBLA",1.15,"A","CALL",5,5.445,6.15,"1/15/2027","BULL","251082","870","51612",1,1,1,1,1
"7/6/2026","CEVA",8.2,"A","CALL",45,46.46,53.2,"8/21/2026","BULL","418979","998","268099",1,0,0,0,0
"7/6/2026","SMCL",2.45,"A","CALL",11,10.14,13.45,"8/21/2026","BULL","36750","0","0",1,1,1,1,1
"7/6/2026","SPXW",271,"A","PUT",7525,0,7254,"12/31/2026","BEAR","10433500","0","0",1,1,0,0,0
"7/6/2026","TSM",36.75,"AA","PUT",460,455.04,423.25,"8/21/2026","BEAR","6008669","0","0",1,1,1,0,0
"7/6/2026","MRVL",41,"A","PUT",160,258.2835,119,"1/21/2028","BEAR","5330000","0","0",1,0,0,0,0
"7/6/2026","AAPL",12.65,"A","PUT",310,313.12,297.35,"9/18/2026","BEAR","9624980","5486","4564980",1,0,1,0,0
"7/6/2026","KLAC",30.3,"A","PUT",232,234.46,201.7,"8/21/2026","BEAR","-3434080","-1600","-7264000",1,0,0,0,0
"7/6/2026","KLAC",35.5,"A","PUT",235,239.51,199.5,"9/18/2026","BEAR","3550000","0","0",1,0,0,0,0
"7/6/2026","DELL",58.984,"A","PUT",410,417.9612,351.016,"9/18/2026","BEAR","2333379","0","0",1,0,0,0,0
"7/6/2026","BBBY",2.69,"A","PUT",7.5,5.5501,4.81,"12/18/2026","BEAR","1008750","0","0",1,0,0,0,0
"7/6/2026","PLUG",0.33,"A","PUT",2,2.645,1.67,"12/18/2026","BEAR","994888","0","0",1,0,0,0,0
"7/6/2026","SIMO",70,"A","PUT",340,331.5,270,"9/18/2026","BEAR","720999","0","0",1,1,0,1,0
"7/6/2026","HPE",6.649,"A","PUT",45,43.335,38.351,"9/18/2026","BEAR","1498237","1429","861228",1,0,0,0,0
"7/6/2026","NVMI",43.5,"A","PUT",470,486.01,426.5,"8/21/2026","BEAR","556798","0","0",1,0,0,0,0
"7/6/2026","STRC",1.95,"A","PUT",80,89.581,78.05,"8/21/2026","BEAR","64545","0","0",1,0,0,0,0
"7/7/2026","ASML",610,"A","CALL",2000,1721.76,2610,"12/15/2028","BULL","6100000","0","0",1,1,1,1,1
"7/7/2026","CRWD",14.2,"A","CALL",207.5,199.4,221.7,"8/21/2026","BULL","1952488","0","0",1,1,0,0,0
"7/7/2026","TPC",12.5,"A","CALL",75,74.44,87.5,"1/15/2027","BULL","1251750","0","0",1,1,0,0,0
"7/7/2026","METC",1.8,"A","CALL",12,12.106,13.8,"8/21/2026","BULL","2330564","11139","1379373",1,1,1,1,1
"7/7/2026","IIPR",5,"A","CALL",65,62.5,70,"1/15/2027","BULL","750000","0","0",1,1,1,0,0
"7/7/2026","VRNS",6.882,"A","CALL",55,47.155,61.882,"1/21/2028","BULL","693383","0","0",1,0,1,0,0
"7/7/2026","SMTC",10.6,"A","CALL",190,126.5603,200.6,"10/16/2026","BULL","945000","300","291000",1,1,1,1,0
"7/7/2026","WEN",1.25,"A","CALL",9,8.11,10.25,"1/15/2027","BULL","628624","300","25950",1,1,1,1,1
"7/7/2026","WULF",1.8,"A","CALL",40,20.32,41.8,"1/15/2027","BULL","867583","1853","298603",1,0,0,0,0
"7/7/2026","TRV",8.75,"A","CALL",390,347.135,398.75,"1/15/2027","BULL","525000","0","0",1,1,1,1,1
"7/7/2026","WULF",2.42,"A","CALL",27,20.4962,29.42,"10/16/2026","BULL","504647","0","0",1,0,0,0,0
"7/7/2026","MAT",4.1,"A","CALL",10,13.405,14.1,"1/15/2027","BULL","377200","0","0",1,1,1,1,1
"7/7/2026","IPGP",7.208,"AA","CALL",110,98.5406,117.208,"8/21/2026","BULL","359670","0","0",1,1,1,1,1
"7/7/2026","QSR",5.3,"A","CALL",72.5,75.58,77.8,"8/21/2026","BULL","319058","0","0",1,1,1,1,1
"7/7/2026","VSH",7.3,"A","CALL",50,42.255,57.3,"10/16/2026","BULL","235790","0","0",1,1,1,0,0
"7/7/2026","PENG",8.85,"A","CALL",75,63.19,83.85,"8/21/2026","BULL","653550","500","450000",1,1,1,0,0
"7/7/2026","VSTS",1,"A","CALL",15,14.0499,16,"8/21/2026","BULL","274000","1000","72500",1,0,0,0,0
"7/7/2026","VSH",12.7,"A","CALL",35,41.203,47.7,"10/16/2026","BULL","360260","519","160870",1,1,1,0,0
"7/7/2026","MAZE",3.9,"A","CALL",30,32.115,33.9,"8/21/2026","BULL","82290","0","0",1,1,1,1,1
"7/7/2026","KLAC",32.5,"A","PUT",140,212.425,107.5,"1/21/2028","BEAR","12720250","0","0",1,0,0,0,0
"7/7/2026","GLD",108.15,"A","PUT",485,377.32,376.85,"8/21/2026","BEAR","202607905","17564","193955905",8,0,0,0,0
"7/7/2026","GLD",62.95,"A","PUT",440,377.32,377.05,"8/21/2026","BEAR","155217855","22863","150181855",2,0,0,0,0
"7/7/2026","GLD",97.75,"A","PUT",475,377.32,377.25,"9/18/2026","BEAR","106501710","10243","102102960",2,0,0,0,0
"7/7/2026","IBIT",3.5,"A","PUT",36,36.055,32.5,"11/20/2026","BEAR","7946035","22129","5511035",1,0,0,0,0
"7/7/2026","META",77.149,"A","PUT",510,616.22,432.851,"12/15/2028","BEAR","2430191","0","0",1,0,0,0,0
"7/7/2026","HPE",5,"A","PUT",45,43.55,40,"8/21/2026","BEAR","1987837","0","0",1,0,0,0,0
"7/7/2026","STX",5.401,"A","PUT",410,816.44,404.599,"8/21/2026","BEAR","1701168","0","0",1,0,0,0,0
"7/7/2026","WDC",136.7,"A","PUT",380,528.38,243.3,"6/16/2028","BEAR","1367000","0","0",1,0,0,0,0
"7/7/2026","RARE",6.45,"A","PUT",30,35.81,23.55,"9/18/2026","BEAR","1290000","0","0",1,0,0,0,0
"7/7/2026","FRHC",12,"A","PUT",120,143.3,108,"12/18/2026","BEAR","1140000","0","0",1,0,0,0,0
"7/7/2026","GLXY",3.9,"A","PUT",20,23.665,16.1,"12/18/2026","BEAR","1613520","1829","677980",1,0,0,0,0
"7/7/2026","SNY",9.4,"A","PUT",50,43.17,40.6,"12/17/2027","BEAR","465300","0","0",1,0,0,0,0
"7/7/2026","VIAV",5.66,"A","PUT",38,40.66,32.34,"9/18/2026","BEAR","187340","0","0",1,0,0,0,0
"7/7/2026","TFPM",1.05,"A","PUT",25,29.2,23.95,"10/16/2026","BEAR","62465","0","0",1,1,1,0,0
"7/7/2026","WNC",1.35,"A","PUT",12.5,12.46,11.15,"8/21/2026","BEAR","40500","0","0",1,0,0,0,0
"7/8/2026","DELL",100,"A","CALL",500,440.08,600,"3/19/2027","BULL","18420000","0","0",1,0,0,0,0
"7/8/2026","GLD",48,"A","CALL",445,373.18,493,"12/15/2028","BULL","14153600","660","3368000",1,0,0,0,0
"7/8/2026","STX",121,"A","CALL",850,840,971,"8/21/2026","BULL","3630000","0","0",1,0,0,0,0
"7/8/2026","TSM",9.28,"A","CALL",520,436.365,529.28,"8/21/2026","BULL","3921666","1236","755766",1,1,1,0,0
"7/8/2026","CIEN",61.1,"A","CALL",410,427.85,471.1,"8/21/2026","BULL","2499496","106","116600",1,0,0,0,0
"7/8/2026","SLS",11.893,"A","CALL",0.5,12.325,12.393,"1/15/2027","BULL","1784000","0","0",2,1,0,0,0
"7/8/2026","MTSI",21.458,"A","CALL",350,306.7218,371.457999999999,"8/21/2026","BULL","1255270","0","0",1,1,1,1,1
"7/8/2026","IWB",7.75,"A","CALL",450,406.55,457.75,"2/19/2027","BULL","774225","0","0",1,1,1,1,1
"7/8/2026","DINO",3.35,"A","CALL",95,77.9106,98.35,"12/18/2026","BULL","502500","0","0",1,1,1,1,1
"7/8/2026","WULF",1.7,"A","CALL",40,22.665,41.7,"11/20/2026","BULL","740353","5200","319597",1,0,0,0,0
"7/8/2026","CMPS",1.75,"A","CALL",14,13.5235,15.75,"8/21/2026","BULL","1036530","5538","686530",1,1,1,0,0
"7/8/2026","MXL",12.5,"A","CALL",85,78.915,97.5,"8/21/2026","BULL","272400","260","28650",1,1,1,1,0
"7/8/2026","IRE",6.9,"A","CALL",14,13.55,20.9,"12/18/2026","BULL","103500","0","0",1,1,0,1,0
"7/8/2026","LODE",0.3,"A","CALL",5,4.09,5.3,"8/21/2026","BULL","84960","0","0",1,1,1,1,1
"7/8/2026","NBIS",45.8,"A","PUT",210,212.41,164.2,"9/18/2026","BEAR","25554514","534","822514",1,0,0,0,0
"7/8/2026","FTNT",16.083,"A","PUT",155,156.3,138.917,"9/18/2026","BEAR","12954181","0","0",1,0,0,0,0
"7/8/2026","IONQ",6.2,"A","PUT",40,44.535,33.8,"10/16/2026","BEAR","15413851","7179","6113851",1,0,0,0,0
"7/8/2026","SPY",4.73,"A","PUT",706,744.89,701.27,"8/21/2026","BEAR","19118562","29592","11374034",1,0,0,0,0
"7/8/2026","BE",70.799,"A","PUT",230,251.1,159.201,"12/18/2026","BEAR","4146461","-331","-1928112",1,1,1,1,1
"7/8/2026","LRCX",151.4,"A","PUT",430,333.83,278.6,"3/19/2027","BEAR","6056000","0","0",1,0,0,0,0
"7/8/2026","SPY",15.12,"A","PUT",749,744.145,733.88,"8/21/2026","BEAR","5457599","845","1020303",1,0,0,0,0
"7/8/2026","JPM",15.45,"A","PUT",330,332.13,314.55,"10/16/2026","BEAR","3681123","529","756465",1,0,0,0,0
"7/8/2026","SMH",105,"A","PUT",670,577.16,565,"8/21/2026","BEAR","2610000","0","0",1,0,0,0,0
"7/8/2026","BE",94.75,"A","PUT",250,246.085,155.25,"2/19/2027","BEAR","2368750","0","0",1,1,1,1,1
"7/8/2026","LMND",9.6,"A","PUT",45,69.97,35.4,"1/21/2028","BEAR","1061500","0","0",1,0,0,0,0
"7/8/2026","APA",2.81,"A","PUT",35,35.15,32.19,"9/18/2026","BEAR","702500","0","0",1,0,0,0,0
"7/8/2026","IT",33,"A","PUT",160,136.11,127,"12/18/2026","BEAR","646800","0","0",1,0,0,0,0
"7/8/2026","ACMR",17.4,"A","PUT",100,97.1422,82.6,"8/21/2026","BEAR","555057","0","0",1,1,0,0,0
"7/8/2026","BIOA",4.2,"A","PUT",20,23.275,15.8,"9/18/2026","BEAR","368760","0","0",1,0,0,0,0
"7/8/2026","STRC",0.6,"A","PUT",55,85.25,54.4,"8/21/2026","BEAR","59940","0","0",1,0,0,0,0
"7/9/2026","SMH",61.2,"A","CALL",660,613.64,721.2,"11/20/2026","BULL","8273400","0","0",1,0,0,0,0
"7/9/2026","LITE",110,"A","CALL",800,791.82,910,"8/21/2026","BULL","4236500","0","0",1,0,0,0,0
"7/9/2026","HUT",16.75,"A","CALL",110,108.375,126.75,"8/21/2026","BULL","3230360","549","454885",1,1,0,0,0
"7/9/2026","ACI",1.29,"A","CALL",15,14.21,16.29,"1/15/2027","BULL","2703385","1964","187916",1,1,1,1,1
"7/9/2026","LRCX",40.65,"A","CALL",400,357.405,440.65,"9/18/2026","BULL","2558139","65","587124",1,0,0,0,0
"7/9/2026","BTI",16.1,"A","CALL",45,60.7736,61.1,"12/18/2026","BULL","1610000","0","0",1,1,0,1,0
"7/9/2026","PWR",153.676,"A","CALL",760,679.47,913.675999999999,"1/21/2028","BULL","1152570","0","0",1,0,0,0,0
"7/9/2026","CRC",22.247,"A","CALL",32.5,52.825,54.747,"7/16/2027","BULL","843147","0","0",1,1,1,1,1
"7/9/2026","INTC",7.58,"A","CALL",200,116.45,207.58,"11/20/2026","BULL","822546","400","90800",1,1,1,1,1
"7/9/2026","BTDR",2.2,"A","CALL",16,14.5099,18.2,"8/21/2026","BULL","844604","1565","203790",1,1,0,0,0
"7/9/2026","MTSI",22,"A","CALL",370,327.0739,392,"8/21/2026","BULL","431200","0","0",1,1,1,1,1
"7/9/2026","SM",11.9,"A","CALL",17.5,28.42,29.4,"2/19/2027","BULL","392689","0","0",1,1,0,1,0
"7/9/2026","BAND",9.4,"A","CALL",80,75.2471,89.4,"8/21/2026","BULL","160740","0","0",1,1,1,0,0
"7/9/2026","GLD",107.1,"A","PUT",485,378.185,377.9,"8/21/2026","BEAR","193955905","16564","183245905",9,0,0,0,0
"7/9/2026","GLD",97.25,"A","PUT",475,378.185,377.75,"9/18/2026","BEAR","99032460","8893","88824210",3,0,0,0,0
"7/9/2026","NFLX",55.5,"A","PUT",130,74.875,74.5,"1/15/2027","BEAR","8807850","0","0",1,0,0,0,0
"7/9/2026","GLD",132.3,"A","PUT",510,378.185,377.7,"9/18/2026","BEAR","50413475","3115","42476975",3,0,0,0,0
"7/9/2026","ARM",128.27,"A","PUT",380,333.55,251.73,"3/19/2027","BEAR","6403668","0","0",1,1,0,0,0
"7/9/2026","SLV",36.6,"A","PUT",90,54.195,53.4,"8/21/2026","BEAR","6222000","0","0",1,0,0,0,0
"7/9/2026","SPY",4.49,"A","PUT",712,749.84,707.51,"8/21/2026","BEAR","10150707","11632","4597286",1,0,0,0,0
"7/9/2026","SPY",4.33,"A","PUT",714,751.72,709.67,"8/21/2026","BEAR","5143521","2000","554000",1,0,0,0,0
"7/9/2026","ARKK",6.4,"A","PUT",75,81.535,68.6,"1/15/2027","BEAR","4078567","0","0",1,0,0,0,0
"7/9/2026","KLAC",30.8,"A","PUT",230,229.4375,199.2,"8/21/2026","BEAR","-2930480","-1400","-6146000",1,0,0,0,0
"7/9/2026","NSC",5.3,"A","PUT",300,318.15,294.7,"8/21/2026","BEAR","1612500","375","22500",1,0,0,0,0
"7/9/2026","MDLZ",1.6,"A","PUT",57.5,59.045,55.9,"8/21/2026","BEAR","1196272","355","30057",1,0,0,0,0
"7/9/2026","CCOI",1.9,"A","PUT",12.5,12.34,10.6,"8/21/2026","BEAR","537283","379","62283",1,0,0,0,0
"7/9/2026","LASR",9.1,"A","PUT",55,72.18,45.9,"12/18/2026","BEAR","409500","0","0",1,0,1,0,1
"7/9/2026","SCHD",1.1,"A","PUT",33,32.2886,31.9,"8/28/2026","BEAR","304528","0","0",1,1,1,0,0
"7/10/2026","TSLA",56,"A","CALL",600,412.126,656,"12/17/2027","BULL","13468000","0","0",1,0,0,0,0
"7/10/2026","GOOG",75.15,"A","CALL",305,353.125,380.15,"3/19/2027","BULL","3006000","0","0",1,0,0,0,0
"7/10/2026","GOOGL",63.8,"A","CALL",325,354.29,388.8,"3/19/2027","BULL","2552000","0","0",1,1,0,1,0
"7/10/2026","IBIT",5.45,"A","CALL",70,36.215,75.45,"12/15/2028","BULL","2727134","406","198349",1,0,0,0,0
"7/10/2026","CORZ",6.3,"A","CALL",23,23.72,29.3,"1/15/2027","BULL","2047420","0","0",1,0,0,0,0
"7/10/2026","AEM",17.75,"A","CALL",175,146.89,192.75,"6/17/2027","BULL","1775000","0","0",1,1,1,0,0
"7/10/2026","KOD",3.75,"A","CALL",45,39.57,48.75,"8/21/2026","BULL","956620","0","0",1,1,1,1,0
"7/10/2026","DINO",2.25,"A","CALL",85,77.1618,87.25,"8/21/2026","BULL","2131305","3349","1703805",1,1,1,1,1
"7/10/2026","WSC",1.8,"A","CALL",27.5,26.4163,29.3,"8/21/2026","BULL","767985","2305","342345",1,1,1,1,1
"7/10/2026","NEXA",0.85,"A","CALL",17.5,14.8,18.35,"8/21/2026","BULL","77220","240","13920",1,1,1,1,1
"7/10/2026","SPY",3.76,"A","PUT",716,755.1,712.24,"8/21/2026","BEAR","13179315","15194","6099645",1,0,0,0,0
"7/10/2026","GLD",108.9,"A","PUT",485,376.32,376.1,"8/21/2026","BEAR","183245905","16064","177800905",10,0,0,0,0
"7/10/2026","MTUM",12.1,"A","PUT",315,322.13,302.9,"8/21/2026","BEAR","3872972","244","498320",1,0,0,0,0
"7/10/2026","BBBY",7.5,"A","PUT",12.5,5.1913,5,"12/18/2026","BEAR","1125000","0","0",1,0,0,0,0
"7/10/2026","CRWG",7.5,"A","PUT",20,24.44,12.5,"12/18/2026","BEAR","150000","0","0",1,0,0,0,0
"7/13/2026","META",34.6,"A","CALL",750,662.3906,784.6,"10/16/2026","BULL","11231760","1065","701920",1,0,0,0,0
"7/13/2026","AVGO",37.592,"A","CALL",400,386.71,437.592,"10/16/2026","BULL","9108556","0","0",1,1,0,0,0
"7/13/2026","COIN",17.349,"A","CALL",175,155.43,192.349,"10/16/2026","BULL","2830694","-793","-1268828",1,1,1,0,0
"7/13/2026","OKLO",7.049,"A","CALL",50,45.43,57.049,"10/16/2026","BULL","2018892","0","0",1,0,0,0,0
"7/13/2026","JPM",11.55,"A","CALL",350,334.29,361.55,"10/16/2026","BULL","2046776","100","224200",1,0,0,0,0
"7/13/2026","MXL",16.9,"A","CALL",100,93.41,116.9,"8/21/2026","BULL","4927061","4948","3185480",1,1,1,1,0
"7/13/2026","AGEN",1.35,"A","CALL",8,7.91,9.35,"8/21/2026","BULL","1541955","0","0",1,1,1,1,1
"7/13/2026","MXL",16.499,"A","CALL",90,88.465,106.499,"8/21/2026","BULL","5531974","5510","4197018",1,1,1,1,0
"7/13/2026","RIG",1.3,"A","CALL",5.5,5.395,6.8,"9/17/2027","BULL","1300000","0","0",1,1,0,1,0
"7/13/2026","STX",133.169,"A","CALL",820,852.905,953.169,"8/21/2026","BULL","1052032","0","0",1,0,0,0,0
"7/13/2026","EVC",2.5,"A","CALL",15,11.145,17.5,"2/19/2027","BULL","1083425","1527","333456",1,1,1,1,0
"7/13/2026","UCO",5.398,"A","CALL",38,39.35,43.3979999999999,"8/21/2026","BULL","528494","0","0",1,1,1,0,0
"7/13/2026","NOK",1.58,"A","CALL",11,11.725,12.58,"8/21/2026","BULL","1120311","27521","601755",1,1,1,1,1
"7/13/2026","HPQ",0.6,"A","CALL",27,24.375,27.6,"8/21/2026","BULL","405096","0","0",1,1,0,0,0
"7/13/2026","JACK",1.046,"A","CALL",20,15.165,21.046,"9/18/2026","BULL","477048","1088","163200",1,1,1,1,1
"7/13/2026","EVC",1.452,"A","CALL",20,10.92,21.4519999999999,"2/19/2027","BULL","41520","0","0",1,1,1,1,0
"7/13/2026","GLD",134.148,"A","PUT",500,366.61,365.852,"12/18/2026","BEAR","460310480","34163","434151530",3,0,0,0,0
"7/13/2026","CRWD",19.55,"A","PUT",187.5,187.28,167.95,"9/18/2026","BEAR","8962179","388","400235",1,1,0,0,0
"7/13/2026","WDC",79.25,"A","PUT",530,554.94,450.75,"9/18/2026","BEAR","7401944","0","0",1,0,0,0,0
"7/13/2026","CIEN",49.899,"A","PUT",450,448.525,400.101,"8/21/2026","BEAR","5004851","0","0",1,0,0,0,0
"7/13/2026","IBIT",26.85,"A","PUT",62,35.065,35.15,"1/15/2027","BEAR","9754265","2081","5514650",2,0,0,0,0
"7/13/2026","ALMS",6.7,"A","PUT",27,28.075,20.3,"9/18/2026","BEAR","1740660","0","0",1,0,0,0,0
"7/13/2026","AMD",116.1,"A","PUT",450,536.28,333.9,"1/21/2028","BEAR","1625400","0","0",1,0,0,0,0
"7/13/2026","GFI",8.5,"A","PUT",40,33.27,31.5,"10/16/2026","BEAR","2399699","2375","857659",1,0,0,0,0
"7/13/2026","BAC",5.84,"A","PUT",60,59.245,54.16,"6/17/2027","BEAR","1460000","0","0",1,0,0,0,0
"7/13/2026","IEI",1.4,"A","PUT",117,116.46,115.6,"1/15/2027","BEAR","1400000","0","0",1,0,0,0,0
"7/13/2026","QUBT",1.56,"A","PUT",8,8.2487,6.43999999999999,"10/16/2026","BEAR","1110913","0","0",1,1,0,0,0
"7/13/2026","BUG",2,"A","PUT",33,39.77,31,"3/19/2027","BEAR","240000","0","0",1,0,0,0,0
"7/13/2026","FORM",10.702,"AA","PUT",85,109.26,74.298,"10/16/2026","BEAR","239720","0","0",1,0,0,0,0
"7/13/2026","BIOA",3.987,"A","PUT",20,22.37,16.0129999999999,"8/21/2026","BEAR","258612","156","59276",1,0,0,0,0
"7/13/2026","CEVA",2.6,"A","PUT",35,44.03,32.4,"8/21/2026","BEAR","117500","0","0",1,0,0,0,0
"7/13/2026","EDZ",5.25,"A","PUT",16,16.61,10.75,"1/15/2027","BEAR","105000","0","0",1,0,0,0,0
"7/14/2026","SMH",47.1,"A","CALL",595,600.08,642.1,"8/21/2026","BULL","34903215","1897","1933215",1,0,0,0,0
"7/14/2026","SNDK",308.9,"A","CALL",1760,1759.295,2068.9,"8/21/2026","BULL","17801406","399","2356406",1,1,1,0,0
"7/14/2026","CRWD",25.1,"A","CALL",240,207.55,265.1,"12/18/2026","BULL","7002900","0","0",1,1,0,0,0
"7/14/2026","URI",138,"A","CALL",1040,1065.3533,1178,"12/18/2026","BULL","6900000","0","0",1,1,1,1,1
"7/14/2026","NBIS",36.25,"A","CALL",200,199.165,236.25,"8/21/2026","BULL","13399856","1884","7966051",1,0,0,0,0
"7/14/2026","NOK",1.06,"A","CALL",12,11.6435,13.06,"8/21/2026","BULL","2322914","11845","529699",2,1,1,1,1
"7/14/2026","CVNA",8.85,"A","CALL",66,69.13,74.85,"8/21/2026","BULL","973682","1233","-446983",1,1,0,0,0
"7/14/2026","BMO",4.65,"A","CALL",195,181.11,199.65,"12/18/2026","BULL","697500","0","0",1,1,1,1,1
"7/14/2026","RMBS",13.599,"A","CALL",110,106.19,123.599,"8/21/2026","BULL","723463","408","175430",1,1,1,1,0
"7/14/2026","MAT",2,"A","CALL",13,13.475,15,"1/15/2027","BULL","400000","0","0",1,1,1,1,1
"7/14/2026","BMNU",1.15,"A","CALL",12,9.4,13.15,"8/21/2026","BULL","284747","0","0",1,1,0,1,0
"7/14/2026","ASX",6.4,"A","CALL",37.5,40.8,43.9,"8/21/2026","BULL","226560","0","0",1,0,0,0,0
"7/14/2026","CWEN",1.694,"A","CALL",40,34.215,41.694,"2/19/2027","BULL","152424","0","0",1,1,1,1,0
"7/14/2026","SLN",3.09,"A","CALL",10,9.68,13.09,"8/21/2026","BULL","135342","0","0",1,1,1,0,0
"7/14/2026","PAYS",0.8,"A","CALL",12.5,9.219,13.3,"12/18/2026","BULL","40080","0","0",1,0,0,0,0
"7/14/2026","LITE",245.8,"A","PUT",1030,833.4899,784.2,"8/21/2026","BEAR","7791854","0","0",1,0,0,0,0
"7/14/2026","GLD",127.75,"A","PUT",500,372.31,372.25,"1/15/2027","BEAR","81865550","5790","74200550",1,0,0,0,0
"7/14/2026","GLD",113.35,"A","PUT",485,372.31,371.65,"8/21/2026","BEAR","171888405","14964","165087405",11,0,0,0,0
"7/14/2026","HOOD",14.65,"A","PUT",110,111.53,95.35,"10/16/2026","BEAR","3158464","0","0",1,0,0,0,0
"7/14/2026","WFC",4.15,"A","PUT",90,88.06,85.85,"8/21/2026","BEAR","1403220","200","35000",1,0,0,0,0
"7/14/2026","PENG",16.4,"A","PUT",70,74.054,53.6,"10/16/2026","BEAR","744560","0","0",1,1,1,0,0
"7/14/2026","HPE",7.998,"A","PUT",55,49.42,47.002,"8/21/2026","BEAR","706219","0","0",1,0,0,0,0
"7/14/2026","PENG",8.6,"A","PUT",60,71.9117,51.4,"9/18/2026","BEAR","614871","0","0",1,1,1,0,0
"7/14/2026","KPTI",2,"A","PUT",7.5,9.89,5.5,"11/20/2026","BEAR","296770","0","0",2,0,0,0,0
"7/14/2026","FORM",11.8,"A","PUT",105,113.33,93.2,"8/21/2026","BEAR","542480","207","249840",1,0,0,0,0
"7/14/2026","WYFI",2.65,"A","PUT",20,34.755,17.35,"11/20/2026","BEAR","271440","0","0",1,1,1,1,1
"7/14/2026","VIAV",7,"A","PUT",45,42.79,38,"8/21/2026","BEAR","268100","0","0",1,0,0,0,0
"7/14/2026","FCEL",3.9,"A","PUT",20,22.37,16.1,"9/18/2026","BEAR","210580","0","0",1,1,1,1,1
"7/14/2026","AOSL",5.4,"A","PUT",32.5,35.15,27.1,"9/18/2026","BEAR","170640","0","0",1,1,0,1,0
"7/14/2026","MD",1.3,"A","PUT",22.5,24.29,21.2,"8/21/2026","BEAR","148525","0","0",1,0,0,0,0
"7/14/2026","OPAL",0.6,"AA","PUT",2.5,2.155,1.9,"12/18/2026","BEAR","74058","255","14018",1,0,0,0,0
"7/15/2026","MRVL",17.7,"A","CALL",280,205.99,297.7,"10/16/2026","BULL","10845759","452","802969",1,0,0,0,0
"7/15/2026","META",13.599,"A","CALL",800,679.57,813.599,"8/21/2026","BULL","14614245","9475","7514350",1,0,0,0,0
"7/15/2026","POWL",69,"A","CALL",230,242.55,299,"2/19/2027","BULL","5111500","0","0",1,1,1,1,1
"7/15/2026","AAPL",7.05,"A","CALL",360,326.8519,367.05,"10/16/2026","BULL","5384028","2236","939548",1,0,1,0,0
"7/15/2026","OKTA",38.1,"A","CALL",160,150.53,198.1,"6/17/2027","BULL","4381500","0","0",1,1,1,1,1
"7/15/2026","META",25.311,"A","CALL",780,678.585,805.311,"9/18/2026","BULL","4212673","94","40420",1,0,0,0,0
"7/15/2026","STX",145.9,"A","CALL",800,817.25,945.9,"9/18/2026","BULL","1415230","0","0",1,0,0,0,0
"7/15/2026","NVTS",1.96,"A","CALL",25,13.175,26.96,"1/15/2027","BULL","1611052","2465","315552",1,1,0,1,0
"7/15/2026","PENG",12.999,"A","CALL",70,72.4301,82.999,"8/21/2026","BULL","1188315","310","147250",1,1,1,0,0
"7/15/2026","VG",1.35,"A","CALL",17.5,13.0209,18.85,"1/15/2027","BULL","842267","200","25521",1,0,1,0,0
"7/15/2026","HIMS",3.75,"A","CALL",70,36.77,73.75,"1/15/2027","BULL","750000","0","0",1,1,1,1,1
"7/15/2026","PATH",1.1,"A","CALL",17,12.31,18.1,"12/18/2026","BULL","622360","385","80500",1,0,0,0,0
"7/15/2026","BRZE",1.7,"A","CALL",35,26.381,36.7,"11/20/2026","BULL","515950","0","0",1,1,1,1,1
"7/15/2026","ERAS",7.8,"A","CALL",17.5,21.22,25.3,"1/15/2027","BULL","548730","237","154050",1,1,1,1,1
"7/15/2026","TRV",17.15,"A","CALL",400,330.392,417.15,"12/17/2027","BULL","343000","0","0",1,1,1,1,1
"7/15/2026","COHU",3.2,"A","CALL",65,54.08,68.2,"8/21/2026","BULL","352100","300","32100",1,1,1,1,1
"7/15/2026","SKM",1.8,"A","CALL",35,32.335,36.8,"8/21/2026","BULL","-225015","-434","-293055",1,1,0,0,0
"7/15/2026","SPY",32.9,"A","PUT",770,754.76,737.1,"12/18/2026","BEAR","26499373","5512","19016838",1,0,0,0,0
"7/15/2026","TSM",49,"A","PUT",400,415.32,351,"2/19/2027","BEAR","4331600","0","0",1,1,1,0,0
"7/15/2026","OLMA",4.5,"A","PUT",13,11.8105,8.5,"12/18/2026","BEAR","2537500","2500","1075000",1,0,0,0,0
"7/15/2026","SHOP",28.5,"A","PUT",145,123.61,116.5,"10/16/2026","BEAR","1045950","0","0",1,0,0,0,0
"7/15/2026","FLEX",13,"A","PUT",125,127.3,112,"8/21/2026","BEAR","508292","0","0",1,1,1,1,1
"7/15/2026","SANM",19.1,"A","PUT",195,202.1,175.9,"8/21/2026","BEAR","404914","0","0",1,0,0,0,0
"7/15/2026","NI",1.2,"A","PUT",45,45.505,43.8,"8/21/2026","BEAR","285801","672","53181",1,0,0,0,0
"7/15/2026","GGG",3.297,"A","PUT",75,73.6,71.703,"8/21/2026","BEAR","82416","0","0",1,0,0,0,0
"7/16/2026","BE",45.34,"A","CALL",250,220.705,295.34,"9/18/2026","BULL","50917418","2117","5577418",1,1,1,1,1
"7/16/2026","BE",46.5,"A","CALL",240,221.2599,286.5,"9/18/2026","BULL","28015105","5582","11602123",1,1,1,1,1
"7/16/2026","AAPL",21.1,"A","CALL",400,331.3242,421.1,"9/17/2027","BULL","11990250","1112","1474600",1,0,1,0,0
"7/16/2026","GOOGL",50.6,"A","CALL",425,354.59,475.6,"1/21/2028","BULL","10120000","0","0",1,1,0,1,0
"7/16/2026","BE",43.1,"AA","CALL",210,211.56,253.1,"8/21/2026","BULL","17462329","5831","9898075",1,1,1,1,1
"7/16/2026","META",68,"A","CALL",940,672.02,1008,"9/17/2027","BULL","9093870","633","2591270",1,0,0,0,0
"7/16/2026","SPY",170.13,"A","CALL",660,751.735,830.13,"6/16/2028","BULL","4576510","0","0",1,0,0,0,0
"7/16/2026","ALAB",53,"A","CALL",360,326.73,413,"9/18/2026","BULL","3586496","-186","-123504",1,1,1,1,0
"7/16/2026","CAT",88.75,"A","CALL",920,880.9265,1008.75,"11/20/2026","BULL","3345870","0","0",1,1,1,1,0
"7/16/2026","HPE",4.5,"A","CALL",50,45.28,54.5,"9/18/2026","BULL","3064434","1390","814559",1,0,0,0,0
"7/16/2026","CCJ",3.5,"A","CALL",100,87.4405,103.5,"9/18/2026","BULL","2118140","1167","368140",1,0,0,0,0
"7/16/2026","IONQ",3.08,"A","CALL",60,36.37,63.08,"11/20/2026","BULL","2022058","1501","482327",1,0,0,0,0
"7/16/2026","RIOT",1.57,"A","CALL",21,18.915,22.57,"8/21/2026","BULL","2039170","2784","599241",1,0,0,0,0
"7/16/2026","PLD",5.49,"A","CALL",175,147.8815,180.49,"6/17/2027","BULL","1098000","0","0",1,1,1,1,1
"7/16/2026","UGL",5.18,"A","CALL",45,42.6701,50.18,"1/15/2027","BULL","783453","0","0",1,1,1,1,1
"7/16/2026","STM",8,"AA","CALL",60,62.44,68,"8/21/2026","BULL","754784","200","30000",1,1,1,0,0
"7/16/2026","WELL",7.4,"A","CALL",300,239.865,307.4,"5/21/2027","BULL","518000","0","0",1,1,0,0,0
"7/16/2026","FLEX",12.63,"A","CALL",125,121.435,137.63,"8/21/2026","BULL","378900","0","0",1,1,1,1,1
"7/16/2026","VNOM",3.2,"A","CALL",45,43.999,48.2,"12/18/2026","BULL","399000","200","47000",1,1,1,1,1
"7/16/2026","UNG",1.08,"A","CALL",10,10.6494,11.08,"9/18/2026","BULL","343008","0","0",1,1,1,1,1
"7/16/2026","PENG",17.95,"A","CALL",100,65.25,117.95,"4/16/2027","BULL","269250","0","0",1,1,1,0,0
"7/16/2026","CAMT",6.608,"A","CALL",210,147.25,216.608,"9/18/2026","BULL","264326","0","0",1,1,1,1,1
"7/16/2026","ARMG",3.708,"AA","CALL",25,20.6099,28.708,"8/21/2026","BULL","185420","0","0",1,1,0,1,0
"7/16/2026","NAT",0.6,"A","CALL",6,6.3158,6.6,"8/21/2026","BULL","213863","1621","63875",1,1,1,1,1
"7/16/2026","ALLE",2.581,"A","CALL",150,139.96,152.581,"8/21/2026","BULL","175006","191","47750",1,1,1,1,1
"7/16/2026","MAN",2.25,"A","CALL",65,52.165,67.25,"10/16/2026","BULL","85500","0","0",1,1,1,1,1
"7/16/2026","ARX",1.9,"A","CALL",15,13.85,16.9,"11/20/2026","BULL","71278","0","0",1,1,1,1,1
"7/16/2026","LINC",2,"A","CALL",50,46.07,52,"8/21/2026","BULL","39999","0","0",1,0,0,0,0
"7/16/2026","GLD",69.65,"A","PUT",435,365.905,365.35,"9/18/2026","BEAR","77879600","3100","19721850",1,0,0,0,0
"7/16/2026","GLD",64.8,"A","PUT",430,365.905,365.2,"9/18/2026","BEAR","33307500","700","4147500",1,0,0,0,0
"7/16/2026","GLD",135.55,"A","PUT",500,364.655,364.45,"12/18/2026","BEAR","417505030","30913","391072780",4,0,0,0,0
"7/16/2026","GLD",120.65,"A","PUT",485,364.655,364.35,"8/21/2026","BEAR","159539905","12414","134866655",12,0,0,0,0
"7/16/2026","GLD",74.35,"A","PUT",440,365.905,365.65,"9/18/2026","BEAR","24132750","900","6288750",1,0,0,0,0
"7/16/2026","GLD",74.8,"A","PUT",440,365.905,365.2,"8/21/2026","BEAR","150181855","21663","141205855",3,0,0,0,0
"7/16/2026","GLD",110.5,"A","PUT",475,364.655,364.5,"9/18/2026","BEAR","82635210","7543","74347710",4,0,0,0,0
"7/16/2026","SLV",49,"A","PUT",99,50.345,50,"9/30/2026","BEAR","5684000","0","0",1,0,0,0,0
"7/16/2026","AVGO",38.999,"A","PUT",370,380.15,331.001,"11/20/2026","BEAR","6517058","712","1685060",1,1,0,0,0
"7/16/2026","GLD",59.6,"A","PUT",425,365.905,365.4,"8/21/2026","BEAR","4470000","0","0",1,0,0,0,0
"7/16/2026","GLD",84.25,"A","PUT",450,365.93,365.75,"10/16/2026","BEAR","14103625","1250","9680500",1,0,0,0,0
"7/16/2026","GLD",144.65,"A","PUT",510,365.905,365.35,"9/18/2026","BEAR","40400225","2665","36060725",4,0,0,0,0
"7/16/2026","SLV",34.85,"A","PUT",85,50.335,50.15,"8/21/2026","BEAR","4182000","0","0",1,0,0,0,0
"7/16/2026","MTUM",13,"A","PUT",300,302.11,287,"8/21/2026","BEAR","7263203","2201","3587830",1,0,0,0,0
"7/16/2026","LITE",42.8,"A","PUT",540,698.26,497.2,"9/18/2026","BEAR","4135270","1780","1503920",1,0,0,0,0
"7/16/2026","GOOG",23.1,"A","PUT",365,353.355,341.9,"8/21/2026","BEAR","318750","-750","-1991250",1,0,0,0,0
"7/16/2026","POWL",81.8,"A","PUT",290,235.46,208.2,"11/20/2026","BEAR","1914114","0","0",1,1,1,1,1
"7/16/2026","RDDT",74.65,"A","PUT",250,189.11,175.35,"11/20/2026","BEAR","1903571","0","0",1,0,0,0,0
"7/16/2026","LAD",41,"A","PUT",360,336.9976,319,"12/18/2026","BEAR","1640000","0","0",1,0,0,0,0
"7/16/2026","KLAC",31.098,"A","PUT",220,220.23,188.902,"9/18/2026","BEAR","1455378","0","0",1,0,0,0,0
"7/16/2026","CAPR",4,"A","PUT",12,19.38,8,"8/21/2026","BEAR","1368000","0","0",1,0,0,0,0
"7/16/2026","STX",35.596,"A","PUT",600,747.67,564.404,"8/21/2026","BEAR","1402811","302","135598",1,0,0,0,0
"7/16/2026","AMD",110.421,"AA","PUT",450,501.2819,339.579,"9/17/2027","BEAR","-682665","-200","-1820000",1,0,0,0,0
"7/16/2026","HOOD",9.85,"A","PUT",100,111.245,90.15,"10/16/2026","BEAR","1123875","0","0",1,0,0,0,0
"7/16/2026","MOD",41.7,"A","PUT",220,221.13,178.3,"11/20/2026","BEAR","971609","0","0",1,1,1,0,0
"7/16/2026","SMTC",20.5,"A","PUT",120,126.8537,99.5,"10/16/2026","BEAR","771700","150","333000",1,1,1,1,0
"7/16/2026","FORM",22.264,"A","PUT",120,106.94,97.736,"8/21/2026","BEAR","425250","0","0",1,0,0,0,0
"7/16/2026","BAND",6.4,"A","PUT",50,68.33,43.6,"11/20/2026","BEAR","308460","0","0",1,1,1,0,0
"7/16/2026","CXW",0.6,"A","PUT",13,30.955,12.4,"1/21/2028","BEAR","300000","0","0",1,1,1,1,0
"7/16/2026","VIAV",7.8,"A","PUT",36,36.855,28.2,"11/20/2026","BEAR","299520","0","0",1,0,0,0,0
"7/16/2026","VSH",3.2,"A","PUT",25,36.09,21.8,"11/20/2026","BEAR","244992","0","0",1,1,1,0,0
"7/16/2026","CRWG",9.4,"A","PUT",19,16.13,9.6,"12/18/2026","BEAR","368000","200","180000",1,0,0,0,0
"7/16/2026","CEVA",7.5,"A","PUT",35,37.69,27.5,"11/20/2026","BEAR","166500","0","0",1,0,0,0,0
"7/16/2026","VSH",7.7,"A","PUT",35,36.215,27.3,"11/20/2026","BEAR","143220","0","0",1,1,1,0,0
"7/16/2026","AOSL",3.8,"A","PUT",27.5,32.68,23.7,"9/18/2026","BEAR","104880","0","0",1,1,0,1,0
"7/16/2026","COHU",5,"A","PUT",40,51.705,35,"11/20/2026","BEAR","87000","0","0",1,1,1,1,1
"7/16/2026","OBDC",1.34,"A","PUT",12.5,11.21,11.16,"8/21/2026","BEAR","87900","250","21250",1,0,0,0,0
"7/17/2026","SPX",152.5,"A","CALL",7480,0,7632.5,"8/21/2026","BULL","34437840","0","0",1,0,1,0,1
"7/17/2026","INTC",15.45,"A","CALL",85,93.475,100.45,"8/21/2026","BULL","10239779","1421","1419511",1,1,1,1,1
"7/17/2026","MU",370,"A","CALL",1180,865.425,1550,"12/15/2028","BULL","26293000","535","18893000",1,0,0,0,0
"7/17/2026","MP",6.75,"A","CALL",50,45.13,56.75,"12/18/2026","BULL","4862500","-200","-200000",1,0,0,0,0
"7/17/2026","TQQQ",24.464,"A","CALL",64,66.584,88.464,"1/21/2028","BULL","4374100","0","0",1,1,0,1,0
"7/17/2026","STM",11.4,"A","CALL",65,63.1901,76.4,"11/20/2026","BULL","2046281","0","0",1,1,1,0,0
"7/17/2026","RKLB",6.3,"A","CALL",75,68.825,81.3,"8/21/2026","BULL","1929520","152","39520",1,0,0,0,0
"7/17/2026","FLY",7.8,"A","CALL",15,19.16,22.8,"2/19/2027","BULL","1736280","0","0",1,1,0,1,0
"7/17/2026","UTHR",14.5,"A","CALL",700,540.245,714.5,"1/15/2027","BULL","1450000","0","0",1,1,0,1,0
"7/17/2026","FRMI",1.19,"A","CALL",7,6.225,8.19,"9/18/2026","BULL","1610545","3559","414775",1,1,1,1,1
"7/17/2026","KLAC",52,"A","CALL",234,213.87,286,"3/19/2027","BULL","488375","-224","-676425",1,0,0,0,0
"7/17/2026","FLY",5.6,"A","CALL",15,19.84,20.6,"8/21/2026","BULL","1135120","0","0",1,1,0,1,0
"7/17/2026","VSH",6.5,"A","CALL",35,37.4994,41.5,"8/21/2026","BULL","1600646","878","621246",1,1,1,0,0
"7/17/2026","VSH",9.4,"A","CALL",35,36.055,44.4,"11/20/2026","BULL","736566","0","0",1,1,1,0,0
"7/17/2026","FLEX",22.7,"A","CALL",110,115.73,132.7,"10/16/2026","BULL","703692","0","0",1,1,1,1,1
"7/17/2026","SQQQ",1.45,"A","CALL",55,42.285,56.45,"8/21/2026","BULL","659275","0","0",1,1,1,1,1
"7/17/2026","FLEX",20.8,"AA","CALL",110,117.3925,130.8,"9/18/2026","BULL","638570","0","0",1,1,1,1,1
"7/17/2026","SOXS",20.447,"A","CALL",40,55.4199,60.447,"8/21/2026","BULL","472215","-301","-102350",1,0,0,0,0
"7/17/2026","SIMO",35,"A","CALL",270,257.36,305,"8/21/2026","BULL","528500","0","0",1,1,0,1,0
"7/17/2026","VSH",4.8,"A","CALL",40,38.17,44.8,"8/21/2026","BULL","1639280","4039","1191680",1,1,1,0,0
"7/17/2026","FCEL",2.65,"A","CALL",21,18.965,23.65,"8/21/2026","BULL","358064","0","0",1,1,1,1,1
"7/17/2026","ADEA",2.65,"A","CALL",25,25.07,27.65,"8/21/2026","BULL","61745","0","0",1,1,1,1,0
"7/17/2026","OBE",0.65,"A","CALL",10,9.52,10.65,"8/21/2026","BULL","58980","200","3500",1,1,0,1,0
"7/17/2026","QQQ",66.91,"A","PUT",680,696.035,613.09,"12/17/2027","BEAR","26815000","0","0",1,0,0,0,0
"7/17/2026","GLD",132.1,"A","PUT",500,368.22,367.9,"12/18/2026","BEAR","391072780","28961","365286860",5,0,0,0,0
"7/17/2026","GLD",117.4,"A","PUT",485,368.13,367.6,"8/21/2026","BEAR","134866655","10964","117854905",13,0,0,0,0
"7/17/2026","GOOG",24,"A","PUT",350,347.4,326,"10/16/2026","BEAR","8356075","-234","-513630",1,0,0,0,0
"7/17/2026","GLD",72.15,"A","PUT",440,368.22,367.85,"8/21/2026","BEAR","141205855","20513","132908605",4,0,0,0,0
"7/17/2026","SLV",40.3,"A","PUT",91,50.74,50.7,"9/18/2026","BEAR","16863370","3090","10923150",1,0,0,0,0
"7/17/2026","PLTR",22.6,"A","PUT",145,131.72,122.4,"10/16/2026","BEAR","6031486","525","259475",1,0,0,0,0
"7/17/2026","SPY",5.195,"A","PUT",708,742.449,702.805,"8/21/2026","BEAR","9684140","14968","4984312",2,0,0,0,0
"7/17/2026","ORCL",11.499,"A","PUT",110,125.3,98.501,"11/20/2026","BEAR","4097079","0","0",1,0,0,0,0
"7/17/2026","VRT",19.215,"A","PUT",255,273.7001,235.785,"8/28/2026","BEAR","3795023","0","0",1,1,1,0,0
"7/17/2026","META",28.95,"A","PUT",625,651.6,596.05,"8/21/2026","BEAR","16613465","2727","12979515",1,0,0,0,0
"7/17/2026","INDA",1.1,"A","PUT",49,48.85,47.9,"8/21/2026","BEAR","2252040","0","0",1,0,0,0,0
"7/17/2026","BMNR",4.4,"A","PUT",18,15.795,13.6,"11/20/2026","BEAR","1994665","400","148000",1,0,0,0,0
"7/17/2026","NET",52.3,"A","PUT",290,273.25,237.7,"11/20/2026","BEAR","2038775","119","359955",1,1,0,1,0
"7/17/2026","XRT",1.65,"A","PUT",87,89.295,85.35,"8/21/2026","BEAR","1109280","-9012","-540720",1,0,0,0,0
"7/17/2026","AEHR",7.2,"A","PUT",70,82.36,62.8,"8/21/2026","BEAR","1575353","0","0",1,0,0,0,0
"7/17/2026","WDC",55.5,"A","PUT",350,486.385,294.5,"1/15/2027","BEAR","1299000","0","0",1,0,0,0,0
"7/17/2026","HOOD",11.899,"A","PUT",90,99.37,78.101,"11/20/2026","BEAR","-2222490","-3634","-3443333",1,0,0,0,0
"7/17/2026","WFC",3.1,"A","PUT",87.5,89.0785,84.4,"9/18/2026","BEAR","1359383","815","188320",1,0,0,0,0
"7/17/2026","PLTR",7.3,"A","PUT",124,132.39,116.7,"8/28/2026","BEAR","1586890","594","558340",1,0,0,0,0
"7/17/2026","ARWR",5.5,"A","PUT",70,73.16,64.5,"8/21/2026","BEAR","801205","0","0",1,1,1,0,0
"7/17/2026","QBTS",3.099,"A","PUT",17,16.91,13.901,"10/16/2026","BEAR","765926","-302","-22168",1,1,1,1,1
"7/17/2026","FORM",12.5,"A","PUT",100,104.8573,87.5,"8/21/2026","BEAR","487500","0","0",2,0,0,0,0
"7/17/2026","KGS",3.4,"A","PUT",60,64.72,56.6,"9/18/2026","BEAR","340000","0","0",1,0,0,0,0
"7/17/2026","FORM",14.2,"A","PUT",95,102.265,80.8,"9/18/2026","BEAR","305297","0","0",1,0,0,0,0
"7/17/2026","FORM",12.1,"A","PUT",90,101.97,77.9,"9/18/2026","BEAR","249260","0","0",1,0,0,0,0
"7/17/2026","FSS",15,"A","PUT",125,117.34,110,"11/20/2026","BEAR","249000","0","0",1,0,0,0,0
"7/17/2026","AIR",13.4,"A","PUT",130,135.4325,116.6,"11/20/2026","BEAR","241200","0","0",1,0,0,0,0
"7/20/2026","BE",45.74,"A","CALL",310,198.82,355.74,"1/15/2027","BULL","22914000","0","0",1,1,1,1,1
"7/20/2026","NBIS",22.45,"A","CALL",440,181.125,462.45,"1/15/2027","BULL","6814240","284","528240",1,0,0,0,0
"7/20/2026","BE",29.5,"A","CALL",430,200.06,459.5,"1/15/2027","BULL","5310000","0","0",1,1,1,1,1
"7/20/2026","NBIS",25.25,"A","CALL",400,181.63,425.25,"1/15/2027","BULL","5050000","0","0",2,0,0,0,0
"7/20/2026","INTC",9.93,"A","CALL",155,97.761,164.93,"1/15/2027","BULL","2979000","0","0",1,1,1,1,1
"7/20/2026","ONON",1.99,"A","CALL",50,37.62,51.99,"1/15/2027","BULL","2945369","0","0",1,1,1,1,1
"7/20/2026","GEV",70.594,"A","CALL",1100,1059.56,1170.594,"8/21/2026","BULL","4053907","713","1224880",1,1,1,0,1
"7/20/2026","BE",22.05,"A","CALL",510,200.105,532.05,"1/15/2027","BULL","2646000","0","0",1,1,1,1,1
"7/20/2026","BE",39.6,"A","CALL",202.5,200.15,242.1,"8/21/2026","BULL","3303720","511","919800",1,1,1,1,1
"7/20/2026","NOK",1.06,"A","CALL",10,10.1164,11.06,"8/21/2026","BULL","3739899","22236","1416379",1,1,1,1,1
"7/20/2026","JPM",18.85,"A","CALL",345,339.85,363.85,"11/20/2026","BULL","2214850","0","0",1,0,0,0,0
"7/20/2026","INTC",13.56,"A","CALL",96,99.525,109.56,"8/21/2026","BULL","2821426","642","1444928",1,1,1,1,1
"7/20/2026","SITM",104,"A","CALL",660,565.39,764,"11/20/2026","BULL","1310400","0","0",1,0,0,0,0
"7/20/2026","MXL",15.4,"A","CALL",75,77.18,90.4,"8/21/2026","BULL","2889290","1237","2119290",1,1,1,1,0
"7/20/2026","OSS",0.7,"A","CALL",15,12.33,15.7,"8/21/2026","BULL","794510","1453","100180",1,1,1,1,1
"7/20/2026","VXX",1,"A","CALL",24.5,22.11,25.5,"8/21/2026","BULL","607173","0","0",1,1,0,1,0
"7/20/2026","TMHC",2.55,"A","CALL",70,72.445,72.55,"10/16/2026","BULL","550405","0","0",2,1,1,1,1
"7/20/2026","FLEX",25.3,"A","CALL",120,121.2899,145.3,"11/20/2026","BULL","437690","0","0",1,1,1,1,1
"7/20/2026","INO",0.25,"A","CALL",1.5,1.0999,1.75,"2/19/2027","BULL","712500","4000","300000",1,1,0,1,0
"7/20/2026","MXL",7.3,"A","CALL",95,75.38,102.3,"8/21/2026","BULL","1988005","1821","1585295",1,1,1,1,0
"7/20/2026","POET",1.9,"A","CALL",8,7.71,9.9,"11/20/2026","BULL","361555","0","0",1,1,1,1,0
"7/20/2026","AOSL",4.6,"A","CALL",32.5,31.325,37.1,"8/21/2026","BULL","133860","0","0",1,1,0,1,0
"7/20/2026","CRWG",6,"A","CALL",30,18.89,36,"12/18/2026","BULL","132600","0","0",1,0,0,0,0
"7/20/2026","PLTU",4,"A","CALL",36,33.54,40,"8/21/2026","BULL","80000","0","0",1,1,1,1,1
"7/20/2026","GLD",117.8,"A","PUT",485,367.4921,367.2,"8/21/2026","BEAR","117854905","10364","110786905",14,0,0,0,0
"7/20/2026","GLD",73.1,"A","PUT",440,367.54,366.9,"8/21/2026","BEAR","132908605","19613","126329605",5,0,0,0,0
"7/20/2026","SPY",39.74,"A","PUT",770,741.86,730.26,"12/18/2026","BEAR","9343104","1533","3557865",2,0,0,0,0
"7/20/2026","GLD",142.75,"A","PUT",510,367.4921,367.25,"9/18/2026","BEAR","36060725","2265","30344475",5,0,0,0,0
"7/20/2026","LITE",113.85,"A","PUT",760,788.67,646.15,"9/18/2026","BEAR","5444956","0","0",1,0,0,0,0
"7/20/2026","XLI",5.04,"A","PUT",170,178.1606,164.96,"11/20/2026","BEAR","9602095","10000","4502095",1,0,0,0,0
"7/20/2026","GLD",67.6,"A","PUT",435,367.455,367.4,"9/18/2026","BEAR","19721850","2400","14989850",2,0,0,0,0
"7/20/2026","TER",27.394,"A","PUT",300,340.05,272.606,"8/21/2026","BEAR","2561334","0","0",1,0,0,0,0
"7/20/2026","CCL",2.328,"A","PUT",25,26.08,22.672,"11/20/2026","BEAR","3688478","5711","1280925",1,0,0,0,0
"7/20/2026","STX",149.5,"A","PUT",800,802.6,650.5,"10/16/2026","BEAR","2048150","0","0",1,0,0,0,0
"7/20/2026","CLSK",2.15,"A","PUT",14,14.28,11.85,"9/18/2026","BEAR","2013985","0","0",1,0,0,0,0
"7/20/2026","CRDO",15.8,"A","PUT",185,217.895,169.2,"8/21/2026","BEAR","1625800","0","0",1,0,0,0,0
"7/20/2026","SOXL",3.75,"A","PUT",61,138.48,57.25,"8/21/2026","BEAR","1326909","0","0",1,0,0,0,0
"7/20/2026","CAPR",7.9,"A","PUT",18,19.06,10.1,"8/21/2026","BEAR","1307221","0","0",1,0,0,0,0
"7/20/2026","SOXL",4.399,"A","PUT",65,138.24,60.601,"8/21/2026","BEAR","1180355","0","0",1,0,0,0,0
"7/20/2026","CORZ",0.97,"A","PUT",18,22.28,17.03,"8/21/2026","BEAR","1351894","4368","277404",1,0,0,0,0
"7/20/2026","AMKR",2.75,"A","PUT",49,62.53,46.25,"8/21/2026","BEAR","771320","0","0",1,0,0,0,0
"7/20/2026","VSH",1.15,"A","PUT",20,38.11,18.85,"10/16/2026","BEAR","445387","0","0",1,1,1,0,0
"7/20/2026","ASX",2.9,"A","PUT",35,37.39,32.1,"8/21/2026","BEAR","312098","534","112138",1,0,0,0,0
"7/20/2026","NGG",1.15,"A","PUT",80,82.96,78.85,"8/21/2026","BEAR","115919","0","0",1,0,0,0,0
"7/20/2026","KPDD",1.1,"A","PUT",6,5.79,4.9,"1/15/2027","BEAR","25300","0","0",1,0,0,0,0
"7/21/2026","SNDK",335,"A","CALL",2270,1575.24,2605,"1/15/2027","BULL","90212000","0","0",1,1,1,0,0
"7/21/2026","BE",53,"A","CALL",350,227.5056,403,"1/15/2027","BULL","17225000","0","0",1,1,1,1,1
"7/21/2026","TSM",34.6,"A","CALL",410,424.63,444.6,"8/21/2026","BULL","15108473","1804","4092340",1,1,1,0,0
"7/21/2026","NBIS",38.09,"A","CALL",390,212.01,428.09,"1/15/2027","BULL","8379800","0","0",1,0,0,0,0
"7/21/2026","AVGO",51.7,"A","CALL",380,384.66,431.7,"11/20/2026","BULL","5946677","450","1242000",1,1,0,0,0
"7/21/2026","SMH",67.55,"A","CALL",630,584.49,697.55,"1/15/2027","BULL","4053000","0","0",1,0,0,0,0
"7/21/2026","AMD",51.9,"A","CALL",780,542.315,831.9,"1/15/2027","BULL","4048200","0","0",1,0,0,0,0
"7/21/2026","NXPI",9,"A","CALL",320,273.26,329,"8/21/2026","BULL","4321626","543","436626",1,0,0,0,0
"7/21/2026","GFS",2.798,"A","CALL",70,59.33,72.798,"8/21/2026","BULL","3260566","4622","181509",1,1,1,1,1
"7/21/2026","TSLA",12.647,"A","CALL",720,375.13,732.647,"6/17/2027","BULL","4674233","3475","2379659",1,0,0,0,0
"7/21/2026","SOXL",40.5,"A","CALL",250,157.5945,290.5,"12/18/2026","BULL","1417500","0","0",1,0,0,0,0
"7/21/2026","APH",12.6,"A","CALL",160,155.69,172.6,"9/18/2026","BULL","1262520","0","0",1,1,1,0,0
"7/21/2026","FLEX",4.4,"A","CALL",200,126.7666,204.4,"10/16/2026","BULL","1021474","0","0",1,1,1,1,1
"7/21/2026","AXTI",13.4,"A","CALL",115,56.355,128.4,"2/19/2027","BULL","963000","0","0",1,1,1,1,1
"7/21/2026","RDW",3.1,"A","CALL",9,9.445,12.1,"1/15/2027","BULL","949736","0","0",1,1,0,1,0
"7/21/2026","WEN",0.64,"A","CALL",15,7.65,15.64,"1/21/2028","BULL","872600","500","15000",1,1,1,1,1
"7/21/2026","AXSM",11.3,"A","CALL",240,225.9811,251.3,"9/18/2026","BULL","1024863","1000","459863",1,0,1,0,1
"7/21/2026","MNTN",2.1,"A","CALL",7.5,9.01,9.6,"9/18/2026","BULL","887009","1758","439500",2,1,1,1,1
"7/21/2026","SMWB",1,"A","CALL",7.5,6.62,8.5,"10/16/2026","BULL","210000","0","0",1,1,1,1,1
"7/21/2026","WES",2.6,"A","CALL",46,46.595,48.6,"1/15/2027","BULL","151320","0","0",1,1,1,1,1
"7/21/2026","VECO",3,"A","CALL",65,54.186,68,"8/21/2026","BULL","150000","0","0",1,0,0,0,0
"7/21/2026","DELL",241,"A","PUT",550,402.21,309,"1/21/2028","BEAR","19280000","0","0",1,0,0,0,0
"7/21/2026","AMAT",79.5,"A","PUT",490,569.89,410.5,"12/18/2026","BEAR","6562500","500","2587500",1,0,0,0,0
"7/21/2026","RIOT",3.55,"A","PUT",22,21.675,18.45,"9/18/2026","BEAR","1775977","346","122830",1,0,0,0,0
"7/21/2026","IREN",7.4,"A","PUT",37,41.885,29.6,"10/16/2026","BEAR","1725530","193","158260",1,1,0,1,0
"7/21/2026","STM",6.35,"A","PUT",64,65.885,57.65,"8/21/2026","BEAR","1270000","0","0",1,1,1,0,0
"7/21/2026","CIEN",82.99,"A","PUT",470,407.4077,387.01,"8/21/2026","BEAR","1261454","0","0",1,0,0,0,0
"7/21/2026","RKLB",39.342,"AA","PUT",80,69.26,40.658,"12/15/2028","BEAR","983550","0","0",1,0,0,0,0
"7/21/2026","WULF",3.35,"A","PUT",20,20.025,16.65,"9/18/2026","BEAR","696959","0","0",1,0,0,0,0
"7/21/2026","TPC",10,"A","PUT",80,85.96,70,"1/15/2027","BEAR","500000","0","0",1,1,0,0,0
"7/21/2026","ATI",25.5,"A","PUT",210,195.24,184.5,"9/18/2026","BEAR","808856","407","411058",1,0,0,0,0
"7/21/2026","RIOT",0.48,"A","PUT",15,20.6912,14.52,"8/21/2026","BEAR","561550","7329","263817",1,0,0,0,0
"7/21/2026","SCO",6.15,"A","PUT",30,26.66,23.85,"10/16/2026","BEAR","688000","800","443000",1,0,0,0,0
"7/21/2026","ASX",1.6,"A","PUT",32.5,39.6266,30.9,"8/21/2026","BEAR","262487","150","20250",1,0,0,0,0
"7/22/2026","SNDK",268.8,"A","CALL",1600,1603.27,1868.8,"8/21/2026","BULL","49284679","1175","26011493",1,1,1,0,0
"7/22/2026","INTC",9.496,"A","CALL",110,103.6593,119.496,"8/21/2026","BULL","31090145","66170","15057723",1,1,1,1,1
"7/22/2026","LITE",96.29,"A","CALL",870,833.3025,966.29,"8/21/2026","BULL","16104880","472","541980",1,0,0,0,0
"7/22/2026","AMD",48.19,"A","CALL",570,554.82,618.19,"8/21/2026","BULL","15487340","211","548440",1,0,0,0,0
"7/22/2026","WDC",56.2,"A","CALL",590,555.885,646.2,"8/21/2026","BULL","13229347","77","303347",1,0,0,0,0
"7/22/2026","BE",30.69,"A","CALL",260,221.0128,290.69,"8/21/2026","BULL","7893995","313","221495",1,1,1,1,1
"7/22/2026","KLAC",55.3,"A","CALL",210,217.491,265.3,"1/15/2027","BULL","4424000","0","0",1,0,0,0,0
"7/22/2026","LRCX",13.8,"A","CALL",385,319.54,398.8,"8/21/2026","BULL","2680996","653","262680",1,0,0,0,0
"7/22/2026","UVIX",37,"A","CALL",55,57.96,92,"1/21/2028","BULL","1856000","0","0",1,1,1,1,1
"7/22/2026","TPL",10.9,"A","CALL",470,431.8,480.9,"8/21/2026","BULL","632200","0","0",1,1,0,1,0
"7/22/2026","MTCH",2.5,"A","CALL",37.5,37.94,40,"8/21/2026","BULL","661269","2000","271000",1,0,0,0,0
"7/22/2026","UTI",1.45,"AA","CALL",40,35.52,41.45,"8/21/2026","BULL","264445","0","0",1,1,1,1,1
"7/22/2026","VISN",0.3,"A","CALL",13,12.125,13.3,"8/21/2026","BULL","194747","1990","44747",1,0,0,0,0
"7/22/2026","NBIS",60.6,"A","PUT",260,226.245,199.4,"8/21/2026","BEAR","3723231","-199","-912669",1,0,0,0,0
"7/22/2026","MCHP",12.75,"A","PUT",82.5,85.35,69.75,"12/18/2026","BEAR","4590000","0","0",1,0,0,0,0
"7/22/2026","GOOG",8.462,"A","PUT",330,344.87,321.538,"8/21/2026","BEAR","5035404","1352","1685780",1,0,0,0,0
"7/22/2026","MRVL",21.28,"A","PUT",155,214.09,133.72,"1/15/2027","BEAR","2321640","150","193641",1,0,0,0,0
"7/22/2026","COHR",66.8,"A","PUT",310,314.15,243.2,"11/20/2026","BEAR","1509673","0","0",1,0,0,0,0
"7/22/2026","SOXL",13.4,"A","PUT",115,164.2199,101.6,"8/21/2026","BEAR","1465930","0","0",1,0,0,0,0
"7/22/2026","SHOP",4.69,"A","PUT",105,117.83,100.31,"8/21/2026","BEAR","1407000","0","0",1,0,0,0,0
"7/22/2026","SOXL",8.6,"A","PUT",95,157.01,86.4,"8/21/2026","BEAR","1246106","0","0",1,0,0,0,0
"7/22/2026","WMT",0.86,"A","PUT",99,109.35,98.14,"8/28/2026","BEAR","854981","5150","15450",1,1,0,0,0
"7/22/2026","MGY",2.099,"A","PUT",25,25.825,22.901,"12/18/2026","BEAR","70540","0","0",1,1,1,0,0
"7/23/2026","AEM",18.45,"A","CALL",200,143.9998,218.45,"1/21/2028","BULL","3689952","0","0",1,1,1,0,0
"7/23/2026","CIFR",10.75,"A","CALL",21,26.67,31.75,"1/15/2027","BULL","3064850","0","0",1,0,0,0,0
"7/23/2026","BNO",4.4,"A","CALL",55,53.63,59.4,"8/28/2026","BULL","2009473","-5723","-461120",1,0,0,0,0
"7/23/2026","ECL",13.5,"A","CALL",280,264.12,293.5,"12/18/2026","BULL","2433788","201","393938",1,1,1,1,1
"7/23/2026","STM",10.1,"A","CALL",55,55.2822,65.1,"11/20/2026","BULL","1871503","0","0",1,1,1,0,0
"7/23/2026","SIMO",38.5,"A","CALL",300,291.03,338.5,"8/21/2026","BULL","1540000","0","0",1,1,0,1,0
"7/23/2026","WULF",3.16,"A","CALL",21,20.295,24.16,"9/18/2026","BULL","1584886","2669","264886",1,0,0,0,0
"7/23/2026","STM",10.3,"A","CALL",50,54.4067,60.3,"10/16/2026","BULL","624026","-620","-353420",1,1,1,0,0
"7/23/2026","RARE",5.9,"A","CALL",35,27.52,40.9,"10/16/2026","BULL","590000","0","0",1,0,0,0,0
"7/23/2026","EQNR",1.34,"A","CALL",43,41.465,44.34,"8/21/2026","BULL","460007","750","37500",1,1,1,1,1
"7/23/2026","LXU",0.799,"A","CALL",12.5,12.1,13.299,"8/21/2026","BULL","530247","3045","257679",1,1,1,1,1
"7/23/2026","UTI",1.3,"AA","CALL",42.5,36.78,43.8,"8/21/2026","BULL","239130","0","0",1,1,1,1,1
"7/23/2026","LOPE",5,"A","CALL",145,138.76,150,"8/21/2026","BULL","467000","450","261000",1,1,1,1,1
"7/23/2026","SHIP",0.963,"A","CALL",16,15.91,16.963,"8/21/2026","BULL","96272","0","0",1,1,1,1,1
"7/23/2026","OBE",0.8,"A","CALL",12.5,10.85,13.3,"9/18/2026","BULL","100959","300","20960",1,1,0,1,0
"7/23/2026","HG",0.245,"A","CALL",40,35.01,40.245,"8/21/2026","BULL","31976","0","0",1,1,1,1,1
"7/23/2026","TSLA",204.5,"A","PUT",525,320.725,320.5,"8/21/2026","BEAR","112270500","0","0",1,0,0,0,0
"7/23/2026","GLD",129.05,"A","PUT",500,371.3292,370.95,"12/18/2026","BEAR","353981860","23481","294020410",6,0,0,0,0
"7/23/2026","TSLA",309.45,"A","PUT",630,320.725,320.55,"12/18/2026","BEAR","42394650","0","0",1,0,0,0,0
"7/23/2026","GLD",129.146,"A","PUT",500,371.41,370.854,"1/15/2027","BEAR","67557800","2150","27003450",2,0,0,0,0
"7/23/2026","GLD",114.3,"A","PUT",485,371,370.7,"8/21/2026","BEAR","110786905","7194","74486655",15,0,0,0,0
"7/23/2026","TSLA",181.95,"A","PUT",500,318.305,318.05,"8/21/2026","BEAR","35480250","0","0",1,0,0,0,0
"7/23/2026","GLD",69.15,"A","PUT",440,371.41,370.85,"8/21/2026","BEAR","126329605","14953","94025505",6,0,0,0,0
"7/23/2026","TSLA",239.25,"A","PUT",560,320.725,320.75,"8/21/2026","BEAR","29906250","0","0",1,0,0,0,0
"7/23/2026","GLD",99.45,"A","PUT",470,370.725,370.55,"12/18/2026","BEAR","20287800","0","0",1,0,0,0,0
"7/23/2026","QQQ",48.5,"A","PUT",685,692.72,636.5,"3/19/2027","BEAR","12371772","76","246772",1,0,0,0,0
"7/23/2026","GLD",104.35,"A","PUT",475,370.77,370.65,"9/18/2026","BEAR","71116710","6183","60032810",5,0,0,0,0
"7/23/2026","GOOG",54.9,"A","PUT",375,321.44,320.1,"9/18/2026","BEAR","11000312","0","0",1,0,0,0,0
"7/23/2026","NFLX",38.749,"A","PUT",107,69.015,68.251,"12/18/2026","BEAR","9144750","0","0",1,0,0,0,0
"7/23/2026","GLD",64.65,"A","PUT",435,371.3292,370.35,"9/30/2026","BEAR","14794200","950","5736200",1,0,0,0,0
"7/23/2026","NFLX",41.3,"A","PUT",110,69.015,68.7,"9/18/2026","BEAR","46831320","10846","38075720",1,0,0,0,0
"7/23/2026","NFLX",51.5,"A","PUT",120,69.065,68.5,"1/15/2027","BEAR","13277300","1340","6324800",1,0,0,0,0
"7/23/2026","SPY",43.42,"A","PUT",780,736.41,736.58,"8/21/2026","BEAR","22224949","6858","17279049",1,0,0,0,0
"7/23/2026","GLD",79.15,"A","PUT",450,371.3292,370.85,"10/16/2026","BEAR","9680500","650","4915000",2,0,0,0,0
"7/23/2026","ISRG",130,"A","PUT",460,331.512918,330,"9/18/2026","BEAR","6208000","200","2438000",1,0,0,0,0
"7/23/2026","IBIT",18.4,"A","PUT",55,36.72,36.6,"9/18/2026","BEAR","10176640","4095","7633760",3,0,0,0,0
"7/23/2026","UUUU",4.27,"A","PUT",15,11.94,10.73,"11/20/2026","BEAR","1708000","0","0",1,0,0,0,0
"7/23/2026","CDNS",16.6,"A","PUT",322.5,333.3865,305.9,"8/21/2026","BEAR","1660000","0","0",1,0,0,0,0
"7/23/2026","EXPE",18.85,"A","PUT",250,255.44,231.15,"9/18/2026","BEAR","1548000","200","40000",2,0,0,0,0
"7/23/2026","PBR",9.25,"A","PUT",27,19.2301,17.75,"1/21/2028","BEAR","1049875","0","0",1,1,1,0,0
"7/23/2026","NBIS",9.211,"A","PUT",145,222.23,135.789,"8/21/2026","BEAR","1495648","1031","499641",1,0,0,0,0
"7/23/2026","NOK",1.06,"A","PUT",9,9.99,7.93999999999999,"11/20/2026","BEAR","657282","1313","121982",1,1,1,1,1
"7/23/2026","SPXS",3.75,"AA","PUT",29,27.5099,25.25,"10/16/2026","BEAR","473260","0","0",1,0,0,0,0
"7/23/2026","NOK",0.39,"A","PUT",9,9.93,8.61,"8/21/2026","BEAR","517347","2221","95406",1,1,1,1,1
"7/23/2026","TROX",0.45,"A","PUT",6,6.565,5.55,"8/21/2026","BEAR","302000","0","0",1,1,1,0,0
"7/23/2026","BANC",3.4,"A","PUT",22.5,21.055,19.1,"1/21/2028","BEAR","170000","0","0",1,0,0,0,0
"7/24/2026","AMZN",6.64,"A","CALL",250,233.67,256.64,"9/4/2026","BULL","3372442","0","0",1,1,1,1,1
"7/24/2026","METC",1,"A","CALL",11,10.3383,12,"8/21/2026","BULL","1738186","-2364","-50641",1,1,1,1,1
"7/24/2026","S",0.9,"AA","CALL",22,18.12,22.9,"9/18/2026","BULL","3196540","12676","1944077",1,1,1,1,1
"7/24/2026","FLEX",13.4,"A","CALL",120,121.34,133.4,"8/21/2026","BULL","1206000","0","0",1,1,1,1,1
"7/24/2026","NOK",3.1,"A","CALL",12,9.0499,15.1,"12/15/2028","BULL","1206000","0","0",1,1,1,1,1
"7/24/2026","VZ",3.6,"A","CALL",47,45.76,50.6,"6/17/2027","BULL","1080000","0","0",1,1,1,1,1
"7/24/2026","PLTR",7.557,"AA","CALL",130,124.1301,137.557,"8/28/2026","BULL","1052857","0","0",1,0,0,0,0
"7/24/2026","MLTX",2.89,"A","CALL",19,18.91,21.89,"8/21/2026","BULL","578000","0","0",1,1,1,1,1
"7/24/2026","PUMP",0.95,"A","CALL",12.5,11.685,13.45,"8/21/2026","BULL","833035","5921","308139",1,1,1,1,1
"7/24/2026","OII",6.24,"A","CALL",55,52.045,61.24,"1/15/2027","BULL","341448","-294","-176482",1,1,1,1,1
"7/24/2026","FLEX",15.9,"A","CALL",115,121.49,130.9,"8/21/2026","BULL","511974","0","0",1,1,1,1,1
"7/24/2026","MXL",8.4,"A","CALL",80,76.56,88.4,"8/21/2026","BULL","838155","1088","427395",1,1,1,1,0
"7/24/2026","CVI",2.449,"A","CALL",35,34.1921,37.449,"8/21/2026","BULL","342715","156","35045",1,1,1,1,1
"7/24/2026","FCEL",2.45,"A","CALL",30,21.175,32.45,"9/18/2026","BULL","295261","431","50265",1,1,1,1,1
"7/24/2026","QCML",2.5,"A","CALL",16,16.12,18.5,"8/21/2026","BULL","230314","800","136000",1,1,1,1,1
"7/24/2026","GLD",128.4,"A","PUT",500,371.78,371.6,"12/18/2026","BEAR","294020410","20479","255406480",7,0,0,0,0
"7/24/2026","NBIS",27.7,"A","PUT",180,191.68,152.3,"8/21/2026","BEAR","17661147","158","335102",1,0,0,0,0
"7/24/2026","GLD",68.9,"A","PUT",440,371.78,371.1,"8/21/2026","BEAR","94025505","13303","82682005",7,0,0,0,0
"7/24/2026","SOXX",25,"A","PUT",500,528,475,"8/21/2026","BEAR","24839405","5845","13682036",1,0,0,0,0
"7/24/2026","GOOG",110.7,"A","PUT",430,319.66,319.3,"9/18/2026","BEAR","58670555","5662","53135555",1,0,0,0,0
"7/24/2026","GLD",103.65,"A","PUT",475,371.5963,371.35,"9/18/2026","BEAR","60032810","5683","54850310",6,0,0,0,0
"7/24/2026","GLD",113.95,"A","PUT",485,371.78,371.05,"8/21/2026","BEAR","74486655","6770","69655175",16,0,0,0,0
"7/24/2026","CDNS",17.5,"A","PUT",325,334,307.5,"8/21/2026","BEAR","3500000","0","0",1,0,0,0,0
"7/24/2026","GOOGL",80.3,"A","PUT",400,319.99,319.7,"8/21/2026","BEAR","2389025","-120","-1023725",1,1,0,1,0
"7/24/2026","IREN",3.5,"A","PUT",33.5,37.34,30,"8/21/2026","BEAR","2884361","0","0",1,1,0,1,0
"7/24/2026","SOXL",4.65,"A","PUT",70,133.2672,65.35,"8/21/2026","BEAR","1563800","0","0",1,0,0,0,0
"7/24/2026","SHEL",9.4,"A","PUT",87.5,88.805,78.1,"1/21/2028","BEAR","940000","0","0",1,1,1,1,0
"7/24/2026","APH",5.56,"A","PUT",130,154.96,124.44,"10/16/2026","BEAR","844570","0","0",1,1,1,0,0
"7/24/2026","SIMO",2.46,"A","PUT",135,270.5,132.54,"8/21/2026","BEAR","448671","0","0",1,1,0,1,0
"7/24/2026","PAGP",5.9,"A","PUT",30,26.465,24.1,"1/21/2028","BEAR","236000","0","0",1,1,1,0,0
"7/24/2026","UMAC",2.6,"A","PUT",17.5,19.7058,14.9,"9/18/2026","BEAR","221108","0","0",1,0,0,0,0
"7/24/2026","BIOA",2.249,"A","PUT",10,21.925,7.75099999999999,"12/18/2026","BEAR","90198","0","0",1,0,0,0,0
"7/27/2026","GEV",150.3,"A","CALL",1100,976.695,1250.3,"3/19/2027","BULL","6012000","0","0",1,1,1,0,1
"7/27/2026","BSX",4.48,"A","CALL",50,46.215,54.48,"12/18/2026","BULL","5465312","154","89320",2,1,1,1,1
"7/27/2026","GOOGL",42,"A","CALL",390,329.23,432,"12/17/2027","BULL","5770900","100","499900",2,1,0,1,0
"7/27/2026","SOXL",22.35,"A","CALL",142,129.2,164.35,"8/21/2026","BULL","4470000","0","0",1,0,0,0,0
"7/27/2026","TTWO",14.8,"A","CALL",280,241.185,294.8,"11/20/2026","BULL","2286452","-441","-423360",1,1,0,1,0
"7/27/2026","SNDK",255,"A","CALL",1280,1280.99,1535,"9/18/2026","BULL","2422500","0","0",1,1,1,0,0
"7/27/2026","SMH",31.7,"A","CALL",550,547.56,581.7,"8/21/2026","BULL","2582770","150","217950",1,0,0,0,0
"7/27/2026","TER",78.899,"A","CALL",320,329.3765,398.899,"11/20/2026","BULL","1846240","0","0",1,0,0,0,0
"7/27/2026","MARA",3.1,"A","CALL",15,11.685,18.1,"6/17/2027","BULL","1373421","0","0",1,0,0,0,0
"7/27/2026","TRMB",2.44,"A","CALL",60,55.41,62.44,"9/18/2026","BULL","1330000","500","110000",1,1,1,1,1
"7/27/2026","XPEV",2,"A","CALL",12,12.835,14,"10/16/2026","BULL","1406296","2096","221656",1,1,1,1,1
"7/27/2026","GFS",5.4,"A","CALL",55,51.74,60.4,"9/18/2026","BULL","939598","0","0",1,1,1,1,1
"7/27/2026","FRMI",0.89,"A","CALL",10,7.205,10.89,"9/18/2026","BULL","1128549","7935","318489",1,1,1,1,1
"7/27/2026","GLNG",0.9,"A","CALL",55,48.4692,55.9,"9/18/2026","BULL","834732","410","41000",1,1,1,1,1
"7/27/2026","FRMI",1.092,"A","CALL",10,7.075,11.092,"10/16/2026","BULL","617766","2","17246",1,1,1,1,1
"7/27/2026","DINO",4.9,"A","CALL",92.5,91.59,97.4,"8/21/2026","BULL","626787","523","46298",1,1,1,1,1
"7/27/2026","ACMR",11.2,"A","CALL",74,76.265,85.2,"8/21/2026","BULL","536477","0","0",1,1,0,0,0
"7/27/2026","WULF",2.3,"A","CALL",17.5,17.9699,19.8,"8/21/2026","BULL","560704","1372","32164",1,0,0,0,0
"7/27/2026","ETHD",17,"A","CALL",50,57.25,67,"12/18/2026","BULL","510000","0","0",1,1,1,1,1
"7/27/2026","MXL",25.612,"A","CALL",40,65.115,65.612,"8/21/2026","BULL","420030","0","0",1,1,1,1,0
"7/27/2026","NN",1.25,"A","CALL",15,12.46,16.25,"9/18/2026","BULL","460816","498","94566",1,1,0,1,0
"7/27/2026","TRU",4,"A","CALL",77.5,76.765,81.5,"8/21/2026","BULL","320000","0","0",1,1,1,1,1
"7/27/2026","EVGO",0.15,"A","CALL",1.5,1.47,1.65,"8/21/2026","BULL","225000","0","0",1,1,1,1,1
"7/27/2026","NDX",451.1,"A","PUT",19500,0,19048.9,"6/17/2027","BEAR","52778700","0","0",1,0,0,0,0
"7/27/2026","NDX",592.903,"A","PUT",21000,0,20407.097,"6/17/2027","BEAR","36167100","0","0",1,0,0,0,0
"7/27/2026","TSLA",144.25,"A","PUT",450,306.02,305.75,"8/21/2026","BEAR","40325250","1000","12196500",1,0,0,0,0
"7/27/2026","GLD",126.6,"A","PUT",500,373.7649,373.4,"12/18/2026","BEAR","255406480","18454","229769980",8,0,0,0,0
"7/27/2026","NDX",1353.606,"A","PUT",25000,0,23646.394,"6/17/2027","BEAR","24364900","0","0",1,0,0,0,0
"7/27/2026","NBIS",42.9,"A","PUT",130,188.7276,87.1,"6/17/2027","BEAR","21450000","0","0",1,0,0,0,0
"7/27/2026","QQQ",71.86,"A","PUT",750,678.1899,678.14,"8/21/2026","BEAR","19402200","0","0",1,0,0,0,0
"7/27/2026","GLD",126.594,"A","PUT",500,373.7649,373.406,"1/15/2027","BEAR","27003450","1250","15609950",3,0,0,0,0
"7/27/2026","GLD",111.7,"A","PUT",485,373.7649,373.3,"8/21/2026","BEAR","69655175","5795","58764425",17,0,0,0,0
"7/27/2026","GLD",66.45,"A","PUT",440,373.785,373.55,"8/21/2026","BEAR","82682005","12103","74708005",8,0,0,0,0
"7/27/2026","GLD",61.75,"A","PUT",435,373.7649,373.25,"9/18/2026","BEAR","14989850","1350","8506100",3,0,0,0,0
"7/27/2026","SPY",3.35,"A","PUT",702,738.89,698.65,"8/21/2026","BEAR","12307001","22946","6547280",2,0,0,0,0
"7/27/2026","GLD",56.45,"A","PUT",430,373.785,373.55,"9/30/2026","BEAR","5705625","350","1895250",1,0,0,0,0
"7/27/2026","INTC",12.45,"A","PUT",75,92.09,62.55,"3/19/2027","BEAR","3735000","0","0",1,1,1,1,1
"7/27/2026","CORZ",5.34,"A","PUT",17,20.73,11.66,"1/21/2028","BEAR","1068000","0","0",1,0,0,0,0
"7/27/2026","RSI",1.788,"A","PUT",30,31.565,28.212,"8/21/2026","BEAR","2001967","6280","1478574",1,0,0,0,0
"7/27/2026","FORM",4.4,"A","PUT",65,97.06,60.6,"9/18/2026","BEAR","232313","0","0",1,0,0,0,0
"7/27/2026","STRC",0.75,"A","PUT",50,89.175,49.25,"12/18/2026","BEAR","74775","0","0",1,0,0,0,0
"7/28/2026","INTC",21.793,"A","CALL",100,85.03,121.793,"6/17/2027","BULL","10662054","-202","-424200",1,1,1,1,1
"7/28/2026","INTC",17.495,"AA","CALL",100,84.83,117.495,"3/19/2027","BULL","11655149","1576","2830748",1,1,1,1,1
"7/28/2026","SOXX",116.8,"A","CALL",540,494.445,656.8,"12/17/2027","BULL","6155362","0","0",1,0,0,0,0
"7/28/2026","MTUM",6.2,"A","CALL",305,292.21,311.2,"8/21/2026","BULL","5125588","0","0",1,0,0,0,0
"7/28/2026","INTC",6.45,"A","CALL",100,87.0438,106.45,"9/18/2026","BULL","15596491","15392","11324385",1,1,1,1,1
"7/28/2026","BE",10,"A","CALL",230,167.16,240,"8/21/2026","BULL","4185573","0","0",1,1,1,1,1
"7/28/2026","TSM",6.7,"A","CALL",435,393.86,441.7,"8/21/2026","BULL","4372404","648","372404",1,1,1,0,0
"7/28/2026","MU",120,"A","CALL",2000,819.2052,2120,"12/17/2027","BULL","4840000","100","1200000",1,0,0,0,0
"7/28/2026","BE",48.584,"A","CALL",165,159.7248,213.584,"11/20/2026","BULL","4605755","300","2298000",1,1,1,1,1
"7/28/2026","APH",30.211,"AA","CALL",170,144.5096,200.211,"1/21/2028","BULL","1607200","0","0",1,1,1,0,0
"7/28/2026","AA",6.75,"A","CALL",70,44.185,76.75,"1/21/2028","BULL","1350000","0","0",1,1,1,1,0
"7/28/2026","WSM",21.7,"A","CALL",250,238.1353,271.7,"12/18/2026","BULL","1302000","0","0",1,1,0,1,0
"7/28/2026","SIMO",56.343,"A","CALL",180,216.69,236.343,"9/18/2026","BULL","1245180","0","0",1,1,0,1,0
"7/28/2026","SOLV",2.4,"A","CALL",110,85.35,112.4,"1/15/2027","BULL","1871375","2465","671375",1,1,1,1,1
"7/28/2026","CHKP",4.9,"A","CALL",145,138.1,149.9,"8/21/2026","BULL","886174","0","0",1,1,1,1,0
"7/28/2026","STM",3.19,"A","CALL",53,50.55,56.19,"8/21/2026","BULL","797500","0","0",1,1,1,0,0
"7/28/2026","RKLB",12.497,"A","CALL",55,61.345,67.497,"9/18/2026","BULL","743566","0","0",1,0,0,0,0
"7/28/2026","AVTR",0.71,"A","CALL",13,12.09,13.71,"10/16/2026","BULL","710000","0","0",1,1,1,1,1
"7/28/2026","IT",9.357,"A","CALL",160,158.11,169.357,"8/21/2026","BULL","834260","200","136000",1,0,0,0,0
"7/28/2026","MXL",6.5,"A","CALL",60,58.715,66.5,"8/21/2026","BULL","694970","0","0",1,1,1,1,0
"7/28/2026","POET",0.74,"A","CALL",7,6.64,7.74,"8/28/2026","BULL","707884","750","106500",1,1,1,1,0
"7/28/2026","FLEX",24.1,"A","CALL",110,113.77,134.1,"11/20/2026","BULL","1025895","183","428219",1,1,1,1,1
"7/28/2026","SMTC",8.499,"A","CALL",120,111.2294,128.499,"8/21/2026","BULL","676020","298","172840",1,1,1,1,0
"7/28/2026","MXL",9,"A","CALL",60,57.22,69,"9/18/2026","BULL","431100","0","0",1,1,1,1,0
"7/28/2026","SOLV",2.65,"A","CALL",90,85.073,92.65,"9/18/2026","BULL","837836","2001","480240",1,1,1,1,1
"7/28/2026","FTRE",2.85,"A","CALL",20,20.705,22.85,"8/21/2026","BULL","396174","182","41855",1,1,0,0,0
"7/28/2026","FSLY",1.448,"A","CALL",22,19.26,23.448,"8/21/2026","BULL","526645","399","235420",1,1,1,1,1
"7/28/2026","FORM",10.9,"A","CALL",100,87.335,110.9,"9/18/2026","BULL","163500","0","0",1,0,0,0,0
"7/28/2026","VSH",4.5,"A","CALL",35,32.9,39.5,"9/18/2026","BULL","137700","0","0",1,1,1,0,0
"7/28/2026","FBRX",2.25,"A","CALL",75,76.615,77.25,"11/20/2026","BULL","84475","190","36100",1,1,1,1,1
"7/28/2026","GLD",116.45,"A","PUT",485,369.08,368.55,"8/21/2026","BEAR","58764425","5095","50612925",18,0,0,0,0
"7/28/2026","GLD",71.35,"A","PUT",440,369.08,368.65,"8/21/2026","BEAR","74708005","11103","67573005",9,0,0,0,0
"7/28/2026","RCL",18.538,"A","PUT",280,322.27,261.462,"12/18/2026","BEAR","2464752","-2000","-3560000",1,0,0,0,0
"7/28/2026","GLD",66.6,"A","PUT",435,369.295,368.4,"9/18/2026","BEAR","8506100","650","3844100",4,0,0,0,0
"7/28/2026","GLD",76.05,"A","PUT",445,369.26,368.95,"10/16/2026","BEAR","10145750","800","5582750",1,0,0,0,0
"7/28/2026","GLD",56.15,"A","PUT",425,369.295,368.85,"9/30/2026","BEAR","7437500","700","3507000",1,0,0,0,0
"7/28/2026","AAPL",4.15,"A","PUT",320,340.44,315.85,"8/28/2026","BEAR","5536788","2126","2326025",1,0,1,0,0
"7/28/2026","MRVL",19.15,"A","PUT",155,174.97,135.85,"10/16/2026","BEAR","1951353","0","0",1,0,0,0,0
"7/28/2026","LITE",97.3,"A","PUT",540,642.155,442.7,"12/18/2026","BEAR","1459500","0","0",1,0,0,0,0
"7/28/2026","PTC",5.5,"A","PUT",110,130.4,104.5,"1/15/2027","BEAR","550000","0","0",1,0,0,0,0
"7/28/2026","VRNS",2.05,"A","PUT",40,44.66,37.95,"8/21/2026","BEAR","512500","0","0",1,0,1,0,0
"7/28/2026","TRV",37.6,"A","PUT",430,397.19,392.4,"10/16/2026","BEAR","379757","0","0",1,1,1,1,1
"7/28/2026","ADTN",0.7,"A","PUT",7,9.0012,6.3,"11/20/2026","BEAR","320110","0","0",1,1,1,0,0
"7/28/2026","ALRM",2.55,"A","PUT",55,55.5117,52.45,"8/21/2026","BEAR","178500","0","0",1,0,0,0,0
"7/29/2026","GLW",20.8,"A","CALL",115,124.41,135.8,"9/18/2026","BULL","31200000","0","0",1,1,1,1,1
"7/29/2026","PWR",75,"A","CALL",600,569.5,675,"1/15/2027","BULL","3375000","0","0",1,0,0,0,0
"7/29/2026","VRT",43.95,"A","CALL",230,238.54,273.95,"11/20/2026","BULL","3124821","0","0",1,1,1,0,0
"7/29/2026","GEV",62.585,"A","CALL",930,936.09,992.585,"8/21/2026","BULL","4828740","280","1725930",1,1,1,0,1
"7/29/2026","TER",76.998,"A","CALL",340,343.77,416.998,"11/20/2026","BULL","2818138","0","0",1,0,0,0,0
"7/29/2026","INFY",0.3,"A","CALL",15,12.685,15.3,"8/21/2026","BULL","2696708","0","0",1,1,1,1,1
"7/29/2026","NOK",0.84,"A","CALL",10,8.395,10.84,"11/20/2026","BULL","2877651","5583","859741",1,1,1,1,1
"7/29/2026","TER",86.3,"A","CALL",270,333.3724,356.3,"9/18/2026","BULL","1881338","0","0",1,0,0,0,0
"7/29/2026","RMD",7.8,"A","CALL",220,213.94,227.8,"8/21/2026","BULL","1349600","0","0",1,1,1,1,1
"7/29/2026","NOK",1.21,"A","CALL",9,8.52,10.21,"11/20/2026","BULL","1703826","3024","451832",1,1,1,1,1
"7/29/2026","MOD",17.8,"A","CALL",195,188.56,212.8,"8/21/2026","BULL","1203278","0","0",1,1,1,0,0
"7/29/2026","SIMO",26,"A","CALL",240,225.78,266,"8/21/2026","BULL","417798","-255","-622202",1,1,0,1,0
"7/29/2026","RKT",1.154,"AA","CALL",15,14.215,16.154,"9/18/2026","BULL","1718419","11574","737353",1,0,0,0,0
"7/29/2026","ATI",50.9,"A","CALL",135,178.18,185.9,"11/20/2026","BULL","844940","0","0",1,0,0,0,0
"7/29/2026","SOXS",18.199,"A","CALL",65,64.385,83.199,"9/18/2026","BULL","789855","0","0",1,0,0,0,0
"7/29/2026","NOK",0.64,"A","CALL",11,8.515,11.64,"11/20/2026","BULL","1370962","5296","647513",1,1,1,1,1
"7/29/2026","SOXS",29,"A","CALL",47,71.86,76,"8/28/2026","BULL","580000","0","0",1,0,0,0,0
"7/29/2026","LBRT",1.2,"A","CALL",18,17.695,19.2,"8/21/2026","BULL","924316","934","358016",1,1,1,0,0
"7/29/2026","SIMO",25.8,"A","CALL",220,211.615,245.8,"8/21/2026","BULL","516000","0","0",1,1,0,1,0
"7/29/2026","APA",1.9,"A","CALL",40,36.34,41.9,"10/16/2026","BULL","475000","0","0",1,0,0,0,0
"7/29/2026","CECO",6.2,"A","CALL",60,61.56,66.2,"8/21/2026","BULL","1681770","1510","1228550",1,1,1,1,1
"7/29/2026","NOK",1.41,"A","CALL",10,8.46,11.41,"3/19/2027","BULL","414552","200","45820",1,1,1,1,1
"7/29/2026","Q",19.1,"A","CALL",130,123.75,149.1,"11/20/2026","BULL","303690","0","0",1,1,0,0,0
"7/29/2026","LTH",1.258,"A","CALL",55,46.45,56.258,"9/18/2026","BULL","230787","0","0",1,1,1,1,1
"7/29/2026","EPD",8.85,"A","CALL",30,38.755,38.85,"12/15/2028","BULL","208861","0","0",1,1,1,1,1
"7/29/2026","COHU",1.65,"A","CALL",50,41.23,51.65,"8/21/2026","BULL","77310","0","0",1,1,1,1,1
"7/29/2026","GLD",65.55,"A","PUT",440,374.71,374.45,"8/21/2026","BEAR","67573005","10103","61018005",10,0,0,0,0
"7/29/2026","SOXX",10.2,"A","PUT",405,472.53,394.8,"8/21/2026","BEAR","6276520","0","0",1,0,0,0,0
"7/29/2026","SPY",10.05,"A","PUT",683,734.885,672.95,"10/30/2026","BEAR","5617169","0","0",1,0,0,0,0
"7/29/2026","SOXX",9,"A","PUT",400,474.4,391,"8/21/2026","BEAR","5409560","0","0",1,0,0,0,0
"7/29/2026","VFC",1.85,"A","PUT",14,14.755,12.15,"3/19/2027","BEAR","6034816","3994","784816",1,0,0,0,0
"7/29/2026","GLD",100.4,"A","PUT",475,374.71,374.6,"9/18/2026","BEAR","54850310","5183","49830310",7,0,0,0,0
"7/29/2026","SOXX",22.3,"A","PUT",445,469.0761,422.7,"8/21/2026","BEAR","4516676","0","0",1,0,0,0,0
"7/29/2026","LITE",136.5,"A","PUT",500,601.67,363.5,"6/17/2027","BEAR","3685500","0","0",1,0,0,0,0
"7/29/2026","DELL",25.2,"A","PUT",270,364.755,244.8,"11/20/2026","BEAR","3306605","0","0",1,0,0,0,0
"7/29/2026","HPE",10.85,"A","PUT",45,44.764,34.15,"6/17/2027","BEAR","2170000","0","0",1,0,0,0,0
"7/29/2026","CRDO",16.006,"A","PUT",170,178.6601,153.994,"8/21/2026","BEAR","1746291","0","0",1,0,0,0,0
"7/29/2026","V",17.942,"A","PUT",375,369.1154,357.058,"10/16/2026","BEAR","1684798","0","0",1,0,0,0,0
"7/29/2026","GH",5.866,"AA","PUT",130,142.53,124.134,"8/21/2026","BEAR","1360230","0","0",1,0,0,0,0
"7/29/2026","MRCY",7.802,"A","PUT",90,90.8305,82.198,"8/21/2026","BEAR","1217142","0","0",1,0,0,0,0
"7/29/2026","WDC",30.6,"A","PUT",310,465.9496,279.4,"11/20/2026","BEAR","1147491","0","0",1,0,0,0,0
"7/29/2026","GIL",1.97,"A","PUT",50,51.2229,48.03,"8/21/2026","BEAR","985000","0","0",1,0,0,0,0
"7/29/2026","VIK",3.6,"A","PUT",100,102.7154,96.4,"8/21/2026","BEAR","200890","527","-159110",1,1,1,1,1
"7/29/2026","TREE",7.325,"AA","PUT",45,39.445,37.675,"8/21/2026","BEAR","310580","0","0",1,0,0,0,0
"7/29/2026","SAH",8.5,"A","PUT",115,111.78,106.5,"8/21/2026","BEAR","221850","0","0",1,0,0,0,0
"7/29/2026","SAIC",5.5,"A","PUT",115,119.34,109.5,"9/18/2026","BEAR","134200","0","0",1,0,0,0,0
"7/29/2026","WLY",1.7,"A","PUT",55,55.655,53.3,"8/21/2026","BEAR","156250","250","71250",1,0,0,0,0
"7/30/2026","QQQ",45.18,"A","CALL",715,678.4301,760.18,"3/19/2027","BULL","75167000","0","0",1,0,0,0,0
"7/30/2026","MSFT",12.9,"A","CALL",465,452.175,477.9,"9/4/2026","BULL","14745870","0","0",1,1,1,1,0
"7/30/2026","MSFT",12.8,"A","CALL",470,448.4999,482.8,"9/18/2026","BULL","13281311","86","536387",1,1,1,1,0
"7/30/2026","TSM",16.75,"A","CALL",415,406.315,431.75,"8/21/2026","BULL","3336480","-122","-13520",1,1,1,0,0
"7/30/2026","DELL",31,"A","CALL",420,412.25,451,"8/21/2026","BULL","4546084","454","1557024",1,0,0,0,0
"7/30/2026","FLY",6.599,"A","CALL",20,20.16,26.599,"2/19/2027","BULL","3127010","399","283290",1,1,0,1,0
"7/30/2026","U",5.05,"A","CALL",45,32.44,50.05,"5/21/2027","BULL","7534945","5702","5774935",1,0,0,0,0
"7/30/2026","TECK",1.9,"A","CALL",70,61.86,71.9,"9/18/2026","BULL","489355","-9060","-1215265",1,1,1,1,1
"7/30/2026","ASX",5.4,"A","CALL",32.5,34.3,37.9,"9/18/2026","BULL","1551411","0","0",1,0,0,0,0
"7/30/2026","TTWO",2.899,"AA","CALL",290,244.6607,292.899,"8/21/2026","BULL","1761149","1227","258318",1,1,0,1,0
"7/30/2026","RGTI",2.19,"A","CALL",14,14.335,16.19,"9/18/2026","BULL","1440363","0","0",1,1,0,1,0
"7/30/2026","AXTI",9.8,"A","CALL",100,48.3295,109.8,"2/19/2027","BULL","1911820","400","578000",1,1,1,1,1
"7/30/2026","AAOI",10.899,"A","CALL",110,88.295,120.899,"9/18/2026","BULL","1092123","0","0",1,0,0,0,0
"7/30/2026","NU",3.45,"A","CALL",12,14.1751,15.45,"3/19/2027","BULL","759000","0","0",1,1,1,1,1
"7/30/2026","RMBS",12.298,"A","CALL",90,90.17,102.298,"9/18/2026","BULL","665346","0","0",1,1,1,1,0
"7/30/2026","SOXS",14.249,"A","CALL",55,54.36,69.249,"9/18/2026","BULL","524352","0","0",1,0,0,0,0
"7/30/2026","VNET",1.85,"A","CALL",6,7.345,7.85,"9/18/2026","BULL","427670","-700","-80500",1,1,1,1,1
"7/30/2026","SOFI",2.39,"A","CALL",14,16.2086,16.39,"8/21/2026","BULL","478000","0","0",1,0,0,0,0
"7/30/2026","FLY",3,"A","CALL",20,19.22,23,"9/18/2026","BULL","468838","0","0",1,1,0,1,0
"7/30/2026","BIOA",11.3,"A","CALL",15,24.4544,26.3,"8/21/2026","BULL","458780","0","0",1,0,0,0,0
"7/30/2026","TWST",7.5,"A","CALL",95,89.9,102.5,"8/21/2026","BULL","1977380","892","1605600",1,1,1,1,1
"7/30/2026","RIOT",1.5,"A","CALL",26,22.18,27.5,"8/28/2026","BULL","414592","404","50984",1,0,0,0,0
"7/30/2026","FORM",22.5,"A","CALL",100,103.04,122.5,"10/16/2026","BULL","351000","0","0",1,0,0,0,0
"7/30/2026","SPCE",0.69,"A","CALL",2.5,2.555,3.19,"1/15/2027","BULL","3913692","45384","3607263",1,1,1,1,1
"7/30/2026","SANM",17.9,"A","CALL",185,178.9358,202.9,"9/18/2026","BULL","298924","0","0",1,0,0,0,0
"7/30/2026","GIL",1,"A","CALL",52.5,51.045,53.5,"8/21/2026","BULL","356875","315","108675",2,0,0,0,0
"7/30/2026","RGNX",1.1,"A","CALL",10,10.08,11.1,"8/21/2026","BULL","153935","0","0",1,1,1,1,1
"7/30/2026","ASX",3.9,"A","CALL",32.5,34.21,36.4,"8/21/2026","BULL","135720","0","0",1,0,0,0,0
"7/30/2026","MEME",0.74,"A","CALL",7,6.91,7.74,"8/21/2026","BULL","91635","0","0",1,1,1,1,1
"7/30/2026","GLD",122.9,"A","PUT",500,377.265,377.1,"12/18/2026","BEAR","215303230","7984","99925680",9,0,0,0,0
"7/30/2026","META",265.75,"A","PUT",800,534.37,534.25,"8/21/2026","BEAR","36142000","0","0",1,0,0,0,0
"7/30/2026","GOOG",95.95,"A","PUT",430,334.2442,334.05,"9/18/2026","BEAR","53135555","1982","17816755",2,0,0,0,0
"7/30/2026","GLD",64.2,"A","PUT",440,376.38,375.8,"8/21/2026","BEAR","61018005","5393","30885805",11,0,0,0,0
"7/30/2026","GOOG",145.95,"A","PUT",480,334.2442,334.05,"1/15/2027","BEAR","-5145140","-2450","-34802250",1,0,0,0,0
"7/30/2026","META",176.6,"A","PUT",710,533.4745,533.4,"8/21/2026","BEAR","19426000","0","0",1,0,0,0,0
"7/30/2026","GLD",99.15,"A","PUT",475,376.38,375.85,"9/18/2026","BEAR","49830310","3353","31718860",8,0,0,0,0
"7/30/2026","NFLX",37.6,"A","PUT",110,72.87,72.4,"9/18/2026","BEAR","38075720","6666","22317720",2,0,0,0,0
"7/30/2026","GLD",134.15,"A","PUT",510,376.38,375.85,"9/18/2026","BEAR","20702225","795","10379425",6,0,0,0,0
"7/30/2026","GLD",123.799,"A","PUT",500,376.39,376.201,"1/15/2027","BEAR","15609950","600","7563000",4,0,0,0,0
"7/30/2026","NFLX",43.3,"A","PUT",116,72.87,72.7,"9/18/2026","BEAR","33769775","6655","26798475",2,0,0,0,0
"7/30/2026","NFLX",47.2,"A","PUT",120,72.855,72.8,"1/15/2027","BEAR","6324800","0","0",2,0,0,0,0
"7/30/2026","SLV",37.75,"A","PUT",91,53.495,53.25,"9/18/2026","BEAR","10923150","1545","5090775",2,0,0,0,0
"7/30/2026","GLD",69.3,"A","PUT",445,376.39,375.7,"10/16/2026","BEAR","5582750","250","1771250",2,0,0,0,0
"7/30/2026","CCL",2.53,"A","PUT",27,27.835,24.47,"11/20/2026","BEAR","3617000","0","0",1,0,0,0,0
"7/30/2026","RSP",7.55,"A","PUT",210,214.645,202.45,"3/19/2027","BEAR","2560400","0","0",1,0,0,0,0
"7/30/2026","IBIT",18.35,"A","PUT",55,36.73,36.65,"9/18/2026","BEAR","7633760","2713","5097790",4,0,0,0,0
"7/30/2026","AMAT",80.199,"A","PUT",530,499.56,449.801,"9/18/2026","BEAR","2405960","0","0",1,0,0,0,0
"7/30/2026","TER",68.2,"A","PUT",370,353.835,301.8,"10/16/2026","BEAR","2161940","0","0",1,0,0,0,0
"7/30/2026","MRVL",66.15,"A","PUT",175,180.0263,108.85,"6/16/2028","BEAR","1786050","0","0",1,0,0,0,0
"7/30/2026","TER",36.2,"A","PUT",330,356.46,293.8,"9/18/2026","BEAR","1379210","0","0",1,0,0,0,0
"7/30/2026","SOXL",42.408,"AA","PUT",135,113.36,92.592,"9/18/2026","BEAR","1017800","0","0",1,0,0,0,0
"7/30/2026","XPO",2.7,"A","PUT",170,198.355,167.3,"9/18/2026","BEAR","993600","0","0",1,0,0,0,0
"7/30/2026","RSI",4.1,"A","PUT",30,26.725,25.9,"10/16/2026","BEAR","3895325","9532","3108125",1,0,0,0,0
"7/30/2026","EVTL",0.35,"A","PUT",1.5,1.275,1.15,"8/21/2026","BEAR","657230","14143","485205",1,0,0,0,0
"7/30/2026","PHIN",1.75,"A","PUT",65,69.735,63.25,"9/18/2026","BEAR","157500","0","0",1,0,0,0,0
"7/30/2026","BDN",0.45,"A","PUT",3,2.925,2.55,"1/15/2027","BEAR","45585","0","0",1,0,0,0,0
"7/31/2026","SPXW",57.021,"A","CALL",7570,0,7627.021,"8/28/2026","BULL","6771770","0","0",1,1,0,0,0
"7/31/2026","INTC",8.35,"A","CALL",90,91.635,98.35,"8/21/2026","BULL","6990224","1086","406398",1,1,1,1,1
"7/31/2026","NBIS",39.2,"A","CALL",200,190.8,239.2,"10/16/2026","BULL","5241031","0","0",1,0,0,0,0
"7/31/2026","NVDA",34,"A","CALL",225,199.3,259,"12/17/2027","BULL","4709000","0","0",1,1,0,1,0
"7/31/2026","NBIS",45.65,"A","CALL",185,190.71,230.65,"10/16/2026","BULL","4542140","0","0",1,0,0,0,0
"7/31/2026","QQQ",75.5,"A","CALL",740,689.43,815.5,"12/17/2027","BULL","4530000","0","0",1,0,0,0,0
"7/31/2026","AMZN",17.69,"A","CALL",280,268.82,297.69,"11/20/2026","BULL","4785812","286","363312",1,1,1,1,1
"7/31/2026","DELL",39,"A","CALL",550,414.765,589,"11/20/2026","BULL","12394344","1690","8494344",1,0,0,0,0
"7/31/2026","META",82.633,"A","CALL",660,552.6366,742.633,"12/17/2027","BULL","2976800","0","0",1,0,0,0,0
"7/31/2026","GOOG",3,"A","CALL",375,345.395,378,"8/28/2026","BULL","2701812","0","0",1,0,0,0,0
"7/31/2026","SPXW",48.2,"AA","CALL",7630,0,7678.2,"8/28/2026","BULL","2464740","0","0",1,1,0,0,0
"7/31/2026","TIGO",3.5,"A","CALL",100,94.865,103.5,"8/21/2026","BULL","2039420","499","289420",1,1,1,1,0
"7/31/2026","TER",19.499,"A","CALL",420,374.12,439.499,"8/21/2026","BULL","1491892","0","0",2,0,0,0,0
"7/31/2026","SMTC",20.2,"A","CALL",125,119.71,145.2,"10/16/2026","BULL","1176830","0","0",1,1,1,1,0
"7/31/2026","SPCE",0.7,"A","CALL",2.5,2.5455,3.2,"1/15/2027","BULL","3237559","25505","2229157",2,1,1,1,1
"7/31/2026","SOFI",0.93,"A","CALL",20,16.085,20.93,"11/20/2026","BULL","100613","-4837","-687513",1,0,0,0,0
"7/31/2026","TE",0.397,"A","CALL",5,4.185,5.397,"8/21/2026","BULL","782259","2129","185357",1,0,0,0,0
"7/31/2026","PAA",2.95,"A","CALL",22,24.605,24.95,"11/20/2026","BULL","552804","0","0",1,1,1,1,1
"7/31/2026","ATI",16.8,"A","CALL",195,188.3526,211.8,"10/16/2026","BULL","453600","0","0",1,0,0,0,0
"7/31/2026","SMTC",27.099,"A","CALL",100,117.42,127.099,"9/18/2026","BULL","452545","0","0",1,1,1,1,0
"7/31/2026","VIAV",4.5,"A","CALL",40,36.84,44.5,"9/18/2026","BULL","427050","0","0",1,0,0,0,0
"7/31/2026","NFG",5,"AA","CALL",80,81.62,85,"10/16/2026","BULL","402520","0","0",1,1,1,1,1
"7/31/2026","Q",14.4,"A","CALL",135,132.18,149.4,"9/18/2026","BULL","264958","0","0",1,1,0,0,0
"7/31/2026","RCAT",0.46,"A","CALL",22,7.52,22.46,"1/15/2027","BULL","245594","0","0",1,1,1,1,1
"7/31/2026","APPX",2.35,"A","CALL",25,21.06,27.35,"8/21/2026","BULL","140483","0","0",1,1,1,1,0
"7/31/2026","AIRJ",1.1,"A","CALL",5,4.22,6.1,"2/19/2027","BULL","109026","0","0",1,1,1,1,1
"7/31/2026","ARIS",1.35,"A","CALL",12.5,13.4582,13.85,"8/21/2026","BULL","103725","0","0",1,1,1,1,1
"7/31/2026","CPT",3,"A","CALL",115,111.13,118,"9/18/2026","BULL","49800","0","0",1,1,1,1,1
"7/31/2026","CNTB",0.2,"A","CALL",5,2.045,5.2,"9/18/2026","BULL","24920","0","0",1,1,1,1,1
"7/31/2026","GLD",129.348,"A","PUT",500,371.54,370.652,"12/18/2026","BEAR","99925680","2900","34319750",10,0,0,0,0
"7/31/2026","SMH",132.5,"A","PUT",625,546.43,492.5,"6/17/2027","BEAR","51675000","0","0",1,0,0,0,0
"7/31/2026","GLD",114.25,"A","PUT",485,371.495,370.75,"8/21/2026","BEAR","50612925","3595","33475425",19,0,0,0,0
"7/31/2026","GLD",104.05,"A","PUT",475,371.54,370.95,"9/18/2026","BEAR","31718860","1903","16611610",9,0,0,0,0
"7/31/2026","GLD",68.85,"A","PUT",440,371.54,371.15,"8/21/2026","BEAR","30885805","4343","23656555",12,0,0,0,0
"7/31/2026","GLD",108.8,"A","PUT",480,371.495,371.2,"12/18/2026","BEAR","6571520","0","0",1,0,0,0,0
"7/31/2026","IBIT",26.5,"A","PUT",62,35.665,35.5,"1/15/2027","BEAR","5514650","0","0",3,0,0,0,0
"7/31/2026","SPY",5.45,"A","PUT",718,741.3401,712.55,"8/31/2026","BEAR","4958774","0","0",1,0,0,0,0
"7/31/2026","IBIT",24.45,"A","PUT",60,35.665,35.55,"1/15/2027","BEAR","3550140","0","0",1,0,0,0,0
"7/31/2026","HUT",16.349,"A","PUT",105,107.81,88.651,"9/18/2026","BEAR","2987037","0","0",1,1,0,0,0
"7/31/2026","SLV",24.75,"A","PUT",77,52.332,52.25,"8/21/2026","BEAR","6667500","1700","3697500",1,0,0,0,0
"7/31/2026","MRVL",24.55,"A","PUT",170,190.97,145.45,"11/20/2026","BEAR","1865770","0","0",1,0,0,0,0
"7/31/2026","SOXL",18.9,"A","PUT",106,119.625,87.1,"9/4/2026","BEAR","1717998","0","0",1,0,0,0,0
"7/31/2026","CCJ",1.12,"A","PUT",74,87.22,72.88,"9/11/2026","BEAR","1689520","0","0",1,0,0,0,0
"7/31/2026","STX",19.9,"A","PUT",695,862.8,675.1,"8/21/2026","BEAR","1534042","0","0",1,0,0,0,0
"7/31/2026","SOXL",7,"A","PUT",85,116.7332,78,"8/21/2026","BEAR","1364980","0","0",1,0,0,0,0
"7/31/2026","STX",45.48,"A","PUT",650,865.94,604.52,"10/16/2026","BEAR","1282536","0","0",1,0,0,0,0
"7/31/2026","SOXL",19.55,"A","PUT",75,120.18,55.45,"12/18/2026","BEAR","1231650","0","0",1,0,0,0,0
"7/31/2026","CIEN",10.899,"A","PUT",325,384.505,314.101,"8/21/2026","BEAR","991809","0","0",1,0,0,0,0
"7/31/2026","PWR",24.3,"A","PUT",650,666.415,625.7,"8/21/2026","BEAR","976858","0","0",1,0,0,0,0
"7/31/2026","NVMI",81,"A","PUT",450,399.55,369,"9/18/2026","BEAR","923400","0","0",1,0,0,0,0
"7/31/2026","LSCC",8.9,"A","PUT",120,126.37,111.1,"8/21/2026","BEAR","863295","0","0",1,0,0,0,0
"7/31/2026","CDNA",5.3,"A","PUT",45,44.065,39.7,"11/20/2026","BEAR","1074160","1000","400000",1,0,0,0,0
"7/31/2026","NVTS",0.89,"A","PUT",9,10.805,8.11,"9/18/2026","BEAR","608804","0","0",1,1,0,1,0
"7/31/2026","UCTT",7.9,"A","PUT",80,85.46,72.1,"8/21/2026","BEAR","612400","439","245840",1,0,0,0,0
"7/31/2026","FORM",16.199,"A","PUT",100,107.6,83.801,"10/16/2026","BEAR","726895","441","401290",1,0,0,0,0
"7/31/2026","TENB",2.067,"AA","PUT",30,32.83,27.933,"9/18/2026","BEAR","302155","372","24570",1,1,1,0,0
"7/31/2026","TENB",1.6,"A","PUT",31,32.765,29.4,"8/21/2026","BEAR","270185","0","0",1,1,1,0,0
"7/31/2026","EEFT",3.6,"A","PUT",65,72.435,61.4,"11/20/2026","BEAR","93596","0","0",1,0,0,0,0
"8/3/2026","NVDA",36.3,"AA","CALL",170,203.8,206.3,"9/4/2026","BULL","35807742","0","0",1,1,0,1,0
"8/3/2026","SOXX",28.6,"A","CALL",525,507.39,553.6,"9/4/2026","BULL","16239313","0","0",1,0,0,0,0
"8/3/2026","AMZN",11.9,"A","CALL",335,285.39,346.9,"1/15/2027","BULL","8454610","-10904","-4634200",1,1,1,1,1
"8/3/2026","GOOGL",12.1,"A","CALL",390,374.6,402.1,"9/18/2026","BULL","12000120","247","166320",1,1,0,1,0
"8/3/2026","AZN",4.6,"A","CALL",170,156.97,174.6,"10/16/2026","BULL","7299720","441","169720",1,1,0,0,0
"8/3/2026","SOXX",20.097,"A","CALL",535,505.96,555.097,"8/28/2026","BULL","6260795","0","0",1,0,0,0,0
"8/3/2026","SOXX",19.9,"A","CALL",550,506.85,569.9,"9/4/2026","BULL","4640490","100","360000",1,0,0,0,0
"8/3/2026","W",28.192,"A","CALL",62.5,89.67,90.692,"8/21/2026","BULL","4079315","0","0",1,1,0,1,0
"8/3/2026","HIG",2.8,"A","CALL",160,142.23,162.8,"12/18/2026","BULL","3517269","0","0",1,1,1,1,1
"8/3/2026","SMH",16.9,"A","CALL",600,541.26,616.9,"9/18/2026","BULL","6928365","1264","3548365",1,0,0,0,0
"8/3/2026","MRVL",10.9,"AA","CALL",310,192.290976,320.9,"11/20/2026","BULL","3376069","0","0",1,0,0,0,0
"8/3/2026","APP",32.202,"AA","CALL",410,405,442.202,"8/21/2026","BULL","3101035","416","66345",1,0,0,0,0
"8/3/2026","GOOG",13.08,"A","CALL",370,373.085,383.08,"8/21/2026","BULL","2319480","150","10200",1,0,0,0,0
"8/3/2026","MU",4.15,"A","CALL",1190,824.9014,1194.15,"8/21/2026","BULL","2168790","226","93790",1,0,0,0,0
"8/3/2026","PCG",0.25,"A","CALL",24,17.425,24.25,"9/18/2026","BULL","1573156","-28","3413",1,1,1,1,1
"8/3/2026","HOOD",5.85,"A","CALL",120,91.5166,125.85,"11/20/2026","BULL","1659021","234","138021",1,0,0,0,0
"8/3/2026","STRL",66.5,"A","CALL",600,604.41,666.5,"8/21/2026","BULL","1359600","0","0",1,1,1,1,1
"8/3/2026","SIMO",63.8,"A","CALL",250,256.49,313.8,"12/18/2026","BULL","1276000","0","0",1,1,0,1,0
"8/3/2026","DOCS",2,"A","CALL",22.5,21.71,24.5,"8/21/2026","BULL","3428522","7807","2257163",1,1,1,1,1
"8/3/2026","CIFR",2.5,"A","CALL",45,24.745,47.5,"12/18/2026","BULL","1143378","0","0",1,0,0,0,0
"8/3/2026","ASTS",28.55,"A","CALL",75,62.28,103.55,"3/17/2028","BULL","1142000","0","0",1,0,0,0,0
"8/3/2026","CORZ",1.608,"A","CALL",25,21.52,26.608,"9/18/2026","BULL","1296392","317","156022",1,0,0,0,0
"8/3/2026","RBLX",2.7,"A","CALL",40,37.6,42.7,"9/18/2026","BULL","1186097","113","47772",1,0,0,0,0
"8/3/2026","AXTI",6.8,"A","CALL",200,68.46,206.8,"1/15/2027","BULL","2716615","2250","1580000",1,1,1,1,1
"8/3/2026","RGTI",4.45,"A","CALL",13,16.13,17.45,"10/16/2026","BULL","1100485","0","0",1,1,0,1,0
"8/3/2026","AXTI",24.1,"A","CALL",200,69.3615,224.1,"1/21/2028","BULL","1402250","150","378000",2,1,1,1,1
"8/3/2026","DJT",0.73,"A","CALL",16,10.195,16.73,"11/20/2026","BULL","1183184","2965","270538",1,1,0,1,0
"8/3/2026","SIRI",0.617,"A","CALL",33,30.399,33.617,"9/18/2026","BULL","995231","-5657","85612",1,1,1,1,1
"8/3/2026","APLD",3.05,"A","CALL",32,28.5999,35.05,"9/18/2026","BULL","852247","399","56857",1,1,1,1,1
"8/3/2026","MAGS",1.2,"A","CALL",73,68.679,74.2,"9/18/2026","BULL","791510","0","0",1,0,0,0,0
"8/3/2026","INTC",19.65,"A","CALL",100,90.7352,119.65,"3/19/2027","BULL","786000","0","0",2,1,1,1,1
"8/3/2026","NOK",0.95,"A","CALL",10,9.33,10.95,"10/16/2026","BULL","1269937","5793","576532",1,1,1,1,1
"8/3/2026","HNGE",5.9,"A","CALL",75,76.92,80.9,"8/21/2026","BULL","490030","0","0",1,1,1,1,1
"8/3/2026","SPCE",0.42,"A","CALL",4.5,2.795,4.92,"1/15/2027","BULL","424441","0","0",1,1,1,1,1
"8/3/2026","ALSN",6.3,"A","CALL",115,116.77,121.3,"8/21/2026","BULL","331380","0","0",1,1,1,1,1
"8/3/2026","PGEN",0.15,"A","CALL",9,6.34,9.15,"8/21/2026","BULL","310991","1000","10991",1,1,1,1,1
"8/3/2026","TROX",1,"A","CALL",5,5.795,6,"8/21/2026","BULL","300000","0","0",1,1,1,0,0
"8/3/2026","USAS",0.38,"A","CALL",4,4.01,4.38,"8/21/2026","BULL","407000","2000","122000",1,1,1,1,1
"8/3/2026","TGB",0.49,"A","CALL",7,6.945,7.49,"8/21/2026","BULL","272195","0","0",1,1,1,1,1
"8/3/2026","GILT",2.847,"A","CALL",20,11.745,22.847,"1/21/2028","BULL","1569007","5517","1341219",1,1,1,1,1
"8/3/2026","COO",2.2,"A","CALL",80,73.93,82.2,"9/18/2026","BULL","219968","0","0",1,1,1,1,1
"8/3/2026","STRC",9,"A","CALL",85,91.01,94,"3/19/2027","BULL","199800","0","0",1,0,0,0,0
"8/3/2026","STRC",3.8,"A","CALL",95,91.98,98.8,"3/19/2027","BULL","133500","-200","-62200",1,0,0,0,0
"8/3/2026","SKM",7.77,"A","CALL",30,31.9462,37.7699999999999,"3/19/2027","BULL","116550","0","0",1,1,0,0,0
"8/3/2026","ATOM",0.9,"A","CALL",10,5.355,10.9,"1/15/2027","BULL","107910","0","0",1,1,1,1,1
"8/3/2026","SKM",3.55,"AA","CALL",45,32.14,48.55,"3/19/2027","BULL","106145","0","0",1,1,0,0,0
"8/3/2026","STX",73.197,"AA","PUT",830,827.605,756.803,"8/21/2026","BEAR","3999647","0","0",1,0,0,0,0
"8/3/2026","SOXL",64.35,"A","PUT",145,114.77,80.65,"12/18/2026","BEAR","1029600","0","0",1,0,0,0,0
"8/3/2026","SAP",9.8,"A","PUT",165,189.37,155.2,"1/15/2027","BEAR","980000","0","0",1,0,0,0,0
"8/3/2026","AXSM",5.75,"A","PUT",200,210.475,194.25,"8/21/2026","BEAR","575000","0","0",1,0,1,0,1
"8/3/2026","FLYW",1.65,"A","PUT",17.5,16.505,15.85,"8/21/2026","BEAR","336050","500","20000",1,0,0,0,0
"8/3/2026","DOX",5.3,"A","PUT",60,55.7,54.7,"8/21/2026","BEAR","124020","0","0",1,0,0,0,0
"8/4/2026","QQQ",23.35,"A","CALL",880,723.9087,903.35,"6/17/2027","BULL","64929681","4961","9043296",1,0,0,0,0
"8/4/2026","QQQ",23.5,"A","CALL",830,723.278,853.5,"3/19/2027","BULL","30071390","0","0",1,0,0,0,0
"8/4/2026","MSFT",16,"A","CALL",510,496.455,526,"9/18/2026","BULL","13340377","931","1719275",1,1,1,1,0
"8/4/2026","SOXX",9.7,"A","CALL",590,533.09,599.7,"8/21/2026","BULL","8736611","0","0",1,0,0,0,0
"8/4/2026","SOXX",10.8,"A","CALL",635,540.69,645.8,"9/4/2026","BULL","5803878","0","0",1,0,0,0,0
"8/4/2026","MSFT",18.39,"A","CALL",550,496.1199,568.39,"11/20/2026","BULL","4691000","100","93500",1,1,1,1,0
"8/4/2026","DELL",74,"A","CALL",580,471.51,654,"1/15/2027","BULL","4899874","300","1525474",1,0,0,0,0
"8/4/2026","MRVL",22.35,"A","CALL",212.5,219.9,234.85,"8/21/2026","BULL","3514310","783","959175",1,0,0,0,0
"8/4/2026","GOOGL",18.12,"A","CALL",375,379.53,393.12,"9/4/2026","BULL","5874321","2332","3917121",1,1,0,1,0
"8/4/2026","PCG",0.3,"A","CALL",25,17.585,25.3,"9/18/2026","BULL","3154676","84000","1593028",1,1,1,1,1
"8/4/2026","IE",1.8,"A","CALL",10,10.5,11.8,"10/16/2026","BULL","1440000","0","0",1,0,0,0,0
"8/4/2026","FN",49,"A","CALL",750,538.4737,799,"11/20/2026","BULL","1418000","100","468000",1,1,0,0,0
"8/4/2026","FN",88,"A","CALL",580,528.38,668,"11/20/2026","BULL","880000","0","0",1,1,0,0,0
"8/4/2026","RKLB",3.9,"A","CALL",150,74.2601,153.9,"12/18/2026","BULL","760500","0","0",1,0,0,0,0
"8/4/2026","TRMB",1,"A","CALL",65,59.76,66,"8/21/2026","BULL","987962","2900","266462",1,1,1,1,1
"8/4/2026","CDE",1.05,"A","CALL",22.5,16.525,23.55,"11/20/2026","BULL","623125","300","51000",1,1,1,1,1
"8/4/2026","VSH",4.196,"A","CALL",40,39.1434,44.196,"8/21/2026","BULL","566935","768","15355",2,1,1,0,0
"8/4/2026","SGI",5.529,"A","CALL",70,70.125,75.529,"9/18/2026","BULL","2326949","3348","1842040",1,1,1,1,1
"8/4/2026","POET",1.35,"A","CALL",7.5,8.32,8.85,"8/21/2026","BULL","1044514","3400","575622",1,1,1,1,0
"8/4/2026","CLSK",0.66,"A","CALL",17,14.7,17.66,"8/21/2026","BULL","423091","0","0",1,0,0,0,0
"8/4/2026","FLEX",9.3,"A","CALL",155,126.9131,164.3,"10/16/2026","BULL","421287","0","0",1,1,1,1,1
"8/4/2026","FLYW",1.255,"A","CALL",17.5,17.33,18.755,"8/21/2026","BULL","309022","200","30000",1,0,0,0,0
"8/4/2026","NTAP",14.3,"A","CALL",210,194.07,224.3,"10/16/2026","BULL","241668","0","0",1,1,1,0,1
"8/4/2026","RZLT",1.35,"A","CALL",5,5.16,6.35,"10/16/2026","BULL","378006","1404","167436",1,1,1,1,0
"8/4/2026","BLZE",3.8,"A","CALL",30,22.765,33.8,"12/18/2026","BULL","161120","0","0",1,1,1,1,1
"8/4/2026","GLD",125.8,"A","PUT",500,374.265,374.2,"12/18/2026","BEAR","34319750","1550","17336750",11,0,0,0,0
"8/4/2026","GLD",66,"A","PUT",440,374.265,374,"10/16/2026","BEAR","8910000","0","0",1,0,0,0,0
"8/4/2026","GLD",126.05,"A","PUT",500,374.265,373.95,"1/15/2027","BEAR","7563000","0","0",5,0,0,0,0
"8/4/2026","GLD",110.85,"A","PUT",485,374.33,374.15,"8/21/2026","BEAR","33475425","2970","26547300",20,0,0,0,0
"8/4/2026","GLD",65.6,"A","PUT",440,374.275,374.4,"8/21/2026","BEAR","23656555","3543","18408555",13,0,0,0,0
"8/4/2026","GLD",100.6,"A","PUT",475,374.275,374.4,"9/18/2026","BEAR","16611610","1453","12084610",10,0,0,0,0
"8/4/2026","GLD",35.7,"A","PUT",410,374.275,374.3,"8/21/2026","BEAR","4105500","0","0",1,0,0,0,0
"8/4/2026","CRDO",58.4,"A","PUT",240,234.5343,181.6,"11/20/2026","BEAR","3007595","0","0",1,0,0,0,0
"8/4/2026","TER",151.8,"A","PUT",500,388.36,348.2,"11/20/2026","BEAR","2762758","0","0",1,0,0,0,0
"8/4/2026","BAC",5.18,"A","PUT",62.5,63.485,57.32,"6/17/2027","BEAR","2072000","0","0",1,0,0,0,0
"8/4/2026","Q",16.9,"A","PUT",130,137.57,113.1,"11/20/2026","BEAR","789214","0","0",1,1,0,0,0
"8/4/2026","DOCN",23.6,"A","PUT",140,129.44,116.4,"9/18/2026","BEAR","748120","0","0",1,1,1,0,0
"8/4/2026","VIAV",8.5,"A","PUT",40,40.99,31.5,"11/20/2026","BEAR","568643","0","0",1,0,0,0,0
"8/4/2026","ZBRA",55,"A","PUT",380,343.065,325,"11/20/2026","BEAR","555500","0","0",1,0,0,0,0
"8/4/2026","XSD",43.7,"A","PUT",550,519.39,506.3,"8/21/2026","BEAR","546250","0","0",2,0,0,0,0
"8/4/2026","BHP",4.3,"A","PUT",85,87.07,80.7,"9/18/2026","BEAR","494489","0","0",1,1,1,1,1
"8/4/2026","PRKS",4.5,"A","PUT",45,46.35,40.5,"12/18/2026","BEAR","426950","0","0",1,0,0,0,0
"8/4/2026","GPOR",3.8,"A","PUT",155,156.515,151.2,"8/21/2026","BEAR","125400","0","0",1,0,0,0,0
"8/5/2026","ALAB",10.75,"A","CALL",400,326.405,410.75,"8/21/2026","BULL","5387650","110","12650",1,1,1,1,0
"8/5/2026","SPY",11.29,"A","CALL",840,775.9,851.29,"1/15/2027","BULL","5157230","465","358980",1,0,0,0,0
"8/5/2026","MSFT",6.21,"A","CALL",535,491.18,541.21,"9/18/2026","BULL","3154300","0","0",1,1,1,1,0
"8/5/2026","GOOGL",21,"A","CALL",405,363.77,426,"1/15/2027","BULL","2404500","0","0",1,1,0,1,0
"8/5/2026","APA",3.997,"A","CALL",50,35.16,53.997,"1/21/2028","BULL","1998558","0","0",1,0,0,0,0
"8/5/2026","SGI",5.291,"A","CALL",70,69.65,75.291,"9/18/2026","BULL","1842040","190","48450",2,1,1,1,1
"8/5/2026","EXE",5.89,"A","CALL",120,91.26,125.89,"1/21/2028","BULL","1766878","0","0",1,1,1,1,0
"8/5/2026","RIOT",1.85,"A","CALL",25,23.5,26.85,"8/21/2026","BULL","1550298","502","12048",1,0,0,0,0
"8/5/2026","AFRM",8.35,"A","CALL",82.5,80.151,90.85,"10/16/2026","BULL","1477922","0","0",1,0,0,0,0
"8/5/2026","GLXY",5.75,"A","CALL",17.5,19.4,23.25,"1/15/2027","BULL","1134195","195","115050",1,0,0,0,0
"8/5/2026","GILT",2.799,"A","CALL",20,12.24,22.799,"1/21/2028","BULL","1341219","2492","493470",2,1,1,1,1
"8/5/2026","BNO",3.3,"A","CALL",45,45.59,48.3,"9/11/2026","BULL","721710","0","0",1,0,0,0,0
"8/5/2026","VIK",3.9,"A","CALL",110,108.85,113.9,"8/21/2026","BULL","390000","0","0",1,1,1,1,1
"8/5/2026","RYAM",0.55,"A","CALL",10,9.68,10.55,"9/18/2026","BULL","345684","-215","5355",1,1,1,1,1
"8/5/2026","NTAP",6.6,"A","CALL",220,190.41,226.6,"9/18/2026","BULL","310200","0","0",1,1,1,0,1
"8/5/2026","HNGE",4.1,"A","CALL",95,86.08,99.1,"9/18/2026","BULL","309940","0","0",1,1,1,1,1
"8/5/2026","DOX",1,"A","CALL",60,55.645,61,"8/21/2026","BULL","229710","-509","-63690",1,0,0,0,0
"8/5/2026","APPX",2.2,"A","CALL",30,25.11,32.2,"8/21/2026","BULL","215688","0","0",1,1,1,1,0
"8/5/2026","VIAV",1.4,"A","CALL",50,39.89,51.4,"8/21/2026","BULL","234696","400","33822",1,0,0,0,0
"8/5/2026","DNUT",0.35,"A","CALL",3,3.125,3.35,"8/28/2026","BULL","171496","0","0",1,1,0,1,0
"8/5/2026","DHT",1.1,"A","CALL",18,17.95,19.1,"8/21/2026","BULL","6163789","36258","5994160",1,1,1,1,1
"8/5/2026","BXC",5.5,"A","CALL",70,72.48,75.5,"8/21/2026","BULL","110000","0","0",1,1,1,1,1
"8/5/2026","QQQ",40.618,"A","PUT",720,719.58,679.382,"1/15/2027","BEAR","6490880","75","296625",1,0,0,0,0
"8/5/2026","QQQ",17.05,"A","PUT",725,721.158,707.95,"8/31/2026","BEAR","4262500","0","0",1,0,0,0,0
"8/5/2026","WULF",2.25,"A","PUT",18,18.54,15.75,"9/18/2026","BEAR","3982112","3933","1035438",1,0,0,0,0
"8/5/2026","XRT",2.45,"A","PUT",85,91.82,82.55,"12/18/2026","BEAR","1067813","-499","-157187",1,0,0,0,0
"8/5/2026","COHR",118,"A","PUT",390,336.85,272,"1/15/2027","BEAR","1180000","0","0",1,0,0,0,0
"8/5/2026","IT",32,"A","PUT",195,189.635,163,"3/19/2027","BEAR","640000","0","0",1,0,0,0,0
"8/5/2026","BRZU",5.5,"A","PUT",70,98.855,64.5,"3/19/2027","BEAR","537350","0","0",1,0,0,0,0
"8/5/2026","HPQ",2.426,"A","PUT",31,29.105,28.5739999999999,"8/21/2026","BEAR","556682","535","132996",1,1,0,0,0
"8/5/2026","HPQ",0.81,"A","PUT",24,28.615,23.19,"10/16/2026","BEAR","413028","0","0",1,1,0,0,0
"8/5/2026","ARHS",1.5,"A","PUT",9.65,8.3826,8.15,"8/21/2026","BEAR","367782","999","69930",1,0,0,0,0
"8/5/2026","TWST",2.2,"A","PUT",100,112.356429,97.8,"8/21/2026","BEAR","161140","0","0",1,1,1,1,1
"8/6/2026","ALAB",92,"A","CALL",340,341,432,"12/18/2026","BULL","8181645","0","0",1,1,1,1,0
"8/6/2026","DELL",128,"A","CALL",480,446.895,608,"6/17/2027","BULL","7680000","0","0",1,0,0,0,0
"8/6/2026","TTWO",18.3,"A","CALL",230,231.46,248.3,"9/18/2026","BULL","7029030","0","0",1,1,0,1,0
"8/6/2026","MSFT",15.5,"A","CALL",530,498.1887,545.5,"10/16/2026","BULL","6503105","501","303105",1,1,1,1,0
"8/6/2026","VSAT",19.8,"A","CALL",90,85.195,109.8,"1/15/2027","BULL","10384240","5550","8513140",1,1,1,1,0
"8/6/2026","DELL",11,"A","CALL",500,443.0203,511,"8/21/2026","BULL","8642582","5305","6773802",1,0,0,0,0
"8/6/2026","AXTI",20.5,"A","CALL",125,77.28,145.5,"2/19/2027","BULL","4022753","1006","2503046",1,1,1,1,1
"8/6/2026","CXW",5.4,"A","CALL",32,33.47,37.4,"1/15/2027","BULL","884660","0","0",1,1,1,1,0
"8/6/2026","BHP",2.3,"A","CALL",95,88.98,97.3,"9/18/2026","BULL","792503","1051","99845",1,1,1,1,1
"8/6/2026","NVDU",35.897,"A","CALL",105,139.51,140.897,"8/21/2026","BULL","621012","0","0",1,1,1,1,1
"8/6/2026","NAVN",3.507,"AA","CALL",35,27.19,38.507,"1/15/2027","BULL","583986","0","0",1,1,0,1,0
"8/6/2026","FIP",1.1,"A","CALL",3,3.88,4.1,"9/18/2026","BULL","550000","0","0",1,1,1,1,1
"8/6/2026","VIAV",5.133,"A","CALL",60,41.195,65.133,"12/18/2026","BULL","513328","0","0",1,0,0,0,0
"8/6/2026","WBD",0.5,"A","CALL",28,26.41,28.5,"10/16/2026","BULL","874533","4126","364013",1,0,0,0,0
"8/6/2026","AEVA",4.5,"A","CALL",30,25.56,34.5,"10/16/2026","BULL","421136","-200","-28864",2,1,1,1,1
"8/6/2026","GCT",3.2,"A","CALL",55,52.18,58.2,"9/18/2026","BULL","320000","0","0",1,1,0,1,0
"8/6/2026","VIAV",12,"A","CALL",30,40.31,42,"9/18/2026","BULL","273597","0","0",1,0,0,0,0
"8/6/2026","AIP",3.6,"A","CALL",50,31.66,53.6,"1/15/2027","BULL","90000","0","0",1,1,1,1,1
"8/6/2026","CMBT",1.05,"A","CALL",17.5,16.42,18.55,"11/20/2026","BULL","85260","272","27200",1,0,0,0,0
"8/6/2026","GTE",1.205,"AA","CALL",10,9.07,11.205,"11/20/2026","BULL","182584","1114","138862",2,1,1,1,1
"8/6/2026","MSTR",202.9,"A","PUT",300,96.915,97.1,"1/15/2027","BEAR","66072850","1550","31782750",1,0,0,0,0
"8/6/2026","TLT",27.6,"A","PUT",110,82.4356,82.4,"1/15/2027","BEAR","22687200","0","0",1,0,0,0,0
"8/6/2026","GLD",111.85,"A","PUT",500,388.25,388.15,"12/18/2026","BEAR","17336750","0","0",12,0,0,0,0
"8/6/2026","GLD",51.9,"A","PUT",440,388.25,388.1,"8/21/2026","BEAR","18408555","543","2958555",14,0,0,0,0
"8/6/2026","RBLX",53.246,"A","PUT",90,36.3899,36.754,"1/15/2027","BEAR","59902050","8910","47123050",1,0,0,0,0
"8/6/2026","IBIT",1.808,"AA","PUT",15,36.595,13.192,"12/15/2028","BEAR","11478012","0","0",1,0,0,0,0
"8/6/2026","GLD",95.9,"A","PUT",485,389.57,389.1,"8/21/2026","BEAR","26547300","2000","17245000",21,0,0,0,0
"8/6/2026","GLD",87.1,"A","PUT",475,389.01,387.9,"9/18/2026","BEAR","12084610","393","2916060",11,0,0,0,0
"8/6/2026","NFLX",42.4,"A","PUT",116,73.72,73.6,"9/18/2026","BEAR","21903825","3950","15077425",3,0,0,0,0
"8/6/2026","COHR",47.3,"A","PUT",370,345.75,322.7,"8/21/2026","BEAR","5420565","0","0",1,0,0,0,0
"8/6/2026","GLD",120.65,"A","PUT",510,389.57,389.35,"9/18/2026","BEAR","3860800","0","0",7,0,0,0,0
"8/6/2026","SLV",21.75,"A","PUT",77,55.665,55.25,"8/21/2026","BEAR","3697500","0","0",2,0,0,0,0
"8/6/2026","SPY",17.095,"AA","PUT",740,771.64,722.905,"12/31/2026","BEAR","3684132","0","0",1,0,0,0,0
"8/6/2026","SOXL",46.098,"A","PUT",160,135.14,113.902,"9/18/2026","BEAR","4134500","620","1829606",1,0,0,0,0
"8/6/2026","EIX",3.39,"A","PUT",67.5,67.51,64.11,"9/18/2026","BEAR","1372950","0","0",1,0,0,0,0
"8/6/2026","AGNC",2.045,"A","PUT",12.5,10.615,10.455,"9/25/2026","BEAR","459303","0","0",1,0,0,0,0
"8/6/2026","UNG",0.85,"A","PUT",10,9.6601,9.15,"10/16/2026","BEAR","364905","0","0",1,1,1,1,1
"8/6/2026","IAG",1.02,"A","PUT",16,15.915,14.98,"8/21/2026","BEAR","363226","0","0",1,1,1,1,1
"8/6/2026","LINC",1.08,"A","PUT",35,38.825,33.92,"8/21/2026","BEAR","659247.5","2179","436122.5",1,0,0,0,0
"8/6/2026","PAYS",0.696,"A","PUT",12.5,12.56,11.804,"8/21/2026","BEAR","23884","0","0",1,0,0,0,0
"8/7/2026","SPXW",54.602,"AA","CALL",7880,0,7934.602,"9/4/2026","BULL","8201600","0","0",1,1,0,0,0
"8/7/2026","PLTR",7.34,"A","CALL",170,170.8801,177.34,"8/21/2026","BULL","8516139","9984","4548774",1,0,0,0,0
"8/7/2026","AXTI",23.8,"A","CALL",135,86.615,158.8,"2/19/2027","BULL","2748562","0","0",1,1,1,1,1
"8/7/2026","ELF",10.45,"A","CALL",92,99.34,102.45,"8/28/2026","BULL","4000555","1911","1379988",1,1,1,1,1
"8/7/2026","SNDK",108.6,"A","CALL",1330,1213.325,1438.6,"9/18/2026","BULL","2421779","0","0",1,1,1,0,0
"8/7/2026","MRVL",11.5,"A","CALL",250,216.52,261.5,"9/4/2026","BULL","1935583","-78","-237917",1,0,0,0,0
"8/7/2026","WDFC",15.248,"AA","CALL",270,236.94,285.248,"2/19/2027","BULL","1395216","0","0",1,1,1,1,1
"8/7/2026","AXTI",23.2,"A","CALL",140,88.715,163.2,"2/19/2027","BULL","2405931","604","1095771",1,1,1,1,1
"8/7/2026","CPRT",2.05,"A","CALL",35,29.845,37.05,"3/19/2027","BULL","2035492","2382","864350",1,0,0,0,0
"8/7/2026","STX",56.4,"A","CALL",760,765.54,816.4,"8/21/2026","BULL","1071600","0","0",1,0,0,0,0
"8/7/2026","STX",79.999,"A","CALL",810,819.585,889.999,"9/4/2026","BULL","1047990","0","0",1,0,0,0,0
"8/7/2026","REAL",1.3,"A","CALL",15,12.57,16.3,"11/20/2026","BULL","1000090","0","0",1,1,1,1,1
"8/7/2026","SQQQ",1.95,"A","CALL",40.5,37.75,42.45,"9/11/2026","BULL","941265","0","0",1,1,1,1,1
"8/7/2026","ERO",6.5,"A","CALL",30,32.37,36.5,"1/15/2027","BULL","772850","0","0",2,1,1,1,1
"8/7/2026","NVTS",1.54,"A","CALL",13,13.745,14.54,"8/21/2026","BULL","652182","0","0",1,1,0,1,0
"8/7/2026","NKTR",0.949,"AA","CALL",100,74.965,100.949,"9/18/2026","BULL","541100","332","48140",1,1,1,1,1
"8/7/2026","RLAY",1.65,"A","CALL",25,19.2983,26.65,"12/18/2026","BULL","368940","0","0",1,1,1,1,1
"8/7/2026","AMN",3.6,"A","CALL",40,35.66,43.6,"12/18/2026","BULL","263280","0","0",1,1,0,1,0
"8/7/2026","FENC",2.49,"A","CALL",10,11.41,12.49,"8/21/2026","BULL","186750","0","0",1,1,1,1,1
"8/7/2026","DNOW",0.93,"A","CALL",17.5,16.53,18.43,"11/20/2026","BULL","186000","0","0",1,1,0,1,0
"8/7/2026","NXST",7.5,"AA","CALL",200,194.6001,207.5,"9/18/2026","BULL","135751","0","0",1,1,1,1,1
"8/7/2026","MITK",4.3,"A","CALL",17.5,18.445,21.8,"1/15/2027","BULL","129000","0","0",2,1,1,1,1
"8/7/2026","RBLX",52.65,"A","PUT",90,37.8808,37.35,"1/15/2027","BEAR","47123050","6520","34539700",2,0,0,0,0
"8/7/2026","SMH",7.78,"A","PUT",450,579.96,442.22,"10/16/2026","BEAR","8661901","196","103901",1,0,0,0,0
"8/7/2026","LITE",76.7,"A","PUT",880,879.79,803.3,"8/21/2026","BEAR","8139203","469","975050",1,0,0,0,0
"8/7/2026","DELL",133.899,"A","PUT",540,453.73,406.101,"11/20/2026","BEAR","5811229","0","0",1,0,0,0,0
"8/7/2026","RBLX",17.65,"A","PUT",55,37.8808,37.35,"8/21/2026","BEAR","4040085","0","0",1,0,0,0,0
"8/7/2026","OKLO",12.85,"A","PUT",60,47.57,47.15,"8/21/2026","BEAR","3005528","0","0",1,0,0,0,0
"8/7/2026","IBIT",18.3,"A","PUT",55,36.805,36.7,"9/18/2026","BEAR","5097790","1400","2695000",5,0,0,0,0
"8/7/2026","AEM",14.2,"A","PUT",185,180.0802,170.8,"9/18/2026","BEAR","1712506","0","0",1,1,1,0,0
"8/7/2026","CIEN",42.95,"A","PUT",400,415.835,357.05,"9/18/2026","BEAR","1288500","0","0",1,0,0,0,0
"8/7/2026","TER",20.1,"A","PUT",300,380.5798,279.9,"10/16/2026","BEAR","1268310","0","0",1,0,0,0,0
"8/7/2026","WOLF",1.88,"A","PUT",25,32.6,23.12,"9/18/2026","BEAR","1186485","-401","-49432",1,1,0,1,0
"8/7/2026","CIFR",4.1,"A","PUT",17,17.54,12.9,"12/18/2026","BEAR","823515","0","0",1,0,0,0,0
"8/7/2026","EIX",2.042,"A","PUT",65,68.22,62.958,"9/18/2026","BEAR","791485","0","0",1,0,0,0,0
"8/7/2026","DFTX",3.17,"A","PUT",40,48.11,36.83,"8/21/2026","BEAR","1073920","835","313120",1,0,0,0,0
"8/7/2026","TWLO",30.599,"A","PUT",260,246.985,229.401,"10/16/2026","BEAR","682365","0","0",1,0,0,0,0
"8/7/2026","SITM",73,"A","PUT",720,740.29,647,"9/18/2026","BEAR","635100","0","0",1,0,0,0,0
"8/7/2026","HL",1.4,"A","PUT",10,16.625,8.6,"1/21/2028","BEAR","1474762","6540","877794",1,0,0,0,0
"8/7/2026","MARA",0.52,"A","PUT",5,9.8,4.48,"3/19/2027","BEAR","519942","0","0",1,0,0,0,0
"8/7/2026","DFTX",4.699,"A","PUT",42,44.66,37.301,"8/21/2026","BEAR","510216","180","83895",1,0,0,0,0
"8/7/2026","ASTX",2.1,"A","PUT",14,14.73,11.9,"8/21/2026","BEAR","193500","0","0",1,0,0,0,0
"8/7/2026","GIL",3.4,"A","PUT",57.5,57.835,54.1,"10/16/2026","BEAR","57120","0","0",1,0,0,0,0
"8/10/2026","MSFT",23.2,"A","CALL",700,510.18,723.2,"9/17/2027","BULL","3090805","-1791","-2751575",1,1,1,1,0
"8/10/2026","MSFT",12.8,"A","CALL",530,510.55,542.8,"9/25/2026","BULL","4992250","0","0",1,1,1,1,0
"8/10/2026","QQQ",248.289,"A","CALL",480,722.05,728.289,"11/20/2026","BULL","4022274","0","0",1,0,0,0,0
"8/10/2026","AMZN",9.399,"A","CALL",275,278.22,284.399,"8/28/2026","BULL","5626736","3467","2054141",1,1,1,1,1
"8/10/2026","AXTI",9.8,"A","CALL",90,78.68,99.8,"9/18/2026","BULL","2305343","250","225000",1,1,1,1,1
"8/10/2026","TSLA",10.275,"AA","CALL",330,330.98,340.275,"8/24/2026","BULL","1723270","100","195000",1,0,0,0,0
"8/10/2026","SIMO",14.25,"A","CALL",270,232.09,284.25,"9/18/2026","BULL","1425000","0","0",1,1,0,1,0
"8/10/2026","TSLA",1.75,"A","CALL",375,329.85,376.75,"8/28/2026","BULL","2379430","6018","1157282",1,0,0,0,0
"8/10/2026","SQQQ",3.3,"A","CALL",37,37.69,40.3,"9/18/2026","BULL","862635","-679","-210490",1,1,1,1,1
"8/10/2026","COO",5.3,"A","CALL",85,76.1856,90.3,"2/19/2027","BULL","1041476","0","0",1,1,1,1,1
"8/10/2026","AMD",103,"A","CALL",980,480.165,1083,"12/15/2028","BULL","1030000","0","0",1,0,0,0,0
"8/10/2026","SQQQ",1.54,"A","CALL",40,37.2999,41.54,"9/4/2026","BULL","752871","0","0",1,1,1,1,1
"8/10/2026","VNET",1.05,"A","CALL",12,7.645,13.05,"3/19/2027","BULL","748425","0","0",1,1,1,1,1
"8/10/2026","PENG",6.7,"A","CALL",75,58.71,81.7,"10/16/2026","BULL","495762","-562","-174238",1,1,1,0,0
"8/10/2026","ALC",1.887,"A","CALL",75,72.1,76.887,"8/21/2026","BULL","433215","349","12215",1,1,1,1,1
"8/10/2026","TNL",5.2,"A","CALL",75,74.3113,80.2,"11/20/2026","BULL","102960","0","0",1,1,1,1,1
"8/10/2026","SGMT",3.8,"A","CALL",10,9.38,13.8,"1/21/2028","BULL","64600","0","0",1,0,0,0,0
"8/10/2026","WBTN",1.007,"A","CALL",10,9.315,11.007,"9/18/2026","BULL","50332","0","0",1,1,1,1,1
"8/10/2026","LGO",0.15,"A","CALL",1,0.7729,1.15,"9/18/2026","BULL","50133","0","0",1,1,1,1,1
"8/10/2026","DELL",118.5,"A","PUT",550,471.02,431.5,"10/16/2026","BEAR","7643241","0","0",1,0,0,0,0
"8/10/2026","ASTS",60.426,"A","PUT",105,68.335,44.574,"12/15/2028","BEAR","5884666","0","0",1,0,0,0,0
"8/10/2026","TSM",12.5,"A","PUT",350,422.17,337.5,"12/18/2026","BEAR","4592500","-600","-640500",1,1,1,0,0
"8/10/2026","TSM",94.75,"A","PUT",450,422.06,355.25,"1/21/2028","BEAR","4263750","0","0",1,1,1,0,0
"8/10/2026","IBIT",1.67,"A","PUT",31,36.1395,29.33,"1/15/2027","BEAR","3226791","0","0",1,0,0,0,0
"8/10/2026","META",92,"A","PUT",600,604.105,508,"9/17/2027","BEAR","3220000","0","0",1,0,0,0,0
"8/10/2026","INTC",0.69,"A","PUT",67.5,97.7178,66.81,"9/18/2026","BEAR","1668075","0","0",1,1,1,1,1
"8/10/2026","TPG",12.5,"A","PUT",60,49.255,47.5,"1/15/2027","BEAR","819041","0","0",1,0,1,0,0
"8/10/2026","HL",1.25,"A","PUT",10,17.545,8.75,"1/21/2028","BEAR","877794","1900","296160",2,0,0,0,0
"8/10/2026","AG",1.38,"A","PUT",13,18.78,11.62,"6/17/2027","BEAR","581322","0","0",1,1,1,1,1
"8/10/2026","WCLD",1.4,"A","PUT",40,40.08,38.6,"8/21/2026","BEAR","420000","0","0",1,0,0,0,0
"8/10/2026","SITM",54.6,"A","PUT",550,702.22,495.4,"11/20/2026","BEAR","409500","0","0",1,0,0,0,0
"8/10/2026","WULF",1.74,"A","PUT",15,16.4351,13.26,"10/16/2026","BEAR","325192","-418","-75008",1,0,0,0,0
"8/10/2026","ARDX",0.68,"A","PUT",4,3.925,3.32,"1/15/2027","BEAR","-310000","-10000","-650000",1,,,,
"8/10/2026","LYG",0.35,"A","PUT",6,6.165,5.65,"10/16/2026","BEAR","284795","0","0",1,0,0,0,0
"8/10/2026","CRBP",2.4,"A","PUT",10,9.3696,7.6,"9/18/2026","BEAR","226800","0","0",1,0,0,0,0
"8/10/2026","ANNX",1.75,"A","PUT",4,5.27,2.25,"1/15/2027","BEAR","196250","0","0",1,0,0,0,0
"8/10/2026","VSTS",0.75,"A","PUT",12.5,13.8157,11.75,"8/21/2026","BEAR","155925","0","0",1,0,0,0,0
"8/10/2026","SLN",1.2,"A","PUT",15,16.7273,13.8,"9/18/2026","BEAR","289490","997","169490",1,1,1,0,0
"8/11/2026","CRWD",63.608,"AA","CALL",235,223.4252,298.608,"12/17/2027","BULL","6284975","-1017","-5722175",1,1,0,0,0
"8/11/2026","AAPL",44.8,"A","CALL",310,304.29,354.8,"12/17/2027","BULL","7270890","259","1191530",1,0,1,0,0
"8/11/2026","BE",16.1,"A","CALL",210,212.82,226.1,"8/21/2026","BULL","2283951","400","-42470",2,1,1,1,1
"8/11/2026","IREN",2.06,"A","CALL",41,39.865,43.06,"8/21/2026","BULL","2681532","1330","422052",1,1,0,1,0
"8/11/2026","RIOT",1.55,"A","CALL",23,21.171,24.55,"9/11/2026","BULL","1618355","0","0",1,0,0,0,0
"8/11/2026","CIEN",73.8,"A","CALL",390,385.42,463.8,"12/18/2026","BULL","1475000","0","0",1,0,0,0,0
"8/11/2026","DINO",5.893,"A","CALL",100,86.29,105.893,"1/15/2027","BULL","1178534","0","0",1,1,1,1,1
"8/11/2026","INTC",5.25,"A","CALL",110,96.97,115.25,"9/25/2026","BULL","1188780","202","138780",1,1,1,1,1
"8/11/2026","DJT",0.81,"A","CALL",15,9.49,15.81,"11/20/2026","BULL","785538","0","0",1,1,0,1,0
"8/11/2026","INTC",6.953,"A","CALL",100,96.92,106.953,"9/11/2026","BULL","3758205","3348","3062350",1,1,1,1,1
"8/11/2026","GLBE",6.8,"A","CALL",35,40.85,41.8,"8/21/2026","BULL","642600","0","0",1,1,1,1,1
"8/11/2026","RIOT",1,"A","CALL",22,19.58,23,"9/4/2026","BULL","345175","-500","-28000",1,0,0,0,0
"8/11/2026","FTK",8,"A","CALL",40,38.74,48,"3/19/2027","BULL","278400","0","0",1,1,1,1,1
"8/11/2026","SRAD",2.8,"A","CALL",12.5,13.305,15.3,"2/19/2027","BULL","274360","0","0",1,1,1,1,1
"8/11/2026","WYFI",2.34,"A","CALL",25,24.345,27.34,"8/21/2026","BULL","250388","0","0",1,1,1,1,1
"8/11/2026","AMLP",2.35,"A","CALL",53,55.4601,55.35,"8/21/2026","BULL","238000","0","0",1,1,1,1,1
"8/11/2026","LAR",1.25,"A","CALL",7.5,6.665,8.75,"1/15/2027","BULL","-52271","-3600","-287981",1,1,0,1,0
"8/11/2026","CXT",1.142,"AA","CALL",70,51.385,71.142,"3/19/2027","BULL","147610","0","0",1,1,1,1,1
"8/11/2026","REAX",0.29,"A","CALL",2.5,2.3,2.79,"10/16/2026","BULL","155559","200","10704",1,1,1,1,1
"8/11/2026","ATEX",6.831,"A","CALL",100,90.78,106.831,"9/18/2026","BULL","136610","0","0",1,1,1,1,0
"8/11/2026","ALMU",0.75,"A","CALL",20,18.2,20.75,"8/21/2026","BULL","121725","0","0",1,1,1,1,1
"8/11/2026","PLTR",7.35,"A","PUT",140,175.77,132.65,"12/18/2026","BEAR","17900490","199","130942",1,0,0,0,0
"8/11/2026","IGV",2.72,"A","PUT",90,104.31,87.28,"12/18/2026","BEAR","13521577","0","0",1,0,0,0,0
"8/11/2026","ORCL",55.15,"A","PUT",200,144.645,144.85,"8/21/2026","BEAR","-754250","-950","-5717750",1,0,0,0,0
"8/11/2026","META",86.05,"A","PUT",690,602.8,603.95,"8/21/2026","BEAR","1716425","-75","-1295325",1,0,0,0,0
"8/11/2026","AEHR",45.4,"A","PUT",150,110.11,104.6,"9/18/2026","BEAR","2769395","0","0",1,0,0,0,0
"8/11/2026","WDC",77.92,"A","PUT",400,443,322.08,"3/19/2027","BEAR","2337600","0","0",1,0,0,0,0
"8/11/2026","STX",44,"A","PUT",740,821.5964,696,"9/18/2026","BEAR","2200000","0","0",1,0,0,0,0
"8/11/2026","IGV",5.91,"A","PUT",100,103.8141,94.09,"12/18/2026","BEAR","2051282","0","0",1,0,0,0,0
"8/11/2026","AAOI",65.9,"A","PUT",135,131.466,69.1,"1/21/2028","BEAR","3396000","220","1419000",1,0,0,0,0
"8/11/2026","QQQ",9.776,"A","PUT",640,718.355,630.224,"11/20/2026","BEAR","1854521","-99","-100584",1,0,0,0,0
"8/11/2026","SHOP",40.85,"A","PUT",160,152.96,119.15,"1/21/2028","BEAR","1429750","0","0",1,0,0,0,0
"8/11/2026","ZETA",5.83,"A","PUT",30,28.44,24.17,"1/15/2027","BEAR","874500","0","0",1,0,0,0,0
"8/11/2026","AAOI",54.5,"A","PUT",135,131.12,80.5,"6/17/2027","BEAR","817500","0","0",1,0,0,0,0
"8/11/2026","AAOI",43.2,"A","PUT",140,134.9,96.8,"1/15/2027","BEAR","648000","0","0",1,0,0,0,0
"8/11/2026","FORM",9.1,"A","PUT",100,117.73,90.9,"10/16/2026","BEAR","401290","0","0",2,0,0,0,0
"8/11/2026","RAIL",1.35,"A","PUT",7.5,7.665,6.15,"3/19/2027","BEAR","367260","0","0",1,0,0,0,0
"8/11/2026","STWD",6.5,"A","PUT",22,16.825,15.5,"1/21/2028","BEAR","292500","0","0",1,0,0,0,0
"8/11/2026","OBDC",0.84,"A","PUT",12.5,11.7047,11.66,"9/18/2026","BEAR","97200","0","0",1,0,0,0,0
"8/11/2026","CSWC",1,"A","PUT",22.5,25.09,21.5,"3/19/2027","BEAR","81030","0","0",1,0,0,0,0
"8/11/2026","AVIR",1.5,"A","PUT",5,4.972,3.5,"12/17/2027","BEAR","45900","0","0",1,0,0,0,0
"8/12/2026","SNDK",282.02,"A","CALL",1350,1378.52,1632.02,"11/20/2026","BULL","4795716","-120","-5057920",1,1,1,0,0
"8/12/2026","META",33.05,"A","CALL",1020,580.81,1053.05,"1/21/2028","BULL","7993535","0","0",1,0,0,0,0
"8/12/2026","GOOGL",27.277,"A","CALL",320,343.86,347.277,"9/4/2026","BULL","8434270","1000","2775000",1,1,0,1,0
"8/12/2026","ORCL",15.5,"A","CALL",165,150.72,180.5,"11/20/2026","BULL","5145872","0","0",1,0,0,0,0
"8/12/2026","SPY",124.347,"A","CALL",775,773.155,899.347,"12/15/2028","BULL","11903588","552","6981309",1,0,0,0,0
"8/12/2026","SNDK",128.099,"A","CALL",1440,1375.38,1568.099,"9/18/2026","BULL","3983870","0","0",1,1,1,0,0
"8/12/2026","SMH",78.95,"A","CALL",635,587.1,713.95,"6/17/2027","BULL","3615910","0","0",1,0,0,0,0
"8/12/2026","DELL",13.45,"A","CALL",600,467.46,613.45,"9/18/2026","BULL","7876877","3199","5288996",1,0,0,0,0
"8/12/2026","SNDK",178.897,"A","CALL",1910,1374.25,2088.897,"1/15/2027","BULL","2415115","0","0",1,1,1,0,0
"8/12/2026","FN",58.5,"A","CALL",800,586.29,858.5,"1/15/2027","BULL","1155000","0","0",1,1,0,0,0
"8/12/2026","SQQQ",3.4,"A","CALL",34,37.26,37.4,"8/21/2026","BULL","910160","0","0",1,1,1,1,1
"8/12/2026","SQQQ",1.64,"A","CALL",37.5,37.22,39.14,"8/28/2026","BULL","722584","0","0",1,1,1,1,1
"8/12/2026","PAAS",2.6,"A","CALL",60,52.79,62.6,"10/16/2026","BULL","697260","-150","-24000",1,0,1,0,0
"8/12/2026","INDI",0.65,"A","CALL",4,4.0177,4.65,"9/18/2026","BULL","53719","-8359","-394410",1,1,0,1,0
"8/12/2026","BSY",2.8,"A","CALL",40,36.025,42.8,"1/15/2027","BULL","380230","381","110870",1,1,1,1,1
"8/12/2026","VCIT",0.18,"A","CALL",82,81.21,82.18,"9/18/2026","BULL","225000","0","0",1,1,1,1,1
"8/12/2026","ATEX",7.2,"A","CALL",90,86.23,97.2,"9/18/2026","BULL","216000","0","0",1,1,1,1,0
"8/12/2026","FORM",3.499,"A","CALL",170,128.5,173.499,"9/18/2026","BULL","149770","0","0",1,0,0,0,0
"8/12/2026","AEYE",1.59,"A","CALL",6,5.87,7.59,"3/19/2027","BULL","75775","0","0",1,1,1,1,1
"8/12/2026","LITE",47,"A","PUT",600,879.3,553,"12/18/2026","BEAR","13632140","-180","-864000",1,0,0,0,0
"8/12/2026","RSP",4.04,"A","PUT",215,220.7958,210.96,"11/20/2026","BEAR","2323000","0","0",1,0,0,0,0
"8/12/2026","TQQQ",2.55,"A","PUT",71,75.075,68.45,"9/4/2026","BEAR","1611080","0","0",1,1,0,1,0
"8/12/2026","PWR",24.998,"A","PUT",660,683.45,635.002,"9/18/2026","BEAR","1379910","0","0",1,0,0,0,0
"8/12/2026","CCJ",0.9,"A","PUT",82,98.87,81.1,"9/25/2026","BEAR","948150","0","0",1,0,0,0,0
"8/12/2026","SHAK",4.7,"A","PUT",65,71.62,60.3,"11/20/2026","BEAR","735522","0","0",1,0,1,0,1
"8/12/2026","HPE",9.9,"A","PUT",50,56.63,40.1,"6/17/2027","BEAR","396000","0","0",1,0,0,0,0
"8/12/2026","STRC",0.8,"A","PUT",55,95.5401,54.2,"3/19/2027","BEAR","160000","1000","80000",1,0,0,0,0
"8/12/2026","JRVR",1.05,"A","PUT",5,4.305,3.95,"2/19/2027","BEAR","64050","0","0",1,0,0,0,0
"8/12/2026","TTAM",1.2,"A","PUT",15,15.665,13.8,"1/15/2027","BEAR","60000","0","0",1,0,0,0,0
"8/12/2026","GBDC",0.8,"A","PUT",12.5,13.05,11.7,"2/19/2027","BEAR","40000","0","0",1,0,0,0,0
"8/13/2026","QQQ",32.483,"A","CALL",880,733.245,912.483,"9/17/2027","BULL","41412361","0","0",1,0,0,0,0
"8/13/2026","QQQ",32.154,"A","CALL",840,732.5699,872.154,"6/17/2027","BULL","25671739","200","500000",1,0,0,0,0
"8/13/2026","QQQ",25.27,"AA","CALL",815,731.98,840.27,"3/19/2027","BULL","12826846","-250","-413750",1,0,0,0,0
"8/13/2026","SNOW",156.25,"A","CALL",230,339.06,386.25,"12/17/2027","BULL","10340000","-100","-1410000",1,1,1,1,1
"8/13/2026","MU",54.199,"A","CALL",930,959.01,984.199,"8/21/2026","BULL","9321961","-549","-1458319",1,0,0,0,0
"8/13/2026","BP",7.9,"A","CALL",35,42.865,42.9,"9/18/2026","BULL","9003000","0","0",1,1,1,1,1
"8/13/2026","PLTR",51.406,"AA","CALL",180,178.64,231.406,"12/17/2027","BULL","275879","-1798","-8520220",1,0,0,0,0
"8/13/2026","MSFT",80,"A","CALL",515,501.045,595,"12/17/2027","BULL","3934105","-421","-2961974",1,1,1,1,0
"8/13/2026","QCOM",8.3,"A","CALL",165,165.13,173.3,"9/11/2026","BULL","5965131","-246","-151290",1,1,1,0,1
"8/13/2026","NVDA",27.52,"A","CALL",200,225.14,227.52,"9/11/2026","BULL","5399110","0","0",1,1,0,1,0
"8/13/2026","SHEL",9.8,"A","CALL",80,89.7469,89.8,"8/21/2026","BULL","4740000","0","0",1,1,1,1,0
"8/13/2026","SPY",173.18,"A","CALL",705,778.24,878.18,"12/15/2028","BULL","4329500","0","0",1,0,0,0,0
"8/13/2026","SOXX",8.099,"A","CALL",590,556.65,598.099,"8/28/2026","BULL","3354930","-2649","-574738",1,0,0,0,0
"8/13/2026","SMCI",7.2,"A","CALL",55,41.55,62.2,"3/19/2027","BULL","3600000","0","0",1,1,1,0,0
"8/13/2026","QQQ",33.59,"A","CALL",705,729.63,738.59,"9/11/2026","BULL","3160824","-88","-198176",1,0,0,0,0
"8/13/2026","SMH",31.2,"A","CALL",615,593.14,646.2,"10/16/2026","BULL","3120000","0","0",1,0,0,0,0
"8/13/2026","SHEL",19.9,"A","CALL",70,89.7596,89.9,"9/18/2026","BULL","2863200","0","0",1,1,1,1,0
"8/13/2026","BP",3.9,"A","CALL",39,42.865,42.9,"8/21/2026","BULL","2810400","0","0",1,1,1,1,1
"8/13/2026","SMH",55.8,"A","CALL",770,595.45,825.8,"9/17/2027","BULL","2479500","0","0",1,0,0,0,0
"8/13/2026","SHEL",9.9,"A","CALL",80,89.725,89.9,"9/18/2026","BULL","2371200","0","0",1,1,1,1,0
"8/13/2026","BP",4.9,"A","CALL",38,42.865,42.9,"8/21/2026","BULL","2355000","0","0",1,1,1,1,1
"8/13/2026","BP",12.95,"A","CALL",30,42.8151,42.95,"12/18/2026","BULL","2311000","0","0",1,1,1,1,1
"8/13/2026","SHEL",24.8,"A","CALL",65,89.7469,89.8,"9/18/2026","BULL","2238600","0","0",1,1,1,1,0
"8/13/2026","CLS",37.696,"A","CALL",450,360.75,487.696,"12/18/2026","BULL","2182570","0","0",1,1,0,0,0
"8/13/2026","QQQ",23.1,"A","CALL",875,733.235,898.1,"6/17/2027","BULL","2039265","0","0",1,0,0,0,0
"8/13/2026","SHEL",22.3,"A","CALL",67.5,89.725,89.8,"9/18/2026","BULL","2011500","0","0",1,1,1,1,0
"8/13/2026","QQQ",39.35,"A","CALL",700,731.595,739.35,"9/11/2026","BULL","1626985","-100","-305100",1,0,0,0,0
"8/13/2026","BP",14.85,"A","CALL",28,42.8151,42.85,"1/15/2027","BULL","1924500","0","0",1,1,1,1,1
"8/13/2026","SHEL",14.9,"A","CALL",75,89.7469,89.9,"9/18/2026","BULL","1801200","0","0",1,1,1,1,0
"8/13/2026","SHEL",12.3,"A","CALL",77.5,89.725,89.8,"8/21/2026","BULL","1780800","0","0",1,1,1,1,0
"8/13/2026","CCJ",9.75,"A","CALL",95,98.545,104.75,"10/16/2026","BULL","1635075","0","0",1,0,0,0,0
"8/13/2026","RIOT",1.77,"A","CALL",24,20.845,25.77,"10/2/2026","BULL","1560031","-450","-311",1,0,0,0,0
"8/13/2026","CACI",76,"A","CALL",660,675.340928,736,"12/18/2026","BULL","1513739","0","0",1,1,1,1,1
"8/13/2026","EWJ",4.98,"A","CALL",99.84,98.545,104.82,"12/18/2026","BULL","1494000","0","0",1,1,1,1,1
"8/13/2026","KLAC",37,"A","CALL",200,213.721,237,"11/20/2026","BULL","1065600","0","0",1,0,0,0,0
"8/13/2026","SHEL",12.9,"A","CALL",77.5,89.725,90.4,"9/18/2026","BULL","936000","0","0",1,1,1,1,0
"8/13/2026","SAP",39.6,"A","CALL",165,203.2,204.6,"9/18/2026","BULL","803873","0","0",1,0,0,0,0
"8/13/2026","WULF",1.21,"A","CALL",24,16.46,25.21,"11/20/2026","BULL","845722","400","56390",1,0,0,0,0
"8/13/2026","ABCL",2,"A","CALL",12,10.512083,14,"1/15/2027","BULL","647668","773","177668",1,1,0,1,0
"8/13/2026","INDI",1.15,"A","CALL",4,4.06,5.15,"1/15/2027","BULL","358666","0","0",1,1,0,1,0
"8/13/2026","UGI",2.231,"A","CALL",35,35.21,37.231,"1/15/2027","BULL","189635","0","0",1,1,1,1,1
"8/13/2026","RBLX",53.3,"A","PUT",90,36.825,36.7,"1/15/2027","BEAR","34539700","0","0",3,0,0,0,0
"8/13/2026","MSTR",205.05,"A","PUT",300,95.0186,94.9499999999999,"1/15/2027","BEAR","31782750","0","0",2,0,0,0,0
"8/13/2026","TSLA",84.05,"A","PUT",420,336.32,335.95,"8/21/2026","BEAR","35486250","1150","9561250",1,0,0,0,0
"8/13/2026","APP",186.5,"A","PUT",500,313.27,313.5,"9/18/2026","BEAR","20515000","0","0",1,0,0,0,0
"8/13/2026","GLD",86.65,"A","PUT",485,398.72,398.35,"8/21/2026","BEAR","17245000","0","0",22,0,0,0,0
"8/13/2026","APP",86.8,"A","PUT",400,313.27,313.2,"8/21/2026","BEAR","34636440","2257","20343640",1,0,0,0,0
"8/13/2026","AAPL",30.8,"A","PUT",335,304.12,304.2,"8/21/2026","BEAR","-11070720","-10445","-24406570",1,0,1,0,0
"8/13/2026","META",232.15,"A","PUT",820,588.595,587.85,"9/18/2026","BEAR","12943600","160","3657600",1,0,0,0,0
"8/13/2026","KWEB",9.25,"A","PUT",36,26.88,26.75,"9/18/2026","BEAR","38840","-9000","-8325000",1,1,1,1,1
"8/13/2026","META",196,"A","PUT",790,594.68,594,"9/18/2026","BEAR","19800625","541","11568625",1,0,0,0,0
"8/13/2026","GOOG",86.249,"A","PUT",430,343.885,343.751,"9/18/2026","BEAR","17816755","1302","11962305",3,0,0,0,0
"8/13/2026","MRVL",37.55,"A","PUT",220,227.17,182.45,"12/18/2026","BEAR","4243722","-308","-979440",1,0,0,0,0
"8/13/2026","SLV",32.95,"A","PUT",91,58.09,58.05,"9/18/2026","BEAR","5090775","0","0",3,0,0,0,0
"8/13/2026","KWEB",6.35,"A","PUT",33,26.88,26.65,"9/18/2026","BEAR","-2269060","-10500","-6615000",1,1,1,1,1
"8/13/2026","CIEN",77,"A","PUT",480,452.9723,403,"10/16/2026","BEAR","3672896","0","0",1,0,0,0,0
"8/13/2026","HOOD",5.7,"A","PUT",90,98.82,84.3,"10/16/2026","BEAR","3233548","-201","-131655",1,0,0,0,0
"8/13/2026","NBIS",42,"A","PUT",280,265.76,238,"9/18/2026","BEAR","8297104","1474","5092504",1,0,0,0,0
"8/13/2026","IBIT",19.25,"A","PUT",55,35.885,35.75,"9/18/2026","BEAR","2695000","0","0",6,0,0,0,0
"8/13/2026","STX",50.129,"A","PUT",950,933.25,899.871,"8/21/2026","BEAR","2683880","0","0",1,0,0,0,0
"8/13/2026","SOXL",10.15,"A","PUT",144,144.32,133.85,"8/21/2026","BEAR","2201535","0","0",1,0,0,0,0
"8/13/2026","GOOG",41.1,"A","PUT",385,344.33,343.9,"8/21/2026","BEAR","5682000","725","3627000",2,0,0,0,0
"8/13/2026","ALMS",4.4,"A","PUT",20,24.785,15.6,"9/18/2026","BEAR","2264434","600","231000",1,0,0,0,0
"8/13/2026","IBIT",3.4,"A","PUT",37,35.55,33.6,"11/20/2026","BEAR","4908835","10106","3248839",1,0,0,0,0
"8/13/2026","WDC",45.9,"A","PUT",490,489.26,444.1,"9/18/2026","BEAR","555600","-220","-1050900",1,0,0,0,0
"8/13/2026","LITE",103,"A","PUT",780,934.32,677,"12/18/2026","BEAR","1545000","0","0",1,0,0,0,0
"8/13/2026","AAOI",57.5,"A","PUT",145,141.05,87.5,"6/17/2027","BEAR","1265000","0","0",1,0,0,0,0
"8/13/2026","BILI",6.35,"A","PUT",23,16.975,16.65,"8/21/2026","BEAR","952500","0","0",1,0,0,0,0
"8/13/2026","AZN",6.19,"A","PUT",160,158.225,153.81,"9/18/2026","BEAR","928500","0","0",1,1,0,0,0
"8/13/2026","AGI",2.1,"A","PUT",33,32.625,30.9,"9/18/2026","BEAR","720213","0","0",1,0,0,0,0
"8/13/2026","SOFI",1.2,"A","PUT",16,18.41,14.8,"12/18/2026","BEAR","664560","0","0",1,0,0,0,0
"8/13/2026","SMMT",0.6,"A","PUT",14.5,14.75,13.9,"8/21/2026","BEAR","567570","0","0",1,0,0,0,0
"8/13/2026","SOFI",2.75,"A","PUT",19,18.07,16.25,"12/18/2026","BEAR","495825","0","0",1,0,0,0,0
"8/13/2026","NTAP",28.1,"A","PUT",210,205.63,181.9,"12/18/2026","BEAR","480510","0","0",1,1,1,0,1
"8/13/2026","ALMS",6.393,"A","PUT",25,25,18.607,"9/18/2026","BEAR","1700740","2401","1500625",1,0,0,0,0
"8/14/2026","QQQ",124.5,"A","CALL",770,729.3,894.5,"12/15/2028","BULL","18675000","0","0",1,0,0,0,0
"8/14/2026","SNDK",177,"A","CALL",1600,1618.6,1777,"9/18/2026","BULL","15930000","0","0",1,1,1,0,0
"8/14/2026","DHT",1.7,"A","CALL",18,19.695,19.7,"8/21/2026","BULL","5979150","0","0",2,1,1,1,1
"8/14/2026","DHT",4.7,"A","CALL",15,19.635,19.7,"8/21/2026","BULL","5832500","0","0",1,1,1,1,1
"8/14/2026","TQQQ",16,"A","CALL",110,76.83,126,"1/21/2028","BULL","5595200","0","0",1,1,0,1,0
"8/14/2026","SPXW",51.005,"A","CALL",7910,0,7961.005,"9/11/2026","BULL","5077540","0","0",1,1,0,0,0
"8/14/2026","DHT",2.65,"A","CALL",17,19.62,19.65,"8/21/2026","BULL","3273000","0","0",1,1,1,1,1
"8/14/2026","AMAT",89.5,"A","CALL",510,514.72,599.5,"1/15/2027","BULL","3137680","0","0",1,0,0,0,0
"8/14/2026","AMAT",91.7,"A","CALL",520,506.38,611.7,"3/19/2027","BULL","2942070","0","0",1,0,0,0,0
"8/14/2026","DHT",4.7,"A","CALL",15,19.635,19.7,"1/15/2027","BULL","2594400","0","0",1,1,1,1,1
"8/14/2026","AMD",16.85,"A","CALL",520,507.52,536.85,"8/28/2026","BULL","1925159","887","588049",1,0,0,0,0
"8/14/2026","MTSI",22,"A","CALL",380,311.875,402,"11/20/2026","BULL","1232920","0","0",1,1,1,1,1
"8/14/2026","AMD",8.2,"A","CALL",540,499.23,548.2,"8/28/2026","BULL","1722440","597","489540",1,0,0,0,0
"8/14/2026","DHT",7.7,"A","CALL",12,19.67,19.7,"1/15/2027","BULL","979500","0","0",1,1,1,1,1
"8/14/2026","AMD",40.5,"A","CALL",505,505.1,545.5,"9/25/2026","BULL","957050","0","0",1,0,0,0,0
"8/14/2026","APH",19.9,"A","CALL",200,167.2833,219.9,"6/17/2027","BULL","817890","0","0",1,1,1,0,0
"8/14/2026","DHT",4.6,"A","CALL",15,19.635,19.6,"9/18/2026","BULL","658500","0","0",1,1,1,1,1
"8/14/2026","DHT",6.7,"A","CALL",13,19.635,19.7,"12/18/2026","BULL","647500","0","0",1,1,1,1,1
"8/14/2026","MTG",2.55,"A","CALL",30,30.9899,32.55,"12/18/2026","BULL","510000","0","0",1,1,1,1,1
"8/14/2026","DHT",2.698,"A","CALL",17,19.635,19.698,"9/18/2026","BULL","341125","0","0",1,1,1,1,1
"8/14/2026","ETON",4.79,"A","CALL",55,58.4999,59.79,"8/21/2026","BULL","335781","0","0",1,1,1,1,1
"8/14/2026","DHT",4.7,"A","CALL",15,19.635,19.7,"12/18/2026","BULL","258500","0","0",1,1,1,1,1
"8/14/2026","DHT",3.8,"A","CALL",16,19.635,19.8,"9/18/2026","BULL","233700","0","0",1,1,1,1,1
"8/14/2026","ALMS",5.2,"A","CALL",27,24.27,32.2,"9/18/2026","BULL","213200","0","0",1,0,0,0,0
"8/14/2026","DHT",5.9,"A","CALL",14,19.635,19.9,"12/18/2026","BULL","206500","0","0",1,1,1,1,1
"8/14/2026","DNUT",0.4,"A","CALL",4,3.485,4.4,"11/20/2026","BULL","39258","-5000","-132500",1,1,0,1,0
"8/14/2026","DHT",1.7,"A","CALL",18,19.635,19.7,"9/18/2026","BULL","147500","0","0",1,1,1,1,1
"8/14/2026","MU",142.563,"AA","PUT",760,971.78,617.437,"9/17/2027","BEAR","12004400","-34","-496104",1,0,0,0,0
"8/14/2026","AAOI",27,"A","PUT",155,142.06,128,"9/18/2026","BEAR","4530150","0","0",1,0,0,0,0
"8/14/2026","GLD",38.85,"A","PUT",440,401.239,401.15,"8/21/2026","BEAR","2958555","-600","-1482000",15,0,0,0,0
"8/14/2026","META",199.149,"A","PUT",790,590.17,590.851,"9/18/2026","BEAR","11568625","325","7267000",2,0,0,0,0
"8/14/2026","PLTR",24.2,"A","PUT",185,175.005,160.8,"11/20/2026","BEAR","4156010","0","0",1,0,0,0,0
"8/14/2026","META",228.6,"A","PUT",820,590.23,591.4,"9/18/2026","BEAR","3657600","0","0",2,0,0,0,0
"8/14/2026","AAPL",29.5,"A","PUT",335,305.55,305.5,"8/21/2026","BEAR","-24406570","-11334","-27029120",2,0,1,0,0
"8/14/2026","IBIT",14.35,"A","PUT",50,35.585,35.65,"10/16/2026","BEAR","2407930","0","0",1,0,0,0,0
"8/14/2026","STX",152,"A","PUT",960,957.7233,808,"11/20/2026","BEAR","1292000","0","0",1,0,0,0,0
"8/14/2026","PLTR",6.35,"A","PUT",160,176.72,153.65,"10/16/2026","BEAR","1503890","317","233890",1,0,0,0,0
"8/14/2026","VALE",2.47,"A","PUT",16,13.6315,13.53,"8/21/2026","BEAR","1136000","0","0",1,1,1,1,1
"8/14/2026","ROIV",2,"A","PUT",32,36.2,30,"12/18/2026","BEAR","1455410","3858","737593",1,0,0,0,0
"8/14/2026","VCLT",0.54,"A","PUT",71,71.785,70.46,"9/18/2026","BEAR","540000","0","0",1,0,0,0,0
"8/14/2026","UMAC",4.6,"A","PUT",30,29.81,25.4,"9/18/2026","BEAR","471927","0","0",1,0,0,0,0
"8/14/2026","FLYW",2.8,"A","PUT",20,18.57,17.2,"12/18/2026","BEAR","291800","0","0",1,0,0,0,0
"8/14/2026","FTRE",0.65,"A","PUT",15,17.34,14.35,"9/18/2026","BEAR","185375","0","0",1,1,0,0,0
"8/14/2026","LESL",0.296,"A","PUT",0.5,0.655,0.204,"2/19/2027","BEAR","103556","-6","-180",1,0,0,0,0
"8/17/2026","QQQ",16.88,"B","PUT",716,730.3613,716,"10/16/2026","BULL","18568000","0","0",1,0,0,0,0
"8/17/2026","VIX",0.729,"AA","CALL",24,0,24.729,"9/16/2026","BULL","11701049","0","0",1,1,1,1,1
"8/17/2026","TSM",25.1,"A","CALL",430,434.4125,455.1,"10/2/2026","BULL","6520980","0","0",1,1,1,0,0
"8/17/2026","SMCI",25.26,"B","PUT",55,37.9113,55,"1/21/2028","BULL","4546800","0","0",1,1,1,0,0
"8/17/2026","BBD",1.25,"B","PUT",4,3.1,4,"1/21/2028","BULL","2500000","0","0",1,0,1,0,1
"8/17/2026","AXTI",24.5,"A","CALL",145,97.34,169.5,"2/19/2027","BULL","2451864","0","0",1,1,1,1,1
"8/17/2026","YPF",2.2,"A","CALL",55,51.82,57.2,"10/16/2026","BULL","2225907","152","25907",1,0,0,0,0
"8/17/2026","EXE",1.12,"B","PUT",85,93.035,85,"10/16/2026","BULL","2184812","0","0",1,1,1,1,0
"8/17/2026","CROX",10.7,"A","CALL",140,128.8825,150.7,"12/18/2026","BULL","2140000","0","0",1,1,1,1,1
"8/17/2026","RVMD",20.6,"A","CALL",210,213.67,230.6,"10/16/2026","BULL","1620031","-150","-292500",1,1,1,1,1
"8/17/2026","STX",170,"B","PUT",1000,1007.1451,1000,"12/18/2026","BULL","1700000","0","0",1,0,0,0,0
"8/17/2026","CCJ",1.08,"B","PUT",80,97.27,80,"10/16/2026","BULL","1036500","-5500","-610500",1,0,0,0,0
"8/17/2026","KC",1.55,"A","CALL",10,11.385,11.55,"8/21/2026","BULL","1550000","0","0",1,1,1,1,1
"8/17/2026","CELC",25.7,"B","PUT",90,92.205,90,"1/21/2028","BULL","1544570","0","0",1,0,1,0,1
"8/17/2026","CORZ",0.58,"A","CALL",28,20.106,28.58,"10/16/2026","BULL","1401689","750","30000",1,0,0,0,0
"8/17/2026","BHF",2.8,"A","CALL",65,56.55,67.8,"12/18/2026","BULL","1313200","0","0",1,0,0,0,0
"8/17/2026","ROST",2.212,"BB","PUT",220,243.15,220,"9/18/2026","BULL","1176655","0","0",1,0,0,0,0
"8/17/2026","AS",3.75,"A","CALL",30,32.4201,33.75,"9/18/2026","BULL","1153230","0","0",1,1,1,1,1
"8/17/2026","MUX",9.1,"B","PUT",25,18.98,25,"11/19/2027","BULL","771686","0","0",1,1,1,1,1
"8/17/2026","AXTI",5.1,"B","PUT",83,97.45,83,"9/4/2026","BULL","2122530","2040","1377000",1,1,1,1,1
"8/17/2026","CRL",10,"A","CALL",320,287.27,330,"10/16/2026","BULL","600000","0","0",1,1,1,1,1
"8/17/2026","FLG",2.052,"B","PUT",15,14.11,15,"1/21/2028","BULL","583145","0","0",1,1,1,1,1
"8/17/2026","CHYM",1.175,"B","PUT",30,31.535,30,"9/18/2026","BULL","540500","0","0",1,0,1,0,1
"8/17/2026","SPXS",1.18,"B","PUT",23,23.865,23,"10/16/2026","BULL","497960","0","0",1,0,0,0,0
"8/17/2026","CXW",4.2,"A","CALL",34,33.905,38.2,"1/15/2027","BULL","429220","0","0",1,1,1,1,0
"8/17/2026","CPNG",2.003,"AA","CALL",16,15.695,18.003,"1/15/2027","BULL","398339","0","0",1,1,1,1,1
"8/17/2026","UMAC",7,"B","PUT",30,30.305,30,"11/20/2026","BULL","361214","0","0",1,0,0,0,0
"8/17/2026","ACIC",0.7,"A","CALL",10,9.47,10.7,"2/19/2027","BULL","339415","0","0",1,1,1,1,1
"8/17/2026","SII",11.099,"A","CALL",130,121.055,141.099,"1/15/2027","BULL","178700","0","0",1,1,1,1,1
"8/17/2026","WRAP",0.5,"A","CALL",2,1.6669,2.5,"1/15/2027","BULL","120000","0","0",1,1,1,1,1
"8/17/2026","FDMT",2.25,"A","CALL",13,14.64,15.25,"9/18/2026","BULL","112500","0","0",1,1,0,1,0
"8/17/2026","CRCG",1.55,"B","PUT",7,11.14,7,"12/18/2026","BULL","64000","0","0",1,1,1,1,1
"8/17/2026","IBIT",3.2,"A","PUT",20,36.2634,16.8,"12/15/2028","BEAR","31923465","-350","-110250",1,0,0,0,0
"8/17/2026","RKT",1.62,"B","CALL",25,14.5381,25,"1/21/2028","BEAR","8100300","0","0",1,0,0,0,0
"8/17/2026","SYK",26.8,"B","CALL",330,335.71,330,"12/18/2026","BEAR","7102000","0","0",1,0,0,0,0
"8/17/2026","LITE",24.501,"AA","PUT",920,944.01,895.499,"8/21/2026","BEAR","4324014","0","0",1,0,0,0,0
"8/17/2026","CCL",2.31,"A","PUT",27,27.765,24.69,"12/18/2026","BEAR","3465000","0","0",1,0,0,0,0
"8/17/2026","RDDT",25.797,"BB","CALL",175,172.3158,175,"12/18/2026","BEAR","3075509","0","0",1,0,0,0,0
"8/17/2026","IGV",1.67,"A","PUT",97,102.075,95.33,"9/18/2026","BEAR","233249","-18505","-2593021",1,0,0,0,0
"8/17/2026","BNO",10,"A","PUT",60,52.045,50,"10/16/2026","BEAR","2650000","0","0",1,0,0,0,0
"8/17/2026","LITE",10.4,"A","PUT",910,987.35,899.6,"8/21/2026","BEAR","2495475","0","0",1,0,0,0,0
"8/17/2026","LITE",14,"A","PUT",930,993.58,916,"8/21/2026","BEAR","-1880026","-444","-3726800",1,0,0,0,0
"8/17/2026","CIFR",4.1,"B","CALL",19,18.1995,19,"12/18/2026","BEAR","1830280","0","0",1,0,0,0,0
"8/17/2026","LITE",20,"A","PUT",940,981.035,920,"8/21/2026","BEAR","1790160","0","0",1,0,0,0,0
"8/17/2026","LITE",21,"A","PUT",950,987.035,929,"8/21/2026","BEAR","-1563050","-305","-3332000",1,0,0,0,0
"8/17/2026","WMB",5.675,"BB","CALL",75,74.98,75,"1/15/2027","BEAR","1715040","0","0",1,0,0,0,0
"8/17/2026","CE",10.7,"A","PUT",50,44.42,39.3,"6/17/2027","BEAR","1605000","0","0",1,0,0,0,0
"8/17/2026","WDC",23.908,"AA","PUT",550,543.505,526.092,"8/21/2026","BEAR","958715","-204","-518315",1,0,0,0,0
"8/17/2026","XEL",1.95,"A","PUT",65,78.985,63.05,"3/19/2027","BEAR","1462500","0","0",1,0,0,0,0
"8/17/2026","WMB",4.9,"A","PUT",75,75.01,70.1,"1/15/2027","BEAR","1371220","0","0",1,0,0,0,0
"8/17/2026","LITE",30,"A","PUT",970,985.929,940,"8/21/2026","BEAR","1334447","0","-553",1,0,0,0,0
"8/17/2026","AMD",7.6,"A","PUT",490,509.44,482.4,"8/24/2026","BEAR","5048560","2372","3908560",1,0,0,0,0
"8/17/2026","AMD",113.776,"B","CALL",670,510.755,670,"1/21/2028","BEAR","1046735","0","0",1,0,0,0,0
"8/17/2026","FN",46,"B","CALL",580,596.72,580,"8/21/2026","BEAR","861000","0","0",1,1,0,0,0
"8/17/2026","FIGR",3.2,"A","PUT",35,34.9,31.8,"9/18/2026","BEAR","828460","0","0",1,1,1,0,0
"8/17/2026","BAM",1.8,"A","PUT",52.5,53.08,50.7,"9/18/2026","BEAR","389612","-327","-53955",1,0,0,0,0
"8/17/2026","NVTS",1.08,"B","CALL",14.5,14.66,14.5,"8/28/2026","BEAR","596608","3846","170390",1,1,0,1,0
"8/17/2026","DAN",3,"A","PUT",30,30.87,27,"3/19/2027","BEAR","405889","0","0",1,0,0,0,0
"8/17/2026","GCT",3.2,"B","CALL",60,50.46,60,"11/20/2026","BEAR","216660","0","0",1,1,0,1,0
"8/17/2026","CEVA",2.4,"B","CALL",50,32.82,50,"12/18/2026","BEAR","143290","0","0",1,0,0,0,0
"8/17/2026","CEVA",5.3,"B","CALL",35,33.275,35,"11/20/2026","BEAR","82150","0","0",1,0,0,0,0
"8/18/2026","QQQ",16.66,"A","CALL",719,717.195,735.66,"9/18/2026","BULL","17493838","0","0",1,0,0,0,0
"8/18/2026","SMH",15.25,"A","CALL",625,566.86,640.25,"10/16/2026","BULL","7625000","0","0",1,0,0,0,0
"8/18/2026","XLK",16.23,"B","PUT",182.5,185.5,182.5,"6/17/2027","BULL","5402450","-166","-278050",1,1,0,0,0
"8/18/2026","DDOG",99.8,"B","PUT",330,248.2618,330,"3/19/2027","BULL","4990000","0","0",1,1,1,1,1
"8/18/2026","COIN",30,"A","CALL",230,147.095,260,"12/17/2027","BULL","4394010","0","0",1,1,1,0,0
"8/18/2026","SOXX",12.6,"B","PUT",500,527.48,500,"9/11/2026","BULL","4263840","100","135000",1,0,0,0,0
"8/18/2026","GLD",7.62,"A","CALL",525,399.4099,532.62,"6/17/2027","BULL","3810000","0","0",1,0,0,0,0
"8/18/2026","MXL",29.4,"B","PUT",90,72.34,90,"1/15/2027","BULL","3675000","0","0",1,1,1,1,0
"8/18/2026","BE",63.35,"B","PUT",175,206.8,175,"1/21/2028","BULL","3477921","0","0",1,1,1,1,1
"8/18/2026","BE",29.151,"B","PUT",175,208.14,175,"1/15/2027","BULL","2967566","0","0",1,1,1,1,1
"8/18/2026","SMH",47.9,"B","PUT",420,567.21,420,"6/16/2028","BULL","2395000","0","0",1,0,0,0,0
"8/18/2026","VRT",1.99,"B","PUT",215,277.87,215,"9/25/2026","BULL","2043821","0","0",1,1,1,0,0
"8/18/2026","HOOD",9.4,"B","PUT",90,93.58,90,"11/20/2026","BULL","2028613","0","0",1,0,0,0,0
"8/18/2026","TRIP",4.01,"B","PUT",13,10.375,13,"1/21/2028","BULL","2005000","0","0",1,0,1,0,1
"8/18/2026","CBRE",7.9,"A","CALL",160,148.895,167.9,"12/18/2026","BULL","1580000","0","0",1,1,1,1,1
"8/18/2026","INTC",10.5,"B","PUT",82.5,95.9899,82.5,"2/19/2027","BULL","1470000","0","0",1,1,1,1,1
"8/18/2026","AS",0.35,"A","CALL",40,33.91,40.35,"9/18/2026","BULL","1327975","-1412","-28186",1,1,1,1,1
"8/18/2026","COHR",66.5,"B","PUT",250,314.075,250,"12/17/2027","BULL","1330000","0","0",1,0,0,0,0
"8/18/2026","SQQQ",2.71,"A","CALL",38,38.185,40.71,"9/18/2026","BULL","1588570","1013","263380",1,1,1,1,1
"8/18/2026","PLTR",13.55,"B","PUT",145,172.0333,145,"3/19/2027","BULL","1306265","0","0",1,0,0,0,0
"8/18/2026","INTC",7.7,"B","PUT",82.5,95.9081,82.5,"12/18/2026","BULL","1280470","0","0",1,1,1,1,1
"8/18/2026","INTC",0.72,"B","PUT",70,97.335,70,"10/2/2026","BULL","1190760","-160","-13440",1,1,1,1,1
"8/18/2026","CIEN",2.86,"B","PUT",265,399.26,265,"9/25/2026","BULL","1155440","0","0",1,0,0,0,0
"8/18/2026","CCJ",0.81,"B","PUT",80,95.135,80,"10/2/2026","BULL","984555","0","0",1,0,0,0,0
"8/18/2026","NVTS",3,"B","PUT",13,13.175,13,"1/15/2027","BULL","750000","0","0",1,1,0,1,0
"8/18/2026","IOT",9.9,"A","CALL",50,40.01,59.9,"1/21/2028","BULL","730622","0","0",1,1,1,1,1
"8/18/2026","QQQI",2.1,"A","CALL",53,55.089,55.1,"8/21/2026","BULL","598500","0","0",1,1,1,1,1
"8/18/2026","AFRM",5.501,"B","PUT",65,74.9251,65,"12/18/2026","BULL","550666","0","0",1,0,0,0,0
"8/18/2026","UMC",0.75,"B","PUT",13,18.22,13,"1/15/2027","BULL","532500","0","0",1,1,1,1,0
"8/18/2026","BKR",6.793,"A","CALL",80,64.41,86.793,"1/21/2028","BULL","475518","0","0",1,0,0,0,0
"8/18/2026","XIFR",0.92,"A","CALL",11,11.545,11.92,"9/18/2026","BULL","460000","0","0",1,1,1,1,1
"8/18/2026","HYMC",2.15,"B","PUT",24,24.8,24,"9/18/2026","BULL","430000","0","0",1,0,0,0,0
"8/18/2026","GTM",0.11,"B","PUT",3,3.92,3,"10/2/2026","BULL","591830","27660","290430",1,0,1,0,1
"8/18/2026","KOPN",0.7,"B","PUT",5,5.06,5,"10/16/2026","BULL","280432","0","0",1,0,0,0,0
"8/18/2026","ASAN",3.6,"B","PUT",10,9.205,10,"1/21/2028","BULL","278305","0","0",1,0,0,0,0
"8/18/2026","VIRT",4.247,"AA","CALL",60,61.74,64.247,"9/18/2026","BULL","285080","169","79060",1,1,1,1,1
"8/18/2026","FCEL",0.7,"A","CALL",27,22.8713,27.7,"8/28/2026","BULL","192271","500","2500",1,1,1,1,1
"8/18/2026","WEAV",1.05,"B","PUT",8,7.295,8,"11/20/2026","BULL","108000","0","0",1,0,1,0,1
"8/18/2026","SPY",7.192,"AA","PUT",755,767.61,747.808,"9/18/2026","BEAR","14554897","1","-13581",1,0,0,0,0
"8/18/2026","KLAC",44.75,"A","PUT",224,192.53,179.25,"11/20/2026","BEAR","21150000","2500","12200000",1,0,0,0,0
"8/18/2026","AMAT",101.25,"A","PUT",500,508.9,398.75,"6/17/2027","BEAR","7593750","0","0",1,0,0,0,0
"8/18/2026","Q",5.1,"B","CALL",170,132.41,170,"11/20/2026","BEAR","3060000","0","0",1,1,0,0,0
"8/18/2026","NET",88,"B","CALL",220,298.78,220,"11/20/2026","BEAR","2024000","0","0",1,1,0,1,0
"8/18/2026","WOLF",9.5,"B","CALL",50,31.88,50,"9/17/2027","BEAR","1900000","0","0",1,1,0,1,0
"8/18/2026","TSCO",8.85,"A","PUT",40,35.2799,31.15,"1/21/2028","BEAR","1770000","0","0",1,0,0,0,0
"8/18/2026","TTWO",15.9,"A","PUT",230,246.71,214.1,"12/18/2026","BEAR","1590000","0","0",1,1,0,1,0
"8/18/2026","SOXS",16.47,"A","PUT",30,44.5201,13.53,"1/21/2028","BEAR","1515240","0","0",1,0,0,0,0
"8/18/2026","TQQQ",4.5,"B","CALL",72,72.55,72,"9/11/2026","BEAR","1268100","0","0",1,1,0,1,0
"8/18/2026","NVS",2.8,"A","PUT",150,154.925,147.2,"9/18/2026","BEAR","1672409","2600","463024",1,0,0,0,0
"8/18/2026","PWR",8.15,"A","PUT",580,706.0643,571.85,"10/16/2026","BEAR","1161375","0","0",1,0,0,0,0
"8/18/2026","ETN",2.91,"A","PUT",390,440.15,387.09,"9/18/2026","BEAR","1101435","0","0",1,0,0,0,0
"8/18/2026","WOLF",5.2,"B","CALL",65,31.79,65,"4/16/2027","BEAR","1040000","0","0",1,1,0,1,0
"8/18/2026","HIMS",2.8,"B","CALL",90,27.7002,90,"12/17/2027","BEAR","952546","0","0",1,1,1,1,1
"8/18/2026","KEYS",14.8,"B","CALL",340,337.785,340,"8/21/2026","BEAR","1224560","578","404600",1,0,0,0,0
"8/18/2026","RKLB",6.05,"A","PUT",85,79.7032,78.95,"8/21/2026","BEAR","661265","0","0",1,0,0,0,0
"8/18/2026","WLDN",4.25,"B","CALL",85,83.81,85,"9/18/2026","BEAR","637500","0","0",1,0,0,0,0
"8/18/2026","NAVN",2.7,"B","CALL",40,29.47,40,"1/15/2027","BEAR","446250","0","0",1,1,0,1,0
"8/18/2026","KLAR",2.4,"B","CALL",17.5,15.39,17.5,"3/19/2027","BEAR","443760","0","0",1,0,0,0,0
"8/18/2026","VIST",3.2,"B","CALL",85,70.175,85,"12/18/2026","BEAR","297520","0","0",1,0,0,0,0
"8/18/2026","LABD",3.25,"A","PUT",7,7.28,3.75,"1/21/2028","BEAR","294150","0","0",1,0,0,0,0
"8/18/2026","SPYM",3.1,"A","PUT",91,90.412,87.9,"12/18/2026","BEAR","122760","0","0",1,0,0,0,0
"8/18/2026","DBA",3.7,"A","PUT",32,28.195,28.3,"9/18/2026","BEAR","92500","0","0",1,1,0,0,0
"8/18/2026","ERY",1.174,"B","CALL",9,9.0899,9,"1/15/2027","BEAR","70466","0","0",1,1,0,0,0
"8/19/2026","TSM",32.3,"B","PUT",440,414.05,440,"9/18/2026","BULL","33045412","234","745412",1,1,1,0,0
"8/19/2026","TSLA",18.25,"A","CALL",345,351.54,363.25,"9/11/2026","BULL","16486574","1","16185",1,0,0,0,0
"8/19/2026","AAPL",3.4,"A","CALL",315,316.19,318.4,"8/21/2026","BULL","1507301","-2714","-1110467",1,0,1,0,0
"8/19/2026","ALAB",56.8,"B","PUT",290,284.335,290,"12/18/2026","BULL","2521923","0","0",1,1,1,1,0
"8/19/2026","NBIS",43.471,"B","PUT",145,228.0399,145,"1/21/2028","BULL","2173528","0","0",1,0,0,0,0
"8/19/2026","RIOT",0.156,"B","PUT",11,18.22,11,"10/16/2026","BULL","1703520","0","0",1,0,0,0,0
"8/19/2026","ARKK",8.3,"A","CALL",83,82.97,91.3,"1/15/2027","BULL","1660000","0","0",1,0,0,0,0
"8/19/2026","AAOI",30.1,"B","PUT",110,122.36,110,"3/19/2027","BULL","1642950","0","0",1,0,0,0,0
"8/19/2026","SOXL",13.8,"A","CALL",125,121.07,138.8,"9/11/2026","BULL","1418250","0","0",1,0,0,0,0
"8/19/2026","AXTI",25.5,"A","CALL",180,74.345,205.5,"12/17/2027","BULL","1906500","200","496000",1,1,1,1,1
"8/19/2026","IONQ",3.2,"AA","CALL",45,43.29,48.2,"9/18/2026","BULL","676835","-3400","-690515",1,0,0,0,0
"8/19/2026","STX",84,"B","PUT",700,849.805,700,"1/15/2027","BULL","1260000","0","0",1,0,0,0,0
"8/19/2026","BULL",0.8,"A","CALL",8,8.6477,8.8,"8/21/2026","BULL","896891","-2544","-328118",1,1,0,1,0
"8/19/2026","AXTI",11,"A","CALL",75,76.13,86,"9/18/2026","BULL","1100010","0","0",1,1,1,1,1
"8/19/2026","AAOI",22,"B","PUT",110,122.4008,110,"12/18/2026","BULL","990000","0","0",1,0,0,0,0
"8/19/2026","AS",0.95,"A","CALL",45,34.1542,45.95,"12/18/2026","BULL","934415","0","0",1,1,1,1,1
"8/19/2026","PL",4.1,"B","PUT",15,22.59,15,"1/21/2028","BULL","820000","0","0",1,0,0,0,0
"8/19/2026","ARKG",1.46,"A","CALL",50,46.85,51.46,"9/18/2026","BULL","179616","-3608","-595543",1,1,1,1,1
"8/19/2026","INTC",2.58,"B","PUT",55,93.46,55,"3/19/2027","BULL","696600","0","0",1,1,1,1,1
"8/19/2026","QQQI",0.6,"A","CALL",54,54.5299,54.6,"8/21/2026","BULL","636737","0","0",1,1,1,1,1
"8/19/2026","WULF",1.32,"A","CALL",16,15.3412,17.32,"9/18/2026","BULL","577456","0","0",1,0,0,0,0
"8/19/2026","MG",1.6,"A","CALL",22.5,19.43,24.1,"2/19/2027","BULL","301953","-357","-63540",1,1,1,1,1
"8/19/2026","ASTL",0.23,"A","CALL",7,4.5515,7.23,"9/18/2026","BULL","230000","0","0",1,1,1,1,1
"8/19/2026","FORM",2.55,"A","CALL",150,118.195,152.55,"9/18/2026","BULL","136170","0","0",1,0,0,0,0
"8/19/2026","MEI",1.61,"B","PUT",15,14.91,15,"9/18/2026","BULL","80500","0","0",1,1,1,1,1
"8/19/2026","GMAB",3.386,"A","CALL",35,34.07,38.386,"11/20/2026","BULL","191370","400","123655",1,0,0,0,0
"8/19/2026","VTS",2.15,"A","CALL",15,16.88,17.15,"1/15/2027","BULL","43000","0","0",1,1,1,1,1
"8/19/2026","GLD",35.6,"A","PUT",425,411.6378,389.4,"6/17/2027","BEAR","15618000","1000","3514000",1,0,0,0,0
"8/19/2026","DASH",10.03,"B","CALL",250,219.788911,250,"11/20/2026","BEAR","5325463","2581","2735275",1,1,1,1,0
"8/19/2026","ROST",28.5,"B","CALL",240,236.0845,240,"6/17/2027","BEAR","2137500","0","0",1,0,0,0,0
"8/19/2026","COHR",19.2,"B","CALL",400,293.95,400,"11/20/2026","BEAR","1887388","0","0",1,0,0,0,0
"8/19/2026","WDC",86.401,"B","CALL",460,465.78,460,"12/18/2026","BEAR","1866253","0","0",1,0,0,0,0
"8/19/2026","PWR",8.42,"A","PUT",560,666.605,551.58,"10/16/2026","BEAR","1688210","0","0",1,0,0,0,0
"8/19/2026","BHF",1.9,"A","PUT",35,52.745,33.1,"12/18/2026","BEAR","1509984","0","0",1,0,0,0,0
"8/19/2026","ALMS",6.25,"A","PUT",25,25.557,18.75,"9/18/2026","BEAR","1500625","0","0",2,0,0,0,0
"8/19/2026","HOOD",1.59,"B","CALL",96,95.2268,96,"8/21/2026","BEAR","1118852","-156","-73496",1,0,0,0,0
"8/19/2026","IMAX",3.8,"A","PUT",55,53.195,51.2,"9/18/2026","BEAR","942280","-596","-220520",1,0,0,0,0
"8/19/2026","UBER",13.25,"B","CALL",80,77.24,80,"9/17/2027","BEAR","832150","-195","-258375",1,1,0,1,0
"8/19/2026","ASX",2.35,"A","PUT",30,35.8,27.65,"12/18/2026","BEAR","951750","0","0",1,0,0,0,0
"8/19/2026","CELH",2.75,"A","PUT",20,31.57,17.25,"1/21/2028","BEAR","825000","0","0",1,0,0,0,0
"8/19/2026","LMND",3,"B","CALL",70,50.82,70,"12/18/2026","BEAR","781836","0","0",2,0,0,0,0
"8/19/2026","SA",6.9,"B","CALL",30,33.59,30,"11/20/2026","BEAR","690000","0","0",1,1,0,1,0
"8/19/2026","HL",3.75,"B","CALL",19,20.12,19,"12/18/2026","BEAR","558412","0","0",1,0,0,0,0
"8/19/2026","HL",7.15,"B","CALL",14,20.3826,14,"12/18/2026","BEAR","553410","0","0",1,0,0,0,0
"8/19/2026","LRN",7.18,"A","PUT",90,84.45,82.82,"9/18/2026","BEAR","538500","0","0",1,0,0,0,0
"8/19/2026","MRVI",1.8,"B","CALL",7.5,7.125,7.5,"3/19/2027","BEAR","955080","2653","477540",1,0,0,0,0
"8/19/2026","ASST",3.8,"A","PUT",17,14.33,13.2,"10/16/2026","BEAR","445740","0","0",1,1,0,1,0
"8/19/2026","BUG",8.015,"B","CALL",35,41.18,35,"1/15/2027","BEAR","325100","0","0",1,0,0,0,0
"8/19/2026","MRVI",0.7,"B","CALL",7.5,7.1283,7.5,"9/18/2026","BEAR","107620","-400","-34000",1,0,0,0,0
"8/19/2026","AOSL",2.5,"B","CALL",40,27.015,40,"12/18/2026","BEAR","131000","0","0",1,1,0,1,0
"8/19/2026","DBA",0.3,"B","CALL",33,28.26,33,"1/15/2027","BEAR","104990","0","0",1,1,0,0,0
"8/20/2026","AAPL",19.65,"B","PUT",335,315.36,335,"8/21/2026","BULL","5305500","0","0",1,0,1,0,0
"8/20/2026","CPNG",18.55,"B","PUT",35,16.2611,35,"9/18/2026","BULL","2587775","0","0",1,1,1,1,1
"8/20/2026","GEV",133,"B","PUT",700,956.13,700,"12/15/2028","BULL","2394000","0","0",1,1,1,0,1
"8/20/2026","CPNG",5.7,"B","PUT",22,16.2611,22,"9/18/2026","BULL","2120400","0","0",1,1,1,1,1
"8/20/2026","AMD",4.655,"B","PUT",462.5,464.29,462.5,"8/21/2026","BULL","1810839","0","0",1,0,0,0,0
"8/20/2026","GILD",10.5,"B","PUT",145,145.0481,145,"1/15/2027","BULL","1050000","0","0",1,0,1,0,1
"8/20/2026","AMD",5.7,"A","CALL",465,464.995,470.7,"8/21/2026","BULL","903809","0","0",1,0,0,0,0
"8/20/2026","AGNC",1.18,"B","PUT",12,11.0798,12,"10/16/2026","BULL","449343","0","0",1,0,0,0,0
"8/20/2026","MARA",2.1,"A","CALL",10,11.1423,12.1,"10/16/2026","BULL","442050","0","0",1,0,0,0,0
"8/20/2026","KGC",0.99,"A","CALL",40,30.9766,40.99,"11/20/2026","BULL","412264","0","0",2,1,1,1,1
"8/20/2026","UCO",15.5,"B","PUT",60,45.09,60,"9/18/2026","BULL","300700","0","0",1,1,1,0,0
"8/20/2026","OMER",4.9,"B","PUT",17,18.38,17,"1/21/2028","BULL","294980","0","0",1,0,1,0,1
"8/20/2026","GTM",0.105,"B","PUT",3,3.7576,3,"10/2/2026","BULL","290430","0","0",2,0,1,0,1
"8/20/2026","CRSR",4,"A","CALL",7.5,11.25,11.5,"11/20/2026","BULL","232400","0","0",1,1,1,1,1
"8/20/2026","HITI",0.55,"A","CALL",2.5,2.455,3.05,"4/16/2027","BULL","164290","0","0",1,1,1,1,1
"8/20/2026","AGRO",0.26,"A","CALL",12.5,10.89,12.76,"9/18/2026","BULL","65000","0","0",2,1,0,1,0
"8/20/2026","SPY",15.71,"A","PUT",750,763.565,734.29,"11/20/2026","BEAR","31650937","0","0",1,0,0,0,0
"8/20/2026","INTC",46.6,"B","CALL",70,90.4451,70,"12/15/2028","BEAR","27507090","0","0",1,1,1,1,1
"8/20/2026","APP",91.7,"A","PUT",400,309.91,308.3,"8/21/2026","BEAR","13138800","0","0",2,0,0,0,0
"8/20/2026","OKLO",33.898,"A","PUT",75,41.5,41.102,"8/21/2026","BEAR","7633790","0","0",1,0,0,0,0
"8/20/2026","SMH",12.06,"B","CALL",590,561.19,590,"9/18/2026","BEAR","7236000","0","0",1,0,0,0,0
"8/20/2026","SOXX",6.4,"B","CALL",575,520.23,575,"9/18/2026","BEAR","4750689","0","0",1,0,0,0,0
"8/20/2026","SOXX",33,"A","PUT",540,523.5,507,"9/18/2026","BEAR","4695890","0","0",1,0,0,0,0
"8/20/2026","SPXW",147.3,"B","CALL",7665,0,7665,"9/30/2026","BEAR","3859260","0","0",1,1,0,0,0
"8/20/2026","VSAT",12.1,"B","CALL",85,74.005,85,"1/15/2027","BEAR","3581140","0","0",1,1,1,1,0
"8/20/2026","APP",72.1,"A","PUT",380,309.91,307.9,"8/21/2026","BEAR","3383330","0","0",1,0,0,0,0
"8/20/2026","APP",111.8,"A","PUT",420,309.91,308.2,"8/21/2026","BEAR","3339000","0","0",1,0,0,0,0
"8/20/2026","BULL",2.28,"B","CALL",7.5,9.575,7.5,"10/16/2026","BEAR","3197016","0","0",1,1,0,1,0
"8/20/2026","TEM",17.65,"B","CALL",50,65.622,50,"10/16/2026","BEAR","3034076","0","0",1,1,0,1,0
"8/20/2026","HUT",10.65,"A","PUT",60,88.085,49.35,"3/19/2027","BEAR","2662500","0","0",1,1,0,0,0
"8/20/2026","OKLO",13.9,"A","PUT",55,41.5,41.1,"8/21/2026","BEAR","2404700","0","0",1,0,0,0,0
"8/20/2026","CDNS",65.1,"A","PUT",380,314.9681,314.9,"8/21/2026","BEAR","1887900","0","0",1,0,0,0,0
"8/20/2026","KWEB",11.77,"B","CALL",15,26.65,15,"11/20/2026","BEAR","1765500","0","0",1,1,1,1,1
"8/20/2026","WDC",39,"A","PUT",390,472.81,351,"12/18/2026","BEAR","1365000","0","0",1,0,0,0,0
"8/20/2026","AGI",7.4,"B","CALL",45,36.28,45,"1/21/2028","BEAR","1184000","0","0",1,0,0,0,0
"8/20/2026","BMNU",1.52,"B","CALL",23,15.04,23,"10/16/2026","BEAR","881600","0","0",1,1,0,1,0
"8/20/2026","DAR",12.399,"BB","CALL",57.5,68.765,57.5,"10/16/2026","BEAR","867749","0","0",1,1,0,1,0
"8/20/2026","BSX",2.6,"B","CALL",70,50.545,70,"6/17/2027","BEAR","845000","0","0",1,1,1,1,1
"8/20/2026","DCI",3,"A","PUT",90,92.75,87,"9/18/2026","BEAR","441900","0","0",1,0,0,0,0
"8/20/2026","BYND",1.19,"B","CALL",14,15,14,"8/21/2026","BEAR","324526","0","0",1,0,0,0,0
"8/20/2026","CSTM",3,"A","PUT",25,26.105,22,"2/19/2027","BEAR","300000","0","0",1,0,0,0,0
"8/20/2026","DRIP",2.5,"B","CALL",35,35.21,35,"9/18/2026","BEAR","121000","0","0",1,0,0,0,0
"8/20/2026","WES",2.7,"A","PUT",42,49.26,39.3,"1/21/2028","BEAR","93000","0","0",1,1,1,1,1
"8/20/2026","NGS",5.4,"B","CALL",35,35.67,35,"4/16/2027","BEAR","81000","0","0",1,0,0,0,0
"8/20/2026","SKM",3,"B","CALL",40,37.97,40,"10/16/2026","BEAR","78000","0","0",1,1,0,0,0
"8/20/2026","IIIN",1.4,"B","CALL",30,30.4464,30,"9/18/2026","BEAR","63000","0","0",1,0,0,0,0
